"COD_NUC","COD_ACC","RATEIZZAZIONE"
"000278","0004","A"
"000939","0004","A"
"000028","0003","A"
"000027","0003","A"
"000026","0003","A"
"000025","0003","A"
"000024","0003","A"
"000023","0003","A"
"000022","0003","A"
"000021","0003","A"
"000020","0003","A"
"000078","0003","A"
"000077","0003","A"
"000076","0003","A"
"000075","0003","A"
"000074","0003","A"
"000073","0003","A"
"000072","0003","A"
"000071","0003","A"
"000070","0003","A"
"000069","0003","A"
"000068","0003","A"
"000067","0003","A"
"000066","0003","A"
"000065","0003","A"
"000064","0003","A"
"000063","0003","A"
"000062","0003","A"
"000061","0003","A"
"000060","0003","A"
"000059","0003","A"
"000058","0003","A"
"000057","0003","A"
"000056","0003","A"
"000055","0003","A"
"000054","0003","A"
"000053","0003","A"
"000052","0003","A"
"000051","0003","A"
"000050","0003","A"
"000940","0004","A"
"000941","0004","A"
"000942","0004","A"
"000943","0004","A"
"000944","0004","A"
"000945","0004","A"
"000946","0004","A"
"000947","0004","A"
"000948","0004","A"
"000949","0004","A"
"000950","0004","A"
"000951","0004","A"
"000952","0004","A"
"000953","0004","A"
"001209","0004","A"
"001210","0004","A"
"001211","0004","A"
"001212","0004","A"
"001213","0004","A"
"001214","0004","A"
"001215","0004","A"
"001216","0004","A"
"001217","0004","A"
"001218","0004","A"
"001219","0004","A"
"001220","0004","A"
"001221","0004","A"
"001222","0004","A"
"001223","0004","A"
"001224","0004","A"
"001225","0004","A"
"001226","0004","A"
"001227","0004","A"
"001228","0004","A"
"001229","0004","A"
"001230","0004","A"
"001231","0004","A"
"001232","0004","A"
"001233","0004","A"
"001234","0004","A"
"001235","0004","A"
"001236","0004","A"
"001237","0004","A"
"001238","0004","A"
"001239","0004","A"
"001240","0004","A"
"001241","0004","A"
"001242","0004","A"
"001243","0004","A"
"001244","0004","A"
"001245","0004","A"
"001246","0004","A"
"001247","0004","A"
"001248","0004","A"
"001249","0004","A"
"001250","0004","A"
"001251","0004","A"
"001252","0004","A"
"001253","0004","A"
"001254","0004","A"
"001255","0004","A"
"001256","0004","A"
"001257","0004","A"
"001258","0004","A"
"001259","0004","A"
"001260","0004","A"
"001261","0004","A"
"001262","0004","A"
"001263","0004","A"
"001264","0004","A"
"001265","0004","A"
"001266","0004","A"
"001267","0004","A"
"001268","0004","A"
"001269","0004","A"
"001270","0004","A"
"001271","0004","A"
"001272","0004","A"
"001273","0004","A"
"001274","0004","A"
"001275","0004","A"
"001276","0004","A"
"001277","0004","A"
"001278","0004","A"
"001279","0004","A"
"001280","0004","A"
"001281","0004","A"
"001282","0004","A"
"001283","0004","A"
"001284","0004","A"
"001285","0004","A"
"001286","0004","A"
"001287","0004","A"
"001288","0004","A"
"001289","0004","A"
"001290","0004","A"
"001291","0004","A"
"001292","0004","A"
"001293","0004","A"
"001294","0004","A"
"001295","0004","A"
"001296","0004","A"
"001297","0004","A"
"001298","0004","A"
"001299","0004","A"
"001300","0004","A"
"001301","0004","A"
"001302","0004","A"
"001303","0004","A"
"001304","0004","A"
"001305","0004","A"
"001306","0004","A"
"001307","0004","A"
"001579","0004","A"
"001580","0004","A"
"001653","0004","A"
"000965","0004","A"
"000966","0004","A"
"000967","0004","A"
"000968","0004","A"
"000969","0004","A"
"000970","0004","A"
"000971","0004","A"
"000972","0004","A"
"000993","0004","A"
"000994","0004","A"
"000995","0004","A"
"000996","0004","A"
"000997","0004","A"
"000998","0004","A"
"000999","0004","A"
"001000","0004","A"
"001001","0004","A"
"001002","0004","A"
"001003","0004","A"
"001004","0004","A"
"001005","0004","A"
"001006","0004","A"
"001007","0004","A"
"001008","0004","A"
"001009","0004","A"
"001010","0004","A"
"001011","0004","A"
"001012","0004","A"
"001106","0004","A"
"001107","0004","A"
"001108","0004","A"
"001109","0004","A"
"001110","0004","A"
"001660","0004","A"
"001686","0004","A"
"001687","0004","A"
"001688","0004","A"
"001689","0004","A"
"001690","0004","A"
"001691","0004","A"
"001692","0004","A"
"001693","0004","A"
"001694","0004","A"
"001695","0004","A"
"001696","0004","A"
"001697","0004","A"
"001698","0004","A"
"001699","0004","A"
"001700","0004","A"
"001701","0004","A"
"001702","0004","A"
"001703","0004","A"
"001704","0004","A"
"001705","0004","A"
"001706","0004","A"
"001707","0004","A"
"001708","0004","A"
"001709","0004","A"
"001726","0004","A"
"000016","0003","A"
"001589","0004","A"
"001590","0004","A"
"001591","0004","A"
"001592","0004","A"
"000002","0014","A"
"000003","0014","A"
"001631","0004","A"
"001632","0004","A"
"001638","0004","A"
"001639","0004","A"
"001640","0004","A"
"001641","0004","A"
"001642","0004","A"
"001713","0004","A"
"001714","0004","A"
"001715","0004","A"
"001717","0004","A"
"001716","0004","A"
"000214","0004","A"
"000215","0004","A"
"000216","0004","A"
"000217","0004","A"
"000218","0004","A"
"000219","0004","A"
"000220","0004","A"
"000221","0004","A"
"000222","0004","A"
"000223","0004","A"
"000224","0004","A"
"000225","0004","A"
"000226","0004","A"
"000227","0004","A"
"000228","0004","A"
"000229","0004","A"
"000230","0004","A"
"000231","0004","A"
"000232","0004","A"
"000233","0004","A"
"000234","0004","A"
"000235","0004","A"
"000236","0004","A"
"000237","0004","A"
"000238","0004","A"
"000239","0004","A"
"000240","0004","A"
"000241","0004","A"
"000242","0004","A"
"000243","0004","A"
"000244","0004","A"
"000245","0004","A"
"000246","0004","A"
"000247","0004","A"
"000248","0004","A"
"000249","0004","A"
"000250","0004","A"
"000251","0004","A"
"000252","0004","A"
"000253","0004","A"
"000254","0004","A"
"000255","0004","A"
"000256","0004","A"
"000257","0004","A"
"000258","0004","A"
"000259","0004","A"
"000260","0004","A"
"000261","0004","A"
"000262","0004","A"
"000263","0004","A"
"000264","0004","A"
"000265","0004","A"
"000266","0004","A"
"000267","0004","A"
"000268","0004","A"
"000269","0004","A"
"000270","0004","A"
"000271","0004","A"
"000272","0004","A"
"000273","0004","A"
"000274","0004","A"
"000275","0004","A"
"000276","0004","A"
"001616","0004","A"
"001617","0004","A"
"001618","0004","A"
"001619","0004","A"
"001620","0004","A"
"001621","0004","A"
"001622","0004","A"
"001623","0004","A"
"001624","0004","A"
"001625","0004","A"
"001626","0004","A"
"001627","0004","A"
"001628","0004","A"
"001629","0004","A"
"001630","0004","A"
"001661","0004","A"
"001710","0004","A"
"001711","0004","A"
"001712","0004","A"
"000957","0004","A"
"000958","0004","A"
"000960","0004","A"
"000961","0004","A"
"001033","0004","A"
"001034","0004","A"
"001035","0004","A"
"001036","0004","A"
"001037","0004","A"
"001038","0004","A"
"001039","0004","A"
"001040","0004","A"
"001041","0004","A"
"001042","0004","A"
"001043","0004","A"
"001044","0004","A"
"001045","0004","A"
"001046","0004","A"
"001047","0004","A"
"001048","0004","A"
"001049","0004","A"
"001050","0004","A"
"001051","0004","A"
"001052","0004","A"
"001069","0004","A"
"001070","0004","A"
"001071","0004","A"
"001072","0004","A"
"001073","0004","A"
"001074","0004","A"
"001075","0004","A"
"001076","0004","A"
"001077","0004","A"
"001078","0004","A"
"001079","0004","A"
"001080","0004","A"
"001081","0004","A"
"001082","0004","A"
"001083","0004","A"
"001084","0004","A"
"001090","0004","A"
"001091","0004","A"
"001092","0004","A"
"001093","0004","A"
"001094","0004","A"
"001095","0004","A"
"001727","0004","A"
"001728","0004","A"
"001729","0004","A"
"000007","0004","A"
"001647","0004","A"
"001648","0004","A"
"001649","0004","A"
"001650","0004","A"
"000763","0004","A"
"000764","0004","A"
"000765","0004","A"
"000766","0004","A"
"000767","0004","A"
"000768","0004","A"
"000769","0004","A"
"000770","0004","A"
"000771","0004","A"
"000772","0004","A"
"000773","0004","A"
"000774","0004","A"
"000775","0004","A"
"000776","0004","A"
"000777","0004","A"
"000778","0004","A"
"000779","0004","A"
"000780","0004","A"
"000781","0004","A"
"000782","0004","A"
"000783","0004","A"
"000784","0004","A"
"000785","0004","A"
"000786","0004","A"
"000787","0004","A"
"000788","0004","A"
"000789","0004","A"
"000790","0004","A"
"000791","0004","A"
"000792","0004","A"
"000793","0004","A"
"000794","0004","A"
"000795","0004","A"
"000796","0004","A"
"000797","0004","A"
"000798","0004","A"
"000799","0004","A"
"000800","0004","A"
"000801","0004","A"
"000802","0004","A"
"000803","0004","A"
"000804","0004","A"
"000805","0004","A"
"000806","0004","A"
"000807","0004","A"
"000808","0004","A"
"000809","0004","A"
"000810","0004","A"
"000811","0004","A"
"000812","0004","A"
"000813","0004","A"
"000814","0004","A"
"000815","0004","A"
"000816","0004","A"
"000817","0004","A"
"000818","0004","A"
"000819","0004","A"
"000820","0004","A"
"000821","0004","A"
"000822","0004","A"
"000823","0004","A"
"000824","0004","A"
"000825","0004","A"
"000826","0004","A"
"000827","0004","A"
"000828","0004","A"
"000829","0004","A"
"000830","0004","A"
"000831","0004","A"
"000832","0004","A"
"000833","0004","A"
"000834","0004","A"
"000835","0004","A"
"000836","0004","A"
"000837","0004","A"
"000838","0004","A"
"000839","0004","A"
"000840","0004","A"
"000841","0004","A"
"000842","0004","A"
"000843","0004","A"
"000844","0004","A"
"000845","0004","A"
"000846","0004","A"
"000847","0004","A"
"000848","0004","A"
"000849","0004","A"
"000850","0004","A"
"000851","0004","A"
"000852","0004","A"
"000853","0004","A"
"000854","0004","A"
"000855","0004","A"
"000856","0004","A"
"000857","0004","A"
"000858","0004","A"
"000859","0004","A"
"000860","0004","A"
"000861","0004","A"
"000862","0004","A"
"000863","0004","A"
"000864","0004","A"
"000865","0004","A"
"000866","0004","A"
"000867","0004","A"
"000868","0004","A"
"000869","0004","A"
"000870","0004","A"
"000871","0004","A"
"000872","0004","A"
"000873","0004","A"
"000874","0004","A"
"000875","0004","A"
"000876","0004","A"
"000877","0004","A"
"000878","0004","A"
"000879","0004","A"
"000880","0004","A"
"000881","0004","A"
"000882","0004","A"
"000883","0004","A"
"000011","0003","A"
"000002","0002","A"
"000003","0002","A"
"000004","0001","A"
"000005","0001","A"
"000006","0001","A"
"000001","0002","A"
"000008","0003","A"
"000010","0003","A"
"000012","0003","A"
"000018","0003","A"
"000019","0003","A"
"000047","0003","A"
"000048","0003","A"
"000045","0003","A"
"000044","0003","A"
"000046","0003","A"
"000042","0003","A"
"000041","0003","A"
"000043","0003","A"
"000039","0003","A"
"000038","0003","A"
"000040","0003","A"
"000007","0003","A"
"000009","0003","A"
"000015","0003","A"
"000912","0004","A"
"000013","0003","A"
"000014","0003","A"
"000017","0003","A"
"000029","0003","A"
"000031","0003","A"
"000032","0003","A"
"000033","0003","A"
"000913","0004","A"
"000035","0003","A"
"000036","0003","A"
"000037","0003","A"
"000146","0004","A"
"000143","0004","A"
"000144","0004","A"
"000145","0004","A"
"000147","0004","A"
"000148","0004","A"
"000149","0004","A"
"000150","0004","A"
"000041","0004","A"
"000018","0004","A"
"000019","0004","A"
"000020","0004","A"
"000021","0004","A"
"000022","0004","A"
"000023","0004","A"
"000024","0004","A"
"000025","0004","A"
"000026","0004","A"
"000027","0004","A"
"000028","0004","A"
"000050","0004","A"
"000051","0004","A"
"000052","0004","A"
"000053","0004","A"
"000054","0004","A"
"000055","0004","A"
"000056","0004","A"
"000057","0004","A"
"000058","0004","A"
"000059","0004","A"
"000060","0004","A"
"000061","0004","A"
"000062","0004","A"
"000063","0004","A"
"000064","0004","A"
"000065","0004","A"
"000066","0004","A"
"000067","0004","A"
"000068","0004","A"
"000069","0004","A"
"000070","0004","A"
"000071","0004","A"
"000072","0004","A"
"000073","0004","A"
"000074","0004","A"
"000075","0004","A"
"000076","0004","A"
"000077","0004","A"
"000078","0004","A"
"000884","0004","A"
"000914","0004","A"
"000915","0004","A"
"000916","0004","A"
"000917","0004","A"
"000918","0004","A"
"000919","0004","A"
"000920","0004","A"
"000921","0004","A"
"000922","0004","A"
"000923","0004","A"
"000924","0004","A"
"000925","0004","A"
"000926","0004","A"
"000927","0004","A"
"000928","0004","A"
"000929","0004","A"
"000930","0004","A"
"000931","0004","A"
"000932","0004","A"
"000933","0004","A"
"000934","0004","A"
"000935","0004","A"
"000936","0004","A"
"000937","0004","A"
"000938","0004","A"
"000954","0004","A"
"000955","0004","A"
"000956","0004","A"
"000959","0004","A"
"000962","0004","A"
"000963","0004","A"
"000964","0004","A"
"001375","0004","A"
"001376","0004","A"
"001377","0004","A"
"001378","0004","A"
"001379","0004","A"
"001380","0004","A"
"001381","0004","A"
"001382","0004","A"
"001383","0004","A"
"001384","0004","A"
"001385","0004","A"
"001386","0004","A"
"001387","0004","A"
"001388","0004","A"
"001389","0004","A"
"001390","0004","A"
"001391","0004","A"
"001392","0004","A"
"001393","0004","A"
"001394","0004","A"
"001395","0004","A"
"001396","0004","A"
"001397","0004","A"
"001398","0004","A"
"001399","0004","A"
"001400","0004","A"
"001401","0004","A"
"001402","0004","A"
"001403","0004","A"
"000008","0004","A"
"000009","0004","A"
"000010","0004","A"
"000011","0004","A"
"000012","0004","A"
"000013","0004","A"
"000014","0004","A"
"000015","0004","A"
"000016","0004","A"
"000017","0004","A"
"000029","0004","A"
"001404","0004","A"
"000031","0004","A"
"000032","0004","A"
"000033","0004","A"
"001405","0004","A"
"000035","0004","A"
"000036","0004","A"
"000037","0004","A"
"000038","0004","A"
"000039","0004","A"
"000040","0004","A"
"000042","0004","A"
"000043","0004","A"
"000044","0004","A"
"000045","0004","A"
"000046","0004","A"
"000047","0004","A"
"000048","0004","A"
"001406","0004","A"
"001407","0004","A"
"001585","0004","A"
"001501","0004","A"
"001502","0004","A"
"001503","0004","A"
"001504","0004","A"
"001505","0004","A"
"001506","0004","A"
"001507","0004","A"
"001508","0004","A"
"001509","0004","A"
"001510","0004","A"
"001511","0004","A"
"001512","0004","A"
"001513","0004","A"
"001514","0004","A"
"001515","0004","A"
"001516","0004","A"
"001517","0004","A"
"001518","0004","A"
"001519","0004","A"
"001520","0004","A"
"001521","0004","A"
"001522","0004","A"
"001523","0004","A"
"001524","0004","A"
"001525","0004","A"
"001526","0004","A"
"001527","0004","A"
"001528","0004","A"
"001529","0004","A"
"001530","0004","A"
"001531","0004","A"
"001532","0004","A"
"001533","0004","A"
"001534","0004","A"
"001535","0004","A"
"001536","0004","A"
"001537","0004","A"
"001538","0004","A"
"001539","0004","A"
"001540","0004","A"
"001541","0004","A"
"001542","0004","A"
"001543","0004","A"
"001544","0004","A"
"001545","0004","A"
"001546","0004","A"
"001557","0004","A"
"001558","0004","A"
"001559","0004","A"
"001560","0004","A"
"001561","0004","A"
"001562","0004","A"
"001563","0004","A"
"001564","0004","A"
"001565","0004","A"
"001566","0004","A"
"001573","0004","A"
"001574","0004","A"
"001575","0004","A"
"001576","0004","A"
"001577","0004","A"
"001578","0004","A"
"001586","0004","A"
"001587","0004","A"
"001588","0004","A"
"001597","0004","A"
"001598","0004","A"
"001599","0004","A"
"001600","0004","A"
"001651","0004","A"
"001652","0004","A"
"001654","0004","A"
"001655","0004","A"
"001656","0004","A"
"001722","0004","A"
"001658","0004","A"
"001659","0004","A"
"001723","0004","A"
"001657","0004","A"
"001724","0004","A"
"001725","0004","A"
"014576","0004","A"
"015057","0004","A"
"015178","0078","A"
"015179","0078","A"
"015180","0078","A"
"015181","0078","A"
"019390","0105","A"
"019712","0165","A"
"019923","0165","A"
"019924","0077","A"
"019925","0077","A"
"000003","0172","A"
"000002","0172","A"
"000001","0172","A"
"020661","0075","A"
"009380","0176","A"
"020864","0004","A"
"020865","0004","A"
"021078","0004","A"
"028539","0004","A"
"028961","0004","A"
"028962","0004","A"
"028964","0004","A"
"028965","0004","A"
"030267","0004","A"
"030268","0004","A"
"030269","0004","A"
"030270","0004","A"
"030271","0004","A"
"030319","0216","A"
"030321","0175","A"
"030322","0179","A"
"030346","0179","A"
"030347","0179","A"
"030349","0179","A"
"030700","0004","A"
"030710","0004","A"
"030711","0004","A"
"030712","0004","A"
"030956","0004","A"
"030957","0004","A"
"030958","0004","A"
"006962","0217","A"
"015059","0217","A"
"004869","0217","A"
"031599","0004","A"
"031600","0004","A"
"031601","0004","A"
"031602","0004","A"
"031603","0004","A"
"031604","0004","A"
"031605","0004","A"
"031606","0004","A"
"031607","0004","A"
"031608","0004","A"
"031609","0004","A"
"031610","0004","A"
"031611","0004","A"
"031612","0004","A"
"031613","0004","A"
"031736","0004","A"
"031863","0004","A"
"031871","0004","A"
"031967","0004","A"
"032028","0004","A"
"032029","0004","A"
"032031","0004","A"
"032075","0218","A"
"032136","0004","A"
"032185","0004","A"
"032223","0004","A"
"032224","0004","A"
"032225","0004","A"
"032226","0004","A"
"032227","0004","A"
"032228","0004","A"
"032271","0004","A"
"032713","0004","A"
"032756","0004","A"
"033105","0004","A"
"033106","0004","A"
"033107","0004","A"
"033366","0004","A"
"033367","0004","A"
"033368","0004","A"
"033369","0004","A"
"033370","0004","A"
"033371","0004","A"
"033372","0004","A"
"033373","0004","A"
"033801","0004","A"
"033997","0004","A"
"033998","0004","A"
"033999","0004","A"
"034010","0004","A"
"001762","0004","A"
"001763","0004","A"
"001764","0004","A"
"007275","0098","A"
"013880","0077","A"
"013881","0077","A"
"013882","0077","A"
"013883","0077","A"
"013884","0077","A"
"013885","0077","A"
"013886","0077","A"
"013887","0077","A"
"013888","0077","A"
"013889","0077","A"
"013890","0077","A"
"013891","0077","A"
"013892","0077","A"
"013893","0077","A"
"013894","0077","A"
"013895","0077","A"
"013896","0077","A"
"013897","0077","A"
"013898","0077","A"
"013899","0077","A"
"013900","0077","A"
"013901","0077","A"
"013902","0077","A"
"013903","0077","A"
"013904","0077","A"
"013905","0077","A"
"013906","0077","A"
"013907","0077","A"
"013908","0077","A"
"013909","0077","A"
"013910","0077","A"
"005114","0076","A"
"017043","0165","A"
"018359","0165","A"
"019452","0165","A"
"019929","0004","A"
"020197","0166","A"
"004907","0218","A"
"028979","0004","A"
"014088","0217","A"
"030970","0004","A"
"031348","0004","A"
"031351","0004","A"
"031352","0004","A"
"031353","0004","A"
"031354","0004","A"
"031355","0004","A"
"031356","0004","A"
"031357","0004","A"
"031358","0004","A"
"031359","0004","A"
"031361","0004","A"
"031362","0004","A"
"031363","0004","A"
"031364","0004","A"
"031562","0004","A"
"031563","0004","A"
"032232","0004","A"
"033576","0004","A"
"033583","0004","A"
"033584","0004","A"
"033812","0004","A"
"019493","0163","A"
"019517","0163","A"
"020379","0168","A"
"020380","0168","A"
"020381","0168","A"
"001744","0004","A"
"006951","0098","A"
"006952","0098","A"
"033554","0004","A"
"013803","0098","A"
"005987","0098","A"
"009543","0155","A"
"009494","0154","A"
"009495","0154","A"
"009496","0154","A"
"009542","0155","A"
"009546","0155","A"
"009547","0155","A"
"009548","0155","A"
"009549","0155","A"
"009550","0155","A"
"009544","0155","A"
"009545","0155","A"
"009552","0155","A"
"013830","0157","A"
"013831","0157","A"
"014723","0098","A"
"019755","0075","A"
"020939","0004","A"
"020940","0004","A"
"021039","0004","A"
"021048","0004","A"
"021087","0004","A"
"021088","0004","A"
"021089","0004","A"
"021427","0173","A"
"025972","0004","A"
"021428","0173","A"
"025971","0004","A"
"025973","0004","A"
"028084","0004","A"
"030024","0004","A"
"030025","0004","A"
"030026","0004","A"
"030027","0004","A"
"030029","0004","A"
"030030","0004","A"
"030031","0004","A"
"030032","0004","A"
"030033","0004","A"
"030034","0004","A"
"030035","0004","A"
"030036","0004","A"
"030038","0004","A"
"030275","0004","A"
"005972","0217","A"
"030866","0004","A"
"031125","0004","A"
"031126","0004","A"
"031127","0004","A"
"032018","0004","A"
"032019","0004","A"
"032175","0004","A"
"032176","0004","A"
"032177","0004","A"
"032178","0004","A"
"032179","0004","A"
"032180","0004","A"
"032181","0004","A"
"032182","0004","A"
"032186","0004","A"
"032187","0004","A"
"032210","0004","A"
"032211","0004","A"
"032212","0004","A"
"032213","0004","A"
"032214","0004","A"
"032215","0004","A"
"032216","0004","A"
"032217","0004","A"
"033392","0004","A"
"033555","0004","A"
"033753","0004","A"
"033754","0004","A"
"033755","0004","A"
"033756","0004","A"
"033757","0004","A"
"033758","0004","A"
"033760","0004","A"
"033761","0004","A"
"033875","0004","A"
"033876","0004","A"
"033877","0004","A"
"033878","0004","A"
"033879","0004","A"
"033953","0004","A"
"033954","0004","A"
"034030","0004","A"
"034031","0004","A"
"034032","0004","A"
"034047","0004","A"
"034048","0004","A"
"034049","0004","A"
"034188","0004","A"
"034426","0004","A"
"034427","0004","A"
"034518","0004","A"
"001746","0004","A"
"001747","0004","A"
"002217","0004","A"
"002218","0004","A"
"002219","0004","A"
"002220","0004","A"
"002221","0004","A"
"002222","0004","A"
"002223","0004","A"
"002224","0004","A"
"002225","0004","A"
"002226","0004","A"
"002227","0004","A"
"002228","0004","A"
"002229","0004","A"
"002230","0004","A"
"002437","0004","A"
"006005","0098","A"
"006006","0098","A"
"006010","0098","A"
"006011","0098","A"
"006015","0098","A"
"006021","0098","A"
"006027","0098","A"
"006028","0098","A"
"006029","0098","A"
"006907","0098","A"
"006908","0098","A"
"006909","0098","A"
"006910","0098","A"
"006911","0098","A"
"006912","0098","A"
"014243","0098","A"
"014244","0098","A"
"014267","0098","A"
"011922","0106","A"
"014614","0004","A"
"015070","0163","A"
"015074","0163","A"
"015075","0163","A"
"015078","0163","A"
"015080","0163","A"
"015081","0163","A"
"015082","0163","A"
"015083","0163","A"
"007836","0109","A"
"018694","0165","A"
"018697","0165","A"
"018699","0165","A"
"018701","0165","A"
"018746","0165","A"
"018749","0165","A"
"018752","0165","A"
"018754","0165","A"
"018757","0165","A"
"018760","0165","A"
"018762","0165","A"
"018764","0165","A"
"018765","0165","A"
"018766","0165","A"
"018838","0165","A"
"018840","0165","A"
"018843","0165","A"
"018844","0165","A"
"018846","0165","A"
"018848","0165","A"
"018850","0165","A"
"018853","0165","A"
"018857","0165","A"
"018858","0165","A"
"018860","0165","A"
"018861","0165","A"
"019463","0163","A"
"020729","0004","A"
"020730","0004","A"
"020732","0004","A"
"020770","0004","A"
"020771","0004","A"
"020808","0004","A"
"020811","0004","A"
"021085","0004","A"
"021093","0004","A"
"021094","0004","A"
"021095","0004","A"
"026633","0004","A"
"026634","0004","A"
"026635","0004","A"
"026636","0004","A"
"026637","0004","A"
"028067","0004","A"
"028068","0004","A"
"028509","0004","A"
"028510","0004","A"
"028513","0004","A"
"028514","0004","A"
"028595","0185","A"
"028596","0185","A"
"028646","0004","A"
"028647","0004","A"
"028648","0004","A"
"028649","0004","A"
"028650","0004","A"
"028679","0004","A"
"028680","0004","A"
"028681","0004","A"
"029314","0004","A"
"030106","0004","A"
"030107","0004","A"
"030109","0004","A"
"030110","0004","A"
"030111","0004","A"
"030112","0004","A"
"030113","0004","A"
"030114","0004","A"
"030115","0004","A"
"030116","0004","A"
"030117","0004","A"
"030118","0004","A"
"030119","0004","A"
"030120","0004","A"
"030121","0004","A"
"030127","0165","A"
"007020","0219","A"
"031477","0175","A"
"031718","0004","A"
"031719","0004","A"
"031968","0004","A"
"031969","0004","A"
"031970","0004","A"
"031971","0004","A"
"031972","0004","A"
"031973","0004","A"
"031974","0004","A"
"031975","0004","A"
"031976","0004","A"
"032189","0004","A"
"032249","0004","A"
"032250","0004","A"
"032262","0004","A"
"032263","0004","A"
"032775","0004","A"
"032878","0004","A"
"032879","0004","A"
"033140","0004","A"
"005996","0098","A"
"005997","0098","A"
"006000","0098","A"
"019530","0163","A"
"001917","0004","A"
"001918","0004","A"
"001919","0004","A"
"001920","0004","A"
"002248","0004","A"
"002409","0004","A"
"002424","0004","A"
"009542","0025","A"
"009543","0025","A"
"009544","0025","A"
"009545","0025","A"
"009546","0025","A"
"009547","0025","A"
"009548","0025","A"
"009549","0025","A"
"009550","0025","A"
"009551","0025","A"
"009552","0025","A"
"009497","0026","A"
"009498","0026","A"
"009499","0026","A"
"009500","0026","A"
"009501","0026","A"
"009502","0026","A"
"009503","0026","A"
"009504","0026","A"
"009505","0026","A"
"009506","0026","A"
"009507","0026","A"
"009508","0026","A"
"009509","0026","A"
"009510","0026","A"
"009511","0026","A"
"009512","0026","A"
"009513","0026","A"
"009514","0026","A"
"009515","0026","A"
"009516","0026","A"
"009517","0026","A"
"009518","0026","A"
"009519","0026","A"
"009520","0026","A"
"009521","0026","A"
"009522","0026","A"
"009523","0026","A"
"009524","0026","A"
"009525","0026","A"
"009526","0026","A"
"009527","0026","A"
"009528","0026","A"
"009529","0026","A"
"009530","0026","A"
"009531","0026","A"
"009532","0026","A"
"009533","0026","A"
"009534","0026","A"
"009535","0026","A"
"009536","0026","A"
"009537","0026","A"
"009538","0026","A"
"009539","0026","A"
"009540","0026","A"
"009541","0026","A"
"009381","0027","A"
"009382","0027","A"
"009383","0027","A"
"009384","0027","A"
"009385","0027","A"
"009386","0027","A"
"009387","0027","A"
"009388","0027","A"
"009389","0027","A"
"009390","0027","A"
"009391","0027","A"
"009392","0027","A"
"009393","0027","A"
"009394","0027","A"
"009395","0027","A"
"009396","0027","A"
"009397","0027","A"
"009398","0027","A"
"009399","0027","A"
"009400","0027","A"
"009401","0027","A"
"009402","0027","A"
"009403","0027","A"
"009404","0027","A"
"009405","0027","A"
"009406","0027","A"
"009407","0027","A"
"009408","0027","A"
"009409","0027","A"
"009410","0027","A"
"009411","0027","A"
"009412","0027","A"
"009413","0027","A"
"009414","0027","A"
"009415","0027","A"
"009416","0027","A"
"009417","0027","A"
"009418","0027","A"
"009419","0027","A"
"009420","0027","A"
"009421","0027","A"
"009422","0027","A"
"009423","0027","A"
"009424","0027","A"
"009425","0027","A"
"009426","0027","A"
"009427","0027","A"
"009428","0027","A"
"009429","0027","A"
"009430","0027","A"
"009431","0027","A"
"009432","0027","A"
"009433","0027","A"
"009434","0027","A"
"009435","0027","A"
"009436","0027","A"
"009437","0027","A"
"009438","0027","A"
"009439","0027","A"
"009440","0027","A"
"009441","0027","A"
"009442","0027","A"
"009443","0027","A"
"009444","0027","A"
"009445","0027","A"
"009446","0027","A"
"009447","0027","A"
"009448","0027","A"
"009449","0027","A"
"009450","0027","A"
"009451","0027","A"
"009452","0027","A"
"009453","0027","A"
"009454","0027","A"
"009455","0027","A"
"009456","0027","A"
"009457","0027","A"
"009458","0027","A"
"009459","0027","A"
"019584","0098","A"
"009461","0027","A"
"009462","0027","A"
"009463","0027","A"
"009464","0027","A"
"009465","0027","A"
"009466","0027","A"
"009467","0027","A"
"009468","0027","A"
"009469","0027","A"
"009470","0027","A"
"009471","0027","A"
"009472","0027","A"
"009473","0027","A"
"009474","0027","A"
"009475","0027","A"
"009476","0027","A"
"009477","0027","A"
"009478","0027","A"
"009479","0027","A"
"009480","0027","A"
"009481","0027","A"
"009482","0027","A"
"009483","0027","A"
"009484","0027","A"
"009485","0027","A"
"009486","0027","A"
"009487","0027","A"
"009488","0027","A"
"009489","0027","A"
"009494","0028","A"
"009495","0028","A"
"009496","0028","A"
"009555","0029","A"
"009556","0029","A"
"009490","0031","A"
"009492","0031","A"
"009493","0031","A"
"009553","0033","A"
"009554","0033","A"
"014568","0004","A"
"014569","0004","A"
"019586","0098","A"
"019752","0004","A"
"017749","0165","A"
"021381","0004","A"
"021382","0004","A"
"021383","0004","A"
"021384","0004","A"
"021385","0004","A"
"021386","0004","A"
"021387","0004","A"
"021388","0004","A"
"021389","0004","A"
"021390","0004","A"
"021391","0004","A"
"021392","0004","A"
"021393","0004","A"
"021394","0004","A"
"021395","0004","A"
"021396","0004","A"
"021397","0004","A"
"021398","0004","A"
"021400","0004","A"
"021401","0004","A"
"021402","0004","A"
"021403","0004","A"
"021404","0004","A"
"021405","0004","A"
"021406","0004","A"
"021407","0004","A"
"021408","0004","A"
"021409","0004","A"
"021410","0004","A"
"021411","0004","A"
"021412","0004","A"
"021413","0004","A"
"021414","0004","A"
"021415","0004","A"
"021416","0004","A"
"021418","0004","A"
"021419","0004","A"
"021420","0004","A"
"021421","0004","A"
"021422","0004","A"
"021423","0004","A"
"021424","0004","A"
"026140","0004","A"
"026775","0004","A"
"026776","0004","A"
"026777","0004","A"
"026778","0004","A"
"026779","0004","A"
"026780","0004","A"
"014212","0217","A"
"014213","0217","A"
"014257","0217","A"
"014258","0217","A"
"014259","0217","A"
"014210","0217","A"
"028531","0004","A"
"028532","0004","A"
"028533","0004","A"
"028534","0004","A"
"028535","0004","A"
"028536","0004","A"
"030088","0004","A"
"030089","0004","A"
"030090","0004","A"
"030463","0179","A"
"006912","0217","A"
"030690","0004","A"
"030691","0004","A"
"030692","0004","A"
"030693","0004","A"
"030694","0004","A"
"030850","0004","A"
"030851","0004","A"
"030852","0004","A"
"030853","0004","A"
"031051","0004","A"
"031052","0004","A"
"032173","0004","A"
"032174","0004","A"
"032331","0004","A"
"032332","0004","A"
"032333","0004","A"
"033262","0004","A"
"033263","0004","A"
"033398","0004","A"
"033399","0004","A"
"033400","0004","A"
"033401","0004","A"
"033608","0004","A"
"033745","0004","A"
"033746","0004","A"
"033747","0004","A"
"033748","0004","A"
"033749","0004","A"
"034462","0004","A"
"019237","0215","A"
"019248","0215","A"
"014685","0215","A"
"019282","0215","A"
"015130","0215","A"
"014214","0004","A"
"014251","0146","A"
"014252","0146","A"
"014921","0109","A"
"014848","0080","A"
"014920","0109","A"
"014922","0110","A"
"014923","0110","A"
"019483","0163","A"
"019484","0163","A"
"019512","0163","A"
"019523","0163","A"
"019539","0163","A"
"019551","0163","A"
"019647","0163","A"
"019650","0163","A"
"019667","0163","A"
"019675","0163","A"
"019706","0084","A"
"019707","0084","A"
"019708","0084","A"
"019709","0084","A"
"019798","0163","A"
"019806","0163","A"
"019809","0163","A"
"019820","0163","A"
"019836","0163","A"
"019839","0163","A"
"019842","0163","A"
"019845","0163","A"
"019859","0163","A"
"019862","0163","A"
"019871","0163","A"
"019874","0163","A"
"019877","0163","A"
"019887","0163","A"
"019890","0163","A"
"019895","0163","A"
"019899","0163","A"
"019902","0163","A"
"019905","0163","A"
"019908","0163","A"
"019911","0163","A"
"019914","0163","A"
"019942","0004","A"
"006568","0079","A"
"020682","0004","A"
"020683","0004","A"
"009171","0185","A"
"009172","0185","A"
"009178","0185","A"
"009179","0185","A"
"009181","0185","A"
"009182","0185","A"
"009185","0185","A"
"009186","0185","A"
"009207","0185","A"
"009210","0185","A"
"009211","0185","A"
"009212","0185","A"
"009216","0185","A"
"009222","0185","A"
"009223","0185","A"
"009227","0185","A"
"009236","0185","A"
"009238","0185","A"
"009241","0185","A"
"009242","0185","A"
"009252","0185","A"
"009267","0185","A"
"009268","0185","A"
"009460","0189","A"
"009542","0189","A"
"009273","0185","A"
"009278","0185","A"
"009161","0185","A"
"009162","0185","A"
"009163","0185","A"
"009164","0185","A"
"009167","0185","A"
"009168","0185","A"
"009173","0185","A"
"009546","0189","A"
"009180","0185","A"
"009183","0185","A"
"009547","0189","A"
"009548","0189","A"
"009190","0185","A"
"009549","0189","A"
"009192","0185","A"
"009197","0185","A"
"009550","0189","A"
"009203","0185","A"
"009204","0185","A"
"009205","0185","A"
"009208","0185","A"
"009213","0185","A"
"009217","0185","A"
"009221","0185","A"
"009224","0185","A"
"009233","0185","A"
"009234","0185","A"
"009237","0185","A"
"009239","0185","A"
"009240","0185","A"
"009244","0185","A"
"009245","0185","A"
"009246","0185","A"
"009544","0189","A"
"009256","0185","A"
"009545","0189","A"
"009552","0189","A"
"009261","0185","A"
"009262","0185","A"
"009269","0185","A"
"009270","0185","A"
"009504","0190","A"
"009276","0185","A"
"009277","0185","A"
"014106","0185","A"
"014107","0185","A"
"014108","0185","A"
"014109","0185","A"
"014110","0185","A"
"014621","0185","A"
"014822","0185","A"
"015102","0185","A"
"015232","0185","A"
"009160","0185","A"
"009165","0185","A"
"009169","0185","A"
"009170","0185","A"
"009177","0185","A"
"009184","0185","A"
"009187","0185","A"
"009193","0185","A"
"009195","0185","A"
"009196","0185","A"
"009505","0190","A"
"009200","0185","A"
"009523","0190","A"
"009529","0190","A"
"009214","0185","A"
"009218","0185","A"
"009541","0190","A"
"009220","0185","A"
"009225","0185","A"
"009226","0185","A"
"009229","0185","A"
"009230","0185","A"
"009231","0185","A"
"009232","0185","A"
"009235","0185","A"
"009499","0190","A"
"009250","0185","A"
"009251","0185","A"
"009254","0185","A"
"009255","0185","A"
"009263","0185","A"
"009264","0185","A"
"009265","0185","A"
"009274","0185","A"
"009279","0185","A"
"009280","0185","A"
"009281","0185","A"
"014388","0185","A"
"014391","0185","A"
"014392","0185","A"
"014618","0185","A"
"014619","0185","A"
"014620","0185","A"
"014820","0185","A"
"014821","0185","A"
"015104","0185","A"
"015105","0185","A"
"015106","0185","A"
"015229","0185","A"
"015230","0185","A"
"015231","0185","A"
"019437","0185","A"
"019446","0185","A"
"009282","0185","A"
"009284","0185","A"
"009503","0190","A"
"009286","0185","A"
"009507","0190","A"
"009288","0185","A"
"009289","0185","A"
"009290","0185","A"
"009291","0185","A"
"009292","0185","A"
"009293","0185","A"
"009294","0185","A"
"009295","0185","A"
"009296","0185","A"
"009297","0185","A"
"009298","0185","A"
"009299","0185","A"
"009300","0185","A"
"009301","0185","A"
"009302","0185","A"
"009303","0185","A"
"009304","0185","A"
"009305","0185","A"
"009306","0185","A"
"009307","0185","A"
"009308","0185","A"
"009309","0185","A"
"009311","0185","A"
"009312","0185","A"
"009313","0185","A"
"009314","0185","A"
"009317","0185","A"
"009318","0185","A"
"009319","0185","A"
"009320","0185","A"
"009321","0185","A"
"009322","0185","A"
"009323","0185","A"
"009508","0190","A"
"009325","0185","A"
"009326","0185","A"
"009327","0185","A"
"009328","0185","A"
"009330","0185","A"
"009331","0185","A"
"009333","0185","A"
"009334","0185","A"
"009509","0190","A"
"009336","0185","A"
"009337","0185","A"
"009338","0185","A"
"009340","0185","A"
"009341","0185","A"
"009342","0185","A"
"009343","0185","A"
"009344","0185","A"
"009345","0185","A"
"009346","0185","A"
"009347","0185","A"
"009348","0185","A"
"009352","0185","A"
"009353","0185","A"
"009354","0185","A"
"009510","0190","A"
"009359","0185","A"
"009360","0185","A"
"009511","0190","A"
"009364","0185","A"
"009365","0185","A"
"009513","0190","A"
"009367","0185","A"
"009368","0185","A"
"009515","0190","A"
"009370","0185","A"
"009371","0185","A"
"009516","0190","A"
"009375","0185","A"
"009377","0185","A"
"009378","0185","A"
"014389","0185","A"
"014390","0185","A"
"014393","0185","A"
"014616","0185","A"
"015103","0185","A"
"018859","0185","A"
"019436","0185","A"
"019933","0185","A"
"009517","0190","A"
"009518","0190","A"
"009520","0190","A"
"009524","0190","A"
"009528","0190","A"
"009531","0190","A"
"009533","0190","A"
"009534","0190","A"
"009535","0190","A"
"009538","0190","A"
"009539","0190","A"
"015041","0190","A"
"015042","0190","A"
"019921","0190","A"
"009382","0191","A"
"009384","0191","A"
"009385","0191","A"
"009386","0191","A"
"009387","0191","A"
"009388","0191","A"
"009389","0191","A"
"009390","0191","A"
"009391","0191","A"
"009392","0191","A"
"009393","0191","A"
"009394","0191","A"
"009395","0191","A"
"009396","0191","A"
"009397","0191","A"
"009398","0191","A"
"009399","0191","A"
"009400","0191","A"
"009401","0191","A"
"009402","0191","A"
"009403","0191","A"
"009404","0191","A"
"009405","0191","A"
"009406","0191","A"
"009407","0191","A"
"009408","0191","A"
"009409","0191","A"
"009410","0191","A"
"009411","0191","A"
"009412","0191","A"
"009413","0191","A"
"009414","0191","A"
"009415","0191","A"
"009416","0191","A"
"009417","0191","A"
"009418","0191","A"
"009419","0191","A"
"009420","0191","A"
"009421","0191","A"
"009422","0191","A"
"009423","0191","A"
"009424","0191","A"
"009425","0191","A"
"009426","0191","A"
"009427","0191","A"
"009428","0191","A"
"009429","0191","A"
"009430","0191","A"
"009459","0191","A"
"009470","0191","A"
"009480","0191","A"
"009381","0191","A"
"009383","0191","A"
"009432","0191","A"
"009433","0191","A"
"009434","0191","A"
"009435","0191","A"
"009436","0191","A"
"009437","0191","A"
"009438","0191","A"
"009439","0191","A"
"009440","0191","A"
"009441","0191","A"
"009442","0191","A"
"009444","0191","A"
"009445","0191","A"
"009447","0191","A"
"009448","0191","A"
"009449","0191","A"
"009450","0191","A"
"009451","0191","A"
"009452","0191","A"
"009453","0191","A"
"009455","0191","A"
"009456","0191","A"
"009457","0191","A"
"009463","0191","A"
"009465","0191","A"
"009469","0191","A"
"009472","0191","A"
"009479","0191","A"
"009481","0191","A"
"009483","0191","A"
"009484","0191","A"
"009485","0191","A"
"009486","0191","A"
"009487","0191","A"
"009489","0191","A"
"014170","0191","A"
"014574","0191","A"
"015038","0191","A"
"015039","0191","A"
"015040","0191","A"
"015043","0191","A"
"015084","0191","A"
"019919","0191","A"
"019920","0191","A"
"009494","0192","A"
"009495","0192","A"
"009496","0192","A"
"020843","0004","A"
"031475","0004","A"
"031476","0004","A"
"032747","0004","A"
"032748","0004","A"
"033025","0178","A"
"033378","0004","A"
"033379","0004","A"
"033381","0004","A"
"033382","0004","A"
"033383","0004","A"
"033384","0004","A"
"033385","0004","A"
"033961","0004","A"
"033962","0004","A"
"033970","0004","A"
"033971","0004","A"
"033972","0004","A"
"033973","0004","A"
"033974","0004","A"
"033975","0004","A"
"033976","0004","A"
"033977","0004","A"
"002373","0004","A"
"002374","0004","A"
"002375","0004","A"
"013800","0004","A"
"006194","0137","A"
"006195","0137","A"
"006196","0137","A"
"006197","0137","A"
"014108","0142","A"
"014106","0142","A"
"006031","0137","A"
"006032","0137","A"
"014107","0142","A"
"014109","0142","A"
"006035","0137","A"
"014110","0142","A"
"014422","0004","A"
"006038","0137","A"
"006039","0137","A"
"014423","0144","A"
"006041","0137","A"
"006042","0137","A"
"006043","0137","A"
"006044","0137","A"
"006045","0137","A"
"014507","0163","A"
"014508","0163","A"
"014509","0163","A"
"006049","0137","A"
"014510","0163","A"
"006051","0137","A"
"006052","0137","A"
"014511","0163","A"
"014512","0163","A"
"014513","0163","A"
"014514","0163","A"
"014515","0163","A"
"014516","0163","A"
"014517","0163","A"
"006060","0137","A"
"014518","0163","A"
"014519","0163","A"
"014520","0163","A"
"006064","0137","A"
"014521","0163","A"
"014522","0163","A"
"006067","0137","A"
"006068","0137","A"
"014523","0163","A"
"014524","0163","A"
"014525","0163","A"
"006072","0137","A"
"014526","0163","A"
"014527","0163","A"
"006075","0137","A"
"014528","0163","A"
"006077","0137","A"
"014529","0163","A"
"014530","0163","A"
"014531","0163","A"
"014532","0163","A"
"014533","0163","A"
"014534","0163","A"
"014535","0163","A"
"014536","0163","A"
"006086","0137","A"
"014537","0163","A"
"014538","0163","A"
"014539","0163","A"
"014540","0163","A"
"014541","0163","A"
"014542","0163","A"
"014543","0163","A"
"014544","0163","A"
"006095","0137","A"
"014545","0163","A"
"014546","0163","A"
"006098","0137","A"
"006099","0137","A"
"014547","0163","A"
"014548","0163","A"
"014549","0163","A"
"006103","0137","A"
"014593","0098","A"
"014594","0098","A"
"014595","0098","A"
"006107","0137","A"
"015228","0074","A"
"019394","0165","A"
"019395","0165","A"
"006111","0137","A"
"006112","0137","A"
"019403","0165","A"
"006114","0137","A"
"019497","0163","A"
"006116","0137","A"
"006117","0137","A"
"019500","0163","A"
"006119","0137","A"
"019542","0163","A"
"019544","0163","A"
"019720","0165","A"
"019807","0163","A"
"006124","0137","A"
"006125","0137","A"
"006126","0137","A"
"006127","0137","A"
"019818","0163","A"
"019837","0163","A"
"006130","0137","A"
"019840","0163","A"
"006132","0137","A"
"006133","0137","A"
"019843","0163","A"
"006135","0137","A"
"006136","0137","A"
"006137","0137","A"
"019846","0163","A"
"019857","0163","A"
"019860","0163","A"
"019863","0163","A"
"019865","0163","A"
"019872","0163","A"
"019875","0163","A"
"019878","0163","A"
"006146","0137","A"
"019888","0163","A"
"019891","0163","A"
"019893","0163","A"
"019900","0163","A"
"019903","0163","A"
"019906","0163","A"
"006153","0137","A"
"019909","0163","A"
"019912","0163","A"
"006156","0137","A"
"019917","0004","A"
"020700","0165","A"
"020698","0004","A"
"020699","0165","A"
"020884","0004","A"
"020885","0004","A"
"020886","0004","A"
"020887","0004","A"
"020888","0004","A"
"020889","0004","A"
"020890","0004","A"
"006168","0137","A"
"020891","0004","A"
"020893","0004","A"
"020894","0004","A"
"020895","0004","A"
"020896","0004","A"
"020897","0004","A"
"006175","0137","A"
"020898","0004","A"
"020899","0004","A"
"006178","0137","A"
"006179","0137","A"
"020900","0004","A"
"020902","0004","A"
"020903","0004","A"
"020904","0004","A"
"020979","0004","A"
"020980","0004","A"
"006186","0137","A"
"020982","0004","A"
"020983","0004","A"
"020990","0004","A"
"006190","0137","A"
"021003","0004","A"
"021005","0004","A"
"021009","0004","A"
"021011","0004","A"
"021283","0163","A"
"021300","0163","A"
"021303","0163","A"
"021311","0163","A"
"021316","0163","A"
"021329","0163","A"
"021334","0163","A"
"021337","0163","A"
"021346","0163","A"
"021349","0163","A"
"021351","0163","A"
"021359","0163","A"
"021369","0163","A"
"021377","0163","A"
"022180","0004","A"
"030010","0004","A"
"030011","0004","A"
"030012","0004","A"
"030013","0004","A"
"030014","0004","A"
"030015","0004","A"
"030016","0004","A"
"030017","0004","A"
"030018","0004","A"
"030019","0004","A"
"030020","0004","A"
"030021","0004","A"
"030022","0004","A"
"030023","0004","A"
"030460","0004","A"
"030461","0004","A"
"030462","0004","A"
"030464","0004","A"
"030465","0004","A"
"030738","0004","A"
"030739","0004","A"
"031522","0004","A"
"031569","0004","A"
"031570","0004","A"
"031572","0004","A"
"031573","0004","A"
"031724","0004","A"
"031919","0004","A"
"031920","0004","A"
"032171","0004","A"
"032236","0004","A"
"032718","0004","A"
"033009","0004","A"
"033010","0004","A"
"033011","0004","A"
"033012","0004","A"
"033013","0004","A"
"033014","0004","A"
"033015","0004","A"
"033016","0004","A"
"033017","0004","A"
"033018","0004","A"
"033337","0004","A"
"033338","0004","A"
"033813","0004","A"
"033814","0004","A"
"034053","0004","A"
"034517","0004","A"
"034525","0004","A"
"034526","0004","A"
"034527","0004","A"
"034528","0004","A"
"034529","0004","A"
"034530","0004","A"
"002366","0004","A"
"011521","0084","A"
"014067","0084","A"
"011543","0084","A"
"011524","0084","A"
"011528","0084","A"
"011548","0084","A"
"011535","0084","A"
"014068","0084","A"
"004594","0098","A"
"007282","0098","A"
"014123","0100","A"
"014124","0140","A"
"014722","0004","A"
"004834","0098","A"
"014724","0163","A"
"014725","0163","A"
"014726","0163","A"
"014727","0163","A"
"014728","0163","A"
"014729","0163","A"
"014730","0163","A"
"014731","0163","A"
"014732","0163","A"
"014733","0163","A"
"014734","0163","A"
"014735","0163","A"
"014736","0163","A"
"014737","0163","A"
"014738","0163","A"
"014739","0163","A"
"014740","0163","A"
"014741","0163","A"
"014742","0163","A"
"014743","0163","A"
"014744","0163","A"
"014838","0004","A"
"015047","0004","A"
"015122","0163","A"
"015123","0163","A"
"015125","0163","A"
"015126","0163","A"
"015127","0163","A"
"015128","0163","A"
"015129","0163","A"
"015130","0163","A"
"015131","0163","A"
"015132","0163","A"
"015133","0163","A"
"015134","0163","A"
"015135","0163","A"
"015136","0163","A"
"015137","0163","A"
"015138","0163","A"
"015140","0163","A"
"015141","0163","A"
"015142","0163","A"
"015143","0163","A"
"015144","0163","A"
"015145","0163","A"
"015146","0163","A"
"015148","0163","A"
"015149","0163","A"
"015150","0163","A"
"015151","0163","A"
"019487","0163","A"
"019726","0163","A"
"020723","0004","A"
"014221","0088","A"
"020681","0004","A"
"021068","0004","A"
"028044","0004","A"
"028088","0004","A"
"028125","0004","A"
"028126","0004","A"
"028127","0004","A"
"030092","0004","A"
"030616","0004","A"
"030701","0165","A"
"030702","0165","A"
"030703","0165","A"
"030704","0165","A"
"030705","0165","A"
"030706","0165","A"
"030707","0165","A"
"030708","0165","A"
"030709","0165","A"
"030864","0004","A"
"030893","0218","A"
"032067","0004","A"
"032068","0004","A"
"032069","0004","A"
"032302","0004","A"
"032303","0004","A"
"032948","0004","A"
"032949","0004","A"
"032950","0004","A"
"032951","0004","A"
"032952","0004","A"
"032953","0004","A"
"032954","0004","A"
"032955","0004","A"
"032956","0004","A"
"032957","0004","A"
"032958","0004","A"
"032959","0004","A"
"033449","0004","A"
"033450","0004","A"
"033459","0004","A"
"033897","0004","A"
"033898","0004","A"
"033899","0004","A"
"033909","0004","A"
"034436","0004","A"
"034449","0004","A"
"002413","0004","A"
"004401","0004","A"
"004402","0004","A"
"004403","0004","A"
"014080","0004","A"
"014839","0004","A"
"019529","0163","A"
"019552","0163","A"
"005969","0217","A"
"005968","0217","A"
"005956","0217","A"
"005957","0217","A"
"005958","0217","A"
"005959","0217","A"
"005960","0217","A"
"005961","0217","A"
"005962","0217","A"
"005963","0217","A"
"005964","0217","A"
"005965","0217","A"
"005966","0217","A"
"005967","0217","A"
"005970","0217","A"
"029660","0004","A"
"031031","0004","A"
"031467","0004","A"
"031468","0004","A"
"031469","0004","A"
"032233","0004","A"
"032234","0004","A"
"032235","0004","A"
"032759","0004","A"
"032780","0004","A"
"032781","0004","A"
"032782","0004","A"
"033125","0004","A"
"033219","0004","A"
"033220","0004","A"
"033221","0004","A"
"033222","0004","A"
"033223","0004","A"
"033574","0004","A"
"033589","0004","A"
"033590","0004","A"
"033885","0180","A"
"033887","0180","A"
"033889","0180","A"
"033890","0180","A"
"033896","0004","A"
"034103","0004","A"
"034104","0004","A"
"034109","0004","A"
"034152","0004","A"
"034153","0004","A"
"034512","0004","A"
"034513","0004","A"
"034514","0004","A"
"001734","0004","A"
"001735","0004","A"
"002360","0004","A"
"002362","0004","A"
"002361","0004","A"
"002393","0004","A"
"002394","0004","A"
"004408","0004","A"
"014062","0075","A"
"014063","0075","A"
"014064","0075","A"
"014065","0075","A"
"014066","0075","A"
"014567","0083","A"
"014747","0163","A"
"014748","0163","A"
"014749","0163","A"
"014750","0163","A"
"014751","0163","A"
"014752","0163","A"
"014753","0163","A"
"014754","0163","A"
"014755","0163","A"
"014756","0163","A"
"014757","0163","A"
"014758","0163","A"
"014759","0163","A"
"014760","0163","A"
"014761","0163","A"
"014762","0163","A"
"014763","0163","A"
"014764","0163","A"
"014765","0163","A"
"014766","0163","A"
"014767","0163","A"
"014768","0163","A"
"014769","0163","A"
"014770","0163","A"
"014771","0163","A"
"014772","0163","A"
"014773","0163","A"
"014774","0163","A"
"014775","0163","A"
"014776","0163","A"
"014777","0163","A"
"014778","0163","A"
"014779","0163","A"
"014780","0163","A"
"014781","0163","A"
"014782","0163","A"
"014783","0163","A"
"014784","0163","A"
"014785","0163","A"
"014786","0163","A"
"011693","0140","A"
"015059","0098","A"
"019757","0130","A"
"029282","0179","A"
"029283","0179","A"
"018820","0165","A"
"018821","0165","A"
"018822","0165","A"
"018823","0165","A"
"018824","0165","A"
"018825","0165","A"
"018826","0165","A"
"018827","0165","A"
"018828","0165","A"
"018829","0165","A"
"018830","0165","A"
"018831","0165","A"
"018832","0165","A"
"018833","0165","A"
"018834","0165","A"
"018835","0165","A"
"019201","0077","A"
"031752","0004","A"
"031753","0004","A"
"031754","0004","A"
"031755","0004","A"
"032272","0004","A"
"032276","0004","A"
"032296","0004","A"
"033394","0004","A"
"033395","0004","A"
"033609","0004","A"
"033821","0004","A"
"033822","0004","A"
"033824","0004","A"
"033827","0004","A"
"033829","0004","A"
"033830","0004","A"
"034500","0004","A"
"034501","0004","A"
"001831","0004","A"
"001832","0004","A"
"013820","0004","A"
"006571","0079","A"
"014419","0004","A"
"014223","0088","A"
"014420","0004","A"
"014421","0004","A"
"014700","0004","A"
"005109","0076","A"
"008442","0109","A"
"019207","0084","A"
"019208","0084","A"
"019209","0084","A"
"019210","0084","A"
"019211","0084","A"
"019212","0084","A"
"019213","0084","A"
"019214","0084","A"
"019215","0084","A"
"019216","0084","A"
"019443","0004","A"
"019461","0163","A"
"019648","0163","A"
"019464","0163","A"
"019477","0163","A"
"019617","0163","A"
"019645","0163","A"
"019651","0163","A"
"019669","0163","A"
"019674","0163","A"
"019808","0163","A"
"019819","0163","A"
"019827","0163","A"
"019835","0163","A"
"019838","0163","A"
"019841","0163","A"
"019844","0163","A"
"019847","0163","A"
"019858","0163","A"
"019861","0163","A"
"019870","0163","A"
"019873","0163","A"
"019876","0163","A"
"019879","0163","A"
"019886","0163","A"
"019889","0163","A"
"019892","0163","A"
"019894","0163","A"
"019898","0163","A"
"019901","0163","A"
"019904","0163","A"
"019907","0163","A"
"019910","0163","A"
"019913","0163","A"
"019931","0004","A"
"000005","0171","A"
"000004","0171","A"
"000006","0171","A"
"020484","0004","A"
"004415","0177","A"
"004416","0177","A"
"004417","0177","A"
"004418","0177","A"
"004419","0177","A"
"004420","0177","A"
"004421","0177","A"
"004422","0177","A"
"004423","0177","A"
"004424","0177","A"
"004425","0177","A"
"004426","0177","A"
"004427","0177","A"
"004429","0177","A"
"004430","0177","A"
"004431","0177","A"
"004432","0177","A"
"004433","0177","A"
"004434","0177","A"
"004435","0177","A"
"020838","0004","A"
"004437","0177","A"
"004438","0177","A"
"004439","0177","A"
"004440","0177","A"
"020839","0004","A"
"004443","0177","A"
"014043","0177","A"
"014044","0177","A"
"014045","0177","A"
"014046","0177","A"
"014047","0177","A"
"014048","0177","A"
"014049","0177","A"
"014050","0177","A"
"014051","0177","A"
"020840","0004","A"
"020875","0004","A"
"014054","0177","A"
"014055","0177","A"
"014056","0177","A"
"014057","0177","A"
"014058","0177","A"
"004442","0177","A"
"020876","0004","A"
"021092","0004","A"
"021222","0004","A"
"021223","0004","A"
"026629","0004","A"
"028008","0004","A"
"028009","0004","A"
"028010","0004","A"
"028481","0004","A"
"028482","0004","A"
"028483","0004","A"
"028541","0004","A"
"028542","0004","A"
"028543","0004","A"
"028544","0004","A"
"028545","0004","A"
"028546","0004","A"
"028606","0004","A"
"028607","0004","A"
"028608","0004","A"
"028609","0004","A"
"028610","0004","A"
"028611","0004","A"
"028612","0004","A"
"028632","0004","A"
"004913","0218","A"
"014216","0217","A"
"030663","0004","A"
"030682","0004","A"
"030683","0004","A"
"030684","0004","A"
"030685","0004","A"
"030686","0004","A"
"030687","0004","A"
"030688","0004","A"
"030751","0179","A"
"030755","0179","A"
"030756","0179","A"
"030762","0004","A"
"030763","0004","A"
"030764","0004","A"
"030765","0004","A"
"030766","0004","A"
"030767","0004","A"
"031299","0004","A"
"031300","0004","A"
"031301","0004","A"
"031302","0004","A"
"031303","0004","A"
"031304","0004","A"
"031305","0004","A"
"031306","0004","A"
"031307","0004","A"
"031308","0004","A"
"031309","0004","A"
"031310","0004","A"
"031311","0004","A"
"031312","0004","A"
"031313","0004","A"
"031314","0004","A"
"031315","0004","A"
"031316","0004","A"
"031510","0004","A"
"031511","0004","A"
"031512","0004","A"
"031513","0004","A"
"031514","0004","A"
"031515","0004","A"
"031516","0004","A"
"031711","0004","A"
"031712","0004","A"
"031713","0004","A"
"031714","0004","A"
"031715","0004","A"
"031716","0004","A"
"031720","0004","A"
"031756","0004","A"
"031757","0004","A"
"031758","0004","A"
"031759","0004","A"
"032022","0004","A"
"032023","0004","A"
"032139","0004","A"
"032140","0004","A"
"032785","0215","A"
"032788","0163","A"
"032791","0215","A"
"032793","0215","A"
"032795","0215","A"
"020511","0215","A"
"032796","0163","A"
"032799","0163","A"
"032802","0163","A"
"032804","0163","A"
"032807","0215","A"
"032809","0215","A"
"032812","0163","A"
"032815","0215","A"
"032818","0163","A"
"032820","0215","A"
"019574","0215","A"
"032823","0215","A"
"021312","0215","A"
"032827","0163","A"
"032830","0163","A"
"032833","0215","A"
"032836","0215","A"
"032839","0215","A"
"032841","0215","A"
"030199","0215","A"
"014339","0215","A"
"032846","0215","A"
"032848","0215","A"
"032850","0163","A"
"014447","0215","A"
"014688","0215","A"
"032855","0215","A"
"020345","0215","A"
"019559","0215","A"
"020602","0215","A"
"032861","0215","A"
"032864","0215","A"
"032867","0215","A"
"032869","0215","A"
"032871","0215","A"
"032904","0004","A"
"032905","0004","A"
"032960","0004","A"
"032961","0004","A"
"032962","0004","A"
"032963","0004","A"
"032964","0004","A"
"032965","0004","A"
"032966","0004","A"
"032967","0004","A"
"032968","0004","A"
"032969","0004","A"
"032970","0004","A"
"032971","0004","A"
"032972","0004","A"
"032973","0004","A"
"033084","0004","A"
"033225","0004","A"
"033226","0004","A"
"033275","0004","A"
"033775","0004","A"
"033776","0004","A"
"034206","0004","A"
"034207","0004","A"
"034208","0004","A"
"034233","0004","A"
"034234","0004","A"
"034235","0004","A"
"034237","0004","A"
"034238","0004","A"
"034240","0004","A"
"034241","0004","A"
"034242","0004","A"
"034243","0004","A"
"034244","0004","A"
"034245","0004","A"
"034246","0004","A"
"001769","0004","A"
"002252","0004","A"
"002365","0004","A"
"014924","0163","A"
"014925","0163","A"
"014926","0163","A"
"014927","0163","A"
"015236","0004","A"
"017404","0165","A"
"017405","0165","A"
"017406","0165","A"
"017407","0165","A"
"017408","0165","A"
"017409","0165","A"
"017410","0165","A"
"017411","0165","A"
"017412","0165","A"
"017413","0165","A"
"017414","0165","A"
"017415","0165","A"
"017416","0165","A"
"017417","0165","A"
"017418","0165","A"
"019565","0163","A"
"017714","0165","A"
"017715","0165","A"
"017716","0165","A"
"017717","0165","A"
"017718","0165","A"
"017719","0165","A"
"017720","0165","A"
"017721","0165","A"
"017722","0165","A"
"017723","0165","A"
"017724","0165","A"
"017725","0165","A"
"017726","0165","A"
"017727","0165","A"
"017728","0165","A"
"017729","0165","A"
"017730","0165","A"
"017731","0165","A"
"017732","0165","A"
"017733","0165","A"
"017734","0165","A"
"017735","0165","A"
"017736","0165","A"
"017737","0165","A"
"017738","0165","A"
"017739","0165","A"
"017740","0165","A"
"017741","0165","A"
"017742","0165","A"
"017743","0165","A"
"017744","0165","A"
"017745","0165","A"
"017746","0165","A"
"017747","0165","A"
"017748","0165","A"
"026612","0004","A"
"017750","0165","A"
"017751","0165","A"
"017752","0165","A"
"017753","0165","A"
"017754","0165","A"
"017755","0165","A"
"017756","0165","A"
"017757","0165","A"
"017758","0165","A"
"017759","0165","A"
"017760","0165","A"
"017761","0165","A"
"017762","0165","A"
"017763","0165","A"
"017764","0165","A"
"017765","0165","A"
"017766","0165","A"
"017988","0165","A"
"017989","0165","A"
"017990","0165","A"
"017991","0165","A"
"017992","0165","A"
"017993","0165","A"
"017994","0165","A"
"017995","0165","A"
"017996","0165","A"
"017997","0165","A"
"017998","0165","A"
"017999","0165","A"
"018000","0165","A"
"018001","0165","A"
"018002","0165","A"
"018003","0165","A"
"018004","0165","A"
"018005","0165","A"
"018006","0165","A"
"018007","0165","A"
"018008","0165","A"
"018009","0165","A"
"018010","0165","A"
"018011","0165","A"
"018012","0165","A"
"018013","0165","A"
"018014","0165","A"
"018015","0165","A"
"018016","0165","A"
"018017","0165","A"
"018018","0165","A"
"018019","0165","A"
"018020","0165","A"
"018021","0165","A"
"018022","0165","A"
"018023","0165","A"
"018024","0165","A"
"018025","0165","A"
"018026","0165","A"
"018027","0165","A"
"018028","0165","A"
"018029","0165","A"
"018030","0165","A"
"018031","0165","A"
"018032","0165","A"
"018033","0165","A"
"018034","0165","A"
"018035","0165","A"
"018036","0165","A"
"018037","0165","A"
"018038","0165","A"
"018039","0165","A"
"018040","0165","A"
"018041","0165","A"
"018042","0165","A"
"018043","0165","A"
"018044","0165","A"
"018045","0165","A"
"018046","0165","A"
"018047","0165","A"
"018048","0165","A"
"018049","0165","A"
"018050","0165","A"
"018051","0165","A"
"018052","0165","A"
"018053","0165","A"
"018054","0165","A"
"018055","0165","A"
"018056","0165","A"
"018057","0165","A"
"018058","0165","A"
"018059","0165","A"
"018060","0165","A"
"018061","0165","A"
"018062","0165","A"
"018063","0165","A"
"018064","0165","A"
"018065","0165","A"
"018066","0165","A"
"018067","0165","A"
"018068","0165","A"
"018069","0165","A"
"018070","0165","A"
"018071","0165","A"
"018072","0165","A"
"018073","0165","A"
"018074","0165","A"
"018075","0165","A"
"018076","0165","A"
"018077","0165","A"
"018078","0165","A"
"018079","0165","A"
"018080","0165","A"
"018081","0165","A"
"018082","0165","A"
"018083","0165","A"
"018084","0165","A"
"018085","0165","A"
"018086","0165","A"
"018087","0165","A"
"018088","0165","A"
"018089","0165","A"
"018090","0165","A"
"018091","0165","A"
"018092","0165","A"
"018093","0165","A"
"018094","0165","A"
"018095","0165","A"
"018096","0165","A"
"018097","0165","A"
"018098","0165","A"
"018099","0165","A"
"018100","0165","A"
"018101","0165","A"
"018102","0165","A"
"018103","0165","A"
"018104","0165","A"
"018105","0165","A"
"018106","0165","A"
"018107","0165","A"
"018108","0165","A"
"018109","0165","A"
"018110","0165","A"
"018111","0165","A"
"018112","0165","A"
"018113","0165","A"
"018114","0165","A"
"018115","0165","A"
"018116","0165","A"
"018117","0165","A"
"018118","0165","A"
"018119","0165","A"
"018120","0165","A"
"018121","0165","A"
"018122","0165","A"
"018123","0165","A"
"018124","0165","A"
"018125","0165","A"
"018126","0165","A"
"018127","0165","A"
"018128","0165","A"
"018129","0165","A"
"018130","0165","A"
"018131","0165","A"
"018132","0165","A"
"018133","0165","A"
"018134","0165","A"
"018135","0165","A"
"018136","0165","A"
"018137","0165","A"
"018138","0165","A"
"018139","0165","A"
"018140","0165","A"
"018141","0165","A"
"018142","0165","A"
"018143","0165","A"
"018144","0165","A"
"018145","0165","A"
"018146","0165","A"
"018147","0165","A"
"018148","0165","A"
"018149","0165","A"
"018150","0165","A"
"018151","0165","A"
"018152","0165","A"
"018153","0165","A"
"018154","0165","A"
"018155","0165","A"
"018156","0165","A"
"018157","0165","A"
"018158","0165","A"
"018159","0165","A"
"018160","0165","A"
"018161","0165","A"
"018162","0165","A"
"018163","0165","A"
"018164","0165","A"
"018165","0165","A"
"018166","0165","A"
"018167","0165","A"
"018168","0165","A"
"018169","0165","A"
"018170","0165","A"
"018171","0165","A"
"018172","0165","A"
"018173","0165","A"
"018174","0165","A"
"018175","0165","A"
"018176","0165","A"
"018177","0165","A"
"018178","0165","A"
"018179","0165","A"
"018180","0165","A"
"018181","0165","A"
"018182","0165","A"
"018183","0165","A"
"018184","0165","A"
"018185","0165","A"
"018186","0165","A"
"018187","0165","A"
"018188","0165","A"
"018189","0165","A"
"018190","0165","A"
"018191","0165","A"
"018192","0165","A"
"018193","0165","A"
"018194","0165","A"
"018195","0165","A"
"018196","0165","A"
"018197","0165","A"
"018198","0165","A"
"018199","0165","A"
"018200","0165","A"
"018201","0165","A"
"018202","0165","A"
"018203","0165","A"
"018204","0165","A"
"018205","0165","A"
"018206","0165","A"
"018207","0165","A"
"018208","0165","A"
"018265","0165","A"
"018266","0165","A"
"018267","0165","A"
"018268","0165","A"
"018269","0165","A"
"018270","0165","A"
"018271","0165","A"
"018272","0165","A"
"018273","0165","A"
"018274","0165","A"
"018275","0165","A"
"018276","0165","A"
"018277","0165","A"
"018278","0165","A"
"018279","0165","A"
"018280","0165","A"
"018281","0165","A"
"018282","0165","A"
"018283","0165","A"
"018284","0165","A"
"018285","0165","A"
"018286","0165","A"
"018287","0165","A"
"018288","0165","A"
"018289","0165","A"
"018290","0165","A"
"018291","0165","A"
"018292","0165","A"
"018293","0165","A"
"018294","0165","A"
"018295","0165","A"
"018296","0165","A"
"018297","0165","A"
"018298","0165","A"
"018299","0165","A"
"018300","0165","A"
"018301","0165","A"
"018302","0165","A"
"018303","0165","A"
"018304","0165","A"
"018305","0165","A"
"018306","0165","A"
"018307","0165","A"
"018308","0165","A"
"018309","0165","A"
"018310","0165","A"
"018311","0165","A"
"018312","0165","A"
"018313","0165","A"
"018314","0165","A"
"018315","0165","A"
"018316","0165","A"
"018317","0165","A"
"018318","0165","A"
"018319","0165","A"
"018320","0165","A"
"018323","0165","A"
"018324","0165","A"
"019313","0088","A"
"019314","0098","A"
"019563","0163","A"
"019564","0163","A"
"019566","0163","A"
"019569","0163","A"
"019570","0163","A"
"019571","0163","A"
"019572","0163","A"
"019574","0163","A"
"019575","0163","A"
"020765","0004","A"
"026738","0004","A"
"026739","0004","A"
"026740","0004","A"
"026741","0004","A"
"026742","0004","A"
"026743","0004","A"
"026744","0004","A"
"004682","0217","A"
"004683","0217","A"
"015090","0215","A"
"020492","0215","A"
"021287","0215","A"
"020502","0215","A"
"014899","0215","A"
"030155","0215","A"
"019475","0215","A"
"030157","0215","A"
"019284","0215","A"
"014450","0215","A"
"015108","0215","A"
"020530","0215","A"
"021309","0215","A"
"014343","0215","A"
"021313","0215","A"
"014522","0215","A"
"014869","0215","A"
"014925","0215","A"
"014898","0215","A"
"019278","0215","A"
"021335","0215","A"
"020582","0215","A"
"020342","0215","A"
"015110","0215","A"
"014474","0215","A"
"019283","0215","A"
"014468","0215","A"
"014432","0215","A"
"019280","0215","A"
"019464","0215","A"
"020619","0215","A"
"030733","0004","A"
"014134","0217","A"
"031331","0004","A"
"031332","0004","A"
"031333","0004","A"
"031334","0004","A"
"031335","0004","A"
"031336","0004","A"
"031337","0004","A"
"031338","0004","A"
"031339","0004","A"
"031340","0004","A"
"031341","0004","A"
"031342","0004","A"
"031343","0004","A"
"031344","0004","A"
"031345","0004","A"
"031346","0004","A"
"031347","0004","A"
"031349","0174","A"
"031350","0174","A"
"031739","0004","A"
"031868","0004","A"
"031869","0004","A"
"031923","0004","A"
"032421","0179","A"
"032422","0179","A"
"033300","0004","A"
"033341","0004","A"
"033362","0004","A"
"033591","0004","A"
"033592","0004","A"
"001753","0004","A"
"001754","0004","A"
"001755","0004","A"
"002046","0004","A"
"002047","0004","A"
"002048","0004","A"
"002049","0004","A"
"002050","0004","A"
"002051","0004","A"
"002052","0004","A"
"002053","0004","A"
"002054","0004","A"
"002055","0004","A"
"002056","0004","A"
"002057","0004","A"
"002058","0004","A"
"002059","0004","A"
"002060","0004","A"
"002061","0004","A"
"002062","0004","A"
"002063","0004","A"
"002064","0004","A"
"002065","0004","A"
"002066","0004","A"
"002067","0004","A"
"002068","0004","A"
"002069","0004","A"
"002070","0004","A"
"002071","0004","A"
"002072","0004","A"
"002073","0004","A"
"002074","0004","A"
"002075","0004","A"
"002076","0004","A"
"002077","0004","A"
"002078","0004","A"
"002079","0004","A"
"002080","0004","A"
"002081","0004","A"
"002082","0004","A"
"002083","0004","A"
"002084","0004","A"
"002085","0004","A"
"002086","0004","A"
"002087","0004","A"
"002088","0004","A"
"002089","0004","A"
"002090","0004","A"
"002091","0004","A"
"002092","0004","A"
"002093","0004","A"
"002094","0004","A"
"002095","0004","A"
"002096","0004","A"
"002097","0004","A"
"002098","0004","A"
"002099","0004","A"
"002100","0004","A"
"002101","0004","A"
"002102","0004","A"
"002103","0004","A"
"002104","0004","A"
"002105","0004","A"
"002106","0004","A"
"002107","0004","A"
"002108","0004","A"
"002109","0004","A"
"002110","0004","A"
"002111","0004","A"
"002112","0004","A"
"002113","0004","A"
"002114","0004","A"
"002115","0004","A"
"002116","0004","A"
"002117","0004","A"
"002118","0004","A"
"002119","0004","A"
"002120","0004","A"
"002121","0004","A"
"002122","0004","A"
"002123","0004","A"
"002124","0004","A"
"002125","0004","A"
"002126","0004","A"
"002127","0004","A"
"002128","0004","A"
"002129","0004","A"
"002130","0004","A"
"002131","0004","A"
"002132","0004","A"
"002133","0004","A"
"002134","0004","A"
"002135","0004","A"
"002136","0004","A"
"002137","0004","A"
"002138","0004","A"
"002139","0004","A"
"002140","0004","A"
"002141","0004","A"
"002142","0004","A"
"002143","0004","A"
"002144","0004","A"
"002145","0004","A"
"002146","0004","A"
"002147","0004","A"
"002148","0004","A"
"002149","0004","A"
"002150","0004","A"
"002151","0004","A"
"002152","0004","A"
"002153","0004","A"
"002154","0004","A"
"002155","0004","A"
"002156","0004","A"
"002157","0004","A"
"002158","0004","A"
"002420","0004","A"
"019688","0004","A"
"019722","0004","A"
"019922","0004","A"
"020645","0004","A"
"020678","0098","A"
"021947","0173","A"
"021948","0173","A"
"021949","0173","A"
"021950","0173","A"
"021951","0173","A"
"021952","0173","A"
"021953","0173","A"
"021954","0173","A"
"021955","0173","A"
"021956","0173","A"
"021957","0173","A"
"021958","0173","A"
"021959","0173","A"
"021960","0173","A"
"021961","0173","A"
"021962","0173","A"
"021963","0173","A"
"021964","0173","A"
"021965","0173","A"
"021966","0173","A"
"021967","0173","A"
"021968","0173","A"
"021969","0173","A"
"021970","0173","A"
"021971","0173","A"
"021972","0173","A"
"021973","0173","A"
"021974","0173","A"
"021975","0173","A"
"021976","0173","A"
"021977","0173","A"
"021978","0173","A"
"021979","0173","A"
"021980","0173","A"
"021981","0173","A"
"021982","0173","A"
"021983","0173","A"
"021984","0173","A"
"021985","0173","A"
"021986","0173","A"
"021987","0173","A"
"021988","0173","A"
"021989","0173","A"
"021990","0173","A"
"021991","0173","A"
"021992","0173","A"
"021993","0173","A"
"021994","0173","A"
"021995","0173","A"
"021996","0173","A"
"021997","0173","A"
"021998","0173","A"
"021999","0173","A"
"022000","0173","A"
"022001","0173","A"
"022002","0173","A"
"022003","0173","A"
"022004","0173","A"
"022005","0173","A"
"022006","0173","A"
"022007","0173","A"
"022008","0173","A"
"022009","0173","A"
"022010","0173","A"
"022011","0173","A"
"022012","0173","A"
"022013","0173","A"
"022014","0173","A"
"022015","0173","A"
"022016","0173","A"
"022017","0173","A"
"022018","0173","A"
"022019","0173","A"
"022020","0173","A"
"022021","0173","A"
"022022","0173","A"
"022023","0173","A"
"022024","0173","A"
"022025","0173","A"
"022026","0173","A"
"022027","0173","A"
"022028","0173","A"
"022029","0173","A"
"022030","0173","A"
"022031","0173","A"
"022032","0173","A"
"022033","0173","A"
"022034","0173","A"
"022035","0173","A"
"022036","0173","A"
"022037","0173","A"
"022038","0173","A"
"022039","0173","A"
"022040","0173","A"
"022041","0173","A"
"022042","0173","A"
"022043","0173","A"
"022044","0173","A"
"022045","0173","A"
"022046","0173","A"
"022047","0173","A"
"022048","0173","A"
"022049","0173","A"
"022050","0173","A"
"022051","0173","A"
"022052","0173","A"
"022053","0173","A"
"022054","0173","A"
"022055","0173","A"
"022056","0173","A"
"022057","0173","A"
"022058","0173","A"
"022059","0173","A"
"022060","0173","A"
"022061","0173","A"
"022062","0173","A"
"022063","0173","A"
"022064","0173","A"
"022065","0173","A"
"022066","0173","A"
"022067","0173","A"
"022068","0173","A"
"022069","0173","A"
"022070","0173","A"
"022071","0173","A"
"022072","0173","A"
"022073","0173","A"
"022074","0173","A"
"022075","0173","A"
"022076","0173","A"
"022077","0173","A"
"022078","0173","A"
"022079","0173","A"
"022080","0173","A"
"022081","0173","A"
"022082","0173","A"
"022083","0173","A"
"022084","0173","A"
"022085","0173","A"
"022086","0173","A"
"022087","0173","A"
"022088","0173","A"
"022089","0173","A"
"022090","0173","A"
"022091","0173","A"
"022092","0173","A"
"022093","0173","A"
"022094","0173","A"
"022095","0173","A"
"022096","0173","A"
"022097","0173","A"
"022098","0173","A"
"022099","0173","A"
"022100","0173","A"
"022101","0173","A"
"022102","0173","A"
"022103","0173","A"
"022104","0173","A"
"022105","0173","A"
"022106","0173","A"
"022107","0173","A"
"022108","0173","A"
"022109","0173","A"
"022110","0173","A"
"022111","0173","A"
"022112","0173","A"
"022113","0173","A"
"022114","0173","A"
"022115","0173","A"
"022116","0173","A"
"022117","0173","A"
"022118","0173","A"
"022119","0173","A"
"022120","0173","A"
"022121","0173","A"
"022122","0173","A"
"022123","0173","A"
"022124","0173","A"
"022125","0173","A"
"022126","0173","A"
"022127","0173","A"
"022128","0173","A"
"022129","0173","A"
"022130","0173","A"
"022131","0173","A"
"022132","0173","A"
"022133","0173","A"
"022134","0173","A"
"022135","0173","A"
"022136","0173","A"
"022137","0173","A"
"022138","0173","A"
"022139","0173","A"
"022140","0173","A"
"022141","0173","A"
"022142","0173","A"
"022143","0173","A"
"022144","0173","A"
"022145","0173","A"
"022146","0173","A"
"022147","0173","A"
"022148","0173","A"
"022149","0173","A"
"022150","0173","A"
"022151","0173","A"
"022152","0173","A"
"022153","0173","A"
"022154","0173","A"
"022155","0173","A"
"022156","0173","A"
"022157","0173","A"
"022158","0173","A"
"022159","0173","A"
"022160","0173","A"
"022161","0173","A"
"022162","0173","A"
"022163","0173","A"
"022164","0173","A"
"022165","0173","A"
"022166","0173","A"
"022167","0173","A"
"022168","0173","A"
"022169","0173","A"
"030971","0004","A"
"030973","0165","A"
"031071","0004","A"
"031072","0004","A"
"032206","0004","A"
"032207","0004","A"
"032208","0004","A"
"033227","0004","A"
"033228","0004","A"
"033498","0004","A"
"033499","0004","A"
"033752","0004","A"
"033939","0004","A"
"034154","0004","A"
"034155","0004","A"
"034189","0004","A"
"034190","0004","A"
"034221","0004","A"
"034222","0004","A"
"001776","0004","A"
"002250","0004","A"
"004404","0004","A"
"004392","0004","A"
"004397","0004","A"
"004405","0004","A"
"004406","0004","A"
"004407","0004","A"
"010026","0078","A"
"005956","0098","A"
"013833","0129","A"
"014388","0142","A"
"005957","0098","A"
"005958","0098","A"
"005959","0098","A"
"005960","0098","A"
"005961","0098","A"
"005962","0098","A"
"005963","0098","A"
"005964","0098","A"
"005965","0098","A"
"005966","0098","A"
"005967","0098","A"
"005968","0098","A"
"005970","0098","A"
"014152","0004","A"
"014253","0004","A"
"014612","0075","A"
"018693","0165","A"
"014391","0142","A"
"014392","0142","A"
"014393","0142","A"
"014394","0084","A"
"014395","0084","A"
"014396","0084","A"
"014397","0084","A"
"014398","0084","A"
"014399","0084","A"
"014400","0084","A"
"014401","0084","A"
"014402","0084","A"
"014403","0084","A"
"014404","0084","A"
"014405","0084","A"
"006559","0079","A"
"018695","0165","A"
"018696","0165","A"
"018698","0165","A"
"018700","0165","A"
"018745","0165","A"
"018747","0165","A"
"018748","0165","A"
"018750","0165","A"
"018751","0165","A"
"018753","0165","A"
"018755","0165","A"
"018756","0165","A"
"018758","0165","A"
"018759","0165","A"
"018761","0165","A"
"018763","0165","A"
"018836","0165","A"
"018837","0165","A"
"018839","0165","A"
"018841","0165","A"
"018842","0165","A"
"018845","0165","A"
"018847","0165","A"
"018849","0165","A"
"018851","0165","A"
"018852","0165","A"
"018854","0165","A"
"018855","0165","A"
"018856","0165","A"
"018859","0142","A"
"016716","0165","A"
"018865","0165","A"
"019078","0165","A"
"019079","0165","A"
"019080","0165","A"
"019081","0165","A"
"019082","0165","A"
"019083","0165","A"
"019084","0165","A"
"019085","0165","A"
"019086","0165","A"
"019087","0165","A"
"019088","0165","A"
"019089","0165","A"
"019090","0165","A"
"019091","0165","A"
"019092","0165","A"
"019093","0165","A"
"019094","0165","A"
"019095","0165","A"
"019096","0165","A"
"019097","0165","A"
"019098","0165","A"
"019099","0165","A"
"019100","0165","A"
"019101","0165","A"
"019102","0165","A"
"019103","0165","A"
"019104","0165","A"
"019105","0165","A"
"019106","0165","A"
"019107","0165","A"
"019108","0165","A"
"019109","0165","A"
"019110","0165","A"
"019111","0165","A"
"019112","0165","A"
"019113","0165","A"
"019114","0165","A"
"019115","0165","A"
"019116","0165","A"
"019117","0165","A"
"019118","0165","A"
"019119","0165","A"
"019120","0165","A"
"019121","0165","A"
"019122","0165","A"
"019123","0165","A"
"019124","0165","A"
"019125","0165","A"
"019126","0165","A"
"019127","0165","A"
"019128","0165","A"
"019129","0165","A"
"019130","0165","A"
"019131","0165","A"
"019132","0165","A"
"019133","0165","A"
"019134","0165","A"
"019135","0165","A"
"019136","0165","A"
"019137","0165","A"
"019138","0165","A"
"019139","0165","A"
"019140","0165","A"
"019141","0165","A"
"019142","0165","A"
"019143","0165","A"
"019144","0165","A"
"019145","0165","A"
"019146","0165","A"
"019147","0165","A"
"019148","0165","A"
"019149","0165","A"
"019150","0165","A"
"019151","0165","A"
"019152","0165","A"
"019153","0165","A"
"019154","0165","A"
"019155","0165","A"
"019156","0165","A"
"019157","0165","A"
"019158","0165","A"
"019159","0165","A"
"019160","0165","A"
"019161","0165","A"
"019162","0165","A"
"019163","0165","A"
"019164","0165","A"
"019165","0165","A"
"019166","0165","A"
"019167","0165","A"
"019168","0165","A"
"019169","0165","A"
"019170","0165","A"
"019171","0165","A"
"019172","0165","A"
"019173","0165","A"
"019174","0165","A"
"019175","0165","A"
"019176","0165","A"
"019177","0165","A"
"019178","0165","A"
"019179","0165","A"
"019180","0165","A"
"019181","0165","A"
"019182","0165","A"
"019183","0165","A"
"019202","0068","A"
"019206","0004","A"
"019289","0163","A"
"019290","0163","A"
"019291","0163","A"
"019292","0163","A"
"019293","0163","A"
"019294","0163","A"
"019295","0163","A"
"019296","0163","A"
"019297","0163","A"
"019298","0163","A"
"019299","0163","A"
"019300","0163","A"
"019301","0163","A"
"019302","0163","A"
"019303","0163","A"
"019304","0163","A"
"019305","0163","A"
"019306","0163","A"
"019587","0098","A"
"019588","0098","A"
"019589","0098","A"
"019590","0098","A"
"019591","0098","A"
"019592","0098","A"
"019676","0083","A"
"019677","0083","A"
"020471","0130","A"
"004450","0127","A"
"020728","0004","A"
"020790","0004","A"
"020791","0004","A"
"007421","0193","A"
"007422","0193","A"
"020803","0004","A"
"020804","0004","A"
"020805","0004","A"
"009555","0194","A"
"009556","0194","A"
"013830","0195","A"
"013831","0195","A"
"014575","0195","A"
"009490","0196","A"
"009493","0196","A"
"009553","0197","A"
"009554","0197","A"
"026603","0004","A"
"026604","0004","A"
"026605","0004","A"
"026607","0004","A"
"028311","0179","A"
"028312","0179","A"
"028313","0179","A"
"028314","0179","A"
"028315","0179","A"
"028316","0179","A"
"028317","0179","A"
"028318","0179","A"
"028319","0179","A"
"028320","0179","A"
"028321","0179","A"
"028322","0179","A"
"028323","0179","A"
"028324","0179","A"
"028325","0179","A"
"028326","0179","A"
"028327","0179","A"
"028328","0179","A"
"028329","0179","A"
"028330","0179","A"
"028331","0179","A"
"028332","0179","A"
"028333","0179","A"
"028334","0179","A"
"028335","0179","A"
"028336","0179","A"
"028337","0179","A"
"028338","0179","A"
"028339","0179","A"
"028340","0179","A"
"028341","0179","A"
"028342","0179","A"
"028343","0179","A"
"028344","0179","A"
"028345","0179","A"
"028346","0179","A"
"028347","0179","A"
"028348","0179","A"
"028349","0179","A"
"028350","0179","A"
"028351","0179","A"
"028352","0179","A"
"028353","0179","A"
"028354","0179","A"
"028355","0179","A"
"028356","0179","A"
"028365","0179","A"
"028366","0179","A"
"028367","0179","A"
"028368","0179","A"
"028369","0179","A"
"011676","0199","A"
"028370","0179","A"
"011682","0199","A"
"028371","0179","A"
"028372","0179","A"
"028403","0179","A"
"028404","0179","A"
"028405","0179","A"
"011693","0199","A"
"028406","0179","A"
"011703","0199","A"
"028407","0179","A"
"011713","0199","A"
"014298","0199","A"
"011639","0199","A"
"028408","0179","A"
"028409","0179","A"
"028410","0179","A"
"028411","0179","A"
"028412","0179","A"
"011695","0199","A"
"011696","0199","A"
"028413","0179","A"
"011700","0199","A"
"011704","0199","A"
"011705","0199","A"
"011706","0199","A"
"011708","0199","A"
"028414","0179","A"
"011710","0199","A"
"011711","0199","A"
"011712","0199","A"
"014297","0199","A"
"014746","0199","A"
"028415","0179","A"
"011599","0199","A"
"011600","0199","A"
"011601","0199","A"
"028416","0179","A"
"011603","0199","A"
"011604","0199","A"
"028417","0179","A"
"028418","0179","A"
"011608","0199","A"
"028419","0179","A"
"028420","0179","A"
"028421","0179","A"
"011612","0199","A"
"028422","0179","A"
"028423","0179","A"
"028424","0179","A"
"011616","0199","A"
"028425","0179","A"
"028426","0179","A"
"011627","0199","A"
"028427","0179","A"
"028428","0179","A"
"011631","0199","A"
"028429","0179","A"
"011634","0199","A"
"028430","0179","A"
"011637","0199","A"
"028431","0179","A"
"028432","0179","A"
"011641","0199","A"
"028447","0179","A"
"028448","0179","A"
"011650","0199","A"
"011651","0199","A"
"011653","0199","A"
"011654","0199","A"
"028449","0179","A"
"011657","0199","A"
"011658","0199","A"
"028450","0179","A"
"028451","0179","A"
"011663","0199","A"
"028452","0179","A"
"011672","0199","A"
"028453","0179","A"
"028454","0179","A"
"014273","0199","A"
"014299","0199","A"
"028455","0179","A"
"028456","0179","A"
"028457","0179","A"
"011620","0199","A"
"011621","0199","A"
"011622","0199","A"
"028458","0179","A"
"028459","0179","A"
"028460","0179","A"
"011649","0199","A"
"011652","0199","A"
"026160","0004","A"
"026161","0004","A"
"011666","0199","A"
"011668","0199","A"
"011669","0199","A"
"026174","0004","A"
"026175","0004","A"
"030345","0004","A"
"011581","0200","A"
"011562","0200","A"
"030406","0004","A"
"030794","0004","A"
"030795","0004","A"
"011585","0200","A"
"011592","0200","A"
"011595","0200","A"
"011596","0200","A"
"030796","0004","A"
"013688","0201","A"
"013689","0201","A"
"013690","0201","A"
"028470","0179","A"
"019567","0201","A"
"005908","0205","A"
"005909","0205","A"
"005911","0205","A"
"005912","0205","A"
"021460","0004","A"
"005914","0205","A"
"005916","0205","A"
"005917","0205","A"
"005919","0205","A"
"005921","0205","A"
"005922","0205","A"
"005923","0205","A"
"005925","0205","A"
"005926","0205","A"
"005928","0205","A"
"005929","0205","A"
"005930","0205","A"
"005931","0205","A"
"005932","0205","A"
"005933","0205","A"
"014123","0205","A"
"014277","0205","A"
"014496","0205","A"
"014497","0205","A"
"014551","0205","A"
"019600","0205","A"
"019747","0205","A"
"006872","0206","A"
"006873","0206","A"
"006880","0206","A"
"006881","0206","A"
"006883","0206","A"
"015015","0206","A"
"015715","0206","A"
"006871","0206","A"
"004444","0207","A"
"004445","0207","A"
"004446","0207","A"
"004447","0207","A"
"004448","0207","A"
"004449","0207","A"
"004450","0207","A"
"004451","0207","A"
"004452","0207","A"
"004453","0207","A"
"004454","0207","A"
"004455","0207","A"
"004457","0207","A"
"004458","0207","A"
"004459","0207","A"
"004485","0207","A"
"004496","0207","A"
"014561","0207","A"
"004460","0207","A"
"004461","0207","A"
"004462","0207","A"
"004463","0207","A"
"004464","0207","A"
"004465","0207","A"
"004466","0207","A"
"004467","0207","A"
"004468","0207","A"
"004469","0207","A"
"004470","0207","A"
"030799","0004","A"
"004472","0207","A"
"004473","0207","A"
"004474","0207","A"
"004476","0207","A"
"004477","0207","A"
"004478","0207","A"
"004479","0207","A"
"006910","0217","A"
"004481","0207","A"
"004482","0207","A"
"004483","0207","A"
"030823","0217","A"
"004487","0207","A"
"006921","0217","A"
"004489","0207","A"
"004490","0207","A"
"004491","0207","A"
"004492","0207","A"
"004493","0207","A"
"004494","0207","A"
"004495","0207","A"
"004498","0207","A"
"019702","0207","A"
"010836","0209","A"
"010863","0209","A"
"031531","0004","A"
"010831","0209","A"
"031530","0004","A"
"031532","0004","A"
"010840","0209","A"
"010841","0209","A"
"010842","0209","A"
"010845","0209","A"
"010846","0209","A"
"010849","0209","A"
"010851","0209","A"
"010852","0209","A"
"010853","0209","A"
"031533","0004","A"
"010855","0209","A"
"010858","0209","A"
"010860","0209","A"
"010861","0209","A"
"010862","0209","A"
"010864","0209","A"
"010866","0209","A"
"010867","0209","A"
"010868","0209","A"
"010869","0209","A"
"031534","0004","A"
"031535","0004","A"
"010872","0209","A"
"010876","0209","A"
"013832","0209","A"
"006199","0211","A"
"007420","0212","A"
"020855","0004","A"
"020873","0004","A"
"020874","0004","A"
"021174","0004","A"
"021175","0004","A"
"021176","0004","A"
"021177","0004","A"
"021178","0004","A"
"021179","0004","A"
"021180","0004","A"
"021181","0004","A"
"021182","0004","A"
"021183","0004","A"
"021185","0004","A"
"021188","0004","A"
"021189","0004","A"
"021190","0004","A"
"021191","0004","A"
"021192","0004","A"
"021193","0004","A"
"021195","0004","A"
"021196","0004","A"
"021197","0004","A"
"021198","0004","A"
"021199","0004","A"
"021200","0004","A"
"021201","0004","A"
"021203","0004","A"
"021204","0004","A"
"021206","0004","A"
"021207","0004","A"
"021208","0004","A"
"021209","0004","A"
"021210","0004","A"
"021212","0187","A"
"021214","0187","A"
"021459","0004","A"
"021461","0004","A"
"021462","0004","A"
"021463","0004","A"
"021464","0004","A"
"021465","0004","A"
"021466","0004","A"
"021467","0004","A"
"021468","0004","A"
"022204","0004","A"
"022205","0004","A"
"022206","0004","A"
"022207","0004","A"
"022208","0004","A"
"022209","0004","A"
"022210","0004","A"
"022211","0004","A"
"022212","0004","A"
"023151","0004","A"
"023152","0004","A"
"026176","0004","A"
"026177","0004","A"
"026178","0004","A"
"026184","0004","A"
"026185","0004","A"
"026186","0004","A"
"026187","0004","A"
"026188","0004","A"
"026189","0004","A"
"026190","0004","A"
"026191","0004","A"
"026192","0004","A"
"026193","0004","A"
"026194","0004","A"
"028471","0179","A"
"028472","0179","A"
"028473","0179","A"
"028474","0179","A"
"028475","0179","A"
"028476","0179","A"
"028477","0179","A"
"028478","0179","A"
"028633","0004","A"
"004912","0218","A"
"004657","0218","A"
"007064","0217","A"
"007065","0217","A"
"005979","0217","A"
"005978","0217","A"
"006000","0217","A"
"028670","0004","A"
"028695","0179","A"
"030004","0004","A"
"030007","0004","A"
"007147","0217","A"
"014557","0217","A"
"014558","0217","A"
"014831","0217","A"
"030854","0004","A"
"031058","0004","A"
"031059","0004","A"
"031112","0004","A"
"031113","0004","A"
"031114","0004","A"
"031411","0004","A"
"031412","0004","A"
"031413","0004","A"
"031414","0004","A"
"031474","0004","A"
"031536","0004","A"
"031537","0004","A"
"031538","0004","A"
"031539","0004","A"
"031540","0004","A"
"031541","0004","A"
"031542","0004","A"
"031543","0004","A"
"031544","0004","A"
"031683","0004","A"
"031732","0004","A"
"031852","0004","A"
"031853","0004","A"
"031854","0004","A"
"031856","0004","A"
"031874","0004","A"
"031875","0004","A"
"031876","0004","A"
"031877","0004","A"
"031878","0004","A"
"031879","0004","A"
"031880","0004","A"
"031881","0004","A"
"031882","0004","A"
"031883","0004","A"
"031884","0004","A"
"031885","0004","A"
"031886","0004","A"
"031986","0004","A"
"031987","0004","A"
"031988","0004","A"
"031989","0004","A"
"031990","0004","A"
"032055","0004","A"
"032102","0004","A"
"032103","0004","A"
"032104","0004","A"
"032707","0004","A"
"032889","0004","A"
"019371","0215","A"
"014512","0215","A"
"033131","0004","A"
"033149","0004","A"
"033150","0004","A"
"033151","0004","A"
"033152","0004","A"
"033153","0004","A"
"033154","0004","A"
"033336","0004","A"
"033353","0004","A"
"033527","0004","A"
"033528","0004","A"
"033529","0004","A"
"033530","0004","A"
"033531","0004","A"
"033577","0004","A"
"033881","0004","A"
"033882","0004","A"
"033934","0004","A"
"033935","0004","A"
"034160","0184","A"
"034161","0004","A"
"034162","0004","A"
"034163","0004","A"
"034164","0004","A"
"034165","0004","A"
"034166","0004","A"
"034167","0004","A"
"034168","0004","A"
"034169","0004","A"
"009027","0007","A"
"009028","0007","A"
"009029","0007","A"
"009030","0007","A"
"009031","0007","A"
"009032","0007","A"
"009033","0007","A"
"009034","0007","A"
"009035","0007","A"
"009036","0007","A"
"009037","0007","A"
"009038","0007","A"
"009039","0007","A"
"009040","0007","A"
"009041","0007","A"
"009042","0007","A"
"009043","0007","A"
"009044","0007","A"
"009045","0007","A"
"009046","0007","A"
"009047","0007","A"
"009048","0007","A"
"009049","0007","A"
"009050","0007","A"
"009051","0007","A"
"009052","0007","A"
"009053","0007","A"
"009054","0007","A"
"009055","0007","A"
"009056","0007","A"
"009057","0007","A"
"009058","0007","A"
"009059","0007","A"
"009060","0007","A"
"009061","0007","A"
"009062","0007","A"
"009063","0007","A"
"009064","0007","A"
"009065","0007","A"
"009066","0007","A"
"009067","0007","A"
"009068","0007","A"
"009069","0007","A"
"009070","0007","A"
"009071","0007","A"
"009072","0007","A"
"009073","0007","A"
"009074","0007","A"
"009075","0007","A"
"009076","0007","A"
"009077","0007","A"
"009078","0007","A"
"009079","0007","A"
"009080","0007","A"
"009081","0007","A"
"009082","0007","A"
"009083","0007","A"
"009084","0007","A"
"009085","0007","A"
"009086","0007","A"
"009087","0007","A"
"009088","0007","A"
"009089","0007","A"
"009090","0007","A"
"009092","0007","A"
"009093","0007","A"
"009094","0007","A"
"009095","0007","A"
"009096","0007","A"
"009097","0007","A"
"009098","0007","A"
"009099","0007","A"
"009100","0007","A"
"009101","0007","A"
"009102","0007","A"
"009103","0007","A"
"009104","0007","A"
"009105","0007","A"
"009106","0007","A"
"009107","0007","A"
"009108","0007","A"
"009109","0007","A"
"009110","0007","A"
"009111","0007","A"
"009112","0007","A"
"009113","0007","A"
"009114","0007","A"
"009115","0007","A"
"009116","0007","A"
"009117","0007","A"
"009118","0007","A"
"009119","0007","A"
"009120","0007","A"
"009121","0007","A"
"009122","0007","A"
"009123","0007","A"
"009124","0007","A"
"009125","0007","A"
"009126","0007","A"
"009127","0007","A"
"009128","0007","A"
"009129","0007","A"
"009130","0007","A"
"009131","0007","A"
"007442","0008","A"
"007443","0008","A"
"007452","0009","A"
"007453","0009","A"
"007454","0009","A"
"007455","0009","A"
"007456","0009","A"
"007457","0009","A"
"007458","0009","A"
"007459","0009","A"
"007460","0009","A"
"007461","0009","A"
"007462","0009","A"
"007463","0009","A"
"007464","0009","A"
"007465","0009","A"
"007466","0009","A"
"007467","0009","A"
"007468","0009","A"
"007469","0009","A"
"007470","0009","A"
"007471","0009","A"
"007472","0009","A"
"007473","0009","A"
"007474","0009","A"
"007475","0009","A"
"007476","0009","A"
"007477","0009","A"
"007478","0009","A"
"007479","0009","A"
"007480","0009","A"
"007481","0009","A"
"007482","0009","A"
"007483","0009","A"
"007484","0009","A"
"007485","0009","A"
"007486","0009","A"
"007487","0009","A"
"007488","0009","A"
"007489","0009","A"
"007490","0009","A"
"007491","0009","A"
"007492","0009","A"
"007493","0009","A"
"007494","0009","A"
"007495","0009","A"
"007496","0009","A"
"007497","0009","A"
"007498","0009","A"
"007444","0010","A"
"007445","0010","A"
"007446","0010","A"
"007447","0010","A"
"007448","0010","A"
"007449","0010","A"
"007499","0011","A"
"007450","0012","A"
"007451","0012","A"
"011517","0013","A"
"011518","0013","A"
"011519","0013","A"
"011520","0013","A"
"011521","0013","A"
"011522","0013","A"
"011523","0013","A"
"011524","0013","A"
"011525","0013","A"
"011526","0013","A"
"011527","0013","A"
"011528","0013","A"
"011529","0013","A"
"011530","0013","A"
"011531","0013","A"
"011533","0013","A"
"011534","0013","A"
"011535","0013","A"
"011536","0013","A"
"011537","0013","A"
"011538","0013","A"
"011539","0013","A"
"011540","0013","A"
"011541","0013","A"
"011542","0013","A"
"011543","0013","A"
"011544","0013","A"
"011545","0013","A"
"011546","0013","A"
"011547","0013","A"
"011548","0013","A"
"011549","0013","A"
"011550","0013","A"
"011551","0013","A"
"011552","0013","A"
"011553","0013","A"
"011554","0013","A"
"011555","0013","A"
"011556","0013","A"
"011557","0013","A"
"011558","0013","A"
"011559","0013","A"
"012079","0013","A"
"012080","0013","A"
"012081","0013","A"
"012082","0013","A"
"012083","0013","A"
"012084","0013","A"
"012085","0013","A"
"012086","0013","A"
"012087","0013","A"
"012088","0013","A"
"012089","0013","A"
"012090","0013","A"
"012091","0013","A"
"012092","0013","A"
"012093","0013","A"
"012094","0013","A"
"012095","0013","A"
"012096","0013","A"
"012097","0013","A"
"012098","0013","A"
"012099","0013","A"
"012100","0013","A"
"012101","0013","A"
"012102","0013","A"
"012103","0013","A"
"012104","0013","A"
"012105","0013","A"
"012106","0013","A"
"012107","0013","A"
"012108","0013","A"
"012109","0013","A"
"012110","0013","A"
"012111","0013","A"
"012112","0013","A"
"012113","0013","A"
"012114","0013","A"
"012115","0013","A"
"012116","0013","A"
"012117","0013","A"
"012118","0013","A"
"012119","0013","A"
"012120","0013","A"
"012121","0013","A"
"012122","0013","A"
"012123","0013","A"
"012124","0013","A"
"012125","0013","A"
"012126","0013","A"
"012127","0013","A"
"012128","0013","A"
"012129","0013","A"
"012130","0013","A"
"012131","0013","A"
"012132","0013","A"
"012133","0013","A"
"012134","0013","A"
"012135","0013","A"
"012136","0013","A"
"012137","0013","A"
"012138","0013","A"
"012139","0013","A"
"012140","0013","A"
"012141","0013","A"
"012142","0013","A"
"012143","0013","A"
"012144","0013","A"
"012145","0013","A"
"012146","0013","A"
"012147","0013","A"
"012148","0013","A"
"012149","0013","A"
"012150","0013","A"
"012151","0013","A"
"012152","0013","A"
"012153","0013","A"
"012154","0013","A"
"012155","0013","A"
"012156","0013","A"
"012157","0013","A"
"012158","0013","A"
"012159","0013","A"
"012160","0013","A"
"012161","0013","A"
"012162","0013","A"
"012163","0013","A"
"012164","0013","A"
"012165","0013","A"
"012166","0013","A"
"012167","0013","A"
"012168","0013","A"
"012169","0013","A"
"012170","0013","A"
"012171","0013","A"
"012172","0013","A"
"012173","0013","A"
"012174","0013","A"
"012175","0013","A"
"012176","0013","A"
"012177","0013","A"
"012178","0013","A"
"012179","0013","A"
"012180","0013","A"
"012181","0013","A"
"012182","0013","A"
"012183","0013","A"
"012184","0013","A"
"012185","0013","A"
"012186","0013","A"
"012187","0013","A"
"012188","0013","A"
"012189","0013","A"
"012190","0013","A"
"012191","0013","A"
"012192","0013","A"
"012193","0013","A"
"012194","0013","A"
"012195","0013","A"
"012196","0013","A"
"012197","0013","A"
"012198","0013","A"
"012199","0013","A"
"012200","0013","A"
"012201","0013","A"
"012202","0013","A"
"012203","0013","A"
"012204","0013","A"
"012205","0013","A"
"012206","0013","A"
"012207","0013","A"
"012208","0013","A"
"012209","0013","A"
"012210","0013","A"
"012211","0013","A"
"012212","0013","A"
"012213","0013","A"
"012214","0013","A"
"012215","0013","A"
"012216","0013","A"
"012217","0013","A"
"012218","0013","A"
"012219","0013","A"
"012220","0013","A"
"012221","0013","A"
"012222","0013","A"
"012223","0013","A"
"012224","0013","A"
"012225","0013","A"
"012226","0013","A"
"012227","0013","A"
"012228","0013","A"
"012229","0013","A"
"012230","0013","A"
"012231","0013","A"
"012232","0013","A"
"012233","0013","A"
"012234","0013","A"
"012235","0013","A"
"012236","0013","A"
"012237","0013","A"
"012238","0013","A"
"012239","0013","A"
"012240","0013","A"
"012241","0013","A"
"012242","0013","A"
"012243","0013","A"
"012244","0013","A"
"012245","0013","A"
"012246","0013","A"
"012247","0013","A"
"012248","0013","A"
"012249","0013","A"
"012250","0013","A"
"012251","0013","A"
"012252","0013","A"
"012253","0013","A"
"012254","0013","A"
"013406","0013","A"
"013407","0013","A"
"013408","0013","A"
"013409","0013","A"
"013410","0013","A"
"013411","0013","A"
"013412","0013","A"
"013413","0013","A"
"013414","0013","A"
"013415","0013","A"
"013416","0013","A"
"013417","0013","A"
"013418","0013","A"
"013419","0013","A"
"013420","0013","A"
"013421","0013","A"
"013422","0013","A"
"013423","0013","A"
"013424","0013","A"
"013425","0013","A"
"013426","0013","A"
"013427","0013","A"
"013428","0013","A"
"013429","0013","A"
"013430","0013","A"
"013431","0013","A"
"013432","0013","A"
"013433","0013","A"
"013434","0013","A"
"013435","0013","A"
"013436","0013","A"
"013437","0013","A"
"013438","0013","A"
"013439","0013","A"
"013440","0013","A"
"013441","0013","A"
"013442","0013","A"
"013443","0013","A"
"013444","0013","A"
"013445","0013","A"
"013446","0013","A"
"013447","0013","A"
"013448","0013","A"
"013449","0013","A"
"013450","0013","A"
"013451","0013","A"
"013452","0013","A"
"013453","0013","A"
"013454","0013","A"
"013455","0013","A"
"013456","0013","A"
"013457","0013","A"
"013458","0013","A"
"013459","0013","A"
"013460","0013","A"
"013461","0013","A"
"013462","0013","A"
"013463","0013","A"
"013464","0013","A"
"013465","0013","A"
"013466","0013","A"
"013467","0013","A"
"013468","0013","A"
"013469","0013","A"
"013470","0013","A"
"013471","0013","A"
"013472","0013","A"
"013473","0013","A"
"013474","0013","A"
"013475","0013","A"
"013476","0013","A"
"013477","0013","A"
"013478","0013","A"
"013479","0013","A"
"013480","0013","A"
"013481","0013","A"
"013482","0013","A"
"013483","0013","A"
"013484","0013","A"
"013485","0013","A"
"013486","0013","A"
"013487","0013","A"
"013488","0013","A"
"013489","0013","A"
"013490","0013","A"
"013491","0013","A"
"013492","0013","A"
"013493","0013","A"
"013494","0013","A"
"013495","0013","A"
"013496","0013","A"
"013497","0013","A"
"013498","0013","A"
"013499","0013","A"
"013500","0013","A"
"013501","0013","A"
"013502","0013","A"
"013503","0013","A"
"013504","0013","A"
"013505","0013","A"
"013506","0013","A"
"013507","0013","A"
"013508","0013","A"
"013509","0013","A"
"013510","0013","A"
"013511","0013","A"
"013512","0013","A"
"013513","0013","A"
"013514","0013","A"
"013515","0013","A"
"013516","0013","A"
"013517","0013","A"
"013518","0013","A"
"013519","0013","A"
"013520","0013","A"
"013521","0013","A"
"013522","0013","A"
"013523","0013","A"
"013524","0013","A"
"013525","0013","A"
"013526","0013","A"
"013527","0013","A"
"013528","0013","A"
"013529","0013","A"
"013530","0013","A"
"013531","0013","A"
"013532","0013","A"
"013533","0013","A"
"013534","0013","A"
"013535","0013","A"
"013536","0013","A"
"013537","0013","A"
"013538","0013","A"
"013539","0013","A"
"013540","0013","A"
"013541","0013","A"
"013542","0013","A"
"013543","0013","A"
"013544","0013","A"
"013545","0013","A"
"013546","0013","A"
"013547","0013","A"
"013548","0013","A"
"013549","0013","A"
"013550","0013","A"
"013551","0013","A"
"013552","0013","A"
"013553","0013","A"
"013554","0013","A"
"013555","0013","A"
"013556","0013","A"
"013557","0013","A"
"013558","0013","A"
"013559","0013","A"
"013560","0013","A"
"013561","0013","A"
"013562","0013","A"
"013563","0013","A"
"013564","0013","A"
"013565","0013","A"
"013566","0013","A"
"013567","0013","A"
"013568","0013","A"
"013569","0013","A"
"013570","0013","A"
"013571","0013","A"
"013572","0013","A"
"013573","0013","A"
"013574","0013","A"
"013575","0013","A"
"013576","0013","A"
"013577","0013","A"
"013578","0013","A"
"013579","0013","A"
"013580","0013","A"
"013581","0013","A"
"013582","0013","A"
"013583","0013","A"
"013584","0013","A"
"013585","0013","A"
"013586","0013","A"
"013587","0013","A"
"013588","0013","A"
"013589","0013","A"
"013590","0013","A"
"013591","0013","A"
"013592","0013","A"
"013593","0013","A"
"013594","0013","A"
"013595","0013","A"
"013596","0013","A"
"013597","0013","A"
"013598","0013","A"
"013599","0013","A"
"013601","0013","A"
"013602","0013","A"
"013603","0013","A"
"013604","0013","A"
"013605","0013","A"
"013606","0013","A"
"013607","0013","A"
"013608","0013","A"
"013609","0013","A"
"013610","0013","A"
"013611","0013","A"
"013612","0013","A"
"013613","0013","A"
"013614","0013","A"
"013615","0013","A"
"013616","0013","A"
"013617","0013","A"
"013618","0013","A"
"013619","0013","A"
"013620","0013","A"
"013621","0013","A"
"013622","0013","A"
"013623","0013","A"
"013624","0013","A"
"013625","0013","A"
"013626","0013","A"
"013627","0013","A"
"013628","0013","A"
"013629","0013","A"
"013630","0013","A"
"013631","0013","A"
"013632","0013","A"
"013633","0013","A"
"013634","0013","A"
"013635","0013","A"
"013636","0013","A"
"013637","0013","A"
"013638","0013","A"
"013639","0013","A"
"013640","0013","A"
"013641","0013","A"
"013642","0013","A"
"013643","0013","A"
"013644","0013","A"
"013645","0013","A"
"013646","0013","A"
"013647","0013","A"
"013648","0013","A"
"013649","0013","A"
"013650","0013","A"
"013651","0013","A"
"013652","0013","A"
"013653","0013","A"
"013654","0013","A"
"013655","0013","A"
"013656","0013","A"
"013657","0013","A"
"013658","0013","A"
"013659","0013","A"
"013660","0013","A"
"013661","0013","A"
"013662","0013","A"
"013663","0013","A"
"013664","0013","A"
"013665","0013","A"
"013666","0013","A"
"013667","0013","A"
"013668","0013","A"
"013669","0013","A"
"013670","0013","A"
"013671","0013","A"
"013672","0013","A"
"013673","0013","A"
"013674","0013","A"
"013675","0013","A"
"013676","0013","A"
"013677","0013","A"
"013678","0013","A"
"013679","0013","A"
"013680","0013","A"
"013681","0013","A"
"013682","0013","A"
"013683","0013","A"
"010137","0015","A"
"010138","0015","A"
"010139","0015","A"
"010140","0015","A"
"010141","0015","A"
"010142","0015","A"
"010143","0015","A"
"010144","0015","A"
"010145","0015","A"
"010146","0015","A"
"010147","0015","A"
"010148","0015","A"
"010149","0015","A"
"010150","0015","A"
"010151","0015","A"
"010152","0015","A"
"010153","0015","A"
"010154","0015","A"
"010155","0015","A"
"010156","0015","A"
"010157","0015","A"
"010158","0015","A"
"010159","0015","A"
"010160","0015","A"
"010161","0015","A"
"010162","0015","A"
"010163","0015","A"
"010164","0015","A"
"010165","0015","A"
"010166","0015","A"
"010167","0015","A"
"010168","0015","A"
"010169","0015","A"
"010170","0015","A"
"010171","0015","A"
"010172","0015","A"
"010173","0015","A"
"010174","0015","A"
"010176","0015","A"
"010177","0015","A"
"010178","0015","A"
"010179","0015","A"
"010180","0015","A"
"010181","0015","A"
"010182","0015","A"
"010183","0015","A"
"010184","0015","A"
"010185","0015","A"
"010186","0015","A"
"010187","0015","A"
"010188","0015","A"
"010189","0015","A"
"010190","0015","A"
"010191","0015","A"
"010192","0015","A"
"010193","0015","A"
"010194","0015","A"
"010195","0015","A"
"010196","0015","A"
"010197","0015","A"
"010198","0015","A"
"010199","0015","A"
"010200","0015","A"
"010201","0015","A"
"010202","0015","A"
"010203","0015","A"
"010204","0015","A"
"010205","0015","A"
"010206","0015","A"
"010207","0015","A"
"010208","0015","A"
"010209","0015","A"
"010210","0015","A"
"010211","0015","A"
"010212","0015","A"
"010213","0015","A"
"010214","0015","A"
"010215","0015","A"
"010216","0015","A"
"010217","0015","A"
"010218","0015","A"
"010219","0015","A"
"010220","0015","A"
"010221","0015","A"
"010222","0015","A"
"010223","0015","A"
"010224","0015","A"
"010225","0015","A"
"010226","0015","A"
"010227","0015","A"
"010228","0015","A"
"010229","0015","A"
"010230","0015","A"
"010231","0015","A"
"010232","0015","A"
"010233","0015","A"
"010234","0015","A"
"010235","0015","A"
"010236","0015","A"
"010237","0015","A"
"010238","0015","A"
"010239","0015","A"
"010240","0015","A"
"001771","0004","A"
"001772","0004","A"
"001773","0004","A"
"002338","0004","A"
"002339","0004","A"
"002340","0004","A"
"002363","0004","A"
"013615","0178","A"
"013617","0178","A"
"013618","0178","A"
"013619","0178","A"
"013620","0178","A"
"013621","0178","A"
"013622","0178","A"
"013623","0178","A"
"013624","0178","A"
"013625","0178","A"
"013626","0178","A"
"013627","0178","A"
"013628","0178","A"
"013629","0178","A"
"013630","0178","A"
"013631","0178","A"
"013632","0178","A"
"013633","0178","A"
"013634","0178","A"
"013637","0178","A"
"013638","0178","A"
"013639","0178","A"
"013640","0178","A"
"013641","0178","A"
"013642","0178","A"
"013643","0178","A"
"013644","0178","A"
"013645","0178","A"
"013646","0178","A"
"013648","0178","A"
"013649","0178","A"
"013650","0178","A"
"013651","0178","A"
"013652","0178","A"
"013653","0178","A"
"013654","0178","A"
"013655","0178","A"
"013656","0178","A"
"013657","0178","A"
"013658","0178","A"
"013659","0178","A"
"013661","0178","A"
"013662","0178","A"
"013663","0178","A"
"013664","0178","A"
"013665","0178","A"
"013666","0178","A"
"013667","0178","A"
"013668","0178","A"
"013669","0178","A"
"013670","0178","A"
"013671","0178","A"
"013672","0178","A"
"013673","0178","A"
"013674","0178","A"
"013675","0178","A"
"013676","0178","A"
"013677","0178","A"
"013678","0178","A"
"013679","0178","A"
"013680","0178","A"
"013681","0178","A"
"013682","0178","A"
"013683","0178","A"
"013960","0178","A"
"013961","0178","A"
"013962","0178","A"
"013963","0178","A"
"014227","0178","A"
"014228","0178","A"
"014229","0178","A"
"014231","0178","A"
"014232","0178","A"
"014233","0178","A"
"014236","0178","A"
"014394","0178","A"
"014402","0178","A"
"014403","0178","A"
"014405","0178","A"
"014629","0178","A"
"014630","0178","A"
"014631","0178","A"
"014632","0178","A"
"014634","0178","A"
"014636","0178","A"
"014637","0178","A"
"014640","0178","A"
"014643","0178","A"
"014950","0178","A"
"014951","0178","A"
"014953","0178","A"
"014955","0178","A"
"014959","0178","A"
"014960","0178","A"
"014961","0178","A"
"015152","0178","A"
"015153","0178","A"
"015154","0178","A"
"015155","0178","A"
"015164","0178","A"
"015165","0178","A"
"015166","0178","A"
"015167","0178","A"
"015169","0178","A"
"015172","0178","A"
"015173","0178","A"
"015177","0178","A"
"019207","0178","A"
"019209","0178","A"
"019212","0178","A"
"019214","0178","A"
"019216","0178","A"
"019605","0178","A"
"019608","0178","A"
"019707","0178","A"
"019709","0178","A"
"019779","0178","A"
"019780","0178","A"
"019781","0178","A"
"019782","0178","A"
"019784","0178","A"
"019786","0178","A"
"019787","0178","A"
"019789","0178","A"
"019790","0178","A"
"019791","0178","A"
"019792","0178","A"
"019793","0178","A"
"019795","0178","A"
"020382","0178","A"
"020383","0178","A"
"020384","0178","A"
"020385","0178","A"
"020386","0178","A"
"020390","0178","A"
"020391","0178","A"
"020646","0178","A"
"020647","0178","A"
"020649","0178","A"
"020650","0178","A"
"020651","0178","A"
"012105","0178","A"
"012106","0178","A"
"012108","0178","A"
"012126","0178","A"
"012140","0178","A"
"012169","0178","A"
"012171","0178","A"
"012172","0178","A"
"012173","0178","A"
"012174","0178","A"
"012175","0178","A"
"012176","0178","A"
"012177","0178","A"
"012178","0178","A"
"012179","0178","A"
"012180","0178","A"
"012181","0178","A"
"012185","0178","A"
"012186","0178","A"
"012187","0178","A"
"012188","0178","A"
"012189","0178","A"
"012190","0178","A"
"012191","0178","A"
"012193","0178","A"
"012194","0178","A"
"012195","0178","A"
"012196","0178","A"
"012197","0178","A"
"012198","0178","A"
"012199","0178","A"
"012200","0178","A"
"012201","0178","A"
"012202","0178","A"
"012203","0178","A"
"012204","0178","A"
"012205","0178","A"
"012206","0178","A"
"012208","0178","A"
"012211","0178","A"
"012213","0178","A"
"012216","0178","A"
"012218","0178","A"
"012222","0178","A"
"012224","0178","A"
"012225","0178","A"
"012226","0178","A"
"012227","0178","A"
"012229","0178","A"
"012230","0178","A"
"012231","0178","A"
"012232","0178","A"
"012233","0178","A"
"012235","0178","A"
"012237","0178","A"
"012241","0178","A"
"012242","0178","A"
"012243","0178","A"
"012244","0178","A"
"012245","0178","A"
"012246","0178","A"
"012247","0178","A"
"012248","0178","A"
"012250","0178","A"
"012251","0178","A"
"012252","0178","A"
"012253","0178","A"
"012254","0178","A"
"012255","0178","A"
"012256","0178","A"
"012258","0178","A"
"012259","0178","A"
"012260","0178","A"
"012885","0178","A"
"014224","0178","A"
"014225","0178","A"
"014395","0178","A"
"014628","0178","A"
"015156","0178","A"
"019218","0178","A"
"012434","0178","A"
"012439","0178","A"
"012440","0178","A"
"012443","0178","A"
"012444","0178","A"
"012445","0178","A"
"012446","0178","A"
"012447","0178","A"
"012448","0178","A"
"012449","0178","A"
"012450","0178","A"
"012451","0178","A"
"012452","0178","A"
"012453","0178","A"
"012454","0178","A"
"012455","0178","A"
"012456","0178","A"
"012457","0178","A"
"012458","0178","A"
"012460","0178","A"
"012461","0178","A"
"012462","0178","A"
"012463","0178","A"
"012464","0178","A"
"012466","0178","A"
"012467","0178","A"
"012468","0178","A"
"012469","0178","A"
"012470","0178","A"
"012472","0178","A"
"012473","0178","A"
"012474","0178","A"
"012475","0178","A"
"012476","0178","A"
"012478","0178","A"
"012479","0178","A"
"012480","0178","A"
"012482","0178","A"
"012484","0178","A"
"012485","0178","A"
"012486","0178","A"
"012488","0178","A"
"012489","0178","A"
"012490","0178","A"
"012491","0178","A"
"012493","0178","A"
"012494","0178","A"
"012495","0178","A"
"012496","0178","A"
"012497","0178","A"
"012498","0178","A"
"012500","0178","A"
"012501","0178","A"
"012502","0178","A"
"012503","0178","A"
"012504","0178","A"
"012506","0178","A"
"012507","0178","A"
"012508","0178","A"
"012509","0178","A"
"012510","0178","A"
"012512","0178","A"
"012513","0178","A"
"012514","0178","A"
"012515","0178","A"
"012516","0178","A"
"012519","0178","A"
"012521","0178","A"
"012522","0178","A"
"012523","0178","A"
"012526","0178","A"
"012527","0178","A"
"012528","0178","A"
"012529","0178","A"
"012530","0178","A"
"012531","0178","A"
"012532","0178","A"
"012533","0178","A"
"012534","0178","A"
"012538","0178","A"
"012539","0178","A"
"012540","0178","A"
"012543","0178","A"
"012544","0178","A"
"012546","0178","A"
"012547","0178","A"
"012549","0178","A"
"012550","0178","A"
"012551","0178","A"
"012552","0178","A"
"012553","0178","A"
"012554","0178","A"
"012557","0178","A"
"012558","0178","A"
"012559","0178","A"
"012560","0178","A"
"012562","0178","A"
"012563","0178","A"
"012564","0178","A"
"012566","0178","A"
"012567","0178","A"
"012568","0178","A"
"012569","0178","A"
"012570","0178","A"
"012571","0178","A"
"012574","0178","A"
"012577","0178","A"
"012578","0178","A"
"012579","0178","A"
"012580","0178","A"
"012581","0178","A"
"012582","0178","A"
"012584","0178","A"
"012585","0178","A"
"012587","0178","A"
"012588","0178","A"
"012589","0178","A"
"012590","0178","A"
"012591","0178","A"
"012593","0178","A"
"012594","0178","A"
"012595","0178","A"
"012596","0178","A"
"012597","0178","A"
"012598","0178","A"
"012600","0178","A"
"012601","0178","A"
"012255","0013","A"
"019396","0098","A"
"014116","0119","A"
"014584","0098","A"
"019614","0144","A"
"020415","0170","A"
"020753","0004","A"
"020848","0004","A"
"020849","0004","A"
"020850","0004","A"
"020861","0004","A"
"020977","0216","A"
"020978","0216","A"
"020981","0216","A"
"020984","0216","A"
"020985","0216","A"
"020986","0216","A"
"020987","0216","A"
"020988","0216","A"
"020989","0216","A"
"021458","0004","A"
"026158","0004","A"
"026164","0004","A"
"026606","0004","A"
"028537","0004","A"
"030301","0004","A"
"030302","0004","A"
"030303","0004","A"
"030304","0004","A"
"030615","0004","A"
"031001","0004","A"
"031002","0004","A"
"031003","0004","A"
"031004","0004","A"
"031005","0004","A"
"031006","0004","A"
"031007","0004","A"
"031008","0004","A"
"031009","0004","A"
"031010","0004","A"
"031011","0004","A"
"031012","0004","A"
"031013","0004","A"
"031014","0004","A"
"031015","0004","A"
"031016","0004","A"
"031017","0004","A"
"031018","0004","A"
"005935","0217","A"
"005981","0217","A"
"031173","0004","A"
"031174","0004","A"
"031181","0004","A"
"031187","0004","A"
"031189","0004","A"
"031198","0004","A"
"031200","0004","A"
"031201","0004","A"
"031202","0004","A"
"031203","0004","A"
"031204","0004","A"
"031205","0004","A"
"031429","0004","A"
"031430","0004","A"
"031446","0004","A"
"031727","0004","A"
"031887","0004","A"
"031888","0004","A"
"031889","0004","A"
"031890","0004","A"
"033186","0004","A"
"033187","0004","A"
"033188","0004","A"
"033189","0004","A"
"033299","0004","A"
"033931","0004","A"
"033932","0004","A"
"033936","0004","A"
"034061","0004","A"
"034062","0004","A"
"034063","0004","A"
"034064","0004","A"
"034065","0004","A"
"034066","0004","A"
"034067","0004","A"
"034068","0004","A"
"034069","0004","A"
"034070","0004","A"
"034071","0004","A"
"034072","0004","A"
"034073","0004","A"
"034074","0004","A"
"034075","0004","A"
"034076","0004","A"
"034077","0004","A"
"034079","0004","A"
"034080","0004","A"
"034082","0004","A"
"034404","0004","A"
"034405","0004","A"
"034406","0004","A"
"034407","0004","A"
"034408","0004","A"
"034409","0004","A"
"010241","0015","A"
"010242","0015","A"
"010243","0015","A"
"010244","0015","A"
"010245","0015","A"
"010246","0015","A"
"010247","0015","A"
"010248","0015","A"
"010249","0015","A"
"010250","0015","A"
"010251","0015","A"
"010252","0015","A"
"010253","0015","A"
"010254","0015","A"
"010255","0015","A"
"010256","0015","A"
"010257","0015","A"
"010258","0015","A"
"010259","0015","A"
"010260","0015","A"
"010261","0015","A"
"010262","0015","A"
"010263","0015","A"
"010264","0015","A"
"010265","0015","A"
"010266","0015","A"
"010267","0015","A"
"010268","0015","A"
"010269","0015","A"
"010270","0015","A"
"010271","0015","A"
"010272","0015","A"
"010273","0015","A"
"010274","0015","A"
"010275","0015","A"
"010276","0015","A"
"010277","0015","A"
"010278","0015","A"
"010279","0015","A"
"010280","0015","A"
"010281","0015","A"
"010282","0015","A"
"010283","0015","A"
"010284","0015","A"
"010285","0015","A"
"010286","0015","A"
"010287","0015","A"
"010288","0015","A"
"010289","0015","A"
"010290","0015","A"
"010291","0015","A"
"010292","0015","A"
"010293","0015","A"
"010294","0015","A"
"010295","0015","A"
"010296","0015","A"
"010297","0015","A"
"010298","0015","A"
"010299","0015","A"
"010300","0015","A"
"010301","0015","A"
"010302","0015","A"
"010303","0015","A"
"010304","0015","A"
"010305","0015","A"
"010306","0015","A"
"010307","0015","A"
"010308","0015","A"
"010309","0015","A"
"010310","0015","A"
"010311","0015","A"
"010312","0015","A"
"010313","0015","A"
"010314","0015","A"
"010315","0015","A"
"010316","0015","A"
"010317","0015","A"
"010318","0015","A"
"010319","0015","A"
"010320","0015","A"
"010321","0015","A"
"010322","0015","A"
"010323","0015","A"
"010324","0015","A"
"010325","0015","A"
"010326","0015","A"
"010327","0015","A"
"010328","0015","A"
"010329","0015","A"
"010330","0015","A"
"010331","0015","A"
"010332","0015","A"
"010333","0015","A"
"010334","0015","A"
"010335","0015","A"
"010336","0015","A"
"010337","0015","A"
"010338","0015","A"
"010339","0015","A"
"010340","0015","A"
"010341","0015","A"
"010342","0015","A"
"010343","0015","A"
"010344","0015","A"
"010345","0015","A"
"010346","0015","A"
"010347","0015","A"
"010348","0015","A"
"010349","0015","A"
"010350","0015","A"
"010351","0015","A"
"010352","0015","A"
"010353","0015","A"
"010354","0015","A"
"010355","0015","A"
"010356","0015","A"
"010357","0015","A"
"010358","0015","A"
"010359","0015","A"
"010360","0015","A"
"010361","0015","A"
"010362","0015","A"
"010363","0015","A"
"010364","0015","A"
"010365","0015","A"
"010366","0015","A"
"010367","0015","A"
"010368","0015","A"
"010369","0015","A"
"010370","0015","A"
"010371","0015","A"
"010372","0015","A"
"010373","0015","A"
"010374","0015","A"
"010375","0015","A"
"010376","0015","A"
"010377","0015","A"
"010378","0015","A"
"010379","0015","A"
"010380","0015","A"
"010381","0015","A"
"010382","0015","A"
"010383","0015","A"
"010384","0015","A"
"010385","0015","A"
"010386","0015","A"
"010387","0015","A"
"010388","0015","A"
"010389","0015","A"
"010390","0015","A"
"010391","0015","A"
"010392","0015","A"
"010393","0015","A"
"010394","0015","A"
"010395","0015","A"
"010396","0015","A"
"010397","0015","A"
"010398","0015","A"
"010399","0015","A"
"010400","0015","A"
"010401","0015","A"
"010402","0015","A"
"010403","0015","A"
"010404","0015","A"
"010405","0015","A"
"010406","0015","A"
"010407","0015","A"
"010408","0015","A"
"010409","0015","A"
"010410","0015","A"
"010411","0015","A"
"010412","0015","A"
"010413","0015","A"
"010414","0015","A"
"010415","0015","A"
"010416","0015","A"
"010417","0015","A"
"010418","0015","A"
"010419","0015","A"
"010420","0015","A"
"010421","0015","A"
"010422","0015","A"
"010423","0015","A"
"010424","0015","A"
"010425","0015","A"
"010426","0015","A"
"010427","0015","A"
"010428","0015","A"
"010429","0015","A"
"010430","0015","A"
"010431","0015","A"
"010432","0015","A"
"010433","0015","A"
"010434","0015","A"
"010435","0015","A"
"010436","0015","A"
"010437","0015","A"
"010438","0015","A"
"010439","0015","A"
"010440","0015","A"
"010441","0015","A"
"010442","0015","A"
"010443","0015","A"
"010444","0015","A"
"010445","0015","A"
"010446","0015","A"
"010447","0015","A"
"010448","0015","A"
"010449","0015","A"
"010450","0015","A"
"010451","0015","A"
"010452","0015","A"
"010453","0015","A"
"010454","0015","A"
"010455","0015","A"
"010456","0015","A"
"010457","0015","A"
"010458","0015","A"
"010459","0015","A"
"010460","0015","A"
"010461","0015","A"
"010462","0015","A"
"010463","0015","A"
"010464","0015","A"
"010465","0015","A"
"010466","0015","A"
"010467","0015","A"
"010468","0015","A"
"010469","0015","A"
"010470","0015","A"
"010471","0015","A"
"010472","0015","A"
"010473","0015","A"
"010474","0015","A"
"010475","0015","A"
"010476","0015","A"
"010477","0015","A"
"010478","0015","A"
"010479","0015","A"
"010480","0015","A"
"010481","0015","A"
"010482","0015","A"
"010483","0015","A"
"010484","0015","A"
"010485","0015","A"
"010486","0015","A"
"010487","0015","A"
"010488","0015","A"
"010489","0015","A"
"010490","0015","A"
"010491","0015","A"
"010492","0015","A"
"010493","0015","A"
"010494","0015","A"
"010495","0015","A"
"010496","0015","A"
"010497","0015","A"
"010498","0015","A"
"010499","0015","A"
"010500","0015","A"
"010501","0015","A"
"010502","0015","A"
"010503","0015","A"
"010504","0015","A"
"010505","0015","A"
"010506","0015","A"
"010507","0015","A"
"010508","0015","A"
"010509","0015","A"
"010510","0015","A"
"010511","0015","A"
"010512","0015","A"
"010513","0015","A"
"010515","0015","A"
"010516","0015","A"
"010517","0015","A"
"010518","0015","A"
"010519","0015","A"
"010520","0015","A"
"010521","0015","A"
"010522","0015","A"
"010523","0015","A"
"010524","0015","A"
"010525","0015","A"
"010526","0015","A"
"010527","0015","A"
"010528","0015","A"
"010529","0015","A"
"010530","0015","A"
"010531","0015","A"
"010532","0015","A"
"010533","0015","A"
"010534","0015","A"
"010535","0015","A"
"010536","0015","A"
"010537","0015","A"
"010538","0015","A"
"010539","0015","A"
"010540","0015","A"
"010541","0015","A"
"010542","0015","A"
"010543","0015","A"
"010544","0015","A"
"010545","0015","A"
"010546","0015","A"
"010547","0015","A"
"010548","0015","A"
"010549","0015","A"
"010550","0015","A"
"010551","0015","A"
"010552","0015","A"
"010553","0015","A"
"010554","0015","A"
"010555","0015","A"
"010556","0015","A"
"010557","0015","A"
"010558","0015","A"
"010559","0015","A"
"010560","0015","A"
"010561","0015","A"
"010562","0015","A"
"010563","0015","A"
"010564","0015","A"
"010565","0015","A"
"010566","0015","A"
"010567","0015","A"
"010568","0015","A"
"010569","0015","A"
"010570","0015","A"
"010571","0015","A"
"010572","0015","A"
"010573","0015","A"
"010574","0015","A"
"010575","0015","A"
"010576","0015","A"
"010577","0015","A"
"010578","0015","A"
"010579","0015","A"
"010580","0015","A"
"010581","0015","A"
"010582","0015","A"
"010583","0015","A"
"010584","0015","A"
"010585","0015","A"
"010586","0015","A"
"010587","0015","A"
"010588","0015","A"
"010589","0015","A"
"010590","0015","A"
"010591","0015","A"
"010592","0015","A"
"010593","0015","A"
"010594","0015","A"
"010595","0015","A"
"010596","0015","A"
"010597","0015","A"
"010598","0015","A"
"010599","0015","A"
"010600","0015","A"
"010601","0015","A"
"010602","0015","A"
"010603","0015","A"
"010604","0015","A"
"010605","0015","A"
"010606","0015","A"
"010607","0015","A"
"010608","0015","A"
"010609","0015","A"
"010610","0015","A"
"010611","0015","A"
"010612","0015","A"
"010613","0015","A"
"010614","0015","A"
"010615","0015","A"
"010616","0015","A"
"010617","0015","A"
"010618","0015","A"
"010619","0015","A"
"010620","0015","A"
"010621","0015","A"
"010622","0015","A"
"010623","0015","A"
"012602","0178","A"
"012603","0178","A"
"012604","0178","A"
"012605","0178","A"
"012606","0178","A"
"012607","0178","A"
"012608","0178","A"
"012609","0178","A"
"012610","0178","A"
"012611","0178","A"
"012612","0178","A"
"012613","0178","A"
"012614","0178","A"
"012615","0178","A"
"012616","0178","A"
"012617","0178","A"
"012618","0178","A"
"012620","0178","A"
"012621","0178","A"
"012622","0178","A"
"012623","0178","A"
"012624","0178","A"
"012625","0178","A"
"012627","0178","A"
"012629","0178","A"
"012630","0178","A"
"012631","0178","A"
"012632","0178","A"
"012633","0178","A"
"012634","0178","A"
"012635","0178","A"
"012636","0178","A"
"012637","0178","A"
"012638","0178","A"
"012639","0178","A"
"012641","0178","A"
"012642","0178","A"
"012643","0178","A"
"012644","0178","A"
"012646","0178","A"
"012647","0178","A"
"012649","0178","A"
"012650","0178","A"
"012651","0178","A"
"012652","0178","A"
"012653","0178","A"
"012654","0178","A"
"012655","0178","A"
"012656","0178","A"
"012657","0178","A"
"012658","0178","A"
"012659","0178","A"
"012660","0178","A"
"012661","0178","A"
"012662","0178","A"
"012663","0178","A"
"012664","0178","A"
"012665","0178","A"
"012666","0178","A"
"012667","0178","A"
"012668","0178","A"
"012669","0178","A"
"012670","0178","A"
"012671","0178","A"
"012672","0178","A"
"012673","0178","A"
"012674","0178","A"
"012675","0178","A"
"012676","0178","A"
"012677","0178","A"
"012678","0178","A"
"012679","0178","A"
"012680","0178","A"
"012681","0178","A"
"012682","0178","A"
"012683","0178","A"
"012684","0178","A"
"012685","0178","A"
"012686","0178","A"
"012687","0178","A"
"012688","0178","A"
"012689","0178","A"
"012690","0178","A"
"012691","0178","A"
"012692","0178","A"
"012693","0178","A"
"012694","0178","A"
"012695","0178","A"
"012696","0178","A"
"012697","0178","A"
"012698","0178","A"
"012806","0178","A"
"012809","0178","A"
"012810","0178","A"
"012827","0178","A"
"012830","0178","A"
"012953","0178","A"
"012989","0178","A"
"013006","0178","A"
"013009","0178","A"
"013033","0178","A"
"013091","0178","A"
"013104","0178","A"
"013112","0178","A"
"013140","0178","A"
"013151","0178","A"
"013154","0178","A"
"013158","0178","A"
"013205","0178","A"
"013209","0178","A"
"013215","0178","A"
"013218","0178","A"
"013248","0178","A"
"013249","0178","A"
"013265","0178","A"
"013269","0178","A"
"013281","0178","A"
"013285","0178","A"
"013342","0178","A"
"013344","0178","A"
"013373","0178","A"
"013374","0178","A"
"013549","0178","A"
"019607","0178","A"
"019708","0178","A"
"012081","0178","A"
"012084","0178","A"
"012085","0178","A"
"012086","0178","A"
"012087","0178","A"
"012088","0178","A"
"012090","0178","A"
"012092","0178","A"
"012093","0178","A"
"012182","0178","A"
"012207","0178","A"
"012209","0178","A"
"012212","0178","A"
"012214","0178","A"
"012436","0178","A"
"014947","0178","A"
"020397","0178","A"
"020653","0178","A"
"012096","0178","A"
"012097","0178","A"
"012103","0178","A"
"012117","0178","A"
"012118","0178","A"
"012119","0178","A"
"012121","0178","A"
"012122","0178","A"
"012123","0178","A"
"012127","0178","A"
"012131","0178","A"
"012132","0178","A"
"012133","0178","A"
"012134","0178","A"
"012135","0178","A"
"012136","0178","A"
"012137","0178","A"
"012139","0178","A"
"012141","0178","A"
"012143","0178","A"
"012145","0178","A"
"012148","0178","A"
"012151","0178","A"
"012153","0178","A"
"012154","0178","A"
"012155","0178","A"
"012157","0178","A"
"012159","0178","A"
"012161","0178","A"
"012163","0178","A"
"012164","0178","A"
"012165","0178","A"
"012168","0178","A"
"014226","0178","A"
"014396","0178","A"
"014397","0178","A"
"014625","0178","A"
"014627","0178","A"
"014942","0178","A"
"014943","0178","A"
"014944","0178","A"
"014945","0178","A"
"014946","0178","A"
"014948","0178","A"
"014949","0178","A"
"015158","0178","A"
"015159","0178","A"
"015160","0178","A"
"015161","0178","A"
"015162","0178","A"
"015163","0178","A"
"019219","0178","A"
"019220","0178","A"
"019221","0178","A"
"019222","0178","A"
"019223","0178","A"
"019224","0178","A"
"019602","0178","A"
"019603","0178","A"
"019604","0178","A"
"019706","0178","A"
"019783","0178","A"
"020395","0178","A"
"020396","0178","A"
"020652","0178","A"
"020654","0178","A"
"020655","0178","A"
"012272","0178","A"
"012273","0178","A"
"012275","0178","A"
"012276","0178","A"
"012277","0178","A"
"012286","0178","A"
"012290","0178","A"
"012301","0178","A"
"012308","0178","A"
"012312","0178","A"
"012317","0178","A"
"012322","0178","A"
"012335","0178","A"
"012336","0178","A"
"012339","0178","A"
"012340","0178","A"
"012341","0178","A"
"012342","0178","A"
"012345","0178","A"
"012350","0178","A"
"012351","0178","A"
"012352","0178","A"
"012353","0178","A"
"012354","0178","A"
"012355","0178","A"
"012356","0178","A"
"012357","0178","A"
"012360","0178","A"
"012361","0178","A"
"012365","0178","A"
"012367","0178","A"
"012372","0178","A"
"012373","0178","A"
"012374","0178","A"
"012375","0178","A"
"012376","0178","A"
"012377","0178","A"
"012378","0178","A"
"012379","0178","A"
"012380","0178","A"
"012381","0178","A"
"012382","0178","A"
"012384","0178","A"
"012386","0178","A"
"012387","0178","A"
"012390","0178","A"
"012391","0178","A"
"012393","0178","A"
"012394","0178","A"
"012395","0178","A"
"012397","0178","A"
"012398","0178","A"
"012399","0178","A"
"012401","0178","A"
"012403","0178","A"
"012404","0178","A"
"012407","0178","A"
"012408","0178","A"
"012409","0178","A"
"012410","0178","A"
"012411","0178","A"
"012413","0178","A"
"012414","0178","A"
"012415","0178","A"
"012416","0178","A"
"012417","0178","A"
"012418","0178","A"
"012419","0178","A"
"012421","0178","A"
"012422","0178","A"
"012423","0178","A"
"012424","0178","A"
"012425","0178","A"
"012426","0178","A"
"012427","0178","A"
"012428","0178","A"
"012429","0178","A"
"012430","0178","A"
"012431","0178","A"
"012432","0178","A"
"012433","0178","A"
"014003","0178","A"
"014004","0178","A"
"014005","0178","A"
"014006","0178","A"
"014007","0178","A"
"014008","0178","A"
"014010","0178","A"
"014230","0178","A"
"014234","0178","A"
"014235","0178","A"
"014398","0178","A"
"014399","0178","A"
"014400","0178","A"
"014401","0178","A"
"014404","0178","A"
"014633","0178","A"
"014635","0178","A"
"014638","0178","A"
"014639","0178","A"
"014641","0178","A"
"014952","0178","A"
"014954","0178","A"
"014956","0178","A"
"014957","0178","A"
"014958","0178","A"
"015170","0178","A"
"015171","0178","A"
"015174","0178","A"
"015175","0178","A"
"015176","0178","A"
"019208","0178","A"
"019210","0178","A"
"019211","0178","A"
"019213","0178","A"
"019215","0178","A"
"019606","0178","A"
"019609","0178","A"
"019785","0178","A"
"019788","0178","A"
"019794","0178","A"
"019796","0178","A"
"019797","0178","A"
"020387","0178","A"
"020388","0178","A"
"020389","0178","A"
"020392","0178","A"
"020393","0178","A"
"010624","0015","A"
"010625","0015","A"
"010626","0015","A"
"010627","0015","A"
"010628","0015","A"
"010629","0015","A"
"010630","0015","A"
"010631","0015","A"
"010632","0015","A"
"010633","0015","A"
"010634","0015","A"
"010635","0015","A"
"010636","0015","A"
"010637","0015","A"
"010638","0015","A"
"010639","0015","A"
"010640","0015","A"
"010641","0015","A"
"010642","0015","A"
"010643","0015","A"
"010644","0015","A"
"010645","0015","A"
"010646","0015","A"
"010647","0015","A"
"010648","0015","A"
"010649","0015","A"
"010650","0015","A"
"010651","0015","A"
"010652","0015","A"
"010653","0015","A"
"010654","0015","A"
"010655","0015","A"
"010656","0015","A"
"010657","0015","A"
"010658","0015","A"
"010659","0015","A"
"010660","0015","A"
"010661","0015","A"
"010662","0015","A"
"010663","0015","A"
"010664","0015","A"
"010665","0015","A"
"010666","0015","A"
"010667","0015","A"
"010668","0015","A"
"010669","0015","A"
"010670","0015","A"
"010671","0015","A"
"010672","0015","A"
"010673","0015","A"
"010674","0015","A"
"010675","0015","A"
"010676","0015","A"
"010677","0015","A"
"010678","0015","A"
"010679","0015","A"
"010680","0015","A"
"010681","0015","A"
"010682","0015","A"
"010683","0015","A"
"010684","0015","A"
"010685","0015","A"
"010686","0015","A"
"010687","0015","A"
"010688","0015","A"
"010689","0015","A"
"010690","0015","A"
"010691","0015","A"
"010692","0015","A"
"010693","0015","A"
"010694","0015","A"
"010695","0015","A"
"010696","0015","A"
"010697","0015","A"
"010698","0015","A"
"010699","0015","A"
"010700","0015","A"
"010701","0015","A"
"010702","0015","A"
"010703","0015","A"
"010704","0015","A"
"010705","0015","A"
"010706","0015","A"
"010707","0015","A"
"010708","0015","A"
"010709","0015","A"
"010710","0015","A"
"010711","0015","A"
"010712","0015","A"
"010713","0015","A"
"010714","0015","A"
"010715","0015","A"
"010716","0015","A"
"010717","0015","A"
"010718","0015","A"
"010719","0015","A"
"010720","0015","A"
"010721","0015","A"
"010722","0015","A"
"010723","0015","A"
"010724","0015","A"
"010725","0015","A"
"010726","0015","A"
"010727","0015","A"
"010728","0015","A"
"010729","0015","A"
"010730","0015","A"
"010731","0015","A"
"010732","0015","A"
"010733","0015","A"
"010734","0015","A"
"010735","0015","A"
"011714","0016","A"
"011715","0016","A"
"011716","0016","A"
"011717","0016","A"
"011718","0016","A"
"011719","0016","A"
"011720","0016","A"
"011721","0016","A"
"011722","0016","A"
"011723","0016","A"
"011724","0016","A"
"011725","0016","A"
"011726","0016","A"
"011727","0016","A"
"011728","0016","A"
"011729","0016","A"
"011730","0016","A"
"011731","0016","A"
"011732","0016","A"
"011733","0016","A"
"011734","0016","A"
"011735","0016","A"
"011736","0016","A"
"011737","0016","A"
"011738","0016","A"
"011739","0016","A"
"011740","0016","A"
"011741","0016","A"
"011742","0016","A"
"011743","0016","A"
"011744","0016","A"
"011745","0016","A"
"011746","0016","A"
"011747","0016","A"
"011748","0016","A"
"011749","0016","A"
"011750","0016","A"
"011751","0016","A"
"011752","0016","A"
"011753","0016","A"
"011754","0016","A"
"011755","0016","A"
"011756","0016","A"
"011757","0016","A"
"011758","0016","A"
"011759","0016","A"
"011760","0016","A"
"011761","0016","A"
"011762","0016","A"
"011763","0016","A"
"011764","0016","A"
"011765","0016","A"
"011766","0016","A"
"011767","0016","A"
"011768","0016","A"
"011769","0016","A"
"011770","0016","A"
"011771","0016","A"
"011772","0016","A"
"011773","0016","A"
"011774","0016","A"
"011775","0016","A"
"011776","0016","A"
"011777","0016","A"
"011778","0016","A"
"011779","0016","A"
"011780","0016","A"
"011781","0016","A"
"011782","0016","A"
"011783","0016","A"
"011784","0016","A"
"011785","0016","A"
"011786","0016","A"
"011787","0016","A"
"011788","0016","A"
"011789","0016","A"
"011790","0016","A"
"011791","0016","A"
"011792","0016","A"
"011793","0016","A"
"011794","0016","A"
"011795","0016","A"
"011796","0016","A"
"011797","0016","A"
"011798","0016","A"
"011799","0016","A"
"011800","0016","A"
"011801","0016","A"
"011802","0016","A"
"011803","0016","A"
"011804","0016","A"
"011805","0016","A"
"011806","0016","A"
"011807","0016","A"
"011808","0016","A"
"011809","0016","A"
"011810","0016","A"
"011811","0016","A"
"011812","0016","A"
"011813","0016","A"
"011814","0016","A"
"011815","0016","A"
"011816","0016","A"
"011817","0016","A"
"011818","0016","A"
"011819","0016","A"
"011820","0016","A"
"011821","0016","A"
"011822","0016","A"
"011823","0016","A"
"011824","0016","A"
"011825","0016","A"
"011826","0016","A"
"011827","0016","A"
"011828","0016","A"
"011829","0016","A"
"011830","0016","A"
"011831","0016","A"
"011832","0016","A"
"011833","0016","A"
"011834","0016","A"
"011835","0016","A"
"011836","0016","A"
"011837","0016","A"
"011838","0016","A"
"011839","0016","A"
"011840","0016","A"
"011841","0016","A"
"011842","0016","A"
"011843","0016","A"
"011844","0016","A"
"011845","0016","A"
"011846","0016","A"
"011847","0016","A"
"011848","0016","A"
"011849","0016","A"
"011850","0016","A"
"011851","0016","A"
"011852","0016","A"
"011853","0016","A"
"011854","0016","A"
"011855","0016","A"
"011856","0016","A"
"011857","0016","A"
"011858","0016","A"
"011859","0016","A"
"011860","0016","A"
"011861","0016","A"
"011862","0016","A"
"011863","0016","A"
"011864","0016","A"
"011865","0016","A"
"011866","0016","A"
"011867","0016","A"
"011868","0016","A"
"011869","0016","A"
"011870","0016","A"
"011871","0016","A"
"011872","0016","A"
"011873","0016","A"
"011874","0016","A"
"011875","0016","A"
"011876","0016","A"
"011877","0016","A"
"011878","0016","A"
"011879","0016","A"
"011880","0016","A"
"011881","0016","A"
"011882","0016","A"
"011883","0016","A"
"011884","0016","A"
"011885","0016","A"
"011886","0016","A"
"011887","0016","A"
"011888","0016","A"
"011889","0016","A"
"011890","0016","A"
"011891","0016","A"
"011892","0016","A"
"011893","0016","A"
"011894","0016","A"
"011895","0016","A"
"011896","0016","A"
"011897","0016","A"
"011898","0016","A"
"011899","0016","A"
"011900","0016","A"
"011901","0016","A"
"011902","0016","A"
"011903","0016","A"
"011904","0016","A"
"011905","0016","A"
"011906","0016","A"
"011907","0016","A"
"011908","0016","A"
"011909","0016","A"
"011910","0016","A"
"011911","0016","A"
"011912","0016","A"
"011913","0016","A"
"011914","0016","A"
"011915","0016","A"
"011916","0016","A"
"011917","0016","A"
"011918","0016","A"
"011919","0016","A"
"011920","0016","A"
"011921","0016","A"
"011922","0016","A"
"011923","0016","A"
"011924","0016","A"
"011925","0016","A"
"011926","0016","A"
"011927","0016","A"
"011928","0016","A"
"011929","0016","A"
"011930","0016","A"
"011931","0016","A"
"011932","0016","A"
"011933","0016","A"
"011934","0016","A"
"011935","0016","A"
"011936","0016","A"
"011937","0016","A"
"011938","0016","A"
"011939","0016","A"
"011940","0016","A"
"011941","0016","A"
"011942","0016","A"
"011943","0016","A"
"011944","0016","A"
"011945","0016","A"
"011946","0016","A"
"011947","0016","A"
"011948","0016","A"
"011949","0016","A"
"011950","0016","A"
"011951","0016","A"
"011952","0016","A"
"011953","0016","A"
"011954","0016","A"
"011955","0016","A"
"011956","0016","A"
"011957","0016","A"
"011958","0016","A"
"011959","0016","A"
"011960","0016","A"
"011961","0016","A"
"011962","0016","A"
"011963","0016","A"
"011964","0016","A"
"011965","0016","A"
"011966","0016","A"
"011967","0016","A"
"011968","0016","A"
"011969","0016","A"
"011970","0016","A"
"011971","0016","A"
"011972","0016","A"
"011973","0016","A"
"011974","0016","A"
"011975","0016","A"
"011976","0016","A"
"011977","0016","A"
"011978","0016","A"
"011979","0016","A"
"011980","0016","A"
"011981","0016","A"
"011982","0016","A"
"011983","0016","A"
"020394","0178","A"
"020648","0178","A"
"011517","0178","A"
"011518","0178","A"
"011519","0178","A"
"011523","0178","A"
"011525","0178","A"
"011526","0178","A"
"011527","0178","A"
"011529","0178","A"
"011530","0178","A"
"011533","0178","A"
"011534","0178","A"
"011536","0178","A"
"011538","0178","A"
"011539","0178","A"
"011540","0178","A"
"011541","0178","A"
"011542","0178","A"
"011544","0178","A"
"011545","0178","A"
"011546","0178","A"
"011547","0178","A"
"011549","0178","A"
"011550","0178","A"
"028079","0004","A"
"011552","0178","A"
"011553","0178","A"
"028080","0004","A"
"011555","0178","A"
"011556","0178","A"
"011557","0178","A"
"011558","0178","A"
"011559","0178","A"
"012701","0178","A"
"012729","0178","A"
"013026","0178","A"
"014067","0178","A"
"014068","0178","A"
"011520","0178","A"
"011521","0178","A"
"011522","0178","A"
"011524","0178","A"
"011528","0178","A"
"011531","0178","A"
"011537","0178","A"
"011535","0178","A"
"011543","0178","A"
"011548","0178","A"
"020772","0004","A"
"020773","0004","A"
"020774","0004","A"
"020841","0004","A"
"006595","0079","A"
"009152","0179","A"
"009153","0179","A"
"009154","0179","A"
"021167","0004","A"
"021262","0004","A"
"021268","0173","A"
"021270","0173","A"
"026162","0004","A"
"028164","0179","A"
"028165","0179","A"
"028166","0179","A"
"028167","0179","A"
"028168","0179","A"
"028169","0179","A"
"028170","0179","A"
"028171","0179","A"
"028172","0179","A"
"028173","0179","A"
"028174","0179","A"
"028175","0179","A"
"028176","0179","A"
"028177","0179","A"
"028178","0179","A"
"028179","0179","A"
"028180","0179","A"
"028181","0179","A"
"028182","0179","A"
"028183","0179","A"
"028184","0179","A"
"028185","0179","A"
"028186","0179","A"
"028187","0179","A"
"028188","0179","A"
"028189","0179","A"
"028190","0179","A"
"028191","0179","A"
"028192","0179","A"
"028193","0179","A"
"028194","0179","A"
"028195","0179","A"
"028196","0179","A"
"028197","0179","A"
"028198","0179","A"
"028199","0179","A"
"028228","0179","A"
"028229","0179","A"
"028230","0179","A"
"028231","0179","A"
"028232","0179","A"
"028233","0179","A"
"028234","0179","A"
"028235","0179","A"
"028236","0179","A"
"028237","0179","A"
"028238","0179","A"
"028239","0179","A"
"028240","0179","A"
"028241","0179","A"
"028242","0179","A"
"028243","0179","A"
"028244","0179","A"
"028245","0179","A"
"028246","0179","A"
"028247","0179","A"
"028248","0179","A"
"028249","0179","A"
"028250","0179","A"
"028251","0179","A"
"028252","0179","A"
"028253","0179","A"
"028254","0179","A"
"028257","0179","A"
"028258","0179","A"
"028259","0179","A"
"028729","0004","A"
"028730","0004","A"
"028731","0004","A"
"028732","0004","A"
"028733","0004","A"
"028734","0004","A"
"028735","0004","A"
"028984","0004","A"
"029318","0004","A"
"029319","0004","A"
"029320","0004","A"
"019613","0217","A"
"019612","0217","A"
"030811","0178","A"
"030814","0178","A"
"030815","0178","A"
"030816","0178","A"
"030817","0178","A"
"030818","0178","A"
"030819","0178","A"
"030820","0178","A"
"030954","0184","A"
"030955","0181","A"
"031206","0188","A"
"031582","0004","A"
"031583","0004","A"
"030236","0163","A"
"030204","0163","A"
"030179","0215","A"
"032047","0004","A"
"032048","0004","A"
"032063","0004","A"
"032064","0004","A"
"032065","0004","A"
"032066","0004","A"
"032119","0004","A"
"032190","0004","A"
"032191","0004","A"
"032192","0004","A"
"032193","0004","A"
"032784","0215","A"
"032787","0215","A"
"032790","0215","A"
"032792","0215","A"
"032794","0215","A"
"030149","0215","A"
"032796","0215","A"
"032798","0215","A"
"032801","0215","A"
"032803","0163","A"
"032806","0215","A"
"032808","0163","A"
"032811","0215","A"
"032814","0163","A"
"032817","0215","A"
"020527","0215","A"
"021307","0215","A"
"014486","0215","A"
"032825","0215","A"
"021314","0215","A"
"032829","0215","A"
"032832","0215","A"
"032835","0215","A"
"032838","0215","A"
"020566","0215","A"
"032843","0163","A"
"014913","0215","A"
"032845","0215","A"
"032847","0215","A"
"014919","0215","A"
"032852","0163","A"
"032853","0163","A"
"019884","0215","A"
"021341","0215","A"
"032857","0215","A"
"032859","0215","A"
"032860","0163","A"
"032863","0215","A"
"032866","0215","A"
"032868","0215","A"
"032870","0215","A"
"032919","0004","A"
"032933","0004","A"
"032934","0004","A"
"032935","0004","A"
"032936","0004","A"
"032937","0004","A"
"032938","0004","A"
"032939","0004","A"
"032940","0004","A"
"032941","0004","A"
"032942","0004","A"
"032943","0004","A"
"032944","0004","A"
"032945","0004","A"
"032946","0004","A"
"033052","0004","A"
"033053","0004","A"
"033054","0004","A"
"033055","0004","A"
"033126","0004","A"
"033127","0004","A"
"033128","0208","A"
"033169","0175","A"
"019616","0215","A"
"033629","0215","A"
"033632","0215","A"
"020271","0215","A"
"034026","0175","A"
"034113","0004","A"
"034264","0205","A"
"034520","0004","A"
"011984","0016","A"
"011985","0016","A"
"011986","0016","A"
"011987","0016","A"
"011988","0016","A"
"011989","0016","A"
"011990","0016","A"
"011991","0016","A"
"011992","0016","A"
"011993","0016","A"
"011994","0016","A"
"011995","0016","A"
"011996","0016","A"
"011997","0016","A"
"011998","0016","A"
"011999","0016","A"
"012000","0016","A"
"012001","0016","A"
"012002","0016","A"
"012003","0016","A"
"012004","0016","A"
"012005","0016","A"
"012006","0016","A"
"012007","0016","A"
"012008","0016","A"
"012009","0016","A"
"012010","0016","A"
"012011","0016","A"
"012012","0016","A"
"012013","0016","A"
"012014","0016","A"
"012015","0016","A"
"012016","0016","A"
"012017","0016","A"
"012018","0016","A"
"012019","0016","A"
"012020","0016","A"
"012021","0016","A"
"012022","0016","A"
"012023","0016","A"
"012024","0016","A"
"012025","0016","A"
"012026","0016","A"
"012027","0016","A"
"012028","0016","A"
"012029","0016","A"
"012030","0016","A"
"012031","0016","A"
"012032","0016","A"
"012033","0016","A"
"012034","0016","A"
"012035","0016","A"
"012036","0016","A"
"012037","0016","A"
"012038","0016","A"
"012039","0016","A"
"012040","0016","A"
"012041","0016","A"
"012042","0016","A"
"012043","0016","A"
"012044","0016","A"
"012045","0016","A"
"012046","0016","A"
"012047","0016","A"
"012048","0016","A"
"012049","0016","A"
"012050","0016","A"
"012051","0016","A"
"012052","0016","A"
"012053","0016","A"
"012054","0016","A"
"012055","0016","A"
"012056","0016","A"
"012057","0016","A"
"012058","0016","A"
"012059","0016","A"
"012060","0016","A"
"012061","0016","A"
"012062","0016","A"
"012063","0016","A"
"012064","0016","A"
"012065","0016","A"
"012066","0016","A"
"012067","0016","A"
"012068","0016","A"
"012069","0016","A"
"012070","0016","A"
"012071","0016","A"
"012072","0016","A"
"012073","0016","A"
"012074","0016","A"
"012075","0016","A"
"012078","0016","A"
"013692","0016","A"
"013693","0016","A"
"013694","0016","A"
"013695","0016","A"
"013696","0016","A"
"013697","0016","A"
"013698","0016","A"
"013699","0016","A"
"013700","0016","A"
"013701","0016","A"
"013702","0016","A"
"013703","0016","A"
"013704","0016","A"
"013705","0016","A"
"013706","0016","A"
"013707","0016","A"
"013708","0016","A"
"013709","0016","A"
"013710","0016","A"
"013711","0016","A"
"013712","0016","A"
"013713","0016","A"
"013714","0016","A"
"013715","0016","A"
"013716","0016","A"
"013717","0016","A"
"013718","0016","A"
"013719","0016","A"
"013720","0016","A"
"013721","0016","A"
"013722","0016","A"
"013723","0016","A"
"013724","0016","A"
"013725","0016","A"
"013726","0016","A"
"013727","0016","A"
"013728","0016","A"
"013729","0016","A"
"013730","0016","A"
"013731","0016","A"
"013732","0016","A"
"013733","0016","A"
"013734","0016","A"
"013735","0016","A"
"013736","0016","A"
"013737","0016","A"
"013738","0016","A"
"013739","0016","A"
"013740","0016","A"
"013741","0016","A"
"013742","0016","A"
"013743","0016","A"
"013744","0016","A"
"013745","0016","A"
"013746","0016","A"
"013747","0016","A"
"013748","0016","A"
"013749","0016","A"
"013750","0016","A"
"013751","0016","A"
"013752","0016","A"
"013753","0016","A"
"013754","0016","A"
"013755","0016","A"
"013756","0016","A"
"013757","0016","A"
"013758","0016","A"
"013759","0016","A"
"013760","0016","A"
"013761","0016","A"
"013762","0016","A"
"013763","0016","A"
"013764","0016","A"
"013765","0016","A"
"013766","0016","A"
"013767","0016","A"
"013768","0016","A"
"009557","0017","A"
"009558","0017","A"
"009559","0017","A"
"010881","0017","A"
"010882","0017","A"
"010883","0017","A"
"010884","0017","A"
"010885","0017","A"
"010886","0017","A"
"010887","0017","A"
"010888","0017","A"
"010889","0017","A"
"010890","0017","A"
"010891","0017","A"
"010892","0017","A"
"010893","0017","A"
"010894","0017","A"
"010895","0017","A"
"010896","0017","A"
"010898","0017","A"
"010899","0017","A"
"010900","0017","A"
"010901","0017","A"
"010902","0017","A"
"010903","0017","A"
"010904","0017","A"
"010905","0017","A"
"010906","0017","A"
"010907","0017","A"
"010741","0018","A"
"010742","0018","A"
"010743","0018","A"
"010744","0018","A"
"010746","0018","A"
"010747","0018","A"
"010748","0018","A"
"010749","0018","A"
"010750","0018","A"
"010751","0018","A"
"010752","0018","A"
"010754","0018","A"
"010755","0018","A"
"010756","0018","A"
"010757","0018","A"
"010758","0018","A"
"010759","0018","A"
"010760","0018","A"
"010761","0018","A"
"010762","0018","A"
"010763","0018","A"
"010764","0018","A"
"010765","0018","A"
"010766","0018","A"
"010767","0018","A"
"010768","0018","A"
"010769","0018","A"
"010770","0018","A"
"010771","0018","A"
"010772","0018","A"
"010773","0018","A"
"010774","0018","A"
"010775","0018","A"
"010776","0018","A"
"010777","0018","A"
"010778","0018","A"
"010779","0018","A"
"010780","0018","A"
"010781","0018","A"
"010782","0018","A"
"010783","0018","A"
"010784","0018","A"
"010785","0018","A"
"010786","0018","A"
"010787","0018","A"
"010789","0018","A"
"010790","0018","A"
"010791","0018","A"
"010792","0018","A"
"010793","0018","A"
"010794","0018","A"
"010795","0018","A"
"010796","0018","A"
"010797","0018","A"
"010798","0018","A"
"010799","0018","A"
"010800","0018","A"
"010801","0018","A"
"010802","0018","A"
"010803","0018","A"
"010804","0018","A"
"010805","0018","A"
"010806","0018","A"
"010807","0018","A"
"010808","0018","A"
"010809","0018","A"
"010810","0018","A"
"010811","0018","A"
"010812","0018","A"
"010813","0018","A"
"010814","0018","A"
"010815","0018","A"
"010816","0018","A"
"010817","0018","A"
"010818","0018","A"
"010819","0018","A"
"010820","0018","A"
"010821","0018","A"
"010822","0018","A"
"004580","0019","A"
"004584","0019","A"
"004585","0019","A"
"004586","0019","A"
"004588","0019","A"
"004608","0019","A"
"004609","0019","A"
"004612","0019","A"
"004613","0019","A"
"004614","0019","A"
"004615","0019","A"
"004618","0019","A"
"004619","0019","A"
"004620","0019","A"
"004621","0019","A"
"004622","0019","A"
"004623","0019","A"
"004624","0019","A"
"004625","0019","A"
"004636","0019","A"
"004637","0019","A"
"004638","0019","A"
"004639","0019","A"
"004642","0019","A"
"004643","0019","A"
"004655","0019","A"
"004671","0019","A"
"004675","0019","A"
"004676","0019","A"
"004677","0019","A"
"004678","0019","A"
"004679","0019","A"
"004681","0019","A"
"004682","0019","A"
"004683","0019","A"
"004684","0019","A"
"004685","0019","A"
"004686","0019","A"
"004691","0019","A"
"004715","0019","A"
"004722","0019","A"
"004723","0019","A"
"004737","0019","A"
"004738","0019","A"
"004739","0019","A"
"004748","0019","A"
"004753","0019","A"
"004760","0019","A"
"004766","0019","A"
"004767","0019","A"
"004768","0019","A"
"004769","0019","A"
"004788","0019","A"
"004789","0019","A"
"004794","0019","A"
"004795","0019","A"
"004796","0019","A"
"004797","0019","A"
"004799","0019","A"
"004808","0019","A"
"004809","0019","A"
"004810","0019","A"
"004811","0019","A"
"004818","0019","A"
"004834","0019","A"
"004841","0019","A"
"004847","0019","A"
"004848","0019","A"
"004849","0019","A"
"004850","0019","A"
"004853","0019","A"
"004854","0019","A"
"004857","0019","A"
"004866","0019","A"
"004867","0019","A"
"004868","0019","A"
"005936","0019","A"
"005943","0019","A"
"005944","0019","A"
"005945","0019","A"
"005946","0019","A"
"005947","0019","A"
"005948","0019","A"
"005949","0019","A"
"005950","0019","A"
"005951","0019","A"
"005952","0019","A"
"005953","0019","A"
"005954","0019","A"
"005955","0019","A"
"005956","0019","A"
"005957","0019","A"
"005958","0019","A"
"005959","0019","A"
"005960","0019","A"
"005961","0019","A"
"005962","0019","A"
"005963","0019","A"
"005964","0019","A"
"005965","0019","A"
"005966","0019","A"
"005967","0019","A"
"005968","0019","A"
"005969","0019","A"
"005970","0019","A"
"005999","0019","A"
"006001","0019","A"
"006002","0019","A"
"006003","0019","A"
"006004","0019","A"
"006007","0019","A"
"006008","0019","A"
"006009","0019","A"
"006012","0019","A"
"006013","0019","A"
"006014","0019","A"
"006016","0019","A"
"006017","0019","A"
"006018","0019","A"
"006019","0019","A"
"006020","0019","A"
"006022","0019","A"
"006023","0019","A"
"006024","0019","A"
"006025","0019","A"
"006026","0019","A"
"006906","0019","A"
"006915","0019","A"
"006916","0019","A"
"006917","0019","A"
"006918","0019","A"
"006919","0019","A"
"006920","0019","A"
"006926","0019","A"
"006946","0019","A"
"006953","0019","A"
"006954","0019","A"
"006959","0019","A"
"006960","0019","A"
"006962","0019","A"
"006963","0019","A"
"006964","0019","A"
"006965","0019","A"
"006966","0019","A"
"007032","0019","A"
"007044","0019","A"
"007045","0019","A"
"007047","0019","A"
"007055","0019","A"
"007056","0019","A"
"007057","0019","A"
"007058","0019","A"
"007059","0019","A"
"007064","0019","A"
"007065","0019","A"
"007143","0019","A"
"007276","0019","A"
"007278","0019","A"
"007279","0019","A"
"007281","0019","A"
"007282","0019","A"
"007283","0019","A"
"007284","0019","A"
"007285","0019","A"
"007286","0019","A"
"007287","0019","A"
"007288","0019","A"
"007289","0019","A"
"007290","0019","A"
"007427","0019","A"
"007428","0019","A"
"007429","0019","A"
"007430","0019","A"
"007432","0019","A"
"007433","0019","A"
"007437","0019","A"
"007439","0019","A"
"004994","0020","A"
"004995","0020","A"
"004996","0020","A"
"004997","0020","A"
"004998","0020","A"
"004999","0020","A"
"005000","0020","A"
"005001","0020","A"
"005002","0020","A"
"005003","0020","A"
"005004","0020","A"
"005005","0020","A"
"005006","0020","A"
"005007","0020","A"
"005008","0020","A"
"005009","0020","A"
"005010","0020","A"
"005011","0020","A"
"005012","0020","A"
"005013","0020","A"
"005014","0020","A"
"005015","0020","A"
"005016","0020","A"
"005017","0020","A"
"005018","0020","A"
"005019","0020","A"
"005020","0020","A"
"005021","0020","A"
"005022","0020","A"
"005023","0020","A"
"005024","0020","A"
"005025","0020","A"
"005026","0020","A"
"005027","0020","A"
"005028","0020","A"
"005029","0020","A"
"005030","0020","A"
"005031","0020","A"
"005032","0020","A"
"005033","0020","A"
"005034","0020","A"
"005035","0020","A"
"005036","0020","A"
"005037","0020","A"
"005038","0020","A"
"005039","0020","A"
"005040","0020","A"
"005041","0020","A"
"005042","0020","A"
"005043","0020","A"
"005044","0020","A"
"005045","0020","A"
"005046","0020","A"
"005047","0020","A"
"005048","0020","A"
"005049","0020","A"
"005050","0020","A"
"005051","0020","A"
"005052","0020","A"
"005053","0020","A"
"005054","0020","A"
"005055","0020","A"
"005056","0020","A"
"005057","0020","A"
"005058","0020","A"
"005059","0020","A"
"005060","0020","A"
"005061","0020","A"
"005062","0020","A"
"005063","0020","A"
"005064","0020","A"
"005065","0020","A"
"005066","0020","A"
"005067","0020","A"
"005068","0020","A"
"005069","0020","A"
"005070","0020","A"
"005071","0020","A"
"005072","0020","A"
"005073","0020","A"
"005074","0020","A"
"005075","0020","A"
"005076","0020","A"
"005077","0020","A"
"005078","0020","A"
"005079","0020","A"
"005080","0020","A"
"005081","0020","A"
"005082","0020","A"
"005083","0020","A"
"005084","0020","A"
"005085","0020","A"
"005086","0020","A"
"005087","0020","A"
"005088","0020","A"
"005089","0020","A"
"005090","0020","A"
"005091","0020","A"
"005092","0020","A"
"005093","0020","A"
"005094","0020","A"
"005095","0020","A"
"005096","0020","A"
"005097","0020","A"
"005098","0020","A"
"005099","0020","A"
"005100","0020","A"
"005101","0020","A"
"005102","0020","A"
"005103","0020","A"
"005104","0020","A"
"005105","0020","A"
"005106","0020","A"
"005107","0020","A"
"005108","0020","A"
"005109","0020","A"
"005110","0020","A"
"005111","0020","A"
"005112","0020","A"
"005113","0020","A"
"005114","0020","A"
"005115","0020","A"
"005116","0020","A"
"005117","0020","A"
"005118","0020","A"
"005119","0020","A"
"005120","0020","A"
"005121","0020","A"
"005122","0020","A"
"005123","0020","A"
"005124","0020","A"
"005125","0020","A"
"005126","0020","A"
"005127","0020","A"
"005128","0020","A"
"005129","0020","A"
"005130","0020","A"
"005131","0020","A"
"005132","0020","A"
"005133","0020","A"
"005134","0020","A"
"005135","0020","A"
"005136","0020","A"
"005137","0020","A"
"005138","0020","A"
"005139","0020","A"
"005140","0020","A"
"005141","0020","A"
"005142","0020","A"
"005143","0020","A"
"005144","0020","A"
"005145","0020","A"
"005146","0020","A"
"005147","0020","A"
"005148","0020","A"
"005149","0020","A"
"005150","0020","A"
"005151","0020","A"
"005152","0020","A"
"005153","0020","A"
"005154","0020","A"
"005155","0020","A"
"005156","0020","A"
"005157","0020","A"
"005158","0020","A"
"005159","0020","A"
"005160","0020","A"
"005161","0020","A"
"005162","0020","A"
"005163","0020","A"
"005164","0020","A"
"005165","0020","A"
"005166","0020","A"
"005167","0020","A"
"005168","0020","A"
"005169","0020","A"
"005170","0020","A"
"005171","0020","A"
"005172","0020","A"
"005173","0020","A"
"005174","0020","A"
"005175","0020","A"
"005176","0020","A"
"005177","0020","A"
"005178","0020","A"
"005179","0020","A"
"005180","0020","A"
"005181","0020","A"
"005182","0020","A"
"005183","0020","A"
"005184","0020","A"
"005185","0020","A"
"005186","0020","A"
"005187","0020","A"
"005188","0020","A"
"005189","0020","A"
"005903","0020","A"
"005904","0020","A"
"005905","0020","A"
"005906","0020","A"
"005907","0020","A"
"005190","0021","A"
"005191","0021","A"
"005192","0021","A"
"005193","0021","A"
"005194","0021","A"
"005195","0021","A"
"005196","0021","A"
"005197","0021","A"
"005198","0021","A"
"005199","0021","A"
"005200","0021","A"
"005201","0021","A"
"005202","0021","A"
"005203","0021","A"
"005204","0021","A"
"005205","0021","A"
"005206","0021","A"
"005207","0021","A"
"005208","0021","A"
"005209","0021","A"
"005210","0021","A"
"005211","0021","A"
"005212","0021","A"
"005213","0021","A"
"005214","0021","A"
"005215","0021","A"
"005216","0021","A"
"005217","0021","A"
"005218","0021","A"
"005219","0021","A"
"005220","0021","A"
"005221","0021","A"
"005222","0021","A"
"005223","0021","A"
"005224","0021","A"
"005225","0021","A"
"005226","0021","A"
"005227","0021","A"
"005228","0021","A"
"005229","0021","A"
"005230","0021","A"
"005231","0021","A"
"005232","0021","A"
"005233","0021","A"
"005234","0021","A"
"005235","0021","A"
"005236","0021","A"
"005237","0021","A"
"005238","0021","A"
"005239","0021","A"
"005240","0021","A"
"005241","0021","A"
"005242","0021","A"
"005243","0021","A"
"005244","0021","A"
"005245","0021","A"
"005246","0021","A"
"005247","0021","A"
"005248","0021","A"
"005249","0021","A"
"005250","0021","A"
"005251","0021","A"
"005252","0021","A"
"005253","0021","A"
"005254","0021","A"
"005255","0021","A"
"005256","0021","A"
"005257","0021","A"
"005258","0021","A"
"005259","0021","A"
"005260","0021","A"
"005261","0021","A"
"005262","0021","A"
"005263","0021","A"
"005264","0021","A"
"005265","0021","A"
"005266","0021","A"
"005267","0021","A"
"005268","0021","A"
"005269","0021","A"
"005270","0021","A"
"005271","0021","A"
"005272","0021","A"
"005273","0021","A"
"005274","0021","A"
"005275","0021","A"
"005276","0021","A"
"005277","0021","A"
"005278","0021","A"
"005279","0021","A"
"005280","0021","A"
"005281","0021","A"
"005282","0021","A"
"005283","0021","A"
"005284","0021","A"
"005285","0021","A"
"005286","0021","A"
"005287","0021","A"
"005288","0021","A"
"005289","0021","A"
"005290","0021","A"
"005291","0021","A"
"005292","0021","A"
"002407","0004","A"
"014059","0081","A"
"009460","0155","A"
"013829","0152","A"
"014061","0159","A"
"009377","0023","A"
"014295","0004","A"
"015182","0163","A"
"015183","0163","A"
"015184","0163","A"
"015185","0163","A"
"015186","0163","A"
"015187","0163","A"
"015188","0163","A"
"015189","0163","A"
"015190","0163","A"
"015191","0163","A"
"015192","0163","A"
"015193","0163","A"
"015194","0163","A"
"015195","0163","A"
"015196","0163","A"
"015197","0163","A"
"015198","0163","A"
"015199","0163","A"
"015200","0163","A"
"015201","0163","A"
"015202","0163","A"
"015203","0163","A"
"015204","0163","A"
"015205","0163","A"
"015206","0163","A"
"015207","0163","A"
"015208","0163","A"
"015209","0163","A"
"015210","0163","A"
"019323","0163","A"
"019324","0163","A"
"019325","0163","A"
"019326","0163","A"
"019327","0163","A"
"019328","0163","A"
"019329","0163","A"
"019330","0163","A"
"019331","0163","A"
"019332","0163","A"
"019333","0163","A"
"019334","0163","A"
"019335","0163","A"
"019336","0163","A"
"019337","0163","A"
"010823","0179","A"
"010824","0179","A"
"007417","0179","A"
"007418","0179","A"
"007419","0179","A"
"014167","0179","A"
"019750","0179","A"
"014824","0179","A"
"014825","0179","A"
"021069","0004","A"
"021070","0004","A"
"021071","0004","A"
"022181","0004","A"
"022182","0004","A"
"022183","0004","A"
"022184","0004","A"
"022185","0004","A"
"022186","0004","A"
"022187","0004","A"
"022188","0004","A"
"022189","0004","A"
"022190","0004","A"
"022191","0004","A"
"022192","0004","A"
"022193","0004","A"
"022194","0004","A"
"022195","0004","A"
"022196","0004","A"
"022197","0004","A"
"022198","0004","A"
"022199","0004","A"
"022200","0004","A"
"022201","0004","A"
"022202","0004","A"
"022203","0004","A"
"026148","0004","A"
"026149","0004","A"
"027326","0004","A"
"028055","0004","A"
"028556","0004","A"
"028557","0004","A"
"028558","0004","A"
"028559","0004","A"
"028560","0004","A"
"028561","0004","A"
"028562","0004","A"
"028563","0004","A"
"028564","0004","A"
"028565","0004","A"
"028566","0004","A"
"028567","0004","A"
"028630","0004","A"
"028631","0004","A"
"028992","0165","A"
"028993","0165","A"
"028994","0165","A"
"028995","0165","A"
"028996","0165","A"
"028997","0165","A"
"028999","0165","A"
"029000","0165","A"
"029001","0165","A"
"029003","0165","A"
"029004","0165","A"
"030008","0004","A"
"030039","0004","A"
"030040","0004","A"
"030041","0004","A"
"030042","0004","A"
"030043","0004","A"
"030044","0004","A"
"030045","0004","A"
"030046","0004","A"
"030047","0004","A"
"030048","0004","A"
"030049","0004","A"
"030050","0004","A"
"030054","0004","A"
"030055","0004","A"
"030056","0004","A"
"030057","0004","A"
"030058","0004","A"
"030059","0004","A"
"030061","0004","A"
"030062","0004","A"
"030063","0004","A"
"030357","0004","A"
"030358","0004","A"
"030377","0004","A"
"030382","0004","A"
"030383","0004","A"
"030384","0004","A"
"031450","0004","A"
"031451","0004","A"
"031452","0004","A"
"033065","0004","A"
"033066","0004","A"
"033067","0004","A"
"033348","0004","A"
"033438","0004","A"
"033439","0004","A"
"033907","0004","A"
"033921","0004","A"
"033922","0004","A"
"033923","0004","A"
"033924","0004","A"
"005293","0021","A"
"005294","0021","A"
"005295","0021","A"
"005296","0021","A"
"005297","0021","A"
"005298","0021","A"
"005299","0021","A"
"005300","0021","A"
"005301","0021","A"
"005302","0021","A"
"005303","0021","A"
"005304","0021","A"
"005305","0021","A"
"005306","0021","A"
"005307","0021","A"
"005308","0021","A"
"005309","0021","A"
"005310","0021","A"
"005311","0021","A"
"005312","0021","A"
"005313","0021","A"
"005314","0021","A"
"005315","0021","A"
"005316","0021","A"
"005317","0021","A"
"005318","0021","A"
"005319","0021","A"
"005320","0021","A"
"005321","0021","A"
"005322","0021","A"
"005323","0021","A"
"005324","0021","A"
"005325","0021","A"
"005326","0021","A"
"005327","0021","A"
"005328","0021","A"
"005329","0021","A"
"005330","0021","A"
"005331","0021","A"
"005332","0021","A"
"005333","0021","A"
"005334","0021","A"
"005335","0021","A"
"005336","0021","A"
"005337","0021","A"
"005338","0021","A"
"005339","0021","A"
"005340","0021","A"
"005341","0021","A"
"005342","0021","A"
"005343","0021","A"
"005344","0021","A"
"005345","0021","A"
"005346","0021","A"
"005347","0021","A"
"005348","0021","A"
"005349","0021","A"
"005350","0021","A"
"005351","0021","A"
"005352","0021","A"
"005353","0021","A"
"005354","0021","A"
"005355","0021","A"
"005356","0021","A"
"005357","0021","A"
"005358","0021","A"
"005359","0021","A"
"005360","0021","A"
"005361","0021","A"
"005362","0021","A"
"005363","0021","A"
"005364","0021","A"
"005365","0021","A"
"005366","0021","A"
"005367","0021","A"
"005368","0021","A"
"005369","0021","A"
"005370","0021","A"
"005371","0021","A"
"005372","0021","A"
"005373","0021","A"
"005374","0021","A"
"005375","0021","A"
"005376","0021","A"
"005377","0021","A"
"005378","0021","A"
"005379","0021","A"
"005380","0021","A"
"005381","0021","A"
"005382","0021","A"
"005383","0021","A"
"005384","0021","A"
"005385","0021","A"
"005386","0021","A"
"005387","0021","A"
"005388","0021","A"
"005389","0021","A"
"005390","0021","A"
"005391","0021","A"
"005392","0021","A"
"005393","0021","A"
"005394","0021","A"
"005395","0021","A"
"005396","0021","A"
"005397","0021","A"
"005398","0021","A"
"005399","0021","A"
"005400","0021","A"
"005401","0021","A"
"005402","0021","A"
"005403","0021","A"
"005404","0021","A"
"005405","0021","A"
"005406","0021","A"
"005407","0021","A"
"005408","0021","A"
"005409","0021","A"
"005410","0021","A"
"005411","0021","A"
"005412","0021","A"
"005413","0021","A"
"005414","0021","A"
"005415","0021","A"
"005416","0021","A"
"005417","0021","A"
"005418","0021","A"
"005419","0021","A"
"005420","0021","A"
"005421","0021","A"
"005422","0021","A"
"005423","0021","A"
"005424","0021","A"
"005425","0021","A"
"005426","0021","A"
"005427","0021","A"
"005428","0021","A"
"005429","0021","A"
"005430","0021","A"
"005431","0021","A"
"005432","0021","A"
"005433","0021","A"
"005434","0021","A"
"005435","0021","A"
"005436","0021","A"
"005437","0021","A"
"005438","0021","A"
"005439","0021","A"
"005440","0021","A"
"005441","0021","A"
"005442","0021","A"
"005443","0021","A"
"005444","0021","A"
"005445","0021","A"
"005446","0021","A"
"005447","0021","A"
"005448","0021","A"
"005449","0021","A"
"005450","0021","A"
"005451","0021","A"
"005452","0021","A"
"005453","0021","A"
"005454","0021","A"
"005455","0021","A"
"005456","0021","A"
"005457","0021","A"
"005458","0021","A"
"005459","0021","A"
"005460","0021","A"
"005461","0021","A"
"005462","0021","A"
"005463","0021","A"
"005464","0021","A"
"005465","0021","A"
"005466","0021","A"
"005467","0021","A"
"005468","0021","A"
"005469","0021","A"
"005470","0021","A"
"005471","0021","A"
"005472","0021","A"
"005473","0021","A"
"005474","0021","A"
"005475","0021","A"
"005476","0021","A"
"005477","0021","A"
"005478","0021","A"
"005479","0021","A"
"005480","0021","A"
"005481","0021","A"
"005482","0021","A"
"005483","0021","A"
"005484","0021","A"
"005485","0021","A"
"005486","0021","A"
"005487","0021","A"
"005488","0021","A"
"005489","0021","A"
"005490","0021","A"
"005491","0021","A"
"005492","0021","A"
"005493","0021","A"
"005494","0021","A"
"005495","0021","A"
"005496","0021","A"
"005497","0021","A"
"005498","0021","A"
"005499","0021","A"
"005500","0021","A"
"005501","0021","A"
"005502","0021","A"
"005503","0021","A"
"005504","0021","A"
"005505","0021","A"
"005506","0021","A"
"005507","0021","A"
"005508","0021","A"
"005509","0021","A"
"005510","0021","A"
"005511","0021","A"
"005512","0021","A"
"005513","0021","A"
"005514","0021","A"
"005515","0021","A"
"005516","0021","A"
"005517","0021","A"
"005518","0021","A"
"005519","0021","A"
"005520","0021","A"
"005521","0021","A"
"005522","0021","A"
"005523","0021","A"
"005524","0021","A"
"005525","0021","A"
"005526","0021","A"
"005527","0021","A"
"005528","0021","A"
"005529","0021","A"
"005530","0021","A"
"005531","0021","A"
"005532","0021","A"
"005533","0021","A"
"005534","0021","A"
"005535","0021","A"
"005536","0021","A"
"005537","0021","A"
"005538","0021","A"
"005539","0021","A"
"005540","0021","A"
"005541","0021","A"
"005542","0021","A"
"005543","0021","A"
"005544","0021","A"
"005545","0021","A"
"005546","0021","A"
"005547","0021","A"
"005548","0021","A"
"005549","0021","A"
"005550","0021","A"
"005551","0021","A"
"005552","0021","A"
"005553","0021","A"
"005554","0021","A"
"005555","0021","A"
"005556","0021","A"
"005557","0021","A"
"005558","0021","A"
"005559","0021","A"
"005560","0021","A"
"005561","0021","A"
"005562","0021","A"
"005563","0021","A"
"005564","0021","A"
"005565","0021","A"
"005566","0021","A"
"005567","0021","A"
"005568","0021","A"
"005569","0021","A"
"005570","0021","A"
"005571","0021","A"
"005572","0021","A"
"005573","0021","A"
"005574","0021","A"
"005575","0021","A"
"005576","0021","A"
"005577","0021","A"
"005578","0021","A"
"005579","0021","A"
"005580","0021","A"
"005581","0021","A"
"005582","0021","A"
"005583","0021","A"
"005584","0021","A"
"005585","0021","A"
"005586","0021","A"
"005587","0021","A"
"005588","0021","A"
"005589","0021","A"
"005590","0021","A"
"005591","0021","A"
"005592","0021","A"
"005593","0021","A"
"005594","0021","A"
"005595","0021","A"
"005596","0021","A"
"005597","0021","A"
"005598","0021","A"
"005599","0021","A"
"005600","0021","A"
"005601","0021","A"
"005602","0021","A"
"005603","0021","A"
"005604","0021","A"
"005605","0021","A"
"005606","0021","A"
"005607","0021","A"
"005608","0021","A"
"005609","0021","A"
"005610","0021","A"
"005611","0021","A"
"005612","0021","A"
"005613","0021","A"
"005614","0021","A"
"005615","0021","A"
"005616","0021","A"
"005617","0021","A"
"005618","0021","A"
"005619","0021","A"
"005620","0021","A"
"005621","0021","A"
"005622","0021","A"
"005623","0021","A"
"005624","0021","A"
"005625","0021","A"
"005626","0021","A"
"005627","0021","A"
"005628","0021","A"
"005629","0021","A"
"005630","0021","A"
"005631","0021","A"
"005632","0021","A"
"005633","0021","A"
"005634","0021","A"
"005635","0021","A"
"005636","0021","A"
"005637","0021","A"
"005638","0021","A"
"005639","0021","A"
"005640","0021","A"
"005641","0021","A"
"005642","0021","A"
"005643","0021","A"
"005644","0021","A"
"005645","0021","A"
"005646","0021","A"
"005647","0021","A"
"005648","0021","A"
"005649","0021","A"
"005650","0021","A"
"005651","0021","A"
"005652","0021","A"
"005653","0021","A"
"005654","0021","A"
"005655","0021","A"
"005656","0021","A"
"005657","0021","A"
"005658","0021","A"
"005659","0021","A"
"005660","0021","A"
"005661","0021","A"
"005662","0021","A"
"005663","0021","A"
"005664","0021","A"
"005665","0021","A"
"005666","0021","A"
"005667","0021","A"
"005668","0021","A"
"005669","0021","A"
"005670","0021","A"
"005671","0021","A"
"005672","0021","A"
"005673","0021","A"
"005674","0021","A"
"005675","0021","A"
"005676","0021","A"
"005677","0021","A"
"005678","0021","A"
"005679","0021","A"
"005680","0021","A"
"005681","0021","A"
"005682","0021","A"
"005683","0021","A"
"005684","0021","A"
"005685","0021","A"
"005686","0021","A"
"005687","0021","A"
"005688","0021","A"
"005689","0021","A"
"005690","0021","A"
"005691","0021","A"
"005692","0021","A"
"005693","0021","A"
"005694","0021","A"
"005695","0021","A"
"005696","0021","A"
"005697","0021","A"
"005698","0021","A"
"005699","0021","A"
"005700","0021","A"
"005701","0021","A"
"005702","0021","A"
"005703","0021","A"
"005704","0021","A"
"005705","0021","A"
"005706","0021","A"
"005707","0021","A"
"005708","0021","A"
"005709","0021","A"
"005710","0021","A"
"005711","0021","A"
"005712","0021","A"
"005713","0021","A"
"005714","0021","A"
"005715","0021","A"
"005716","0021","A"
"005717","0021","A"
"005718","0021","A"
"005719","0021","A"
"005720","0021","A"
"005721","0021","A"
"005722","0021","A"
"005723","0021","A"
"005724","0021","A"
"005725","0021","A"
"005726","0021","A"
"005727","0021","A"
"005728","0021","A"
"005729","0021","A"
"005730","0021","A"
"005731","0021","A"
"005732","0021","A"
"005733","0021","A"
"005734","0021","A"
"005735","0021","A"
"005736","0021","A"
"005737","0021","A"
"005738","0021","A"
"005739","0021","A"
"005740","0021","A"
"005741","0021","A"
"005742","0021","A"
"005743","0021","A"
"005744","0021","A"
"005745","0021","A"
"005746","0021","A"
"005747","0021","A"
"005748","0021","A"
"005749","0021","A"
"005750","0021","A"
"005751","0021","A"
"005752","0021","A"
"005753","0021","A"
"005754","0021","A"
"005755","0021","A"
"005756","0021","A"
"005757","0021","A"
"005758","0021","A"
"005759","0021","A"
"005760","0021","A"
"005761","0021","A"
"005762","0021","A"
"005763","0021","A"
"005764","0021","A"
"005765","0021","A"
"005766","0021","A"
"005767","0021","A"
"005768","0021","A"
"005769","0021","A"
"005770","0021","A"
"005771","0021","A"
"005772","0021","A"
"005773","0021","A"
"005774","0021","A"
"005775","0021","A"
"005776","0021","A"
"005777","0021","A"
"005778","0021","A"
"005779","0021","A"
"005780","0021","A"
"005781","0021","A"
"005782","0021","A"
"005783","0021","A"
"005784","0021","A"
"005785","0021","A"
"005786","0021","A"
"005787","0021","A"
"005788","0021","A"
"005789","0021","A"
"005790","0021","A"
"005791","0021","A"
"005792","0021","A"
"005793","0021","A"
"005794","0021","A"
"005795","0021","A"
"005796","0021","A"
"005797","0021","A"
"005798","0021","A"
"005799","0021","A"
"005800","0021","A"
"005801","0021","A"
"005802","0021","A"
"005803","0021","A"
"005804","0021","A"
"005805","0021","A"
"005806","0021","A"
"005807","0021","A"
"005808","0021","A"
"005809","0021","A"
"005810","0021","A"
"005811","0021","A"
"005812","0021","A"
"005813","0021","A"
"005814","0021","A"
"005815","0021","A"
"005816","0021","A"
"005817","0021","A"
"005818","0021","A"
"005819","0021","A"
"005820","0021","A"
"005821","0021","A"
"005822","0021","A"
"005823","0021","A"
"005824","0021","A"
"005825","0021","A"
"005826","0021","A"
"005827","0021","A"
"005828","0021","A"
"005829","0021","A"
"005830","0021","A"
"005831","0021","A"
"005832","0021","A"
"005833","0021","A"
"005834","0021","A"
"005835","0021","A"
"005836","0021","A"
"005837","0021","A"
"005838","0021","A"
"005839","0021","A"
"005840","0021","A"
"005841","0021","A"
"005842","0021","A"
"005843","0021","A"
"005844","0021","A"
"005845","0021","A"
"005846","0021","A"
"005847","0021","A"
"005848","0021","A"
"005849","0021","A"
"005850","0021","A"
"005851","0021","A"
"005852","0021","A"
"005853","0021","A"
"005854","0021","A"
"005855","0021","A"
"005856","0021","A"
"005857","0021","A"
"005858","0021","A"
"005859","0021","A"
"005860","0021","A"
"005861","0021","A"
"005862","0021","A"
"005863","0021","A"
"005864","0021","A"
"005865","0021","A"
"005866","0021","A"
"005867","0021","A"
"005868","0021","A"
"005869","0021","A"
"005870","0021","A"
"005871","0021","A"
"005872","0021","A"
"005873","0021","A"
"005874","0021","A"
"005875","0021","A"
"005876","0021","A"
"005877","0021","A"
"005878","0021","A"
"005879","0021","A"
"005880","0021","A"
"005881","0021","A"
"005882","0021","A"
"005883","0021","A"
"005884","0021","A"
"005885","0021","A"
"005886","0021","A"
"005887","0021","A"
"005888","0021","A"
"005889","0021","A"
"005890","0021","A"
"005891","0021","A"
"005892","0021","A"
"005893","0021","A"
"005894","0021","A"
"005895","0021","A"
"005896","0021","A"
"005897","0021","A"
"005898","0021","A"
"005899","0021","A"
"005900","0021","A"
"005901","0021","A"
"005902","0021","A"
"006387","0022","A"
"006388","0022","A"
"006389","0022","A"
"006390","0022","A"
"006391","0022","A"
"006392","0022","A"
"006393","0022","A"
"006394","0022","A"
"006395","0022","A"
"006396","0022","A"
"006397","0022","A"
"006398","0022","A"
"006399","0022","A"
"006400","0022","A"
"006401","0022","A"
"006402","0022","A"
"006403","0022","A"
"006404","0022","A"
"006405","0022","A"
"006406","0022","A"
"006407","0022","A"
"006408","0022","A"
"006409","0022","A"
"006410","0022","A"
"006411","0022","A"
"006412","0022","A"
"006413","0022","A"
"006414","0022","A"
"006415","0022","A"
"006416","0022","A"
"006417","0022","A"
"006418","0022","A"
"006419","0022","A"
"006420","0022","A"
"006421","0022","A"
"006422","0022","A"
"006423","0022","A"
"006424","0022","A"
"006425","0022","A"
"006426","0022","A"
"006427","0022","A"
"006428","0022","A"
"006429","0022","A"
"006430","0022","A"
"006431","0022","A"
"006432","0022","A"
"006433","0022","A"
"006434","0022","A"
"006435","0022","A"
"006436","0022","A"
"006437","0022","A"
"006438","0022","A"
"006439","0022","A"
"006440","0022","A"
"006441","0022","A"
"006442","0022","A"
"006443","0022","A"
"006444","0022","A"
"006445","0022","A"
"006446","0022","A"
"006447","0022","A"
"006448","0022","A"
"006449","0022","A"
"006450","0022","A"
"006451","0022","A"
"006452","0022","A"
"006453","0022","A"
"006454","0022","A"
"006455","0022","A"
"006456","0022","A"
"006457","0022","A"
"006458","0022","A"
"006459","0022","A"
"006460","0022","A"
"006461","0022","A"
"006462","0022","A"
"006463","0022","A"
"006464","0022","A"
"006465","0022","A"
"006466","0022","A"
"006467","0022","A"
"006468","0022","A"
"006469","0022","A"
"006470","0022","A"
"006471","0022","A"
"006472","0022","A"
"006473","0022","A"
"006474","0022","A"
"006475","0022","A"
"006476","0022","A"
"006477","0022","A"
"006478","0022","A"
"006479","0022","A"
"006480","0022","A"
"006481","0022","A"
"006482","0022","A"
"006483","0022","A"
"006484","0022","A"
"006485","0022","A"
"006486","0022","A"
"006487","0022","A"
"006488","0022","A"
"006489","0022","A"
"006490","0022","A"
"006491","0022","A"
"006492","0022","A"
"006493","0022","A"
"006494","0022","A"
"006495","0022","A"
"006496","0022","A"
"006497","0022","A"
"006498","0022","A"
"006499","0022","A"
"006500","0022","A"
"006501","0022","A"
"006502","0022","A"
"006503","0022","A"
"006504","0022","A"
"006505","0022","A"
"006506","0022","A"
"006507","0022","A"
"006508","0022","A"
"006509","0022","A"
"006510","0022","A"
"006511","0022","A"
"006512","0022","A"
"006513","0022","A"
"006514","0022","A"
"006515","0022","A"
"006516","0022","A"
"006517","0022","A"
"006518","0022","A"
"006519","0022","A"
"006520","0022","A"
"006521","0022","A"
"006522","0022","A"
"006523","0022","A"
"006524","0022","A"
"006525","0022","A"
"006526","0022","A"
"006527","0022","A"
"006528","0022","A"
"006529","0022","A"
"006530","0022","A"
"006531","0022","A"
"006532","0022","A"
"006533","0022","A"
"006534","0022","A"
"006535","0022","A"
"006536","0022","A"
"006537","0022","A"
"006538","0022","A"
"006539","0022","A"
"006540","0022","A"
"006541","0022","A"
"006542","0022","A"
"006543","0022","A"
"006544","0022","A"
"006545","0022","A"
"006546","0022","A"
"006547","0022","A"
"006548","0022","A"
"006549","0022","A"
"006550","0022","A"
"006555","0022","A"
"006557","0022","A"
"006558","0022","A"
"006559","0022","A"
"006560","0022","A"
"006564","0022","A"
"006565","0022","A"
"006569","0022","A"
"006574","0022","A"
"006580","0022","A"
"006593","0022","A"
"006597","0022","A"
"006598","0022","A"
"006599","0022","A"
"006600","0022","A"
"006601","0022","A"
"006602","0022","A"
"006603","0022","A"
"006604","0022","A"
"006605","0022","A"
"006606","0022","A"
"006607","0022","A"
"006608","0022","A"
"006609","0022","A"
"006610","0022","A"
"006611","0022","A"
"006612","0022","A"
"006613","0022","A"
"006614","0022","A"
"006615","0022","A"
"006616","0022","A"
"006617","0022","A"
"006618","0022","A"
"006619","0022","A"
"006620","0022","A"
"006621","0022","A"
"006622","0022","A"
"006623","0022","A"
"006624","0022","A"
"006625","0022","A"
"006626","0022","A"
"006627","0022","A"
"006628","0022","A"
"006629","0022","A"
"006630","0022","A"
"006631","0022","A"
"006632","0022","A"
"006633","0022","A"
"006634","0022","A"
"006635","0022","A"
"006636","0022","A"
"006637","0022","A"
"006638","0022","A"
"006639","0022","A"
"006640","0022","A"
"006641","0022","A"
"006642","0022","A"
"006643","0022","A"
"006644","0022","A"
"006645","0022","A"
"006646","0022","A"
"006647","0022","A"
"006648","0022","A"
"006649","0022","A"
"006650","0022","A"
"006651","0022","A"
"006652","0022","A"
"006653","0022","A"
"006654","0022","A"
"006655","0022","A"
"006656","0022","A"
"006657","0022","A"
"006658","0022","A"
"006659","0022","A"
"006660","0022","A"
"006661","0022","A"
"006662","0022","A"
"006663","0022","A"
"006664","0022","A"
"006665","0022","A"
"006666","0022","A"
"006667","0022","A"
"006668","0022","A"
"006669","0022","A"
"006670","0022","A"
"006671","0022","A"
"006672","0022","A"
"006673","0022","A"
"006674","0022","A"
"006675","0022","A"
"006676","0022","A"
"006677","0022","A"
"006678","0022","A"
"006679","0022","A"
"006680","0022","A"
"006681","0022","A"
"006682","0022","A"
"006683","0022","A"
"006684","0022","A"
"006685","0022","A"
"006686","0022","A"
"006687","0022","A"
"006688","0022","A"
"006689","0022","A"
"006690","0022","A"
"006691","0022","A"
"006692","0022","A"
"006693","0022","A"
"006694","0022","A"
"006695","0022","A"
"006696","0022","A"
"006697","0022","A"
"006698","0022","A"
"006699","0022","A"
"006700","0022","A"
"006701","0022","A"
"006702","0022","A"
"006703","0022","A"
"006704","0022","A"
"006705","0022","A"
"006706","0022","A"
"006707","0022","A"
"006708","0022","A"
"006709","0022","A"
"006710","0022","A"
"006711","0022","A"
"006712","0022","A"
"006713","0022","A"
"006714","0022","A"
"006715","0022","A"
"006716","0022","A"
"006717","0022","A"
"006718","0022","A"
"006719","0022","A"
"006720","0022","A"
"006721","0022","A"
"006722","0022","A"
"006723","0022","A"
"006724","0022","A"
"006725","0022","A"
"006726","0022","A"
"006727","0022","A"
"006728","0022","A"
"006729","0022","A"
"006730","0022","A"
"006731","0022","A"
"006732","0022","A"
"006733","0022","A"
"006734","0022","A"
"006735","0022","A"
"006736","0022","A"
"006737","0022","A"
"006738","0022","A"
"006739","0022","A"
"006740","0022","A"
"006741","0022","A"
"006742","0022","A"
"006743","0022","A"
"006744","0022","A"
"006745","0022","A"
"006746","0022","A"
"006747","0022","A"
"006748","0022","A"
"006749","0022","A"
"006750","0022","A"
"006751","0022","A"
"006752","0022","A"
"006753","0022","A"
"006754","0022","A"
"006755","0022","A"
"006756","0022","A"
"006757","0022","A"
"006758","0022","A"
"006759","0022","A"
"006760","0022","A"
"006761","0022","A"
"006762","0022","A"
"006763","0022","A"
"006764","0022","A"
"006765","0022","A"
"006766","0022","A"
"006767","0022","A"
"006768","0022","A"
"006769","0022","A"
"006770","0022","A"
"006771","0022","A"
"006772","0022","A"
"006773","0022","A"
"006774","0022","A"
"006775","0022","A"
"006776","0022","A"
"006777","0022","A"
"006778","0022","A"
"006779","0022","A"
"006780","0022","A"
"006781","0022","A"
"006782","0022","A"
"006783","0022","A"
"006784","0022","A"
"006785","0022","A"
"006786","0022","A"
"006787","0022","A"
"006788","0022","A"
"006789","0022","A"
"006790","0022","A"
"006791","0022","A"
"006792","0022","A"
"006793","0022","A"
"006794","0022","A"
"006795","0022","A"
"006796","0022","A"
"006797","0022","A"
"006798","0022","A"
"006799","0022","A"
"006800","0022","A"
"006801","0022","A"
"006802","0022","A"
"006803","0022","A"
"006804","0022","A"
"006805","0022","A"
"006806","0022","A"
"006807","0022","A"
"006808","0022","A"
"006809","0022","A"
"006810","0022","A"
"006811","0022","A"
"006812","0022","A"
"006813","0022","A"
"006814","0022","A"
"009160","0023","A"
"009161","0023","A"
"009162","0023","A"
"009163","0023","A"
"009164","0023","A"
"009165","0023","A"
"009166","0023","A"
"009167","0023","A"
"009168","0023","A"
"009169","0023","A"
"009170","0023","A"
"009171","0023","A"
"009172","0023","A"
"009173","0023","A"
"009174","0023","A"
"009175","0023","A"
"009176","0023","A"
"009177","0023","A"
"009178","0023","A"
"009179","0023","A"
"009180","0023","A"
"009181","0023","A"
"009182","0023","A"
"009183","0023","A"
"009184","0023","A"
"009185","0023","A"
"009186","0023","A"
"009187","0023","A"
"009188","0023","A"
"009189","0023","A"
"009190","0023","A"
"009191","0023","A"
"009192","0023","A"
"009193","0023","A"
"009194","0023","A"
"009195","0023","A"
"009196","0023","A"
"009197","0023","A"
"009198","0023","A"
"009199","0023","A"
"009200","0023","A"
"009201","0023","A"
"009202","0023","A"
"009203","0023","A"
"009204","0023","A"
"009205","0023","A"
"009206","0023","A"
"009207","0023","A"
"009208","0023","A"
"009209","0023","A"
"009210","0023","A"
"009211","0023","A"
"009212","0023","A"
"009213","0023","A"
"009214","0023","A"
"009215","0023","A"
"009216","0023","A"
"009217","0023","A"
"009218","0023","A"
"009219","0023","A"
"009220","0023","A"
"009221","0023","A"
"009222","0023","A"
"009223","0023","A"
"009224","0023","A"
"009225","0023","A"
"009226","0023","A"
"009227","0023","A"
"009228","0023","A"
"009229","0023","A"
"009230","0023","A"
"009231","0023","A"
"009232","0023","A"
"009233","0023","A"
"009234","0023","A"
"009235","0023","A"
"009236","0023","A"
"009237","0023","A"
"009238","0023","A"
"009239","0023","A"
"009240","0023","A"
"009241","0023","A"
"009242","0023","A"
"009243","0023","A"
"009244","0023","A"
"009245","0023","A"
"009246","0023","A"
"009247","0023","A"
"009248","0023","A"
"009249","0023","A"
"009250","0023","A"
"009251","0023","A"
"009252","0023","A"
"009253","0023","A"
"009254","0023","A"
"009255","0023","A"
"009256","0023","A"
"009257","0023","A"
"009258","0023","A"
"009259","0023","A"
"009260","0023","A"
"009261","0023","A"
"009262","0023","A"
"009263","0023","A"
"009264","0023","A"
"009265","0023","A"
"009266","0023","A"
"009267","0023","A"
"009268","0023","A"
"009269","0023","A"
"009270","0023","A"
"009271","0023","A"
"009272","0023","A"
"009273","0023","A"
"009274","0023","A"
"009275","0023","A"
"009276","0023","A"
"009277","0023","A"
"009278","0023","A"
"009279","0023","A"
"009282","0023","A"
"009283","0023","A"
"009284","0023","A"
"009285","0023","A"
"009286","0023","A"
"009287","0023","A"
"009288","0023","A"
"009289","0023","A"
"009290","0023","A"
"009291","0023","A"
"009292","0023","A"
"009293","0023","A"
"009294","0023","A"
"009295","0023","A"
"009296","0023","A"
"009297","0023","A"
"009298","0023","A"
"009299","0023","A"
"009300","0023","A"
"009301","0023","A"
"009302","0023","A"
"009303","0023","A"
"009304","0023","A"
"009305","0023","A"
"009306","0023","A"
"009307","0023","A"
"009308","0023","A"
"009309","0023","A"
"009310","0023","A"
"009311","0023","A"
"009312","0023","A"
"009313","0023","A"
"009314","0023","A"
"009315","0023","A"
"009316","0023","A"
"009317","0023","A"
"009318","0023","A"
"009319","0023","A"
"009320","0023","A"
"009321","0023","A"
"009322","0023","A"
"009323","0023","A"
"009324","0023","A"
"009325","0023","A"
"009326","0023","A"
"009327","0023","A"
"009328","0023","A"
"009329","0023","A"
"009330","0023","A"
"009331","0023","A"
"009332","0023","A"
"009333","0023","A"
"009334","0023","A"
"009335","0023","A"
"009336","0023","A"
"009337","0023","A"
"009338","0023","A"
"009339","0023","A"
"009340","0023","A"
"009341","0023","A"
"009342","0023","A"
"009343","0023","A"
"009344","0023","A"
"009345","0023","A"
"009346","0023","A"
"009347","0023","A"
"009348","0023","A"
"009349","0023","A"
"009350","0023","A"
"009351","0023","A"
"009352","0023","A"
"009353","0023","A"
"009354","0023","A"
"009355","0023","A"
"009356","0023","A"
"009357","0023","A"
"009358","0023","A"
"009359","0023","A"
"009360","0023","A"
"009361","0023","A"
"009362","0023","A"
"009363","0023","A"
"009364","0023","A"
"009365","0023","A"
"009366","0023","A"
"009367","0023","A"
"009368","0023","A"
"009369","0023","A"
"009370","0023","A"
"010831","0024","A"
"010832","0024","A"
"010833","0024","A"
"010834","0024","A"
"010835","0024","A"
"010836","0024","A"
"010837","0024","A"
"010838","0024","A"
"010839","0024","A"
"010840","0024","A"
"010841","0024","A"
"010842","0024","A"
"010843","0024","A"
"010844","0024","A"
"010845","0024","A"
"010846","0024","A"
"010847","0024","A"
"010848","0024","A"
"010849","0024","A"
"010850","0024","A"
"010851","0024","A"
"010852","0024","A"
"010853","0024","A"
"010854","0024","A"
"010855","0024","A"
"010858","0024","A"
"010860","0024","A"
"010861","0024","A"
"010862","0024","A"
"010863","0024","A"
"010864","0024","A"
"010865","0024","A"
"010866","0024","A"
"010867","0024","A"
"010868","0024","A"
"010869","0024","A"
"010870","0024","A"
"010871","0024","A"
"010872","0024","A"
"010873","0024","A"
"010874","0024","A"
"010875","0024","A"
"010876","0024","A"
"010877","0024","A"
"010878","0024","A"
"010879","0024","A"
"010880","0024","A"
"006030","0034","A"
"006031","0034","A"
"006032","0034","A"
"006033","0034","A"
"006034","0034","A"
"006035","0034","A"
"006036","0034","A"
"006037","0034","A"
"006038","0034","A"
"006039","0034","A"
"006040","0034","A"
"006041","0034","A"
"006042","0034","A"
"006043","0034","A"
"006044","0034","A"
"006045","0034","A"
"006046","0034","A"
"006047","0034","A"
"006048","0034","A"
"006049","0034","A"
"006050","0034","A"
"006051","0034","A"
"006052","0034","A"
"006053","0034","A"
"006054","0034","A"
"006055","0034","A"
"006056","0034","A"
"006057","0034","A"
"006058","0034","A"
"006059","0034","A"
"006060","0034","A"
"006061","0034","A"
"006062","0034","A"
"006063","0034","A"
"006064","0034","A"
"006065","0034","A"
"006066","0034","A"
"006067","0034","A"
"006068","0034","A"
"006069","0034","A"
"006070","0034","A"
"006071","0034","A"
"006072","0034","A"
"006073","0034","A"
"006074","0034","A"
"006075","0034","A"
"006076","0034","A"
"006077","0034","A"
"006078","0034","A"
"006079","0034","A"
"006080","0034","A"
"006081","0034","A"
"006082","0034","A"
"006083","0034","A"
"006084","0034","A"
"006085","0034","A"
"006086","0034","A"
"006087","0034","A"
"006088","0034","A"
"006089","0034","A"
"006090","0034","A"
"006091","0034","A"
"006092","0034","A"
"006093","0034","A"
"006094","0034","A"
"006095","0034","A"
"006096","0034","A"
"006097","0034","A"
"006098","0034","A"
"006099","0034","A"
"006100","0034","A"
"006101","0034","A"
"006102","0034","A"
"006103","0034","A"
"006104","0034","A"
"006105","0034","A"
"006106","0034","A"
"006107","0034","A"
"006108","0034","A"
"006109","0034","A"
"006110","0034","A"
"006111","0034","A"
"006112","0034","A"
"006113","0034","A"
"006114","0034","A"
"006115","0034","A"
"006116","0034","A"
"006117","0034","A"
"006118","0034","A"
"006119","0034","A"
"006120","0034","A"
"006121","0034","A"
"006122","0034","A"
"006123","0034","A"
"006124","0034","A"
"006125","0034","A"
"006126","0034","A"
"006127","0034","A"
"006128","0034","A"
"006129","0034","A"
"006130","0034","A"
"006131","0034","A"
"006132","0034","A"
"006133","0034","A"
"006134","0034","A"
"006135","0034","A"
"006136","0034","A"
"006137","0034","A"
"006138","0034","A"
"006139","0034","A"
"006140","0034","A"
"006141","0034","A"
"006142","0034","A"
"006143","0034","A"
"006144","0034","A"
"006145","0034","A"
"006146","0034","A"
"006147","0034","A"
"006148","0034","A"
"006149","0034","A"
"006150","0034","A"
"006151","0034","A"
"006152","0034","A"
"006153","0034","A"
"006154","0034","A"
"006155","0034","A"
"006156","0034","A"
"006157","0034","A"
"006158","0034","A"
"006159","0034","A"
"006160","0034","A"
"006161","0034","A"
"006162","0034","A"
"006163","0034","A"
"006164","0034","A"
"006165","0034","A"
"006166","0034","A"
"006167","0034","A"
"006168","0034","A"
"006169","0034","A"
"006170","0034","A"
"006171","0034","A"
"006172","0034","A"
"006173","0034","A"
"006174","0034","A"
"006175","0034","A"
"006176","0034","A"
"006177","0034","A"
"006178","0034","A"
"006179","0034","A"
"006180","0034","A"
"006181","0034","A"
"006182","0034","A"
"006183","0034","A"
"006184","0034","A"
"006185","0034","A"
"006186","0034","A"
"006187","0034","A"
"006188","0034","A"
"006189","0034","A"
"006190","0034","A"
"006191","0034","A"
"006192","0034","A"
"006193","0034","A"
"006194","0034","A"
"006195","0034","A"
"006196","0034","A"
"006197","0034","A"
"006198","0034","A"
"005989","0035","A"
"005990","0035","A"
"005991","0035","A"
"005992","0035","A"
"005993","0035","A"
"005994","0035","A"
"005995","0035","A"
"004694","0036","A"
"004696","0036","A"
"004697","0036","A"
"004698","0036","A"
"004699","0036","A"
"004700","0036","A"
"004701","0036","A"
"004702","0036","A"
"004703","0036","A"
"004704","0036","A"
"004705","0036","A"
"004706","0036","A"
"004707","0036","A"
"004708","0036","A"
"004709","0036","A"
"004710","0036","A"
"004711","0036","A"
"004712","0036","A"
"004713","0036","A"
"004714","0036","A"
"009567","0037","A"
"009568","0037","A"
"009569","0037","A"
"009570","0037","A"
"009571","0037","A"
"009572","0037","A"
"009573","0037","A"
"009574","0037","A"
"009575","0037","A"
"009576","0037","A"
"009577","0037","A"
"009578","0037","A"
"009579","0037","A"
"009580","0037","A"
"009581","0037","A"
"009582","0037","A"
"009583","0037","A"
"009584","0037","A"
"009585","0037","A"
"009586","0037","A"
"009587","0037","A"
"009588","0037","A"
"009589","0037","A"
"009590","0037","A"
"009591","0037","A"
"009592","0037","A"
"009593","0037","A"
"009594","0037","A"
"009595","0037","A"
"009596","0037","A"
"009597","0037","A"
"009598","0037","A"
"009599","0037","A"
"009600","0037","A"
"009601","0037","A"
"009602","0037","A"
"009603","0037","A"
"009604","0037","A"
"009605","0037","A"
"009606","0037","A"
"009607","0037","A"
"009608","0037","A"
"009609","0037","A"
"009610","0037","A"
"009611","0037","A"
"009612","0037","A"
"009613","0037","A"
"009614","0037","A"
"009615","0037","A"
"009616","0037","A"
"009617","0037","A"
"009618","0037","A"
"009619","0037","A"
"009620","0037","A"
"009621","0037","A"
"009622","0037","A"
"009623","0037","A"
"009624","0037","A"
"009625","0037","A"
"009626","0037","A"
"009627","0037","A"
"009628","0037","A"
"009629","0037","A"
"009630","0037","A"
"009631","0037","A"
"009632","0037","A"
"009633","0037","A"
"009634","0037","A"
"009635","0037","A"
"009636","0037","A"
"009637","0037","A"
"009638","0037","A"
"009639","0037","A"
"013801","0004","A"
"015015","0082","A"
"015226","0076","A"
"020797","0004","A"
"026207","0004","A"
"026209","0004","A"
"026210","0004","A"
"028917","0004","A"
"028918","0004","A"
"028919","0004","A"
"028920","0004","A"
"028921","0004","A"
"014096","0217","A"
"014097","0217","A"
"004650","0218","A"
"031073","0004","A"
"031405","0004","A"
"031787","0178","A"
"031788","0178","A"
"031789","0178","A"
"031790","0178","A"
"031791","0178","A"
"032041","0004","A"
"032042","0004","A"
"032043","0004","A"
"032044","0004","A"
"032251","0004","A"
"032252","0004","A"
"032253","0004","A"
"032254","0004","A"
"033460","0004","A"
"033461","0004","A"
"033462","0004","A"
"033940","0004","A"
"009640","0037","A"
"009641","0037","A"
"009642","0037","A"
"009643","0037","A"
"009644","0037","A"
"009645","0037","A"
"009646","0037","A"
"009647","0037","A"
"009648","0037","A"
"009649","0037","A"
"009650","0037","A"
"009651","0037","A"
"009652","0037","A"
"009653","0037","A"
"009654","0037","A"
"009655","0037","A"
"009656","0037","A"
"009657","0037","A"
"009658","0037","A"
"009659","0037","A"
"009660","0037","A"
"009661","0037","A"
"009662","0037","A"
"009663","0037","A"
"009664","0037","A"
"009665","0037","A"
"009666","0037","A"
"009667","0037","A"
"009668","0037","A"
"009669","0037","A"
"009670","0037","A"
"009671","0037","A"
"009672","0037","A"
"009673","0037","A"
"009674","0037","A"
"009675","0037","A"
"009676","0037","A"
"009677","0037","A"
"009678","0037","A"
"009679","0037","A"
"009680","0037","A"
"009681","0037","A"
"009682","0037","A"
"009683","0037","A"
"009684","0037","A"
"009685","0037","A"
"009686","0037","A"
"009687","0037","A"
"009688","0037","A"
"009689","0037","A"
"009690","0037","A"
"009691","0037","A"
"009692","0037","A"
"009693","0037","A"
"009694","0037","A"
"009695","0037","A"
"009696","0037","A"
"009697","0037","A"
"009698","0037","A"
"009699","0037","A"
"009700","0037","A"
"009701","0037","A"
"009702","0037","A"
"009703","0037","A"
"009704","0037","A"
"009705","0037","A"
"009706","0037","A"
"009707","0037","A"
"009708","0037","A"
"009709","0037","A"
"009710","0037","A"
"009711","0037","A"
"009712","0037","A"
"009713","0037","A"
"009714","0037","A"
"009715","0037","A"
"009716","0037","A"
"009717","0037","A"
"009718","0037","A"
"009719","0037","A"
"009720","0037","A"
"009721","0037","A"
"009722","0037","A"
"009723","0037","A"
"009724","0037","A"
"009725","0037","A"
"009726","0037","A"
"009727","0037","A"
"009728","0037","A"
"009729","0037","A"
"009730","0037","A"
"009731","0037","A"
"009732","0037","A"
"009733","0037","A"
"009734","0037","A"
"009735","0037","A"
"009736","0037","A"
"009737","0037","A"
"009738","0037","A"
"009739","0037","A"
"009740","0037","A"
"009741","0037","A"
"009742","0037","A"
"009743","0037","A"
"009744","0037","A"
"009745","0037","A"
"009746","0037","A"
"009747","0037","A"
"009748","0037","A"
"009749","0037","A"
"009750","0037","A"
"009751","0037","A"
"009752","0037","A"
"009753","0037","A"
"009754","0037","A"
"009755","0037","A"
"009756","0037","A"
"009757","0037","A"
"009758","0037","A"
"009759","0037","A"
"009760","0037","A"
"009761","0037","A"
"009762","0037","A"
"009763","0037","A"
"009764","0037","A"
"009765","0037","A"
"009766","0037","A"
"009767","0037","A"
"009768","0037","A"
"009769","0037","A"
"009770","0037","A"
"009771","0037","A"
"009772","0037","A"
"009773","0037","A"
"009774","0037","A"
"009775","0037","A"
"009776","0037","A"
"009777","0037","A"
"009778","0037","A"
"009779","0037","A"
"009780","0037","A"
"009781","0037","A"
"009782","0037","A"
"009783","0037","A"
"009784","0037","A"
"009785","0037","A"
"009786","0037","A"
"009787","0037","A"
"009788","0037","A"
"009789","0037","A"
"009790","0037","A"
"009791","0037","A"
"009792","0037","A"
"009793","0037","A"
"009794","0037","A"
"009795","0037","A"
"009796","0037","A"
"009797","0037","A"
"009798","0037","A"
"009799","0037","A"
"009800","0037","A"
"009801","0037","A"
"009802","0037","A"
"009803","0037","A"
"009804","0037","A"
"009805","0037","A"
"009806","0037","A"
"009807","0037","A"
"009808","0037","A"
"009809","0037","A"
"009810","0037","A"
"009811","0037","A"
"009812","0037","A"
"009813","0037","A"
"009814","0037","A"
"009815","0037","A"
"009816","0037","A"
"009817","0037","A"
"009818","0037","A"
"009819","0037","A"
"009820","0037","A"
"009821","0037","A"
"009822","0037","A"
"009823","0037","A"
"009824","0037","A"
"009825","0037","A"
"009826","0037","A"
"009827","0037","A"
"009828","0037","A"
"009829","0037","A"
"009830","0037","A"
"009831","0037","A"
"009832","0037","A"
"009833","0037","A"
"009834","0037","A"
"009835","0037","A"
"009836","0037","A"
"009837","0037","A"
"009838","0037","A"
"009839","0037","A"
"009840","0037","A"
"009841","0037","A"
"009842","0037","A"
"009843","0037","A"
"009844","0037","A"
"009845","0037","A"
"009846","0037","A"
"009847","0037","A"
"009848","0037","A"
"009849","0037","A"
"009850","0037","A"
"009851","0037","A"
"009852","0037","A"
"009853","0037","A"
"009854","0037","A"
"009855","0037","A"
"009856","0037","A"
"009857","0037","A"
"009858","0037","A"
"009859","0037","A"
"009860","0037","A"
"009861","0037","A"
"009862","0037","A"
"009863","0037","A"
"009864","0037","A"
"009865","0037","A"
"009866","0037","A"
"009867","0037","A"
"009868","0037","A"
"009869","0037","A"
"009870","0037","A"
"009871","0037","A"
"009872","0037","A"
"009873","0037","A"
"009874","0037","A"
"009875","0037","A"
"009876","0037","A"
"009877","0037","A"
"009878","0037","A"
"009879","0037","A"
"009880","0037","A"
"009881","0037","A"
"009882","0037","A"
"009883","0037","A"
"009884","0037","A"
"009885","0037","A"
"009886","0037","A"
"009887","0037","A"
"009888","0037","A"
"009889","0037","A"
"009890","0037","A"
"009891","0037","A"
"009892","0037","A"
"009893","0037","A"
"009894","0037","A"
"009895","0037","A"
"009896","0037","A"
"009897","0037","A"
"009898","0037","A"
"009899","0037","A"
"009900","0037","A"
"009901","0037","A"
"009902","0037","A"
"009903","0037","A"
"009904","0037","A"
"009905","0037","A"
"009906","0037","A"
"009907","0037","A"
"009908","0037","A"
"009909","0037","A"
"009910","0037","A"
"009911","0037","A"
"009912","0037","A"
"009913","0037","A"
"009914","0037","A"
"009915","0037","A"
"009916","0037","A"
"009917","0037","A"
"009918","0037","A"
"009919","0037","A"
"009920","0037","A"
"009921","0037","A"
"009922","0037","A"
"009923","0037","A"
"009924","0037","A"
"009925","0037","A"
"009926","0037","A"
"009927","0037","A"
"009928","0037","A"
"009929","0037","A"
"009930","0037","A"
"009931","0037","A"
"009932","0037","A"
"009933","0037","A"
"009934","0037","A"
"009935","0037","A"
"009936","0037","A"
"009937","0037","A"
"009938","0037","A"
"009939","0037","A"
"009940","0037","A"
"009941","0037","A"
"009942","0037","A"
"009943","0037","A"
"009944","0037","A"
"009945","0037","A"
"009946","0037","A"
"009947","0037","A"
"009948","0037","A"
"009949","0037","A"
"009950","0037","A"
"009951","0037","A"
"009952","0037","A"
"009953","0037","A"
"009954","0037","A"
"009955","0037","A"
"009956","0037","A"
"009957","0037","A"
"009958","0037","A"
"009959","0037","A"
"009960","0037","A"
"009961","0037","A"
"009962","0037","A"
"009963","0037","A"
"009964","0037","A"
"009965","0037","A"
"009966","0037","A"
"009967","0037","A"
"009968","0037","A"
"009969","0037","A"
"009970","0037","A"
"009971","0037","A"
"009972","0037","A"
"009973","0037","A"
"009974","0037","A"
"009975","0037","A"
"009976","0037","A"
"009977","0037","A"
"009978","0037","A"
"009979","0037","A"
"009980","0037","A"
"009981","0037","A"
"009982","0037","A"
"009983","0037","A"
"009984","0037","A"
"009985","0037","A"
"009986","0037","A"
"009987","0037","A"
"009988","0037","A"
"009989","0037","A"
"009990","0037","A"
"009991","0037","A"
"009992","0037","A"
"009993","0037","A"
"009994","0037","A"
"009995","0037","A"
"009996","0037","A"
"009997","0037","A"
"009998","0037","A"
"009999","0037","A"
"010000","0037","A"
"010001","0037","A"
"010002","0037","A"
"010003","0037","A"
"010004","0037","A"
"010005","0037","A"
"010006","0037","A"
"010007","0037","A"
"010008","0037","A"
"010009","0037","A"
"010010","0037","A"
"010011","0037","A"
"010012","0037","A"
"010013","0037","A"
"010014","0037","A"
"010015","0037","A"
"010016","0037","A"
"010017","0037","A"
"010018","0037","A"
"010019","0037","A"
"010020","0037","A"
"010021","0037","A"
"010022","0037","A"
"010023","0037","A"
"010024","0037","A"
"010025","0037","A"
"010026","0037","A"
"010027","0037","A"
"010028","0037","A"
"010029","0037","A"
"010030","0037","A"
"010031","0037","A"
"010032","0037","A"
"010033","0037","A"
"010034","0037","A"
"010035","0037","A"
"010036","0037","A"
"010037","0037","A"
"010038","0037","A"
"010039","0037","A"
"010040","0037","A"
"010041","0037","A"
"010042","0037","A"
"010043","0037","A"
"010044","0037","A"
"010045","0037","A"
"010046","0037","A"
"010047","0037","A"
"010048","0037","A"
"010049","0037","A"
"010050","0037","A"
"010051","0037","A"
"010052","0037","A"
"010053","0037","A"
"010054","0037","A"
"010055","0037","A"
"010056","0037","A"
"010057","0037","A"
"010058","0037","A"
"010059","0037","A"
"010060","0037","A"
"010061","0037","A"
"010062","0037","A"
"010063","0037","A"
"010064","0037","A"
"010065","0037","A"
"010066","0037","A"
"010067","0037","A"
"010068","0037","A"
"010069","0037","A"
"010070","0037","A"
"010071","0037","A"
"010072","0037","A"
"010073","0037","A"
"010074","0037","A"
"010075","0037","A"
"010076","0037","A"
"010077","0037","A"
"010078","0037","A"
"010079","0037","A"
"010080","0037","A"
"010081","0037","A"
"010082","0037","A"
"010083","0037","A"
"010084","0037","A"
"010085","0037","A"
"010086","0037","A"
"010087","0037","A"
"010088","0037","A"
"010089","0037","A"
"010090","0037","A"
"010091","0037","A"
"010092","0037","A"
"010093","0037","A"
"010094","0037","A"
"010095","0037","A"
"010096","0037","A"
"010097","0037","A"
"010098","0037","A"
"010099","0037","A"
"010100","0037","A"
"010101","0037","A"
"010102","0037","A"
"010103","0037","A"
"010104","0037","A"
"010105","0037","A"
"010106","0037","A"
"010107","0037","A"
"010108","0037","A"
"010109","0037","A"
"010110","0037","A"
"010111","0037","A"
"010112","0037","A"
"010113","0037","A"
"010114","0037","A"
"010115","0037","A"
"010116","0037","A"
"010117","0037","A"
"010118","0037","A"
"010119","0037","A"
"010120","0037","A"
"010121","0037","A"
"010122","0037","A"
"010123","0037","A"
"010124","0037","A"
"010125","0037","A"
"010126","0037","A"
"010127","0037","A"
"010128","0037","A"
"004595","0038","A"
"004598","0038","A"
"004645","0038","A"
"004652","0038","A"
"004656","0038","A"
"004657","0038","A"
"004663","0038","A"
"004665","0038","A"
"004667","0038","A"
"004729","0038","A"
"004731","0038","A"
"004772","0038","A"
"004773","0038","A"
"004776","0038","A"
"004782","0038","A"
"004822","0038","A"
"004842","0038","A"
"004845","0038","A"
"004846","0038","A"
"004852","0038","A"
"004871","0038","A"
"004875","0038","A"
"004884","0038","A"
"006914","0038","A"
"006943","0038","A"
"007048","0038","A"
"007334","0039","A"
"007335","0039","A"
"007336","0039","A"
"007337","0039","A"
"007338","0039","A"
"007339","0039","A"
"007340","0039","A"
"007341","0039","A"
"007342","0039","A"
"007343","0039","A"
"007344","0039","A"
"007345","0039","A"
"007346","0039","A"
"007347","0039","A"
"007348","0039","A"
"007349","0039","A"
"007350","0039","A"
"007351","0039","A"
"007352","0039","A"
"007353","0039","A"
"007354","0039","A"
"007355","0039","A"
"007356","0039","A"
"007357","0039","A"
"007358","0039","A"
"007359","0039","A"
"007360","0039","A"
"007361","0039","A"
"007362","0039","A"
"007363","0039","A"
"007364","0039","A"
"007365","0039","A"
"007366","0039","A"
"007367","0039","A"
"007368","0039","A"
"007369","0039","A"
"007370","0039","A"
"007371","0039","A"
"007372","0039","A"
"007373","0039","A"
"007374","0039","A"
"007375","0039","A"
"007376","0039","A"
"007378","0039","A"
"007379","0039","A"
"007380","0039","A"
"007381","0039","A"
"007382","0039","A"
"007383","0039","A"
"007384","0039","A"
"007385","0039","A"
"007386","0039","A"
"007387","0039","A"
"007388","0039","A"
"007389","0039","A"
"007390","0039","A"
"007391","0039","A"
"007392","0039","A"
"007393","0039","A"
"007394","0039","A"
"007395","0039","A"
"007396","0039","A"
"007397","0039","A"
"007398","0039","A"
"007399","0039","A"
"007400","0039","A"
"007401","0039","A"
"007402","0039","A"
"007403","0039","A"
"007404","0039","A"
"007405","0039","A"
"007406","0039","A"
"007407","0039","A"
"007408","0039","A"
"007409","0039","A"
"007410","0039","A"
"007411","0039","A"
"007412","0039","A"
"007413","0039","A"
"007414","0039","A"
"007415","0039","A"
"007416","0039","A"
"006969","0040","A"
"006970","0040","A"
"006971","0040","A"
"006972","0040","A"
"006973","0040","A"
"006974","0040","A"
"006975","0040","A"
"006976","0040","A"
"006977","0040","A"
"006978","0040","A"
"006979","0040","A"
"006980","0040","A"
"006981","0040","A"
"006982","0040","A"
"006983","0040","A"
"006984","0040","A"
"006985","0040","A"
"006986","0040","A"
"006987","0040","A"
"006988","0040","A"
"006989","0040","A"
"006990","0040","A"
"006991","0040","A"
"006992","0040","A"
"006993","0040","A"
"006994","0040","A"
"006995","0040","A"
"006996","0040","A"
"006997","0040","A"
"006998","0040","A"
"006999","0040","A"
"007000","0040","A"
"007001","0040","A"
"007002","0040","A"
"007003","0040","A"
"007004","0040","A"
"007005","0040","A"
"007006","0040","A"
"007007","0040","A"
"007008","0040","A"
"007009","0040","A"
"007010","0040","A"
"007011","0040","A"
"007012","0040","A"
"007013","0040","A"
"007014","0040","A"
"007015","0040","A"
"007016","0040","A"
"007017","0040","A"
"007018","0040","A"
"007019","0040","A"
"007020","0040","A"
"007021","0040","A"
"007022","0040","A"
"007023","0040","A"
"007024","0040","A"
"007025","0040","A"
"007026","0040","A"
"007027","0040","A"
"007028","0040","A"
"007029","0040","A"
"007030","0040","A"
"007149","0041","A"
"007150","0041","A"
"007151","0041","A"
"007152","0041","A"
"007153","0041","A"
"007154","0041","A"
"007155","0041","A"
"007156","0041","A"
"007157","0041","A"
"007158","0041","A"
"007159","0041","A"
"007160","0041","A"
"007161","0041","A"
"007162","0041","A"
"007163","0041","A"
"007164","0041","A"
"007165","0041","A"
"007166","0041","A"
"007167","0041","A"
"007168","0041","A"
"007169","0041","A"
"007170","0041","A"
"007171","0041","A"
"007172","0041","A"
"007173","0041","A"
"007174","0041","A"
"007175","0041","A"
"007176","0041","A"
"007177","0041","A"
"007178","0041","A"
"007179","0041","A"
"007180","0041","A"
"007181","0041","A"
"007182","0041","A"
"007183","0041","A"
"007184","0041","A"
"007185","0041","A"
"007186","0041","A"
"007187","0041","A"
"007188","0041","A"
"007189","0041","A"
"007190","0041","A"
"007191","0041","A"
"007192","0041","A"
"007193","0041","A"
"007194","0041","A"
"007195","0041","A"
"007196","0041","A"
"007197","0041","A"
"007198","0041","A"
"007199","0041","A"
"007200","0041","A"
"007201","0041","A"
"007202","0041","A"
"007203","0041","A"
"007204","0041","A"
"007205","0041","A"
"007206","0041","A"
"007207","0041","A"
"007208","0041","A"
"007209","0041","A"
"007210","0041","A"
"007211","0041","A"
"007212","0041","A"
"007213","0041","A"
"007214","0041","A"
"007215","0041","A"
"007216","0041","A"
"007417","0041","A"
"007418","0041","A"
"009132","0041","A"
"009133","0041","A"
"009134","0041","A"
"009135","0041","A"
"009136","0041","A"
"009137","0041","A"
"009138","0041","A"
"009139","0041","A"
"009152","0041","A"
"009153","0041","A"
"009154","0041","A"
"009565","0041","A"
"009566","0041","A"
"010129","0041","A"
"010130","0041","A"
"010134","0041","A"
"010135","0041","A"
"010136","0041","A"
"010823","0041","A"
"010824","0041","A"
"010825","0041","A"
"010826","0041","A"
"010908","0041","A"
"010909","0041","A"
"010910","0041","A"
"010911","0041","A"
"007300","0043","A"
"007301","0043","A"
"007302","0043","A"
"007303","0043","A"
"007304","0043","A"
"007305","0043","A"
"007306","0043","A"
"007307","0043","A"
"007308","0043","A"
"007309","0043","A"
"007310","0043","A"
"007311","0043","A"
"007312","0043","A"
"007313","0043","A"
"007314","0043","A"
"007315","0043","A"
"007316","0043","A"
"007317","0043","A"
"007318","0043","A"
"007319","0043","A"
"007320","0043","A"
"007321","0043","A"
"007322","0043","A"
"007323","0043","A"
"007324","0043","A"
"007325","0043","A"
"007326","0043","A"
"007327","0043","A"
"007328","0043","A"
"007329","0043","A"
"007330","0043","A"
"007331","0043","A"
"007332","0043","A"
"007333","0043","A"
"009141","0044","A"
"009142","0044","A"
"009143","0044","A"
"009144","0044","A"
"009145","0044","A"
"009146","0044","A"
"009147","0044","A"
"009148","0044","A"
"009149","0044","A"
"009150","0044","A"
"009151","0044","A"
"009140","0045","A"
"007217","0046","A"
"007218","0046","A"
"007219","0046","A"
"007220","0046","A"
"007221","0046","A"
"007222","0046","A"
"007223","0046","A"
"007224","0046","A"
"007225","0046","A"
"007226","0046","A"
"007227","0046","A"
"007228","0046","A"
"007229","0046","A"
"007230","0046","A"
"007231","0046","A"
"007232","0046","A"
"007233","0046","A"
"007234","0046","A"
"007235","0046","A"
"007236","0046","A"
"007237","0046","A"
"007238","0046","A"
"007239","0046","A"
"007240","0046","A"
"007241","0046","A"
"007242","0046","A"
"007243","0046","A"
"007244","0046","A"
"007245","0046","A"
"007246","0046","A"
"007247","0046","A"
"007248","0046","A"
"007249","0046","A"
"007250","0046","A"
"007251","0046","A"
"007252","0046","A"
"007253","0046","A"
"007254","0046","A"
"007255","0046","A"
"007256","0046","A"
"007257","0046","A"
"007258","0046","A"
"007259","0046","A"
"007260","0046","A"
"007261","0046","A"
"007262","0046","A"
"007263","0046","A"
"007264","0046","A"
"007265","0046","A"
"007266","0046","A"
"007267","0046","A"
"007268","0046","A"
"007269","0046","A"
"007270","0046","A"
"007271","0046","A"
"007272","0046","A"
"007273","0046","A"
"006318","0047","A"
"006319","0047","A"
"006320","0047","A"
"006321","0047","A"
"006322","0047","A"
"006323","0047","A"
"006324","0047","A"
"006325","0047","A"
"006326","0047","A"
"006327","0047","A"
"006328","0047","A"
"006329","0047","A"
"006330","0047","A"
"006331","0047","A"
"006332","0047","A"
"006333","0047","A"
"006334","0047","A"
"006335","0047","A"
"006336","0047","A"
"006337","0047","A"
"006338","0047","A"
"006339","0047","A"
"006340","0047","A"
"006341","0047","A"
"006342","0047","A"
"006343","0047","A"
"006344","0047","A"
"006345","0047","A"
"006346","0047","A"
"006347","0047","A"
"006348","0047","A"
"006349","0047","A"
"006350","0047","A"
"006351","0047","A"
"006352","0047","A"
"006353","0047","A"
"006354","0047","A"
"006355","0047","A"
"006356","0047","A"
"006357","0047","A"
"006358","0047","A"
"006359","0047","A"
"006360","0047","A"
"006361","0047","A"
"006362","0047","A"
"006363","0047","A"
"006364","0047","A"
"006365","0047","A"
"006366","0047","A"
"006367","0047","A"
"006368","0047","A"
"006369","0047","A"
"006370","0047","A"
"006371","0047","A"
"006372","0047","A"
"006373","0047","A"
"006374","0047","A"
"006375","0047","A"
"006376","0047","A"
"006377","0047","A"
"006378","0047","A"
"006379","0047","A"
"006380","0047","A"
"006381","0047","A"
"006382","0047","A"
"006383","0047","A"
"006384","0047","A"
"006385","0047","A"
"006386","0047","A"
"006200","0048","A"
"006201","0048","A"
"006202","0048","A"
"006203","0048","A"
"006204","0048","A"
"006205","0048","A"
"006206","0048","A"
"006207","0048","A"
"006208","0048","A"
"006209","0048","A"
"006210","0048","A"
"006211","0048","A"
"006212","0048","A"
"006213","0048","A"
"006214","0048","A"
"006215","0048","A"
"006216","0048","A"
"006217","0048","A"
"006218","0048","A"
"006219","0048","A"
"006220","0048","A"
"006221","0048","A"
"006222","0048","A"
"006223","0048","A"
"006224","0048","A"
"006225","0048","A"
"006226","0048","A"
"006227","0048","A"
"006228","0048","A"
"006229","0048","A"
"006230","0048","A"
"006231","0048","A"
"006232","0048","A"
"006233","0048","A"
"006234","0048","A"
"006235","0048","A"
"006236","0048","A"
"006237","0048","A"
"006238","0048","A"
"006239","0048","A"
"006240","0048","A"
"006241","0048","A"
"006242","0048","A"
"006243","0048","A"
"006244","0048","A"
"006245","0048","A"
"006246","0048","A"
"006247","0048","A"
"006248","0048","A"
"006249","0048","A"
"006250","0048","A"
"006251","0048","A"
"006252","0048","A"
"006253","0048","A"
"006254","0048","A"
"006255","0048","A"
"006256","0048","A"
"006257","0048","A"
"006258","0048","A"
"006259","0048","A"
"006260","0048","A"
"006261","0048","A"
"006262","0048","A"
"006263","0048","A"
"006264","0048","A"
"006265","0048","A"
"006266","0048","A"
"006267","0048","A"
"006268","0048","A"
"006269","0048","A"
"006270","0048","A"
"006271","0048","A"
"006272","0048","A"
"006273","0048","A"
"006274","0048","A"
"006275","0048","A"
"006276","0048","A"
"011598","0049","A"
"011599","0049","A"
"011600","0049","A"
"011601","0049","A"
"011602","0049","A"
"011603","0049","A"
"011604","0049","A"
"011605","0049","A"
"011606","0049","A"
"011607","0049","A"
"011608","0049","A"
"011609","0049","A"
"011610","0049","A"
"011611","0049","A"
"011612","0049","A"
"011613","0049","A"
"011614","0049","A"
"011615","0049","A"
"011616","0049","A"
"011617","0049","A"
"011618","0049","A"
"011619","0049","A"
"011620","0049","A"
"011621","0049","A"
"011622","0049","A"
"011623","0049","A"
"011624","0049","A"
"011625","0049","A"
"011626","0049","A"
"011627","0049","A"
"011628","0049","A"
"011629","0049","A"
"011630","0049","A"
"011631","0049","A"
"011632","0049","A"
"011634","0049","A"
"011635","0049","A"
"011636","0049","A"
"011637","0049","A"
"011638","0049","A"
"011639","0049","A"
"011640","0049","A"
"011641","0049","A"
"011642","0049","A"
"011643","0049","A"
"011644","0049","A"
"011645","0049","A"
"011646","0049","A"
"011647","0049","A"
"011648","0049","A"
"011649","0049","A"
"011650","0049","A"
"011651","0049","A"
"011652","0049","A"
"011653","0049","A"
"011654","0049","A"
"011655","0049","A"
"011657","0049","A"
"011658","0049","A"
"011659","0049","A"
"011660","0049","A"
"011661","0049","A"
"011662","0049","A"
"011663","0049","A"
"011664","0049","A"
"011665","0049","A"
"011666","0049","A"
"011667","0049","A"
"011668","0049","A"
"011669","0049","A"
"011670","0049","A"
"011672","0049","A"
"011673","0049","A"
"011674","0049","A"
"011675","0049","A"
"011676","0049","A"
"011677","0049","A"
"011678","0049","A"
"011679","0049","A"
"011680","0049","A"
"011681","0049","A"
"011682","0049","A"
"011683","0049","A"
"011684","0049","A"
"011685","0049","A"
"011686","0049","A"
"011687","0049","A"
"011688","0049","A"
"011689","0049","A"
"011690","0049","A"
"011691","0049","A"
"011692","0049","A"
"011693","0049","A"
"011694","0049","A"
"011695","0049","A"
"011696","0049","A"
"011697","0049","A"
"011699","0049","A"
"011700","0049","A"
"011701","0049","A"
"011702","0049","A"
"011703","0049","A"
"011704","0049","A"
"011705","0049","A"
"011706","0049","A"
"011707","0049","A"
"011708","0049","A"
"011709","0049","A"
"011710","0049","A"
"011711","0049","A"
"011712","0049","A"
"011713","0049","A"
"011560","0050","A"
"011561","0050","A"
"011562","0050","A"
"011563","0050","A"
"011564","0050","A"
"011565","0050","A"
"011566","0050","A"
"011567","0050","A"
"011568","0050","A"
"011569","0050","A"
"011570","0050","A"
"011571","0050","A"
"011572","0050","A"
"011573","0050","A"
"011574","0050","A"
"011575","0050","A"
"011576","0050","A"
"011577","0050","A"
"011578","0050","A"
"011579","0050","A"
"011580","0050","A"
"011581","0050","A"
"011582","0050","A"
"011583","0050","A"
"011584","0050","A"
"011585","0050","A"
"011586","0050","A"
"011587","0050","A"
"011588","0050","A"
"011589","0050","A"
"011590","0050","A"
"011591","0050","A"
"011592","0050","A"
"011593","0050","A"
"011594","0050","A"
"011595","0050","A"
"011596","0050","A"
"011597","0050","A"
"013684","0051","A"
"013685","0051","A"
"013686","0051","A"
"013687","0051","A"
"013688","0051","A"
"013689","0051","A"
"013690","0051","A"
"013691","0051","A"
"004444","0052","A"
"004445","0052","A"
"004446","0052","A"
"004447","0052","A"
"004448","0052","A"
"004449","0052","A"
"004450","0052","A"
"004451","0052","A"
"004452","0052","A"
"004453","0052","A"
"004454","0052","A"
"004455","0052","A"
"004456","0052","A"
"004457","0052","A"
"004458","0052","A"
"004459","0052","A"
"004460","0052","A"
"004461","0052","A"
"004462","0052","A"
"004463","0052","A"
"004464","0052","A"
"004465","0052","A"
"004466","0052","A"
"004467","0052","A"
"004468","0052","A"
"004469","0052","A"
"004470","0052","A"
"004471","0052","A"
"004472","0052","A"
"004473","0052","A"
"004474","0052","A"
"004475","0052","A"
"004476","0052","A"
"004477","0052","A"
"004478","0052","A"
"004479","0052","A"
"004480","0052","A"
"004481","0052","A"
"004482","0052","A"
"004483","0052","A"
"004484","0052","A"
"004485","0052","A"
"004486","0052","A"
"004487","0052","A"
"004488","0052","A"
"004489","0052","A"
"004490","0052","A"
"004491","0052","A"
"004492","0052","A"
"004493","0052","A"
"004494","0052","A"
"004495","0052","A"
"004496","0052","A"
"004497","0052","A"
"004498","0052","A"
"004499","0053","A"
"004500","0053","A"
"004501","0053","A"
"004502","0053","A"
"004503","0053","A"
"004504","0053","A"
"004505","0053","A"
"004506","0053","A"
"004507","0053","A"
"004508","0053","A"
"004509","0053","A"
"004510","0053","A"
"004511","0053","A"
"004512","0053","A"
"004513","0053","A"
"004514","0053","A"
"004515","0053","A"
"004516","0053","A"
"004517","0053","A"
"004518","0053","A"
"004519","0053","A"
"004520","0053","A"
"004521","0053","A"
"004522","0053","A"
"004523","0053","A"
"004524","0053","A"
"004525","0053","A"
"004526","0053","A"
"004527","0053","A"
"004528","0053","A"
"004529","0053","A"
"004530","0053","A"
"004531","0053","A"
"004532","0053","A"
"004533","0053","A"
"004534","0053","A"
"004535","0053","A"
"004536","0053","A"
"004538","0053","A"
"004539","0053","A"
"004540","0053","A"
"004541","0053","A"
"004542","0053","A"
"004543","0053","A"
"004544","0053","A"
"004545","0053","A"
"004546","0053","A"
"004547","0053","A"
"004548","0053","A"
"004549","0053","A"
"004550","0053","A"
"004551","0053","A"
"004552","0053","A"
"004553","0053","A"
"004554","0053","A"
"004555","0053","A"
"004556","0053","A"
"004557","0053","A"
"004558","0053","A"
"004559","0053","A"
"004560","0053","A"
"004561","0053","A"
"004562","0053","A"
"004563","0053","A"
"004564","0053","A"
"004565","0053","A"
"004566","0053","A"
"004567","0053","A"
"004568","0053","A"
"004569","0053","A"
"004570","0053","A"
"004571","0053","A"
"004572","0053","A"
"004573","0053","A"
"004574","0053","A"
"004575","0053","A"
"004576","0053","A"
"004577","0053","A"
"004578","0053","A"
"004579","0053","A"
"010827","0053","A"
"010828","0053","A"
"010829","0053","A"
"010830","0053","A"
"005908","0054","A"
"005909","0054","A"
"005910","0054","A"
"005911","0054","A"
"005912","0054","A"
"005913","0054","A"
"005914","0054","A"
"005915","0054","A"
"005916","0054","A"
"005917","0054","A"
"005918","0054","A"
"005919","0054","A"
"005920","0054","A"
"005921","0054","A"
"005922","0054","A"
"005923","0054","A"
"005924","0054","A"
"005925","0054","A"
"005926","0054","A"
"005927","0054","A"
"005928","0054","A"
"005929","0054","A"
"005930","0054","A"
"005931","0054","A"
"005932","0054","A"
"005933","0054","A"
"005934","0054","A"
"007066","0055","A"
"007067","0055","A"
"007068","0055","A"
"007069","0055","A"
"007070","0055","A"
"007071","0055","A"
"007072","0055","A"
"007073","0055","A"
"007074","0055","A"
"007075","0055","A"
"007076","0055","A"
"007077","0055","A"
"007078","0055","A"
"007079","0055","A"
"007080","0055","A"
"007081","0055","A"
"007082","0055","A"
"007083","0055","A"
"007084","0055","A"
"007085","0055","A"
"007086","0055","A"
"007087","0055","A"
"007088","0055","A"
"007089","0055","A"
"007090","0055","A"
"007091","0055","A"
"007092","0055","A"
"007093","0055","A"
"007094","0055","A"
"007095","0055","A"
"007096","0055","A"
"007097","0055","A"
"007098","0055","A"
"007099","0055","A"
"007100","0055","A"
"007101","0055","A"
"007102","0055","A"
"007103","0055","A"
"007104","0055","A"
"007105","0055","A"
"007106","0055","A"
"007107","0055","A"
"007108","0055","A"
"007109","0055","A"
"007110","0055","A"
"007111","0055","A"
"007112","0055","A"
"007113","0055","A"
"007114","0055","A"
"007115","0055","A"
"007116","0055","A"
"007117","0055","A"
"007118","0055","A"
"007119","0055","A"
"007120","0055","A"
"007121","0055","A"
"007122","0055","A"
"007123","0055","A"
"007124","0055","A"
"007125","0055","A"
"007126","0055","A"
"007127","0055","A"
"007128","0055","A"
"007129","0055","A"
"007130","0055","A"
"007131","0055","A"
"007132","0055","A"
"007133","0055","A"
"007134","0055","A"
"007135","0055","A"
"007136","0055","A"
"007137","0055","A"
"007138","0055","A"
"007139","0055","A"
"007140","0055","A"
"007141","0055","A"
"007142","0055","A"
"006815","0056","A"
"006816","0056","A"
"006817","0056","A"
"006818","0056","A"
"006819","0056","A"
"006820","0056","A"
"006821","0056","A"
"006822","0056","A"
"006823","0056","A"
"006824","0056","A"
"006825","0056","A"
"006826","0056","A"
"006827","0056","A"
"006828","0056","A"
"006829","0056","A"
"006830","0056","A"
"006831","0056","A"
"006832","0056","A"
"006833","0056","A"
"006834","0056","A"
"006835","0056","A"
"006836","0056","A"
"006837","0056","A"
"006838","0056","A"
"006839","0056","A"
"006840","0056","A"
"006841","0056","A"
"006842","0056","A"
"006843","0056","A"
"006844","0056","A"
"006845","0056","A"
"006846","0056","A"
"006847","0056","A"
"006848","0056","A"
"006849","0056","A"
"006850","0056","A"
"006851","0056","A"
"006852","0056","A"
"006853","0056","A"
"006854","0056","A"
"006855","0056","A"
"006856","0056","A"
"006857","0056","A"
"006858","0056","A"
"006859","0056","A"
"006860","0056","A"
"006861","0056","A"
"006862","0056","A"
"006863","0056","A"
"006864","0056","A"
"006865","0056","A"
"006866","0056","A"
"006867","0056","A"
"006868","0056","A"
"006869","0056","A"
"006870","0056","A"
"006884","0057","A"
"006885","0057","A"
"006886","0057","A"
"006887","0057","A"
"006888","0057","A"
"006889","0057","A"
"006890","0057","A"
"006891","0057","A"
"006892","0057","A"
"006893","0057","A"
"006894","0057","A"
"006895","0057","A"
"006896","0057","A"
"006897","0057","A"
"006898","0057","A"
"006899","0057","A"
"006900","0057","A"
"006901","0057","A"
"006902","0057","A"
"006903","0057","A"
"006904","0057","A"
"006905","0057","A"
"004415","0058","A"
"004416","0058","A"
"004417","0058","A"
"004418","0058","A"
"004419","0058","A"
"004420","0058","A"
"004421","0058","A"
"004422","0058","A"
"004423","0058","A"
"004424","0058","A"
"004425","0058","A"
"004426","0058","A"
"004427","0058","A"
"004428","0058","A"
"004429","0058","A"
"004430","0058","A"
"004431","0058","A"
"004432","0058","A"
"004433","0058","A"
"004434","0058","A"
"004435","0058","A"
"004436","0058","A"
"004437","0058","A"
"004438","0058","A"
"004439","0058","A"
"004440","0058","A"
"004441","0058","A"
"004442","0058","A"
"004443","0058","A"
"006277","0059","A"
"006278","0059","A"
"006279","0059","A"
"006280","0059","A"
"006281","0059","A"
"006282","0059","A"
"006283","0059","A"
"006284","0059","A"
"006285","0059","A"
"006286","0059","A"
"006287","0059","A"
"006288","0059","A"
"006289","0059","A"
"006290","0059","A"
"004399","0004","A"
"012928","0004","A"
"007500","0005","A"
"007501","0005","A"
"007502","0005","A"
"007503","0005","A"
"007504","0005","A"
"007505","0005","A"
"007506","0005","A"
"007507","0005","A"
"007508","0005","A"
"007509","0005","A"
"007510","0005","A"
"007511","0005","A"
"007512","0005","A"
"007513","0005","A"
"007514","0005","A"
"007515","0005","A"
"007516","0005","A"
"007517","0005","A"
"007518","0005","A"
"007519","0005","A"
"007520","0005","A"
"007521","0005","A"
"007522","0005","A"
"007523","0005","A"
"007524","0005","A"
"007525","0005","A"
"007526","0005","A"
"007527","0005","A"
"007528","0005","A"
"007529","0005","A"
"007530","0005","A"
"007531","0005","A"
"007532","0005","A"
"007533","0005","A"
"007534","0005","A"
"007535","0005","A"
"007536","0005","A"
"007537","0005","A"
"007538","0005","A"
"007539","0005","A"
"007540","0005","A"
"007541","0005","A"
"007542","0005","A"
"007543","0005","A"
"007544","0005","A"
"007545","0005","A"
"007546","0005","A"
"007547","0005","A"
"007548","0005","A"
"007549","0005","A"
"007550","0005","A"
"007551","0005","A"
"007552","0005","A"
"007553","0005","A"
"007554","0005","A"
"007555","0005","A"
"007556","0005","A"
"007557","0005","A"
"007558","0005","A"
"007559","0005","A"
"007560","0005","A"
"007561","0005","A"
"007562","0005","A"
"007563","0005","A"
"007564","0005","A"
"007565","0005","A"
"007566","0005","A"
"007567","0005","A"
"007568","0005","A"
"007569","0005","A"
"007570","0005","A"
"007571","0005","A"
"007572","0005","A"
"007573","0005","A"
"007574","0005","A"
"007575","0005","A"
"007576","0005","A"
"007577","0005","A"
"007578","0005","A"
"007579","0005","A"
"007580","0005","A"
"007581","0005","A"
"007582","0005","A"
"007583","0005","A"
"007584","0005","A"
"007585","0005","A"
"007586","0005","A"
"007587","0005","A"
"007588","0005","A"
"007590","0005","A"
"007591","0005","A"
"007592","0005","A"
"007593","0005","A"
"007594","0005","A"
"007595","0005","A"
"007596","0005","A"
"007597","0005","A"
"007598","0005","A"
"007599","0005","A"
"007600","0005","A"
"007601","0005","A"
"007602","0005","A"
"007603","0005","A"
"007604","0005","A"
"007605","0005","A"
"007606","0005","A"
"007607","0005","A"
"007608","0005","A"
"007609","0005","A"
"007610","0005","A"
"007611","0005","A"
"007612","0005","A"
"007613","0005","A"
"007614","0005","A"
"007615","0005","A"
"007616","0005","A"
"007617","0005","A"
"007618","0005","A"
"007619","0005","A"
"007620","0005","A"
"007621","0005","A"
"007622","0005","A"
"007623","0005","A"
"007624","0005","A"
"007625","0005","A"
"007626","0005","A"
"007627","0005","A"
"007628","0005","A"
"007629","0005","A"
"007630","0005","A"
"007631","0005","A"
"007632","0005","A"
"007633","0005","A"
"007634","0005","A"
"007635","0005","A"
"007636","0005","A"
"007637","0005","A"
"007638","0005","A"
"007639","0005","A"
"007640","0005","A"
"007641","0005","A"
"007642","0005","A"
"007643","0005","A"
"007644","0005","A"
"007645","0005","A"
"007646","0005","A"
"007647","0005","A"
"007648","0005","A"
"007649","0005","A"
"007650","0005","A"
"007651","0005","A"
"007652","0005","A"
"007653","0005","A"
"007654","0005","A"
"007655","0005","A"
"007656","0005","A"
"007657","0005","A"
"007658","0005","A"
"007659","0005","A"
"007660","0005","A"
"007661","0005","A"
"007662","0005","A"
"007663","0005","A"
"007664","0005","A"
"007665","0005","A"
"007666","0005","A"
"007667","0005","A"
"007668","0005","A"
"007669","0005","A"
"007670","0005","A"
"007671","0005","A"
"007672","0005","A"
"007673","0005","A"
"007674","0005","A"
"007675","0005","A"
"007676","0005","A"
"007677","0005","A"
"007678","0005","A"
"007679","0005","A"
"007680","0005","A"
"007681","0005","A"
"007682","0005","A"
"007683","0005","A"
"007684","0005","A"
"007685","0005","A"
"007686","0005","A"
"007687","0005","A"
"007688","0005","A"
"007689","0005","A"
"007690","0005","A"
"007691","0005","A"
"007692","0005","A"
"007693","0005","A"
"007694","0005","A"
"007695","0005","A"
"007696","0005","A"
"007697","0005","A"
"007698","0005","A"
"007699","0005","A"
"007700","0005","A"
"007701","0005","A"
"007702","0005","A"
"007703","0005","A"
"007704","0005","A"
"007705","0005","A"
"007706","0005","A"
"007707","0005","A"
"007708","0005","A"
"007709","0005","A"
"007710","0005","A"
"007711","0005","A"
"007712","0005","A"
"007713","0005","A"
"007714","0005","A"
"007715","0005","A"
"007716","0005","A"
"007717","0005","A"
"007718","0005","A"
"007719","0005","A"
"007720","0005","A"
"007721","0005","A"
"007722","0005","A"
"007723","0005","A"
"007724","0005","A"
"007725","0005","A"
"007726","0005","A"
"007727","0005","A"
"007728","0005","A"
"007729","0005","A"
"007730","0005","A"
"007731","0005","A"
"007732","0005","A"
"007733","0005","A"
"007734","0005","A"
"007735","0005","A"
"007736","0005","A"
"007737","0005","A"
"007738","0005","A"
"007739","0005","A"
"007740","0005","A"
"007741","0005","A"
"007742","0005","A"
"007743","0005","A"
"007744","0005","A"
"007745","0005","A"
"007746","0005","A"
"007747","0005","A"
"007748","0005","A"
"007749","0005","A"
"007750","0005","A"
"007751","0005","A"
"007752","0005","A"
"007753","0005","A"
"007754","0005","A"
"007755","0005","A"
"007756","0005","A"
"007757","0005","A"
"007758","0005","A"
"007759","0005","A"
"007760","0005","A"
"007761","0005","A"
"007762","0005","A"
"007763","0005","A"
"007764","0005","A"
"007765","0005","A"
"007766","0005","A"
"007767","0005","A"
"007768","0005","A"
"007769","0005","A"
"007770","0005","A"
"007771","0005","A"
"007772","0005","A"
"007773","0005","A"
"007774","0005","A"
"007775","0005","A"
"007776","0005","A"
"007777","0005","A"
"007778","0005","A"
"007779","0005","A"
"007780","0005","A"
"007781","0005","A"
"007782","0005","A"
"007783","0005","A"
"007784","0005","A"
"007785","0005","A"
"007786","0005","A"
"007787","0005","A"
"007788","0005","A"
"007789","0005","A"
"007790","0005","A"
"007791","0005","A"
"007792","0005","A"
"007793","0005","A"
"007794","0005","A"
"007795","0005","A"
"007796","0005","A"
"007797","0005","A"
"007798","0005","A"
"007799","0005","A"
"007800","0005","A"
"007801","0005","A"
"007802","0005","A"
"007803","0005","A"
"007804","0005","A"
"007805","0005","A"
"007806","0005","A"
"007807","0005","A"
"007808","0005","A"
"007809","0005","A"
"007810","0005","A"
"007811","0005","A"
"007812","0005","A"
"007814","0005","A"
"007815","0005","A"
"007816","0005","A"
"007817","0005","A"
"007818","0005","A"
"007819","0005","A"
"007820","0005","A"
"007821","0005","A"
"007822","0005","A"
"007823","0005","A"
"007824","0005","A"
"007825","0005","A"
"007826","0005","A"
"007827","0005","A"
"007828","0005","A"
"007829","0005","A"
"007830","0005","A"
"007831","0005","A"
"007832","0005","A"
"007833","0005","A"
"007834","0005","A"
"007835","0005","A"
"007837","0005","A"
"007838","0005","A"
"007839","0005","A"
"007840","0005","A"
"007841","0005","A"
"007842","0005","A"
"007843","0005","A"
"007844","0005","A"
"007845","0005","A"
"007846","0005","A"
"007847","0005","A"
"007848","0005","A"
"007849","0005","A"
"007850","0005","A"
"007852","0005","A"
"007853","0005","A"
"007854","0005","A"
"007855","0005","A"
"007856","0005","A"
"007857","0005","A"
"007858","0005","A"
"007859","0005","A"
"007860","0005","A"
"007861","0005","A"
"007862","0005","A"
"007863","0005","A"
"007864","0005","A"
"007865","0005","A"
"007866","0005","A"
"007867","0005","A"
"007868","0005","A"
"007869","0005","A"
"007870","0005","A"
"007871","0005","A"
"007872","0005","A"
"007873","0005","A"
"007874","0005","A"
"007875","0005","A"
"007876","0005","A"
"007877","0005","A"
"007878","0005","A"
"007879","0005","A"
"007880","0005","A"
"005989","0089","A"
"005990","0089","A"
"005991","0089","A"
"005992","0089","A"
"005995","0089","A"
"005993","0089","A"
"005994","0089","A"
"004698","0090","A"
"004699","0090","A"
"004700","0090","A"
"004701","0090","A"
"004703","0090","A"
"004704","0090","A"
"004705","0090","A"
"004707","0090","A"
"004708","0090","A"
"004709","0090","A"
"014417","0004","A"
"004711","0090","A"
"004712","0090","A"
"004713","0090","A"
"004714","0090","A"
"004696","0090","A"
"004697","0090","A"
"004694","0090","A"
"007217","0144","A"
"007218","0144","A"
"007219","0144","A"
"007220","0144","A"
"007221","0144","A"
"007222","0144","A"
"007223","0144","A"
"007224","0144","A"
"014418","0004","A"
"007226","0144","A"
"007227","0144","A"
"007228","0144","A"
"014554","0098","A"
"007230","0144","A"
"007231","0144","A"
"007232","0144","A"
"007233","0144","A"
"007234","0144","A"
"007235","0144","A"
"007237","0144","A"
"007238","0144","A"
"007239","0144","A"
"007241","0144","A"
"007242","0144","A"
"007243","0144","A"
"007245","0144","A"
"007246","0144","A"
"014555","0098","A"
"007248","0144","A"
"007249","0144","A"
"007250","0144","A"
"007251","0144","A"
"007252","0144","A"
"007253","0144","A"
"007254","0144","A"
"007255","0144","A"
"007256","0144","A"
"014556","0083","A"
"007258","0144","A"
"014581","0098","A"
"007260","0144","A"
"007261","0144","A"
"007262","0144","A"
"007263","0144","A"
"014582","0098","A"
"007265","0144","A"
"007266","0144","A"
"007267","0144","A"
"007268","0144","A"
"007269","0144","A"
"007270","0144","A"
"007271","0144","A"
"007272","0144","A"
"007273","0144","A"
"014583","0098","A"
"006962","0098","A"
"014846","0098","A"
"014847","0098","A"
"006566","0079","A"
"019747","0100","A"
"019932","0004","A"
"020240","0068","A"
"020038","0166","A"
"020638","0004","A"
"020671","0165","A"
"020672","0165","A"
"020673","0165","A"
"020674","0165","A"
"020675","0165","A"
"020687","0004","A"
"020688","0004","A"
"005059","0174","A"
"020696","0174","A"
"020697","0174","A"
"020755","0004","A"
"020756","0004","A"
"020757","0004","A"
"021224","0004","A"
"021225","0004","A"
"021226","0004","A"
"021227","0004","A"
"021228","0004","A"
"021229","0004","A"
"021230","0004","A"
"021231","0004","A"
"021448","0004","A"
"021449","0004","A"
"021450","0004","A"
"021451","0004","A"
"021452","0004","A"
"021453","0004","A"
"026124","0004","A"
"026125","0004","A"
"026126","0004","A"
"026127","0004","A"
"026128","0004","A"
"026141","0004","A"
"026179","0004","A"
"026180","0004","A"
"026181","0004","A"
"026182","0004","A"
"028047","0004","A"
"028651","0004","A"
"028652","0004","A"
"028653","0004","A"
"028668","0004","A"
"028690","0004","A"
"028847","0004","A"
"004837","0218","A"
"019184","0218","A"
"019582","0218","A"
"028982","0004","A"
"028983","0004","A"
"004731","0218","A"
"029236","0004","A"
"029237","0004","A"
"029238","0004","A"
"029239","0004","A"
"029240","0004","A"
"029241","0004","A"
"029242","0004","A"
"029243","0004","A"
"029244","0004","A"
"029245","0004","A"
"029246","0004","A"
"029247","0004","A"
"029248","0004","A"
"029249","0004","A"
"029250","0004","A"
"029251","0004","A"
"029252","0004","A"
"029253","0004","A"
"029254","0004","A"
"029255","0004","A"
"029262","0004","A"
"029263","0004","A"
"029266","0004","A"
"029267","0004","A"
"029268","0004","A"
"029269","0004","A"
"029270","0004","A"
"029271","0004","A"
"030477","0004","A"
"030478","0004","A"
"030479","0004","A"
"030480","0004","A"
"030495","0179","A"
"030503","0179","A"
"030504","0179","A"
"030506","0179","A"
"030509","0179","A"
"030510","0179","A"
"030511","0179","A"
"030512","0179","A"
"030513","0179","A"
"030514","0179","A"
"030515","0179","A"
"030517","0179","A"
"030518","0179","A"
"030519","0179","A"
"030520","0179","A"
"030522","0179","A"
"030523","0179","A"
"007156","0179","A"
"030524","0179","A"
"030525","0179","A"
"030526","0179","A"
"030527","0179","A"
"030528","0179","A"
"030530","0179","A"
"030531","0179","A"
"030532","0179","A"
"030533","0179","A"
"005997","0217","A"
"005998","0217","A"
"005996","0217","A"
"030719","0004","A"
"030721","0004","A"
"030722","0004","A"
"030935","0004","A"
"030936","0004","A"
"030941","0004","A"
"030942","0004","A"
"030943","0004","A"
"030944","0004","A"
"031581","0004","A"
"031618","0004","A"
"031620","0004","A"
"031622","0004","A"
"031623","0004","A"
"031626","0004","A"
"004812","0217","A"
"032072","0218","A"
"032283","0004","A"
"032284","0004","A"
"032287","0004","A"
"032291","0004","A"
"032659","0004","A"
"032660","0004","A"
"032661","0004","A"
"032662","0004","A"
"032663","0004","A"
"032664","0004","A"
"032665","0004","A"
"032666","0004","A"
"032667","0004","A"
"032668","0004","A"
"032669","0004","A"
"032881","0004","A"
"033363","0004","A"
"033451","0004","A"
"033452","0004","A"
"033453","0004","A"
"033454","0004","A"
"033602","0004","A"
"033847","0004","A"
"033945","0004","A"
"034178","0004","A"
"034179","0004","A"
"034508","0004","A"
"034509","0004","A"
"012256","0013","A"
"012257","0013","A"
"012258","0013","A"
"012259","0013","A"
"012260","0013","A"
"012261","0013","A"
"012262","0013","A"
"012263","0013","A"
"012264","0013","A"
"012265","0013","A"
"012266","0013","A"
"012267","0013","A"
"012268","0013","A"
"012269","0013","A"
"012270","0013","A"
"012271","0013","A"
"012272","0013","A"
"012273","0013","A"
"012274","0013","A"
"012275","0013","A"
"012276","0013","A"
"012277","0013","A"
"012278","0013","A"
"012279","0013","A"
"012280","0013","A"
"012281","0013","A"
"012282","0013","A"
"012283","0013","A"
"012284","0013","A"
"012285","0013","A"
"012286","0013","A"
"012287","0013","A"
"012288","0013","A"
"012289","0013","A"
"012290","0013","A"
"012291","0013","A"
"012292","0013","A"
"012293","0013","A"
"012294","0013","A"
"012295","0013","A"
"012296","0013","A"
"012297","0013","A"
"012298","0013","A"
"012299","0013","A"
"012300","0013","A"
"012301","0013","A"
"012302","0013","A"
"012303","0013","A"
"012304","0013","A"
"012305","0013","A"
"012306","0013","A"
"012307","0013","A"
"012308","0013","A"
"012309","0013","A"
"012310","0013","A"
"012311","0013","A"
"012312","0013","A"
"012313","0013","A"
"012314","0013","A"
"012315","0013","A"
"012316","0013","A"
"012317","0013","A"
"012318","0013","A"
"012319","0013","A"
"012320","0013","A"
"012321","0013","A"
"012322","0013","A"
"012323","0013","A"
"012324","0013","A"
"012325","0013","A"
"012326","0013","A"
"012327","0013","A"
"012328","0013","A"
"012329","0013","A"
"012330","0013","A"
"012331","0013","A"
"012332","0013","A"
"012333","0013","A"
"012334","0013","A"
"012335","0013","A"
"012336","0013","A"
"012337","0013","A"
"012338","0013","A"
"012339","0013","A"
"012340","0013","A"
"012341","0013","A"
"012342","0013","A"
"012343","0013","A"
"012344","0013","A"
"012345","0013","A"
"012346","0013","A"
"012347","0013","A"
"012348","0013","A"
"012349","0013","A"
"012350","0013","A"
"012351","0013","A"
"012352","0013","A"
"012353","0013","A"
"012354","0013","A"
"012355","0013","A"
"012356","0013","A"
"012357","0013","A"
"012358","0013","A"
"012359","0013","A"
"012360","0013","A"
"012361","0013","A"
"012362","0013","A"
"012363","0013","A"
"012364","0013","A"
"012365","0013","A"
"012366","0013","A"
"012367","0013","A"
"012368","0013","A"
"012369","0013","A"
"012370","0013","A"
"012371","0013","A"
"012372","0013","A"
"012373","0013","A"
"012374","0013","A"
"012375","0013","A"
"012376","0013","A"
"012377","0013","A"
"012378","0013","A"
"012379","0013","A"
"012380","0013","A"
"012381","0013","A"
"012382","0013","A"
"012383","0013","A"
"012384","0013","A"
"012385","0013","A"
"012386","0013","A"
"012387","0013","A"
"012388","0013","A"
"012389","0013","A"
"012390","0013","A"
"012391","0013","A"
"012392","0013","A"
"012393","0013","A"
"012394","0013","A"
"012395","0013","A"
"012396","0013","A"
"012397","0013","A"
"012398","0013","A"
"012399","0013","A"
"012400","0013","A"
"012401","0013","A"
"012402","0013","A"
"012403","0013","A"
"012404","0013","A"
"012405","0013","A"
"012406","0013","A"
"012407","0013","A"
"012408","0013","A"
"012409","0013","A"
"012410","0013","A"
"012411","0013","A"
"012412","0013","A"
"012413","0013","A"
"012414","0013","A"
"012415","0013","A"
"012416","0013","A"
"012417","0013","A"
"012418","0013","A"
"012419","0013","A"
"012420","0013","A"
"012421","0013","A"
"012422","0013","A"
"012423","0013","A"
"012424","0013","A"
"012425","0013","A"
"012426","0013","A"
"012427","0013","A"
"012428","0013","A"
"012429","0013","A"
"012430","0013","A"
"012431","0013","A"
"012432","0013","A"
"012433","0013","A"
"012434","0013","A"
"012435","0013","A"
"012436","0013","A"
"012437","0013","A"
"012438","0013","A"
"012439","0013","A"
"012440","0013","A"
"012441","0013","A"
"012442","0013","A"
"012443","0013","A"
"012444","0013","A"
"012445","0013","A"
"012446","0013","A"
"012447","0013","A"
"012448","0013","A"
"012449","0013","A"
"012450","0013","A"
"012451","0013","A"
"012452","0013","A"
"012453","0013","A"
"012454","0013","A"
"012455","0013","A"
"012456","0013","A"
"012457","0013","A"
"012458","0013","A"
"012459","0013","A"
"012460","0013","A"
"012461","0013","A"
"012462","0013","A"
"012463","0013","A"
"012464","0013","A"
"012465","0013","A"
"012466","0013","A"
"012467","0013","A"
"012468","0013","A"
"012469","0013","A"
"012470","0013","A"
"012471","0013","A"
"012472","0013","A"
"012473","0013","A"
"012474","0013","A"
"012475","0013","A"
"012476","0013","A"
"012477","0013","A"
"012478","0013","A"
"012479","0013","A"
"012480","0013","A"
"012481","0013","A"
"012482","0013","A"
"012483","0013","A"
"012484","0013","A"
"012485","0013","A"
"012486","0013","A"
"012487","0013","A"
"012488","0013","A"
"012489","0013","A"
"012490","0013","A"
"012491","0013","A"
"012492","0013","A"
"012493","0013","A"
"012494","0013","A"
"012495","0013","A"
"012496","0013","A"
"012497","0013","A"
"012498","0013","A"
"012499","0013","A"
"012500","0013","A"
"012501","0013","A"
"012502","0013","A"
"012503","0013","A"
"012504","0013","A"
"012505","0013","A"
"012506","0013","A"
"012507","0013","A"
"012508","0013","A"
"012509","0013","A"
"012510","0013","A"
"012511","0013","A"
"012512","0013","A"
"012513","0013","A"
"012514","0013","A"
"012515","0013","A"
"012516","0013","A"
"012517","0013","A"
"012518","0013","A"
"012519","0013","A"
"012520","0013","A"
"012521","0013","A"
"012522","0013","A"
"012523","0013","A"
"012524","0013","A"
"012525","0013","A"
"012526","0013","A"
"012527","0013","A"
"012528","0013","A"
"012529","0013","A"
"012530","0013","A"
"012531","0013","A"
"012532","0013","A"
"012533","0013","A"
"012534","0013","A"
"012535","0013","A"
"012536","0013","A"
"012537","0013","A"
"012538","0013","A"
"012539","0013","A"
"012540","0013","A"
"012541","0013","A"
"012542","0013","A"
"012543","0013","A"
"012544","0013","A"
"012545","0013","A"
"012546","0013","A"
"012547","0013","A"
"012548","0013","A"
"012549","0013","A"
"012550","0013","A"
"012551","0013","A"
"012552","0013","A"
"012553","0013","A"
"012554","0013","A"
"012555","0013","A"
"012556","0013","A"
"012557","0013","A"
"012558","0013","A"
"012559","0013","A"
"012560","0013","A"
"012561","0013","A"
"012562","0013","A"
"012563","0013","A"
"012564","0013","A"
"012565","0013","A"
"012566","0013","A"
"012567","0013","A"
"012568","0013","A"
"012569","0013","A"
"012570","0013","A"
"012571","0013","A"
"012572","0013","A"
"012573","0013","A"
"012574","0013","A"
"012575","0013","A"
"012576","0013","A"
"012577","0013","A"
"012578","0013","A"
"012579","0013","A"
"012580","0013","A"
"012581","0013","A"
"012582","0013","A"
"012583","0013","A"
"012584","0013","A"
"012585","0013","A"
"012586","0013","A"
"012587","0013","A"
"012588","0013","A"
"012589","0013","A"
"012590","0013","A"
"012591","0013","A"
"012592","0013","A"
"012593","0013","A"
"012594","0013","A"
"012595","0013","A"
"012596","0013","A"
"012597","0013","A"
"012598","0013","A"
"012599","0013","A"
"012600","0013","A"
"012601","0013","A"
"012602","0013","A"
"012603","0013","A"
"012604","0013","A"
"012605","0013","A"
"012606","0013","A"
"012607","0013","A"
"012608","0013","A"
"012609","0013","A"
"012610","0013","A"
"012611","0013","A"
"012612","0013","A"
"012613","0013","A"
"012614","0013","A"
"012615","0013","A"
"012616","0013","A"
"012617","0013","A"
"012618","0013","A"
"012619","0013","A"
"012620","0013","A"
"012621","0013","A"
"012622","0013","A"
"012623","0013","A"
"012624","0013","A"
"012625","0013","A"
"012626","0013","A"
"012627","0013","A"
"012628","0013","A"
"012629","0013","A"
"012630","0013","A"
"012631","0013","A"
"012632","0013","A"
"012633","0013","A"
"012634","0013","A"
"012635","0013","A"
"012636","0013","A"
"012637","0013","A"
"006291","0059","A"
"006292","0059","A"
"006293","0059","A"
"006294","0059","A"
"006295","0059","A"
"006296","0059","A"
"006297","0059","A"
"006298","0059","A"
"006299","0059","A"
"006300","0059","A"
"006301","0059","A"
"009560","0060","A"
"009561","0060","A"
"009562","0060","A"
"009563","0060","A"
"009564","0060","A"
"006871","0061","A"
"006872","0061","A"
"006873","0061","A"
"006874","0061","A"
"006875","0061","A"
"006876","0061","A"
"006877","0061","A"
"006878","0061","A"
"006879","0061","A"
"006880","0061","A"
"006881","0061","A"
"006882","0061","A"
"006883","0061","A"
"006314","0062","A"
"006315","0062","A"
"006316","0062","A"
"006317","0062","A"
"007421","0063","A"
"007422","0063","A"
"007420","0064","A"
"014571","0004","A"
"014987","0098","A"
"015060","0090","A"
"015061","0080","A"
"019388","0075","A"
"018818","0165","A"
"017419","0165","A"
"016721","0165","A"
"016704","0165","A"
"016712","0165","A"
"019479","0163","A"
"019481","0163","A"
"019494","0163","A"
"019499","0163","A"
"019507","0163","A"
"019509","0163","A"
"019524","0163","A"
"019538","0163","A"
"019540","0163","A"
"019593","0004","A"
"009280","0142","A"
"019761","0110","A"
"019762","0110","A"
"019763","0110","A"
"019764","0110","A"
"019765","0110","A"
"019766","0109","A"
"019767","0109","A"
"019768","0109","A"
"019918","0004","A"
"020002","0166","A"
"020003","0166","A"
"020004","0166","A"
"020005","0166","A"
"020006","0166","A"
"020007","0166","A"
"020008","0166","A"
"020009","0166","A"
"020010","0166","A"
"020011","0166","A"
"020012","0166","A"
"020013","0166","A"
"020014","0166","A"
"020015","0166","A"
"020016","0166","A"
"020017","0166","A"
"020018","0166","A"
"020019","0166","A"
"020020","0166","A"
"020021","0166","A"
"020022","0166","A"
"020023","0166","A"
"020024","0166","A"
"020025","0166","A"
"020026","0166","A"
"020028","0166","A"
"020029","0166","A"
"020030","0166","A"
"020031","0166","A"
"020033","0166","A"
"020034","0166","A"
"020035","0166","A"
"020036","0166","A"
"020037","0166","A"
"020039","0166","A"
"020040","0166","A"
"020041","0166","A"
"020042","0166","A"
"020043","0166","A"
"020044","0166","A"
"020045","0166","A"
"020047","0166","A"
"020048","0166","A"
"020049","0166","A"
"020052","0166","A"
"020053","0166","A"
"020432","0004","A"
"020055","0166","A"
"020056","0166","A"
"020057","0166","A"
"020058","0166","A"
"020059","0166","A"
"020060","0166","A"
"020061","0166","A"
"020064","0166","A"
"020065","0166","A"
"020067","0166","A"
"020068","0166","A"
"020069","0166","A"
"020070","0166","A"
"020071","0166","A"
"020072","0166","A"
"020073","0166","A"
"020074","0166","A"
"020076","0166","A"
"020077","0166","A"
"020078","0166","A"
"020079","0166","A"
"020080","0166","A"
"020081","0166","A"
"020082","0166","A"
"020084","0166","A"
"020085","0166","A"
"020086","0166","A"
"020087","0166","A"
"020088","0166","A"
"020089","0166","A"
"020090","0166","A"
"020091","0166","A"
"020092","0166","A"
"020093","0166","A"
"020094","0166","A"
"020095","0166","A"
"020096","0166","A"
"020097","0166","A"
"020098","0166","A"
"020099","0166","A"
"020100","0166","A"
"020101","0166","A"
"020102","0166","A"
"020103","0166","A"
"020104","0166","A"
"020105","0166","A"
"020106","0166","A"
"020108","0166","A"
"020109","0166","A"
"020110","0166","A"
"020111","0166","A"
"020112","0166","A"
"020113","0166","A"
"020114","0166","A"
"020115","0166","A"
"020119","0166","A"
"020120","0166","A"
"020121","0166","A"
"020122","0166","A"
"020123","0166","A"
"020124","0166","A"
"020125","0166","A"
"020127","0166","A"
"020128","0166","A"
"020130","0166","A"
"020131","0166","A"
"020132","0166","A"
"020133","0166","A"
"020134","0166","A"
"020135","0166","A"
"020136","0166","A"
"020137","0166","A"
"020138","0166","A"
"020139","0166","A"
"020140","0166","A"
"020141","0166","A"
"020142","0166","A"
"020143","0166","A"
"020144","0166","A"
"020145","0166","A"
"020146","0166","A"
"020147","0166","A"
"020149","0166","A"
"020150","0166","A"
"020151","0166","A"
"020152","0166","A"
"020153","0166","A"
"020154","0166","A"
"020155","0166","A"
"020156","0166","A"
"020157","0166","A"
"020158","0166","A"
"020159","0166","A"
"020489","0163","A"
"020161","0166","A"
"020162","0166","A"
"020163","0166","A"
"020164","0166","A"
"020165","0166","A"
"020166","0166","A"
"020167","0166","A"
"020168","0166","A"
"020169","0166","A"
"020170","0166","A"
"020171","0166","A"
"020172","0166","A"
"020173","0166","A"
"020174","0166","A"
"020176","0166","A"
"020177","0166","A"
"020178","0166","A"
"020179","0166","A"
"020180","0166","A"
"020181","0166","A"
"020182","0166","A"
"020183","0166","A"
"020184","0166","A"
"020185","0166","A"
"020186","0166","A"
"020187","0166","A"
"020188","0166","A"
"020189","0166","A"
"020190","0166","A"
"020191","0166","A"
"020192","0166","A"
"020193","0166","A"
"020194","0166","A"
"020195","0166","A"
"020196","0166","A"
"020198","0166","A"
"020199","0166","A"
"020201","0166","A"
"020202","0166","A"
"020205","0166","A"
"020206","0166","A"
"020207","0166","A"
"020208","0166","A"
"020209","0166","A"
"020210","0166","A"
"020211","0166","A"
"020212","0166","A"
"020213","0166","A"
"020214","0166","A"
"020215","0166","A"
"020216","0166","A"
"020217","0166","A"
"020218","0166","A"
"020219","0166","A"
"020220","0166","A"
"020222","0166","A"
"020224","0166","A"
"020487","0163","A"
"020226","0166","A"
"020227","0166","A"
"020228","0166","A"
"020230","0166","A"
"020231","0166","A"
"020232","0166","A"
"020233","0166","A"
"020234","0166","A"
"020494","0163","A"
"020499","0163","A"
"020507","0163","A"
"020510","0163","A"
"020512","0163","A"
"020520","0163","A"
"020533","0163","A"
"020536","0163","A"
"020539","0163","A"
"020542","0163","A"
"020555","0163","A"
"020558","0163","A"
"020563","0163","A"
"020593","0163","A"
"020596","0163","A"
"020609","0163","A"
"020612","0163","A"
"020630","0163","A"
"020633","0163","A"
"020636","0163","A"
"020640","0004","A"
"012261","0178","A"
"012263","0178","A"
"012266","0178","A"
"012267","0178","A"
"012268","0178","A"
"012269","0178","A"
"012287","0178","A"
"012288","0178","A"
"012300","0178","A"
"012303","0178","A"
"012304","0178","A"
"012305","0178","A"
"012306","0178","A"
"012307","0178","A"
"012311","0178","A"
"012315","0178","A"
"012316","0178","A"
"012319","0178","A"
"012323","0178","A"
"012325","0178","A"
"012327","0178","A"
"012329","0178","A"
"012330","0178","A"
"012337","0178","A"
"012338","0178","A"
"012343","0178","A"
"012344","0178","A"
"012349","0178","A"
"012359","0178","A"
"012363","0178","A"
"012396","0178","A"
"012405","0178","A"
"012420","0178","A"
"012702","0178","A"
"012703","0178","A"
"012707","0178","A"
"012709","0178","A"
"012710","0178","A"
"012711","0178","A"
"012712","0178","A"
"012713","0178","A"
"012714","0178","A"
"012715","0178","A"
"012716","0178","A"
"012717","0178","A"
"012718","0178","A"
"012719","0178","A"
"012720","0178","A"
"012721","0178","A"
"012722","0178","A"
"012723","0178","A"
"012724","0178","A"
"012725","0178","A"
"012726","0178","A"
"012728","0178","A"
"012730","0178","A"
"012731","0178","A"
"012732","0178","A"
"012733","0178","A"
"012734","0178","A"
"012735","0178","A"
"012736","0178","A"
"012737","0178","A"
"012738","0178","A"
"012739","0178","A"
"012740","0178","A"
"012741","0178","A"
"012742","0178","A"
"012743","0178","A"
"012744","0178","A"
"007881","0005","A"
"007882","0005","A"
"007883","0005","A"
"007884","0005","A"
"007885","0005","A"
"007886","0005","A"
"007887","0005","A"
"007888","0005","A"
"007889","0005","A"
"007890","0005","A"
"007891","0005","A"
"007892","0005","A"
"007893","0005","A"
"007894","0005","A"
"007895","0005","A"
"007896","0005","A"
"007897","0005","A"
"007898","0005","A"
"007899","0005","A"
"007900","0005","A"
"007901","0005","A"
"007902","0005","A"
"007903","0005","A"
"007904","0005","A"
"007905","0005","A"
"007906","0005","A"
"007907","0005","A"
"007908","0005","A"
"007909","0005","A"
"007910","0005","A"
"007911","0005","A"
"007912","0005","A"
"007913","0005","A"
"007914","0005","A"
"007915","0005","A"
"007916","0005","A"
"007917","0005","A"
"007918","0005","A"
"007919","0005","A"
"007920","0005","A"
"007921","0005","A"
"007922","0005","A"
"007923","0005","A"
"007924","0005","A"
"007925","0005","A"
"007926","0005","A"
"007927","0005","A"
"007928","0005","A"
"007929","0005","A"
"007930","0005","A"
"007931","0005","A"
"007932","0005","A"
"007933","0005","A"
"007934","0005","A"
"007935","0005","A"
"007936","0005","A"
"007937","0005","A"
"007938","0005","A"
"007939","0005","A"
"007940","0005","A"
"007941","0005","A"
"007942","0005","A"
"007943","0005","A"
"007944","0005","A"
"007945","0005","A"
"007946","0005","A"
"007947","0005","A"
"007948","0005","A"
"007949","0005","A"
"007950","0005","A"
"007951","0005","A"
"007952","0005","A"
"007953","0005","A"
"007954","0005","A"
"007955","0005","A"
"007956","0005","A"
"007957","0005","A"
"007958","0005","A"
"007959","0005","A"
"007960","0005","A"
"007961","0005","A"
"007962","0005","A"
"007963","0005","A"
"007964","0005","A"
"007965","0005","A"
"007966","0005","A"
"007967","0005","A"
"007968","0005","A"
"007969","0005","A"
"007970","0005","A"
"007971","0005","A"
"007972","0005","A"
"007973","0005","A"
"007974","0005","A"
"007975","0005","A"
"007976","0005","A"
"007977","0005","A"
"007978","0005","A"
"007979","0005","A"
"007980","0005","A"
"007981","0005","A"
"007982","0005","A"
"007983","0005","A"
"007984","0005","A"
"007985","0005","A"
"007986","0005","A"
"007987","0005","A"
"007988","0005","A"
"007989","0005","A"
"007990","0005","A"
"007991","0005","A"
"007992","0005","A"
"007993","0005","A"
"007994","0005","A"
"007995","0005","A"
"007996","0005","A"
"007997","0005","A"
"007998","0005","A"
"007999","0005","A"
"008000","0005","A"
"008001","0005","A"
"008002","0005","A"
"008003","0005","A"
"008004","0005","A"
"008005","0005","A"
"008006","0005","A"
"008007","0005","A"
"008008","0005","A"
"008009","0005","A"
"008010","0005","A"
"008011","0005","A"
"008012","0005","A"
"008013","0005","A"
"008014","0005","A"
"008015","0005","A"
"008016","0005","A"
"008017","0005","A"
"008018","0005","A"
"008019","0005","A"
"008020","0005","A"
"008021","0005","A"
"008022","0005","A"
"008023","0005","A"
"008024","0005","A"
"008025","0005","A"
"008026","0005","A"
"008027","0005","A"
"008028","0005","A"
"008029","0005","A"
"008030","0005","A"
"008031","0005","A"
"008032","0005","A"
"008033","0005","A"
"008034","0005","A"
"008035","0005","A"
"008036","0005","A"
"008037","0005","A"
"008038","0005","A"
"008039","0005","A"
"008040","0005","A"
"008041","0005","A"
"008042","0005","A"
"008043","0005","A"
"008044","0005","A"
"008045","0005","A"
"008046","0005","A"
"008047","0005","A"
"008048","0005","A"
"008049","0005","A"
"008050","0005","A"
"008051","0005","A"
"008052","0005","A"
"008053","0005","A"
"008054","0005","A"
"008055","0005","A"
"008056","0005","A"
"008057","0005","A"
"008058","0005","A"
"008059","0005","A"
"008060","0005","A"
"008061","0005","A"
"008062","0005","A"
"008063","0005","A"
"008064","0005","A"
"008065","0005","A"
"008066","0005","A"
"008067","0005","A"
"008068","0005","A"
"008069","0005","A"
"008070","0005","A"
"008071","0005","A"
"008072","0005","A"
"008073","0005","A"
"008074","0005","A"
"008075","0005","A"
"008076","0005","A"
"008077","0005","A"
"008078","0005","A"
"008079","0005","A"
"008080","0005","A"
"008081","0005","A"
"008082","0005","A"
"008083","0005","A"
"008084","0005","A"
"008085","0005","A"
"008086","0005","A"
"008087","0005","A"
"008088","0005","A"
"008089","0005","A"
"008090","0005","A"
"008091","0005","A"
"008092","0005","A"
"008093","0005","A"
"008094","0005","A"
"008095","0005","A"
"008096","0005","A"
"008097","0005","A"
"008098","0005","A"
"008099","0005","A"
"008100","0005","A"
"008101","0005","A"
"008102","0005","A"
"008103","0005","A"
"008104","0005","A"
"008105","0005","A"
"008106","0005","A"
"008107","0005","A"
"008108","0005","A"
"008109","0005","A"
"008110","0005","A"
"008111","0005","A"
"008112","0005","A"
"008113","0005","A"
"008114","0005","A"
"008115","0005","A"
"008116","0005","A"
"008117","0005","A"
"008118","0005","A"
"008119","0005","A"
"008120","0005","A"
"008121","0005","A"
"008122","0005","A"
"008123","0005","A"
"008124","0005","A"
"008125","0005","A"
"008126","0005","A"
"008127","0005","A"
"008128","0005","A"
"008129","0005","A"
"008130","0005","A"
"008131","0005","A"
"008132","0005","A"
"008133","0005","A"
"008134","0005","A"
"008135","0005","A"
"008136","0005","A"
"008137","0005","A"
"008138","0005","A"
"008139","0005","A"
"008140","0005","A"
"008141","0005","A"
"008142","0005","A"
"008143","0005","A"
"008144","0005","A"
"008145","0005","A"
"008146","0005","A"
"008147","0005","A"
"008148","0005","A"
"008149","0005","A"
"008150","0005","A"
"008151","0005","A"
"008152","0005","A"
"008153","0005","A"
"008154","0005","A"
"008155","0005","A"
"008156","0005","A"
"008157","0005","A"
"008158","0005","A"
"008159","0005","A"
"008160","0005","A"
"008161","0005","A"
"008162","0005","A"
"008163","0005","A"
"008164","0005","A"
"008165","0005","A"
"008166","0005","A"
"008167","0005","A"
"008168","0005","A"
"008169","0005","A"
"008170","0005","A"
"008171","0005","A"
"008172","0005","A"
"008173","0005","A"
"008174","0005","A"
"008175","0005","A"
"008176","0005","A"
"008177","0005","A"
"008178","0005","A"
"008179","0005","A"
"008180","0005","A"
"008181","0005","A"
"008182","0005","A"
"008183","0005","A"
"008184","0005","A"
"008185","0005","A"
"008186","0005","A"
"008187","0005","A"
"008188","0005","A"
"008189","0005","A"
"008190","0005","A"
"008191","0005","A"
"008192","0005","A"
"008193","0005","A"
"008194","0005","A"
"008195","0005","A"
"008196","0005","A"
"008197","0005","A"
"008198","0005","A"
"008199","0005","A"
"008200","0005","A"
"008201","0005","A"
"008202","0005","A"
"008203","0005","A"
"008204","0005","A"
"008205","0005","A"
"008206","0005","A"
"008207","0005","A"
"008208","0005","A"
"008209","0005","A"
"008210","0005","A"
"008211","0005","A"
"008212","0005","A"
"008213","0005","A"
"008214","0005","A"
"008215","0005","A"
"008216","0005","A"
"008217","0005","A"
"008218","0005","A"
"008219","0005","A"
"008220","0005","A"
"008221","0005","A"
"008222","0005","A"
"008223","0005","A"
"008224","0005","A"
"008225","0005","A"
"008226","0005","A"
"008227","0005","A"
"008228","0005","A"
"008229","0005","A"
"008230","0005","A"
"008231","0005","A"
"008232","0005","A"
"008233","0005","A"
"008234","0005","A"
"008235","0005","A"
"008236","0005","A"
"008237","0005","A"
"008238","0005","A"
"008239","0005","A"
"008240","0005","A"
"008241","0005","A"
"008242","0005","A"
"008243","0005","A"
"008244","0005","A"
"008245","0005","A"
"008246","0005","A"
"008247","0005","A"
"008248","0005","A"
"008249","0005","A"
"008250","0005","A"
"008251","0005","A"
"008252","0005","A"
"008253","0005","A"
"008254","0005","A"
"008255","0005","A"
"008256","0005","A"
"008257","0005","A"
"008258","0005","A"
"008259","0005","A"
"008260","0005","A"
"008261","0005","A"
"008262","0005","A"
"012638","0013","A"
"012639","0013","A"
"012640","0013","A"
"012641","0013","A"
"012642","0013","A"
"012643","0013","A"
"012644","0013","A"
"012645","0013","A"
"012646","0013","A"
"012647","0013","A"
"012648","0013","A"
"012649","0013","A"
"012650","0013","A"
"012651","0013","A"
"012652","0013","A"
"012653","0013","A"
"012654","0013","A"
"012655","0013","A"
"012656","0013","A"
"012657","0013","A"
"012658","0013","A"
"012659","0013","A"
"012660","0013","A"
"012661","0013","A"
"012662","0013","A"
"012663","0013","A"
"012664","0013","A"
"012665","0013","A"
"012666","0013","A"
"012667","0013","A"
"012668","0013","A"
"012669","0013","A"
"012670","0013","A"
"012671","0013","A"
"012672","0013","A"
"012673","0013","A"
"012674","0013","A"
"012675","0013","A"
"012676","0013","A"
"012677","0013","A"
"012678","0013","A"
"012679","0013","A"
"012680","0013","A"
"012681","0013","A"
"012682","0013","A"
"012683","0013","A"
"012684","0013","A"
"012685","0013","A"
"012686","0013","A"
"012687","0013","A"
"012688","0013","A"
"012689","0013","A"
"012690","0013","A"
"012691","0013","A"
"012692","0013","A"
"012693","0013","A"
"012694","0013","A"
"012695","0013","A"
"012696","0013","A"
"012697","0013","A"
"012698","0013","A"
"012700","0013","A"
"012701","0013","A"
"012702","0013","A"
"012703","0013","A"
"012704","0013","A"
"012705","0013","A"
"012706","0013","A"
"012707","0013","A"
"012708","0013","A"
"012709","0013","A"
"012710","0013","A"
"012711","0013","A"
"012712","0013","A"
"012713","0013","A"
"012714","0013","A"
"012715","0013","A"
"012716","0013","A"
"012717","0013","A"
"012718","0013","A"
"012719","0013","A"
"012720","0013","A"
"012721","0013","A"
"012722","0013","A"
"012723","0013","A"
"012724","0013","A"
"012725","0013","A"
"012726","0013","A"
"012727","0013","A"
"012728","0013","A"
"012729","0013","A"
"012730","0013","A"
"012731","0013","A"
"012732","0013","A"
"012733","0013","A"
"012734","0013","A"
"012735","0013","A"
"012736","0013","A"
"012737","0013","A"
"012738","0013","A"
"012739","0013","A"
"012740","0013","A"
"012741","0013","A"
"012742","0013","A"
"012743","0013","A"
"012744","0013","A"
"012745","0013","A"
"012746","0013","A"
"012747","0013","A"
"012748","0013","A"
"012749","0013","A"
"012750","0013","A"
"012751","0013","A"
"012752","0013","A"
"012753","0013","A"
"012754","0013","A"
"012755","0013","A"
"012756","0013","A"
"012757","0013","A"
"012758","0013","A"
"012759","0013","A"
"012760","0013","A"
"012761","0013","A"
"012762","0013","A"
"012763","0013","A"
"012764","0013","A"
"012765","0013","A"
"012766","0013","A"
"012767","0013","A"
"012768","0013","A"
"012769","0013","A"
"012770","0013","A"
"012771","0013","A"
"012772","0013","A"
"012773","0013","A"
"012774","0013","A"
"012775","0013","A"
"012776","0013","A"
"012777","0013","A"
"012778","0013","A"
"012779","0013","A"
"012780","0013","A"
"012781","0013","A"
"012782","0013","A"
"012783","0013","A"
"012784","0013","A"
"012785","0013","A"
"012786","0013","A"
"012787","0013","A"
"012788","0013","A"
"012789","0013","A"
"012790","0013","A"
"012791","0013","A"
"012792","0013","A"
"012793","0013","A"
"012794","0013","A"
"012795","0013","A"
"012796","0013","A"
"012797","0013","A"
"012798","0013","A"
"012799","0013","A"
"012800","0013","A"
"012801","0013","A"
"012802","0013","A"
"012803","0013","A"
"012804","0013","A"
"012805","0013","A"
"012806","0013","A"
"012807","0013","A"
"012808","0013","A"
"012809","0013","A"
"012810","0013","A"
"012811","0013","A"
"012812","0013","A"
"012813","0013","A"
"012814","0013","A"
"012815","0013","A"
"012816","0013","A"
"012817","0013","A"
"012818","0013","A"
"012819","0013","A"
"012820","0013","A"
"012821","0013","A"
"012822","0013","A"
"012823","0013","A"
"012824","0013","A"
"012825","0013","A"
"012826","0013","A"
"012827","0013","A"
"012828","0013","A"
"012829","0013","A"
"012830","0013","A"
"012831","0013","A"
"012832","0013","A"
"012833","0013","A"
"012834","0013","A"
"012835","0013","A"
"012836","0013","A"
"012837","0013","A"
"012838","0013","A"
"012839","0013","A"
"012840","0013","A"
"012841","0013","A"
"012842","0013","A"
"012843","0013","A"
"012844","0013","A"
"012845","0013","A"
"012846","0013","A"
"012847","0013","A"
"012848","0013","A"
"012849","0013","A"
"012850","0013","A"
"012851","0013","A"
"012852","0013","A"
"012853","0013","A"
"012854","0013","A"
"012855","0013","A"
"012856","0013","A"
"012857","0013","A"
"012858","0013","A"
"012859","0013","A"
"012860","0013","A"
"012861","0013","A"
"012862","0013","A"
"012863","0013","A"
"012864","0013","A"
"012865","0013","A"
"012866","0013","A"
"012867","0013","A"
"012868","0013","A"
"012869","0013","A"
"012870","0013","A"
"012871","0013","A"
"012872","0013","A"
"012873","0013","A"
"012874","0013","A"
"012875","0013","A"
"012876","0013","A"
"012877","0013","A"
"012878","0013","A"
"012879","0013","A"
"012880","0013","A"
"012881","0013","A"
"012882","0013","A"
"012883","0013","A"
"012884","0013","A"
"012885","0013","A"
"012886","0013","A"
"012887","0013","A"
"012888","0013","A"
"012889","0013","A"
"012890","0013","A"
"012891","0013","A"
"012892","0013","A"
"012893","0013","A"
"012894","0013","A"
"012895","0013","A"
"012896","0013","A"
"012897","0013","A"
"012898","0013","A"
"012899","0013","A"
"012900","0013","A"
"012901","0013","A"
"012902","0013","A"
"012903","0013","A"
"012904","0013","A"
"012905","0013","A"
"012906","0013","A"
"012907","0013","A"
"012908","0013","A"
"012909","0013","A"
"012910","0013","A"
"012911","0013","A"
"012912","0013","A"
"012913","0013","A"
"012914","0013","A"
"012915","0013","A"
"012916","0013","A"
"012917","0013","A"
"012918","0013","A"
"012919","0013","A"
"012921","0013","A"
"012922","0013","A"
"012923","0013","A"
"012924","0013","A"
"012925","0013","A"
"012926","0013","A"
"012929","0013","A"
"012930","0013","A"
"012931","0013","A"
"012932","0013","A"
"012933","0013","A"
"012934","0013","A"
"012935","0013","A"
"012936","0013","A"
"012937","0013","A"
"012938","0013","A"
"012939","0013","A"
"012940","0013","A"
"012941","0013","A"
"012942","0013","A"
"012943","0013","A"
"012944","0013","A"
"012945","0013","A"
"012946","0013","A"
"012947","0013","A"
"012948","0013","A"
"012949","0013","A"
"012950","0013","A"
"012951","0013","A"
"012952","0013","A"
"012953","0013","A"
"012954","0013","A"
"012955","0013","A"
"012956","0013","A"
"012957","0013","A"
"012958","0013","A"
"012959","0013","A"
"012960","0013","A"
"012961","0013","A"
"012962","0013","A"
"012963","0013","A"
"012964","0013","A"
"012965","0013","A"
"012966","0013","A"
"012967","0013","A"
"012968","0013","A"
"012969","0013","A"
"012970","0013","A"
"012971","0013","A"
"012972","0013","A"
"012973","0013","A"
"012974","0013","A"
"012975","0013","A"
"012976","0013","A"
"012977","0013","A"
"012978","0013","A"
"012979","0013","A"
"012980","0013","A"
"012981","0013","A"
"012982","0013","A"
"012983","0013","A"
"012984","0013","A"
"012985","0013","A"
"012986","0013","A"
"012987","0013","A"
"012988","0013","A"
"012989","0013","A"
"012990","0013","A"
"012991","0013","A"
"012992","0013","A"
"012993","0013","A"
"012994","0013","A"
"012995","0013","A"
"012996","0013","A"
"012997","0013","A"
"012998","0013","A"
"012999","0013","A"
"013000","0013","A"
"013001","0013","A"
"013002","0013","A"
"013003","0013","A"
"013004","0013","A"
"013005","0013","A"
"013006","0013","A"
"013007","0013","A"
"013008","0013","A"
"013009","0013","A"
"013010","0013","A"
"013011","0013","A"
"013012","0013","A"
"013013","0013","A"
"013014","0013","A"
"013015","0013","A"
"013016","0013","A"
"013017","0013","A"
"013018","0013","A"
"013019","0013","A"
"013020","0013","A"
"013021","0013","A"
"013022","0013","A"
"013023","0013","A"
"012745","0178","A"
"012746","0178","A"
"012747","0178","A"
"012748","0178","A"
"012750","0178","A"
"012752","0178","A"
"012753","0178","A"
"012754","0178","A"
"012755","0178","A"
"012756","0178","A"
"012757","0178","A"
"012758","0178","A"
"012759","0178","A"
"012760","0178","A"
"012761","0178","A"
"012762","0178","A"
"012763","0178","A"
"012764","0178","A"
"012765","0178","A"
"012766","0178","A"
"012767","0178","A"
"012768","0178","A"
"012769","0178","A"
"012772","0178","A"
"012773","0178","A"
"012774","0178","A"
"012776","0178","A"
"012777","0178","A"
"012778","0178","A"
"012779","0178","A"
"012780","0178","A"
"012782","0178","A"
"012784","0178","A"
"012785","0178","A"
"012786","0178","A"
"012787","0178","A"
"012788","0178","A"
"012789","0178","A"
"012790","0178","A"
"012791","0178","A"
"012792","0178","A"
"012794","0178","A"
"012795","0178","A"
"012796","0178","A"
"012797","0178","A"
"012798","0178","A"
"012799","0178","A"
"012800","0178","A"
"012801","0178","A"
"012802","0178","A"
"012803","0178","A"
"012804","0178","A"
"012805","0178","A"
"012807","0178","A"
"012808","0178","A"
"012811","0178","A"
"012812","0178","A"
"012813","0178","A"
"012814","0178","A"
"012815","0178","A"
"012816","0178","A"
"012817","0178","A"
"012818","0178","A"
"012819","0178","A"
"012821","0178","A"
"012822","0178","A"
"012823","0178","A"
"012825","0178","A"
"012826","0178","A"
"012828","0178","A"
"012829","0178","A"
"012831","0178","A"
"012832","0178","A"
"012833","0178","A"
"012834","0178","A"
"012835","0178","A"
"012836","0178","A"
"012837","0178","A"
"012838","0178","A"
"012839","0178","A"
"012840","0178","A"
"012841","0178","A"
"012842","0178","A"
"012844","0178","A"
"012845","0178","A"
"012846","0178","A"
"012847","0178","A"
"012848","0178","A"
"012849","0178","A"
"012850","0178","A"
"012851","0178","A"
"012852","0178","A"
"012853","0178","A"
"012854","0178","A"
"012855","0178","A"
"012856","0178","A"
"012857","0178","A"
"012858","0178","A"
"012859","0178","A"
"012860","0178","A"
"012861","0178","A"
"012862","0178","A"
"012863","0178","A"
"012864","0178","A"
"012865","0178","A"
"012866","0178","A"
"012867","0178","A"
"012869","0178","A"
"012871","0178","A"
"012872","0178","A"
"012873","0178","A"
"012874","0178","A"
"012875","0178","A"
"012876","0178","A"
"012877","0178","A"
"012878","0178","A"
"012879","0178","A"
"012880","0178","A"
"012881","0178","A"
"012882","0178","A"
"012883","0178","A"
"012884","0178","A"
"012887","0178","A"
"012890","0178","A"
"012891","0178","A"
"012892","0178","A"
"012894","0178","A"
"012895","0178","A"
"012897","0178","A"
"012898","0178","A"
"012899","0178","A"
"012900","0178","A"
"012902","0178","A"
"012903","0178","A"
"012904","0178","A"
"012905","0178","A"
"012906","0178","A"
"012907","0178","A"
"012908","0178","A"
"012909","0178","A"
"012910","0178","A"
"012911","0178","A"
"012913","0178","A"
"012914","0178","A"
"012915","0178","A"
"012916","0178","A"
"012917","0178","A"
"012918","0178","A"
"012919","0178","A"
"012921","0178","A"
"012922","0178","A"
"012923","0178","A"
"012924","0178","A"
"012925","0178","A"
"012926","0178","A"
"012929","0178","A"
"012931","0178","A"
"012932","0178","A"
"012933","0178","A"
"012934","0178","A"
"012935","0178","A"
"012936","0178","A"
"012937","0178","A"
"012938","0178","A"
"012939","0178","A"
"012940","0178","A"
"012941","0178","A"
"012942","0178","A"
"012943","0178","A"
"012944","0178","A"
"012945","0178","A"
"012946","0178","A"
"012947","0178","A"
"012948","0178","A"
"012949","0178","A"
"012950","0178","A"
"012952","0178","A"
"012955","0178","A"
"012956","0178","A"
"012957","0178","A"
"012958","0178","A"
"012959","0178","A"
"012960","0178","A"
"012961","0178","A"
"012963","0178","A"
"012964","0178","A"
"012965","0178","A"
"012966","0178","A"
"012967","0178","A"
"012968","0178","A"
"012969","0178","A"
"012970","0178","A"
"012972","0178","A"
"012973","0178","A"
"012974","0178","A"
"012975","0178","A"
"012977","0178","A"
"012978","0178","A"
"012979","0178","A"
"012980","0178","A"
"012981","0178","A"
"012983","0178","A"
"012984","0178","A"
"012985","0178","A"
"012986","0178","A"
"012987","0178","A"
"012988","0178","A"
"012990","0178","A"
"012991","0178","A"
"012993","0178","A"
"012994","0178","A"
"012995","0178","A"
"012997","0178","A"
"012998","0178","A"
"012999","0178","A"
"013000","0178","A"
"013001","0178","A"
"013003","0178","A"
"013004","0178","A"
"013005","0178","A"
"013008","0178","A"
"013010","0178","A"
"013012","0178","A"
"013013","0178","A"
"013014","0178","A"
"013015","0178","A"
"013016","0178","A"
"013017","0178","A"
"013018","0178","A"
"013019","0178","A"
"013020","0178","A"
"013021","0178","A"
"013023","0178","A"
"013024","0178","A"
"013025","0178","A"
"013027","0178","A"
"013028","0178","A"
"013030","0178","A"
"013031","0178","A"
"013032","0178","A"
"013034","0178","A"
"013035","0178","A"
"013036","0178","A"
"013037","0178","A"
"013038","0178","A"
"013039","0178","A"
"013040","0178","A"
"013041","0178","A"
"013042","0178","A"
"013043","0178","A"
"013044","0178","A"
"013045","0178","A"
"013046","0178","A"
"013047","0178","A"
"013049","0178","A"
"013050","0178","A"
"013051","0178","A"
"013052","0178","A"
"013053","0178","A"
"013054","0178","A"
"013055","0178","A"
"013056","0178","A"
"013057","0178","A"
"013059","0178","A"
"013060","0178","A"
"013062","0178","A"
"013063","0178","A"
"013064","0178","A"
"013065","0178","A"
"013066","0178","A"
"013067","0178","A"
"013068","0178","A"
"013069","0178","A"
"013070","0178","A"
"013071","0178","A"
"013072","0178","A"
"013073","0178","A"
"013074","0178","A"
"013075","0178","A"
"013076","0178","A"
"013077","0178","A"
"013078","0178","A"
"013079","0178","A"
"013080","0178","A"
"013081","0178","A"
"013082","0178","A"
"013083","0178","A"
"013084","0178","A"
"013085","0178","A"
"013086","0178","A"
"013087","0178","A"
"013088","0178","A"
"013090","0178","A"
"013092","0178","A"
"013093","0178","A"
"013094","0178","A"
"013095","0178","A"
"013096","0178","A"
"013097","0178","A"
"013100","0178","A"
"013101","0178","A"
"013102","0178","A"
"013105","0178","A"
"013106","0178","A"
"013107","0178","A"
"013108","0178","A"
"013109","0178","A"
"013110","0178","A"
"013111","0178","A"
"013113","0178","A"
"013114","0178","A"
"013115","0178","A"
"013117","0178","A"
"013118","0178","A"
"013120","0178","A"
"013121","0178","A"
"013122","0178","A"
"013123","0178","A"
"013124","0178","A"
"013125","0178","A"
"013126","0178","A"
"013127","0178","A"
"013128","0178","A"
"013129","0178","A"
"013130","0178","A"
"013131","0178","A"
"013132","0178","A"
"013133","0178","A"
"013134","0178","A"
"013135","0178","A"
"013136","0178","A"
"013137","0178","A"
"013138","0178","A"
"013139","0178","A"
"013141","0178","A"
"013142","0178","A"
"013143","0178","A"
"013144","0178","A"
"013148","0178","A"
"013149","0178","A"
"013150","0178","A"
"013152","0178","A"
"013153","0178","A"
"013155","0178","A"
"013156","0178","A"
"013157","0178","A"
"013159","0178","A"
"013160","0178","A"
"013162","0178","A"
"013163","0178","A"
"013164","0178","A"
"013165","0178","A"
"013166","0178","A"
"013167","0178","A"
"013168","0178","A"
"013169","0178","A"
"013170","0178","A"
"013171","0178","A"
"013172","0178","A"
"013174","0178","A"
"013175","0178","A"
"013176","0178","A"
"013177","0178","A"
"013178","0178","A"
"013179","0178","A"
"013180","0178","A"
"013181","0178","A"
"013182","0178","A"
"013183","0178","A"
"013184","0178","A"
"013185","0178","A"
"013186","0178","A"
"013187","0178","A"
"013188","0178","A"
"013189","0178","A"
"008263","0005","A"
"008264","0005","A"
"008265","0005","A"
"008266","0005","A"
"008267","0005","A"
"008268","0005","A"
"008269","0005","A"
"008270","0005","A"
"008271","0005","A"
"008272","0005","A"
"008273","0005","A"
"008274","0005","A"
"008275","0005","A"
"008276","0005","A"
"008277","0005","A"
"008278","0005","A"
"008279","0005","A"
"008280","0005","A"
"008281","0005","A"
"008282","0005","A"
"008283","0005","A"
"008284","0005","A"
"008285","0005","A"
"008286","0005","A"
"008287","0005","A"
"008288","0005","A"
"008289","0005","A"
"008290","0005","A"
"008291","0005","A"
"008292","0005","A"
"008293","0005","A"
"008294","0005","A"
"008295","0005","A"
"008296","0005","A"
"008297","0005","A"
"008298","0005","A"
"008299","0005","A"
"008300","0005","A"
"008301","0005","A"
"008302","0005","A"
"008303","0005","A"
"008304","0005","A"
"008305","0005","A"
"008306","0005","A"
"008307","0005","A"
"008308","0005","A"
"008310","0005","A"
"008311","0005","A"
"008312","0005","A"
"008313","0005","A"
"008314","0005","A"
"008315","0005","A"
"008316","0005","A"
"008317","0005","A"
"008318","0005","A"
"008319","0005","A"
"008320","0005","A"
"008321","0005","A"
"008322","0005","A"
"008323","0005","A"
"008324","0005","A"
"008325","0005","A"
"008326","0005","A"
"008327","0005","A"
"008328","0005","A"
"008329","0005","A"
"008330","0005","A"
"008331","0005","A"
"008332","0005","A"
"008333","0005","A"
"008334","0005","A"
"008335","0005","A"
"008336","0005","A"
"008337","0005","A"
"008338","0005","A"
"008339","0005","A"
"008340","0005","A"
"008341","0005","A"
"008342","0005","A"
"008343","0005","A"
"008344","0005","A"
"008345","0005","A"
"008346","0005","A"
"008347","0005","A"
"008348","0005","A"
"008349","0005","A"
"008350","0005","A"
"008351","0005","A"
"008352","0005","A"
"008353","0005","A"
"008354","0005","A"
"008355","0005","A"
"008356","0005","A"
"008357","0005","A"
"008358","0005","A"
"008359","0005","A"
"008360","0005","A"
"008361","0005","A"
"008362","0005","A"
"008363","0005","A"
"008364","0005","A"
"008365","0005","A"
"008366","0005","A"
"008367","0005","A"
"008368","0005","A"
"008369","0005","A"
"008370","0005","A"
"008371","0005","A"
"008372","0005","A"
"008373","0005","A"
"008374","0005","A"
"008375","0005","A"
"008376","0005","A"
"008377","0005","A"
"008378","0005","A"
"008379","0005","A"
"008380","0005","A"
"008381","0005","A"
"008382","0005","A"
"008383","0005","A"
"008384","0005","A"
"008385","0005","A"
"008386","0005","A"
"008387","0005","A"
"008388","0005","A"
"008389","0005","A"
"008390","0005","A"
"008391","0005","A"
"008392","0005","A"
"008393","0005","A"
"008394","0005","A"
"008395","0005","A"
"008396","0005","A"
"008397","0005","A"
"008398","0005","A"
"008399","0005","A"
"008400","0005","A"
"008401","0005","A"
"008402","0005","A"
"008403","0005","A"
"008404","0005","A"
"008405","0005","A"
"008406","0005","A"
"008407","0005","A"
"008408","0005","A"
"008409","0005","A"
"008410","0005","A"
"008411","0005","A"
"008412","0005","A"
"008413","0005","A"
"008414","0005","A"
"008415","0005","A"
"008416","0005","A"
"008417","0005","A"
"008418","0005","A"
"008419","0005","A"
"008420","0005","A"
"008421","0005","A"
"008422","0005","A"
"008423","0005","A"
"008424","0005","A"
"008425","0005","A"
"008426","0005","A"
"008427","0005","A"
"008428","0005","A"
"008429","0005","A"
"008430","0005","A"
"008431","0005","A"
"008432","0005","A"
"008433","0005","A"
"008434","0005","A"
"008435","0005","A"
"008436","0005","A"
"008437","0005","A"
"008438","0005","A"
"008439","0005","A"
"008440","0005","A"
"008441","0005","A"
"008442","0005","A"
"008443","0005","A"
"008444","0005","A"
"008445","0005","A"
"008446","0005","A"
"008447","0005","A"
"008448","0005","A"
"008449","0005","A"
"008450","0005","A"
"008451","0005","A"
"008452","0005","A"
"008453","0005","A"
"008454","0005","A"
"008455","0005","A"
"008456","0005","A"
"008457","0005","A"
"008458","0005","A"
"008459","0005","A"
"008460","0005","A"
"008461","0005","A"
"008462","0005","A"
"008463","0005","A"
"008464","0005","A"
"008465","0005","A"
"008466","0005","A"
"008467","0005","A"
"008468","0005","A"
"008469","0005","A"
"008470","0005","A"
"008471","0005","A"
"008472","0005","A"
"008473","0005","A"
"008474","0005","A"
"008475","0005","A"
"008476","0005","A"
"008477","0005","A"
"008478","0005","A"
"008479","0005","A"
"008480","0005","A"
"008481","0005","A"
"008482","0005","A"
"008483","0005","A"
"008484","0005","A"
"008485","0005","A"
"008486","0005","A"
"008487","0005","A"
"008488","0005","A"
"008489","0005","A"
"008490","0005","A"
"008491","0005","A"
"008492","0005","A"
"008493","0005","A"
"008494","0005","A"
"008495","0005","A"
"008496","0005","A"
"008497","0005","A"
"008498","0005","A"
"008499","0005","A"
"008500","0005","A"
"008501","0005","A"
"008502","0005","A"
"008503","0005","A"
"008504","0005","A"
"008505","0005","A"
"008506","0005","A"
"008507","0005","A"
"008508","0005","A"
"008509","0005","A"
"008510","0005","A"
"008511","0005","A"
"008512","0005","A"
"008513","0005","A"
"008514","0005","A"
"008515","0005","A"
"008516","0005","A"
"008517","0005","A"
"008518","0005","A"
"008519","0005","A"
"008520","0005","A"
"008521","0005","A"
"008522","0005","A"
"008523","0005","A"
"008524","0005","A"
"008525","0005","A"
"008526","0005","A"
"008527","0005","A"
"008528","0005","A"
"008529","0005","A"
"008530","0005","A"
"008531","0005","A"
"008532","0005","A"
"008533","0005","A"
"008534","0005","A"
"008535","0005","A"
"008536","0005","A"
"008537","0005","A"
"008538","0005","A"
"008539","0005","A"
"008540","0005","A"
"008541","0005","A"
"008542","0005","A"
"008543","0005","A"
"008544","0005","A"
"008545","0005","A"
"008546","0005","A"
"008547","0005","A"
"008548","0005","A"
"008549","0005","A"
"008550","0005","A"
"008551","0005","A"
"008552","0005","A"
"008553","0005","A"
"008554","0005","A"
"008555","0005","A"
"008556","0005","A"
"008557","0005","A"
"008558","0005","A"
"008559","0005","A"
"008560","0005","A"
"008561","0005","A"
"008562","0005","A"
"008563","0005","A"
"008564","0005","A"
"008565","0005","A"
"008566","0005","A"
"008567","0005","A"
"008568","0005","A"
"008569","0005","A"
"008570","0005","A"
"008571","0005","A"
"008572","0005","A"
"008573","0005","A"
"008574","0005","A"
"008575","0005","A"
"008576","0005","A"
"008577","0005","A"
"008578","0005","A"
"008579","0005","A"
"008580","0005","A"
"008581","0005","A"
"008582","0005","A"
"008583","0005","A"
"008584","0005","A"
"008585","0005","A"
"008586","0005","A"
"008587","0005","A"
"008588","0005","A"
"008589","0005","A"
"008590","0005","A"
"008591","0005","A"
"008592","0005","A"
"008593","0005","A"
"008594","0005","A"
"008595","0005","A"
"008596","0005","A"
"008597","0005","A"
"008598","0005","A"
"008599","0005","A"
"008600","0005","A"
"008601","0005","A"
"008602","0005","A"
"008603","0005","A"
"008604","0005","A"
"008605","0005","A"
"008606","0005","A"
"008607","0005","A"
"008608","0005","A"
"008609","0005","A"
"008610","0005","A"
"008611","0005","A"
"008612","0005","A"
"008613","0005","A"
"008614","0005","A"
"008615","0005","A"
"008616","0005","A"
"008617","0005","A"
"008618","0005","A"
"008619","0005","A"
"008620","0005","A"
"008621","0005","A"
"008622","0005","A"
"008623","0005","A"
"008624","0005","A"
"008625","0005","A"
"008626","0005","A"
"008627","0005","A"
"008628","0005","A"
"008629","0005","A"
"008630","0005","A"
"008631","0005","A"
"008632","0005","A"
"008633","0005","A"
"008634","0005","A"
"008635","0005","A"
"008636","0005","A"
"008637","0005","A"
"008638","0005","A"
"008639","0005","A"
"008640","0005","A"
"008641","0005","A"
"008642","0005","A"
"008643","0005","A"
"008644","0005","A"
"013024","0013","A"
"013025","0013","A"
"013026","0013","A"
"013027","0013","A"
"013028","0013","A"
"013029","0013","A"
"013030","0013","A"
"013031","0013","A"
"013032","0013","A"
"013033","0013","A"
"013034","0013","A"
"013035","0013","A"
"013036","0013","A"
"013037","0013","A"
"013038","0013","A"
"013039","0013","A"
"013040","0013","A"
"013041","0013","A"
"013042","0013","A"
"013043","0013","A"
"013044","0013","A"
"013045","0013","A"
"013046","0013","A"
"013047","0013","A"
"013048","0013","A"
"013049","0013","A"
"013050","0013","A"
"013051","0013","A"
"013052","0013","A"
"013053","0013","A"
"013054","0013","A"
"013055","0013","A"
"013056","0013","A"
"013057","0013","A"
"013058","0013","A"
"013059","0013","A"
"013060","0013","A"
"013061","0013","A"
"013062","0013","A"
"013063","0013","A"
"013064","0013","A"
"013065","0013","A"
"013066","0013","A"
"013067","0013","A"
"013068","0013","A"
"013069","0013","A"
"013070","0013","A"
"013071","0013","A"
"013072","0013","A"
"013073","0013","A"
"013074","0013","A"
"013075","0013","A"
"013076","0013","A"
"013077","0013","A"
"013078","0013","A"
"013079","0013","A"
"013080","0013","A"
"013081","0013","A"
"013082","0013","A"
"013083","0013","A"
"013084","0013","A"
"013085","0013","A"
"013086","0013","A"
"013087","0013","A"
"013088","0013","A"
"013089","0013","A"
"013090","0013","A"
"013091","0013","A"
"013092","0013","A"
"013093","0013","A"
"013094","0013","A"
"013095","0013","A"
"013096","0013","A"
"013097","0013","A"
"013098","0013","A"
"013099","0013","A"
"013100","0013","A"
"013101","0013","A"
"013102","0013","A"
"013103","0013","A"
"013104","0013","A"
"013105","0013","A"
"013106","0013","A"
"013107","0013","A"
"013108","0013","A"
"013109","0013","A"
"013110","0013","A"
"013111","0013","A"
"013112","0013","A"
"013113","0013","A"
"013114","0013","A"
"013115","0013","A"
"013116","0013","A"
"013117","0013","A"
"013118","0013","A"
"013119","0013","A"
"013120","0013","A"
"013121","0013","A"
"013122","0013","A"
"013123","0013","A"
"013124","0013","A"
"013125","0013","A"
"013126","0013","A"
"013127","0013","A"
"013128","0013","A"
"013129","0013","A"
"013130","0013","A"
"013131","0013","A"
"013132","0013","A"
"013133","0013","A"
"013134","0013","A"
"013135","0013","A"
"013136","0013","A"
"013137","0013","A"
"013138","0013","A"
"013139","0013","A"
"013140","0013","A"
"013141","0013","A"
"013142","0013","A"
"013143","0013","A"
"013144","0013","A"
"013145","0013","A"
"013146","0013","A"
"013147","0013","A"
"013148","0013","A"
"013149","0013","A"
"013150","0013","A"
"013151","0013","A"
"013152","0013","A"
"013153","0013","A"
"013154","0013","A"
"013155","0013","A"
"013156","0013","A"
"013157","0013","A"
"013158","0013","A"
"013159","0013","A"
"013160","0013","A"
"013161","0013","A"
"013162","0013","A"
"013163","0013","A"
"013164","0013","A"
"013165","0013","A"
"013166","0013","A"
"013167","0013","A"
"013168","0013","A"
"013169","0013","A"
"013170","0013","A"
"013171","0013","A"
"013172","0013","A"
"013173","0013","A"
"013174","0013","A"
"013175","0013","A"
"013176","0013","A"
"013177","0013","A"
"013178","0013","A"
"013179","0013","A"
"013180","0013","A"
"013181","0013","A"
"013182","0013","A"
"013183","0013","A"
"013184","0013","A"
"013185","0013","A"
"013186","0013","A"
"013187","0013","A"
"013188","0013","A"
"013189","0013","A"
"013190","0013","A"
"013191","0013","A"
"013192","0013","A"
"013193","0013","A"
"013194","0013","A"
"013195","0013","A"
"013196","0013","A"
"013197","0013","A"
"013198","0013","A"
"013199","0013","A"
"013200","0013","A"
"013201","0013","A"
"013202","0013","A"
"013203","0013","A"
"013204","0013","A"
"013205","0013","A"
"013206","0013","A"
"013207","0013","A"
"013208","0013","A"
"013209","0013","A"
"013210","0013","A"
"013211","0013","A"
"013212","0013","A"
"013213","0013","A"
"013214","0013","A"
"013215","0013","A"
"013216","0013","A"
"013217","0013","A"
"013218","0013","A"
"013219","0013","A"
"013220","0013","A"
"013221","0013","A"
"013222","0013","A"
"013223","0013","A"
"013224","0013","A"
"013225","0013","A"
"013226","0013","A"
"013227","0013","A"
"013228","0013","A"
"013229","0013","A"
"013230","0013","A"
"013231","0013","A"
"013232","0013","A"
"013233","0013","A"
"013234","0013","A"
"013235","0013","A"
"013236","0013","A"
"013237","0013","A"
"013238","0013","A"
"013239","0013","A"
"013240","0013","A"
"013241","0013","A"
"013242","0013","A"
"013243","0013","A"
"013244","0013","A"
"013245","0013","A"
"013246","0013","A"
"013247","0013","A"
"013248","0013","A"
"013249","0013","A"
"013250","0013","A"
"013251","0013","A"
"013252","0013","A"
"013253","0013","A"
"013254","0013","A"
"013255","0013","A"
"013256","0013","A"
"013257","0013","A"
"013258","0013","A"
"013259","0013","A"
"013260","0013","A"
"013261","0013","A"
"013262","0013","A"
"013263","0013","A"
"013264","0013","A"
"013265","0013","A"
"013266","0013","A"
"013267","0013","A"
"013268","0013","A"
"013269","0013","A"
"013270","0013","A"
"013271","0013","A"
"013272","0013","A"
"013273","0013","A"
"013274","0013","A"
"013275","0013","A"
"013276","0013","A"
"013277","0013","A"
"013278","0013","A"
"013279","0013","A"
"013280","0013","A"
"013281","0013","A"
"013282","0013","A"
"013283","0013","A"
"013284","0013","A"
"013285","0013","A"
"013286","0013","A"
"013287","0013","A"
"013288","0013","A"
"013289","0013","A"
"013290","0013","A"
"013291","0013","A"
"013292","0013","A"
"013293","0013","A"
"013294","0013","A"
"013295","0013","A"
"013296","0013","A"
"013297","0013","A"
"013298","0013","A"
"013299","0013","A"
"013300","0013","A"
"013301","0013","A"
"013302","0013","A"
"013303","0013","A"
"013304","0013","A"
"013305","0013","A"
"013306","0013","A"
"013307","0013","A"
"013308","0013","A"
"013309","0013","A"
"013310","0013","A"
"013311","0013","A"
"013312","0013","A"
"013313","0013","A"
"013314","0013","A"
"013315","0013","A"
"013316","0013","A"
"013317","0013","A"
"013318","0013","A"
"013319","0013","A"
"013320","0013","A"
"013321","0013","A"
"013322","0013","A"
"013323","0013","A"
"013324","0013","A"
"013325","0013","A"
"013326","0013","A"
"013327","0013","A"
"013328","0013","A"
"013329","0013","A"
"013330","0013","A"
"013331","0013","A"
"013332","0013","A"
"013333","0013","A"
"013334","0013","A"
"013335","0013","A"
"013336","0013","A"
"013337","0013","A"
"013338","0013","A"
"013339","0013","A"
"013340","0013","A"
"013341","0013","A"
"013342","0013","A"
"013343","0013","A"
"013344","0013","A"
"013345","0013","A"
"013346","0013","A"
"013347","0013","A"
"013348","0013","A"
"013349","0013","A"
"013350","0013","A"
"013351","0013","A"
"013352","0013","A"
"013353","0013","A"
"013354","0013","A"
"013355","0013","A"
"013356","0013","A"
"013357","0013","A"
"013358","0013","A"
"013359","0013","A"
"013360","0013","A"
"013361","0013","A"
"013362","0013","A"
"013363","0013","A"
"013364","0013","A"
"013365","0013","A"
"013366","0013","A"
"013367","0013","A"
"013368","0013","A"
"013369","0013","A"
"013370","0013","A"
"013371","0013","A"
"013372","0013","A"
"013373","0013","A"
"013374","0013","A"
"013375","0013","A"
"013376","0013","A"
"013377","0013","A"
"013378","0013","A"
"013379","0013","A"
"013380","0013","A"
"013381","0013","A"
"013382","0013","A"
"013383","0013","A"
"013384","0013","A"
"013385","0013","A"
"013386","0013","A"
"013387","0013","A"
"013388","0013","A"
"013389","0013","A"
"013390","0013","A"
"013391","0013","A"
"013392","0013","A"
"013393","0013","A"
"013394","0013","A"
"013395","0013","A"
"013396","0013","A"
"013397","0013","A"
"013398","0013","A"
"013399","0013","A"
"013400","0013","A"
"013401","0013","A"
"013402","0013","A"
"013403","0013","A"
"013404","0013","A"
"013405","0013","A"
"013190","0178","A"
"013191","0178","A"
"013192","0178","A"
"013193","0178","A"
"013194","0178","A"
"013196","0178","A"
"013198","0178","A"
"013199","0178","A"
"013200","0178","A"
"013202","0178","A"
"013203","0178","A"
"013204","0178","A"
"013206","0178","A"
"013207","0178","A"
"013208","0178","A"
"013210","0178","A"
"013211","0178","A"
"013213","0178","A"
"013214","0178","A"
"013216","0178","A"
"013217","0178","A"
"013219","0178","A"
"013220","0178","A"
"013221","0178","A"
"013222","0178","A"
"013223","0178","A"
"013224","0178","A"
"013225","0178","A"
"013226","0178","A"
"013227","0178","A"
"013228","0178","A"
"013229","0178","A"
"013230","0178","A"
"013231","0178","A"
"013232","0178","A"
"013233","0178","A"
"013234","0178","A"
"013235","0178","A"
"013236","0178","A"
"013239","0178","A"
"013240","0178","A"
"013241","0178","A"
"013242","0178","A"
"013243","0178","A"
"013244","0178","A"
"013246","0178","A"
"013247","0178","A"
"013250","0178","A"
"013251","0178","A"
"013252","0178","A"
"013253","0178","A"
"013254","0178","A"
"013255","0178","A"
"013256","0178","A"
"013257","0178","A"
"013259","0178","A"
"013260","0178","A"
"013262","0178","A"
"013263","0178","A"
"013264","0178","A"
"013266","0178","A"
"013267","0178","A"
"013270","0178","A"
"013272","0178","A"
"013274","0178","A"
"013275","0178","A"
"013277","0178","A"
"013278","0178","A"
"013279","0178","A"
"013282","0178","A"
"013283","0178","A"
"013286","0178","A"
"013287","0178","A"
"013288","0178","A"
"013289","0178","A"
"013290","0178","A"
"013291","0178","A"
"013292","0178","A"
"013293","0178","A"
"013294","0178","A"
"013295","0178","A"
"013296","0178","A"
"013297","0178","A"
"013298","0178","A"
"013300","0178","A"
"013301","0178","A"
"013302","0178","A"
"013303","0178","A"
"013304","0178","A"
"013305","0178","A"
"013306","0178","A"
"013307","0178","A"
"013308","0178","A"
"013309","0178","A"
"013310","0178","A"
"013312","0178","A"
"013313","0178","A"
"013314","0178","A"
"013315","0178","A"
"013316","0178","A"
"013317","0178","A"
"013318","0178","A"
"013319","0178","A"
"013320","0178","A"
"013321","0178","A"
"013322","0178","A"
"013323","0178","A"
"013324","0178","A"
"013325","0178","A"
"013326","0178","A"
"013327","0178","A"
"013330","0178","A"
"013331","0178","A"
"013332","0178","A"
"013333","0178","A"
"013334","0178","A"
"013337","0178","A"
"013338","0178","A"
"013339","0178","A"
"013340","0178","A"
"013341","0178","A"
"013343","0178","A"
"013345","0178","A"
"013346","0178","A"
"013347","0178","A"
"013348","0178","A"
"013349","0178","A"
"013350","0178","A"
"013351","0178","A"
"013352","0178","A"
"013353","0178","A"
"013354","0178","A"
"013355","0178","A"
"013356","0178","A"
"013357","0178","A"
"013358","0178","A"
"013359","0178","A"
"013360","0178","A"
"013361","0178","A"
"013362","0178","A"
"013363","0178","A"
"013364","0178","A"
"013365","0178","A"
"013366","0178","A"
"013367","0178","A"
"013368","0178","A"
"013369","0178","A"
"013370","0178","A"
"013371","0178","A"
"013372","0178","A"
"013375","0178","A"
"013376","0178","A"
"013378","0178","A"
"013379","0178","A"
"013380","0178","A"
"013381","0178","A"
"013382","0178","A"
"013383","0178","A"
"013384","0178","A"
"013385","0178","A"
"013386","0178","A"
"013387","0178","A"
"013388","0178","A"
"013389","0178","A"
"013390","0178","A"
"013391","0178","A"
"013392","0178","A"
"013393","0178","A"
"013394","0178","A"
"013395","0178","A"
"013396","0178","A"
"013397","0178","A"
"013398","0178","A"
"013399","0178","A"
"013400","0178","A"
"013401","0178","A"
"013402","0178","A"
"013403","0178","A"
"013405","0178","A"
"013407","0178","A"
"013408","0178","A"
"013409","0178","A"
"013411","0178","A"
"013412","0178","A"
"013413","0178","A"
"013414","0178","A"
"013415","0178","A"
"013416","0178","A"
"013417","0178","A"
"013418","0178","A"
"013419","0178","A"
"013420","0178","A"
"013421","0178","A"
"013422","0178","A"
"013423","0178","A"
"013424","0178","A"
"013425","0178","A"
"013427","0178","A"
"013429","0178","A"
"013430","0178","A"
"013431","0178","A"
"013432","0178","A"
"013434","0178","A"
"013435","0178","A"
"013437","0178","A"
"013438","0178","A"
"013439","0178","A"
"013440","0178","A"
"013441","0178","A"
"013442","0178","A"
"013443","0178","A"
"013444","0178","A"
"013445","0178","A"
"013446","0178","A"
"013448","0178","A"
"013449","0178","A"
"013450","0178","A"
"013451","0178","A"
"013452","0178","A"
"013453","0178","A"
"013454","0178","A"
"013455","0178","A"
"013456","0178","A"
"013457","0178","A"
"013458","0178","A"
"013459","0178","A"
"013460","0178","A"
"013461","0178","A"
"013462","0178","A"
"013463","0178","A"
"013464","0178","A"
"013465","0178","A"
"013466","0178","A"
"013467","0178","A"
"013468","0178","A"
"013469","0178","A"
"013471","0178","A"
"013473","0178","A"
"013474","0178","A"
"013476","0178","A"
"013477","0178","A"
"013479","0178","A"
"013480","0178","A"
"013481","0178","A"
"013482","0178","A"
"013483","0178","A"
"013484","0178","A"
"013485","0178","A"
"013486","0178","A"
"013487","0178","A"
"013488","0178","A"
"013489","0178","A"
"013490","0178","A"
"013491","0178","A"
"013492","0178","A"
"013493","0178","A"
"013495","0178","A"
"013496","0178","A"
"013497","0178","A"
"013498","0178","A"
"013499","0178","A"
"013500","0178","A"
"013501","0178","A"
"013502","0178","A"
"013503","0178","A"
"013504","0178","A"
"013505","0178","A"
"013506","0178","A"
"013507","0178","A"
"013508","0178","A"
"013511","0178","A"
"013512","0178","A"
"013513","0178","A"
"013514","0178","A"
"013515","0178","A"
"013516","0178","A"
"013517","0178","A"
"013518","0178","A"
"013519","0178","A"
"013520","0178","A"
"013521","0178","A"
"013522","0178","A"
"013523","0178","A"
"013524","0178","A"
"013525","0178","A"
"013526","0178","A"
"013527","0178","A"
"013528","0178","A"
"013529","0178","A"
"013530","0178","A"
"013531","0178","A"
"013532","0178","A"
"013534","0178","A"
"013535","0178","A"
"013536","0178","A"
"013537","0178","A"
"013538","0178","A"
"013539","0178","A"
"013540","0178","A"
"013541","0178","A"
"013542","0178","A"
"013543","0178","A"
"013544","0178","A"
"013545","0178","A"
"013546","0178","A"
"013547","0178","A"
"013548","0178","A"
"013550","0178","A"
"013551","0178","A"
"013552","0178","A"
"013553","0178","A"
"013554","0178","A"
"013555","0178","A"
"013556","0178","A"
"013557","0178","A"
"013558","0178","A"
"013559","0178","A"
"013560","0178","A"
"013561","0178","A"
"013562","0178","A"
"013564","0178","A"
"013565","0178","A"
"013566","0178","A"
"013567","0178","A"
"013568","0178","A"
"013569","0178","A"
"013570","0178","A"
"013571","0178","A"
"013572","0178","A"
"013573","0178","A"
"013574","0178","A"
"013575","0178","A"
"013576","0178","A"
"013577","0178","A"
"013578","0178","A"
"013579","0178","A"
"013580","0178","A"
"013581","0178","A"
"013582","0178","A"
"013583","0178","A"
"013584","0178","A"
"013585","0178","A"
"013586","0178","A"
"013588","0178","A"
"013589","0178","A"
"013590","0178","A"
"013591","0178","A"
"013592","0178","A"
"013593","0178","A"
"013594","0178","A"
"013595","0178","A"
"013596","0178","A"
"013597","0178","A"
"013599","0178","A"
"013600","0178","A"
"013601","0178","A"
"013602","0178","A"
"013603","0178","A"
"013606","0178","A"
"013607","0178","A"
"013608","0178","A"
"013609","0178","A"
"013610","0178","A"
"013611","0178","A"
"013612","0178","A"
"013613","0178","A"
"013614","0178","A"
"008645","0005","A"
"008646","0005","A"
"008647","0005","A"
"008648","0005","A"
"008649","0005","A"
"008650","0005","A"
"008651","0005","A"
"008652","0005","A"
"008653","0005","A"
"008654","0005","A"
"008655","0005","A"
"008656","0005","A"
"008657","0005","A"
"008658","0005","A"
"008659","0005","A"
"008660","0005","A"
"008661","0005","A"
"008662","0005","A"
"008663","0005","A"
"008664","0005","A"
"008665","0005","A"
"008666","0005","A"
"008667","0005","A"
"008668","0005","A"
"008669","0005","A"
"008670","0005","A"
"008671","0005","A"
"008672","0005","A"
"008673","0005","A"
"008674","0005","A"
"008675","0005","A"
"008676","0005","A"
"008677","0005","A"
"008678","0005","A"
"008679","0005","A"
"008680","0005","A"
"008681","0005","A"
"008682","0005","A"
"008683","0005","A"
"008684","0005","A"
"008685","0005","A"
"008686","0005","A"
"008687","0005","A"
"008688","0005","A"
"008689","0005","A"
"008690","0005","A"
"008691","0005","A"
"008692","0005","A"
"008693","0005","A"
"008694","0005","A"
"008695","0005","A"
"008696","0005","A"
"008697","0005","A"
"008698","0005","A"
"008699","0005","A"
"008700","0005","A"
"008701","0005","A"
"008702","0005","A"
"008703","0005","A"
"008704","0005","A"
"008705","0005","A"
"008706","0005","A"
"008707","0005","A"
"008708","0005","A"
"008709","0005","A"
"008710","0005","A"
"008711","0005","A"
"008712","0005","A"
"008713","0005","A"
"008714","0005","A"
"008715","0005","A"
"008716","0005","A"
"008717","0005","A"
"008718","0005","A"
"008719","0005","A"
"008720","0005","A"
"008721","0005","A"
"008722","0005","A"
"008723","0005","A"
"008724","0005","A"
"008725","0005","A"
"008726","0005","A"
"008727","0005","A"
"008728","0005","A"
"008729","0005","A"
"008730","0005","A"
"008731","0005","A"
"008732","0005","A"
"008733","0005","A"
"008734","0005","A"
"008735","0005","A"
"008736","0005","A"
"008737","0005","A"
"008738","0005","A"
"008739","0005","A"
"008740","0005","A"
"008741","0005","A"
"008742","0005","A"
"008743","0005","A"
"008744","0005","A"
"008745","0005","A"
"008746","0005","A"
"008747","0005","A"
"008748","0005","A"
"008749","0005","A"
"008750","0005","A"
"008751","0005","A"
"008752","0005","A"
"008753","0005","A"
"008754","0005","A"
"008755","0005","A"
"008756","0005","A"
"008757","0005","A"
"008758","0005","A"
"008759","0005","A"
"008760","0005","A"
"008761","0005","A"
"008762","0005","A"
"008763","0005","A"
"008764","0005","A"
"008765","0005","A"
"008766","0005","A"
"008767","0005","A"
"008768","0005","A"
"008769","0005","A"
"008770","0005","A"
"008771","0005","A"
"008772","0005","A"
"008773","0005","A"
"008774","0005","A"
"008775","0005","A"
"008776","0005","A"
"008777","0005","A"
"008778","0005","A"
"008779","0005","A"
"008780","0005","A"
"008781","0005","A"
"008782","0005","A"
"008783","0005","A"
"008784","0005","A"
"008785","0005","A"
"008786","0005","A"
"008787","0005","A"
"008788","0005","A"
"008789","0005","A"
"008790","0005","A"
"008791","0005","A"
"008792","0005","A"
"008793","0005","A"
"008794","0005","A"
"008795","0005","A"
"008796","0005","A"
"008797","0005","A"
"008798","0005","A"
"008799","0005","A"
"008800","0005","A"
"008801","0007","A"
"008802","0007","A"
"008803","0007","A"
"008804","0007","A"
"008805","0007","A"
"008806","0007","A"
"008807","0007","A"
"008808","0007","A"
"008809","0007","A"
"008810","0007","A"
"008811","0007","A"
"008812","0007","A"
"008813","0007","A"
"008814","0007","A"
"008815","0007","A"
"008816","0007","A"
"008817","0007","A"
"008818","0007","A"
"008819","0007","A"
"008820","0007","A"
"008821","0007","A"
"008822","0007","A"
"008823","0007","A"
"008824","0007","A"
"008825","0007","A"
"008826","0007","A"
"008827","0007","A"
"008828","0007","A"
"008829","0007","A"
"008830","0007","A"
"008831","0007","A"
"008832","0007","A"
"008833","0007","A"
"008834","0007","A"
"008835","0007","A"
"008836","0007","A"
"008837","0007","A"
"008838","0007","A"
"008839","0007","A"
"008840","0007","A"
"008841","0007","A"
"008842","0007","A"
"008843","0007","A"
"008844","0007","A"
"008845","0007","A"
"008846","0007","A"
"008847","0007","A"
"008848","0007","A"
"008849","0007","A"
"008850","0007","A"
"008851","0007","A"
"008852","0007","A"
"008853","0007","A"
"008854","0007","A"
"008855","0007","A"
"008856","0007","A"
"008857","0007","A"
"008858","0007","A"
"008859","0007","A"
"008860","0007","A"
"008861","0007","A"
"008862","0007","A"
"008863","0007","A"
"008864","0007","A"
"008865","0007","A"
"008866","0007","A"
"008867","0007","A"
"008868","0007","A"
"008869","0007","A"
"008870","0007","A"
"008871","0007","A"
"008872","0007","A"
"008873","0007","A"
"008874","0007","A"
"008875","0007","A"
"008876","0007","A"
"008877","0007","A"
"008878","0007","A"
"008879","0007","A"
"008880","0007","A"
"008881","0007","A"
"008882","0007","A"
"008883","0007","A"
"008884","0007","A"
"008885","0007","A"
"008886","0007","A"
"008887","0007","A"
"008888","0007","A"
"008889","0007","A"
"008890","0007","A"
"008891","0007","A"
"008892","0007","A"
"008893","0007","A"
"008894","0007","A"
"008895","0007","A"
"008896","0007","A"
"008897","0007","A"
"008898","0007","A"
"008899","0007","A"
"008900","0007","A"
"008901","0007","A"
"008902","0007","A"
"008903","0007","A"
"008904","0007","A"
"008905","0007","A"
"008906","0007","A"
"008907","0007","A"
"008908","0007","A"
"008909","0007","A"
"008910","0007","A"
"008911","0007","A"
"008912","0007","A"
"008913","0007","A"
"008914","0007","A"
"008915","0007","A"
"008916","0007","A"
"008917","0007","A"
"008918","0007","A"
"008919","0007","A"
"008920","0007","A"
"008921","0007","A"
"008922","0007","A"
"008923","0007","A"
"008924","0007","A"
"008925","0007","A"
"008926","0007","A"
"008927","0007","A"
"008928","0007","A"
"008929","0007","A"
"008930","0007","A"
"008931","0007","A"
"008932","0007","A"
"008933","0007","A"
"008934","0007","A"
"008935","0007","A"
"008936","0007","A"
"008937","0007","A"
"008938","0007","A"
"008939","0007","A"
"008940","0007","A"
"008941","0007","A"
"008942","0007","A"
"008943","0007","A"
"008944","0007","A"
"008945","0007","A"
"008946","0007","A"
"008947","0007","A"
"008948","0007","A"
"008949","0007","A"
"008950","0007","A"
"008951","0007","A"
"008952","0007","A"
"008953","0007","A"
"008954","0007","A"
"008955","0007","A"
"008956","0007","A"
"008957","0007","A"
"008958","0007","A"
"008959","0007","A"
"008960","0007","A"
"008961","0007","A"
"008962","0007","A"
"008963","0007","A"
"008964","0007","A"
"008965","0007","A"
"008966","0007","A"
"008967","0007","A"
"008968","0007","A"
"008969","0007","A"
"008970","0007","A"
"008971","0007","A"
"008972","0007","A"
"008973","0007","A"
"008974","0007","A"
"008975","0007","A"
"008976","0007","A"
"008977","0007","A"
"008978","0007","A"
"008979","0007","A"
"008980","0007","A"
"008981","0007","A"
"008982","0007","A"
"008983","0007","A"
"008984","0007","A"
"008985","0007","A"
"008986","0007","A"
"008987","0007","A"
"008988","0007","A"
"008989","0007","A"
"008990","0007","A"
"008991","0007","A"
"008992","0007","A"
"008993","0007","A"
"008994","0007","A"
"008995","0007","A"
"008996","0007","A"
"008997","0007","A"
"008998","0007","A"
"008999","0007","A"
"009000","0007","A"
"009001","0007","A"
"009002","0007","A"
"009003","0007","A"
"009004","0007","A"
"009005","0007","A"
"009006","0007","A"
"009007","0007","A"
"009008","0007","A"
"009009","0007","A"
"009010","0007","A"
"009011","0007","A"
"009012","0007","A"
"009013","0007","A"
"009014","0007","A"
"009015","0007","A"
"009016","0007","A"
"009017","0007","A"
"009018","0007","A"
"009019","0007","A"
"009020","0007","A"
"009021","0007","A"
"009022","0007","A"
"009023","0007","A"
"009024","0007","A"
"009025","0007","A"
"009026","0007","A"
"004393","0004","A"
"014269","0004","A"
"014273","0140","A"
"014274","0073","A"
"014275","0073","A"
"014276","0077","A"
"014277","0100","A"
"014279","0109","A"
"014280","0109","A"
"014278","0109","A"
"014281","0109","A"
"014282","0109","A"
"014283","0109","A"
"014284","0109","A"
"014484","0080","A"
"014496","0100","A"
"014497","0100","A"
"014588","0004","A"
"014823","0088","A"
"015043","0147","A"
"019482","0163","A"
"019533","0163","A"
"019536","0163","A"
"019616","0163","A"
"019621","0163","A"
"019624","0163","A"
"019627","0163","A"
"019629","0163","A"
"019631","0163","A"
"019634","0163","A"
"019637","0163","A"
"019639","0163","A"
"019642","0163","A"
"019652","0163","A"
"019655","0163","A"
"019658","0163","A"
"019659","0163","A"
"019662","0163","A"
"019665","0163","A"
"019671","0163","A"
"019729","0004","A"
"019750","0146","A"
"019801","0163","A"
"019804","0163","A"
"019811","0163","A"
"019814","0163","A"
"019817","0163","A"
"019822","0163","A"
"019825","0163","A"
"019830","0163","A"
"019833","0163","A"
"019850","0163","A"
"019853","0163","A"
"019856","0163","A"
"019864","0163","A"
"019868","0163","A"
"019882","0163","A"
"019885","0163","A"
"020725","0004","A"
"020799","0004","A"
"021287","0163","A"
"021290","0163","A"
"021292","0163","A"
"021294","0163","A"
"021307","0163","A"
"021310","0163","A"
"021319","0163","A"
"021322","0163","A"
"021325","0163","A"
"021343","0163","A"
"021345","0163","A"
"021352","0163","A"
"021355","0163","A"
"021363","0163","A"
"021373","0163","A"
"026137","0004","A"
"028065","0004","A"
"028694","0004","A"
"029620","0004","A"
"030095","0004","A"
"030093","0004","A"
"030094","0004","A"
"030122","0004","A"
"030136","0163","A"
"030146","0215","A"
"030149","0163","A"
"030152","0215","A"
"030156","0163","A"
"030171","0215","A"
"030177","0215","A"
"030180","0163","A"
"030183","0163","A"
"030186","0163","A"
"030189","0215","A"
"030192","0215","A"
"030195","0163","A"
"030218","0163","A"
"030220","0163","A"
"030223","0163","A"
"030228","0163","A"
"030239","0163","A"
"030241","0215","A"
"030242","0163","A"
"030278","0004","A"
"030279","0004","A"
"030280","0004","A"
"030281","0004","A"
"030282","0004","A"
"030283","0004","A"
"031136","0217","A"
"031137","0217","A"
"007284","0217","A"
"007285","0217","A"
"004611","0218","A"
"006016","0217","A"
"014084","0217","A"
"005937","0217","A"
"005939","0217","A"
"005940","0217","A"
"019442","0217","A"
"031360","0183","A"
"010911","0179","A"
"031393","0004","A"
"031394","0004","A"
"031395","0004","A"
"031396","0004","A"
"031397","0004","A"
"031398","0004","A"
"031444","0004","A"
"031471","0004","A"
"032083","0004","A"
"032087","0004","A"
"032088","0004","A"
"032317","0004","A"
"032318","0004","A"
"032319","0004","A"
"032320","0004","A"
"032321","0004","A"
"033035","0004","A"
"033082","0004","A"
"033141","0004","A"
"033170","0004","A"
"033171","0004","A"
"033172","0004","A"
"033173","0004","A"
"033174","0004","A"
"033175","0004","A"
"033176","0004","A"
"033177","0004","A"
"033178","0004","A"
"033179","0004","A"
"033180","0004","A"
"033181","0004","A"
"033182","0004","A"
"033183","0004","A"
"033184","0004","A"
"033185","0004","A"
"033332","0004","A"
"033387","0004","A"
"033388","0004","A"
"033389","0004","A"
"033770","0179","A"
"033927","0004","A"
"033928","0004","A"
"034081","0004","A"
"034170","0004","A"
"034199","0004","A"
"001916","0004","A"
"001914","0004","A"
"001915","0004","A"
"004394","0004","A"
"009382","0147","A"
"009384","0147","A"
"009385","0147","A"
"009386","0147","A"
"009387","0147","A"
"009388","0147","A"
"009389","0147","A"
"009390","0147","A"
"009391","0147","A"
"009392","0147","A"
"009393","0147","A"
"009394","0147","A"
"009395","0147","A"
"009396","0147","A"
"009397","0147","A"
"009398","0147","A"
"009399","0147","A"
"009400","0147","A"
"009401","0147","A"
"009402","0147","A"
"009403","0147","A"
"009404","0147","A"
"009405","0147","A"
"009406","0147","A"
"009407","0147","A"
"009408","0147","A"
"009409","0147","A"
"009410","0147","A"
"009411","0147","A"
"009412","0147","A"
"009413","0147","A"
"009414","0147","A"
"009415","0147","A"
"009416","0147","A"
"009417","0147","A"
"009418","0147","A"
"009419","0147","A"
"009420","0147","A"
"009421","0147","A"
"009422","0147","A"
"009423","0147","A"
"009424","0147","A"
"009425","0147","A"
"009426","0147","A"
"009427","0147","A"
"009428","0147","A"
"009429","0147","A"
"009430","0147","A"
"014070","0004","A"
"009458","0147","A"
"009459","0147","A"
"019518","0163","A"
"014173","0125","A"
"009375","0142","A"
"009470","0147","A"
"009480","0147","A"
"009381","0147","A"
"009383","0147","A"
"009432","0147","A"
"009433","0147","A"
"009434","0147","A"
"009435","0147","A"
"009436","0147","A"
"009437","0147","A"
"009438","0147","A"
"009439","0147","A"
"009440","0147","A"
"009441","0147","A"
"009442","0147","A"
"009443","0147","A"
"009444","0147","A"
"009445","0147","A"
"009446","0147","A"
"009447","0147","A"
"009448","0147","A"
"009449","0147","A"
"009450","0147","A"
"009451","0147","A"
"009452","0147","A"
"009453","0147","A"
"009455","0147","A"
"009456","0147","A"
"009457","0147","A"
"014587","0098","A"
"009463","0147","A"
"014644","0119","A"
"009465","0147","A"
"009466","0147","A"
"014645","0119","A"
"009469","0147","A"
"014646","0109","A"
"009472","0147","A"
"014648","0109","A"
"014649","0109","A"
"009475","0147","A"
"014650","0109","A"
"014651","0109","A"
"014652","0109","A"
"009479","0147","A"
"009481","0147","A"
"009482","0147","A"
"009483","0147","A"
"009484","0147","A"
"009485","0147","A"
"009486","0147","A"
"009487","0147","A"
"009488","0147","A"
"009489","0147","A"
"014653","0109","A"
"009503","0148","A"
"009504","0148","A"
"009505","0148","A"
"014654","0109","A"
"009523","0148","A"
"009524","0148","A"
"009525","0148","A"
"009529","0148","A"
"009541","0148","A"
"009499","0148","A"
"009507","0148","A"
"009508","0148","A"
"009509","0148","A"
"009510","0148","A"
"009511","0148","A"
"009513","0148","A"
"014655","0109","A"
"009515","0148","A"
"009516","0148","A"
"009517","0148","A"
"009518","0148","A"
"009519","0148","A"
"009520","0148","A"
"009528","0148","A"
"009530","0148","A"
"009531","0148","A"
"014656","0109","A"
"009533","0148","A"
"009534","0148","A"
"009535","0148","A"
"009536","0148","A"
"009537","0148","A"
"009538","0148","A"
"009539","0148","A"
"009540","0148","A"
"009555","0150","A"
"009556","0150","A"
"009490","0152","A"
"009492","0152","A"
"009493","0152","A"
"014657","0109","A"
"014658","0109","A"
"014659","0109","A"
"014660","0109","A"
"014661","0109","A"
"014662","0109","A"
"014663","0109","A"
"014664","0109","A"
"014665","0109","A"
"014666","0109","A"
"014667","0109","A"
"014668","0109","A"
"014669","0110","A"
"014670","0110","A"
"014671","0110","A"
"014672","0110","A"
"014673","0110","A"
"014674","0110","A"
"014675","0110","A"
"019445","0088","A"
"019515","0163","A"
"019527","0163","A"
"019943","0075","A"
"019944","0075","A"
"020414","0166","A"
"010912","0184","A"
"010920","0184","A"
"010921","0184","A"
"010922","0184","A"
"010923","0184","A"
"010924","0184","A"
"010926","0184","A"
"010927","0184","A"
"010930","0184","A"
"010932","0184","A"
"010933","0184","A"
"010935","0184","A"
"010936","0184","A"
"010937","0184","A"
"010938","0184","A"
"010939","0184","A"
"010940","0184","A"
"010943","0184","A"
"010944","0184","A"
"010945","0184","A"
"010946","0184","A"
"010947","0184","A"
"010948","0184","A"
"010949","0184","A"
"010950","0184","A"
"010951","0184","A"
"010952","0184","A"
"010954","0184","A"
"010955","0184","A"
"010956","0184","A"
"010957","0184","A"
"010958","0184","A"
"010961","0184","A"
"010962","0184","A"
"010963","0184","A"
"010965","0184","A"
"010966","0184","A"
"010968","0184","A"
"010969","0184","A"
"010970","0184","A"
"010971","0184","A"
"010972","0184","A"
"010973","0184","A"
"010974","0184","A"
"010975","0184","A"
"010976","0184","A"
"010977","0184","A"
"010978","0184","A"
"010979","0184","A"
"010980","0184","A"
"010981","0184","A"
"010982","0184","A"
"010983","0184","A"
"010984","0184","A"
"010985","0184","A"
"010986","0184","A"
"010987","0184","A"
"010988","0184","A"
"010989","0184","A"
"010990","0184","A"
"010991","0184","A"
"010992","0184","A"
"010993","0184","A"
"010994","0184","A"
"010995","0184","A"
"010996","0184","A"
"010997","0184","A"
"010998","0184","A"
"010999","0184","A"
"011001","0184","A"
"011003","0184","A"
"011004","0184","A"
"011006","0184","A"
"011007","0184","A"
"011008","0184","A"
"011009","0184","A"
"011010","0184","A"
"011011","0184","A"
"011012","0184","A"
"011013","0184","A"
"011014","0184","A"
"011015","0184","A"
"011017","0184","A"
"011018","0184","A"
"011019","0184","A"
"011020","0184","A"
"011021","0184","A"
"011022","0184","A"
"011023","0184","A"
"011024","0184","A"
"011025","0184","A"
"011026","0184","A"
"011027","0184","A"
"011028","0184","A"
"011029","0184","A"
"011030","0184","A"
"011031","0184","A"
"011032","0184","A"
"011033","0184","A"
"011034","0184","A"
"011035","0184","A"
"011036","0184","A"
"011037","0184","A"
"011038","0184","A"
"011039","0184","A"
"011040","0184","A"
"011041","0184","A"
"011042","0184","A"
"011043","0184","A"
"011044","0184","A"
"011047","0184","A"
"011048","0184","A"
"011049","0184","A"
"011050","0184","A"
"011051","0184","A"
"011052","0184","A"
"011053","0184","A"
"011054","0184","A"
"011055","0184","A"
"011056","0184","A"
"011057","0184","A"
"011058","0184","A"
"011059","0184","A"
"011061","0184","A"
"011062","0184","A"
"011063","0184","A"
"011064","0184","A"
"011065","0184","A"
"011066","0184","A"
"011067","0184","A"
"011068","0184","A"
"011069","0184","A"
"011070","0184","A"
"011071","0184","A"
"011072","0184","A"
"011073","0184","A"
"011074","0184","A"
"011075","0184","A"
"011076","0184","A"
"011077","0184","A"
"011078","0184","A"
"011079","0184","A"
"011080","0184","A"
"011081","0184","A"
"011082","0184","A"
"011083","0184","A"
"011084","0184","A"
"011085","0184","A"
"011086","0184","A"
"011087","0184","A"
"011088","0184","A"
"011089","0184","A"
"011090","0184","A"
"011091","0184","A"
"011092","0184","A"
"011093","0184","A"
"011094","0184","A"
"011095","0184","A"
"011096","0184","A"
"011097","0184","A"
"011098","0184","A"
"011099","0184","A"
"011100","0184","A"
"011101","0184","A"
"011102","0184","A"
"011103","0184","A"
"011104","0184","A"
"011105","0184","A"
"011106","0184","A"
"011107","0184","A"
"011108","0184","A"
"011109","0184","A"
"011110","0184","A"
"011111","0184","A"
"011113","0184","A"
"011114","0184","A"
"011115","0184","A"
"011116","0184","A"
"011117","0184","A"
"011118","0184","A"
"011119","0184","A"
"011120","0184","A"
"011121","0184","A"
"011122","0184","A"
"011123","0184","A"
"011124","0184","A"
"011125","0184","A"
"011126","0184","A"
"011127","0184","A"
"011128","0184","A"
"011129","0184","A"
"011130","0184","A"
"011131","0184","A"
"011132","0184","A"
"011133","0184","A"
"011134","0184","A"
"011135","0184","A"
"011136","0184","A"
"011137","0184","A"
"011138","0184","A"
"011139","0184","A"
"011140","0184","A"
"011141","0184","A"
"011142","0184","A"
"011143","0184","A"
"011144","0184","A"
"011145","0184","A"
"011146","0184","A"
"011147","0184","A"
"011148","0184","A"
"011149","0184","A"
"011150","0184","A"
"011151","0184","A"
"011152","0184","A"
"011153","0184","A"
"011154","0184","A"
"011155","0184","A"
"011156","0184","A"
"011157","0184","A"
"011158","0184","A"
"011159","0184","A"
"011160","0184","A"
"011161","0184","A"
"011162","0184","A"
"011163","0184","A"
"011164","0184","A"
"011165","0184","A"
"011166","0184","A"
"011167","0184","A"
"011168","0184","A"
"011169","0184","A"
"011171","0184","A"
"011172","0184","A"
"011174","0184","A"
"011175","0184","A"
"011176","0184","A"
"011177","0184","A"
"011178","0184","A"
"011179","0184","A"
"011181","0184","A"
"011182","0184","A"
"011183","0184","A"
"011184","0184","A"
"011185","0184","A"
"011186","0184","A"
"011188","0184","A"
"011189","0184","A"
"011190","0184","A"
"011191","0184","A"
"011192","0184","A"
"011193","0184","A"
"011194","0184","A"
"011195","0184","A"
"011196","0184","A"
"011197","0184","A"
"011198","0184","A"
"011199","0184","A"
"011200","0184","A"
"011201","0184","A"
"011202","0184","A"
"011203","0184","A"
"011205","0184","A"
"011206","0184","A"
"011208","0184","A"
"011209","0184","A"
"011210","0184","A"
"011211","0184","A"
"011212","0184","A"
"011213","0184","A"
"011214","0184","A"
"011215","0184","A"
"011216","0184","A"
"011217","0184","A"
"011218","0184","A"
"011219","0184","A"
"011220","0184","A"
"011221","0184","A"
"011222","0184","A"
"011223","0184","A"
"011224","0184","A"
"011225","0184","A"
"011226","0184","A"
"011227","0184","A"
"011228","0184","A"
"011229","0184","A"
"011231","0184","A"
"011232","0184","A"
"011233","0184","A"
"011234","0184","A"
"011236","0184","A"
"011237","0184","A"
"011238","0184","A"
"011239","0184","A"
"011240","0184","A"
"011241","0184","A"
"011242","0184","A"
"011244","0184","A"
"011245","0184","A"
"011246","0184","A"
"011248","0184","A"
"011249","0184","A"
"011250","0184","A"
"011251","0184","A"
"011252","0184","A"
"011254","0184","A"
"011255","0184","A"
"011256","0184","A"
"011257","0184","A"
"011258","0184","A"
"011259","0184","A"
"011260","0184","A"
"011261","0184","A"
"011262","0184","A"
"011263","0184","A"
"011264","0184","A"
"011265","0184","A"
"011266","0184","A"
"011267","0184","A"
"011268","0184","A"
"011271","0184","A"
"011272","0184","A"
"011273","0184","A"
"011274","0184","A"
"011275","0184","A"
"011276","0184","A"
"011277","0184","A"
"011278","0184","A"
"011279","0184","A"
"011280","0184","A"
"011281","0184","A"
"011282","0184","A"
"011283","0184","A"
"011284","0184","A"
"011285","0184","A"
"011287","0184","A"
"011288","0184","A"
"011289","0184","A"
"011290","0184","A"
"011291","0184","A"
"011292","0184","A"
"011293","0184","A"
"011294","0184","A"
"011295","0184","A"
"011296","0184","A"
"011297","0184","A"
"011298","0184","A"
"011299","0184","A"
"011300","0184","A"
"011301","0184","A"
"011302","0184","A"
"011303","0184","A"
"011304","0184","A"
"011305","0184","A"
"011306","0184","A"
"011307","0184","A"
"011308","0184","A"
"011309","0184","A"
"011310","0184","A"
"011311","0184","A"
"011312","0184","A"
"011313","0184","A"
"011314","0184","A"
"011315","0184","A"
"011316","0184","A"
"011318","0184","A"
"011319","0184","A"
"011320","0184","A"
"011321","0184","A"
"011322","0184","A"
"011323","0184","A"
"011324","0184","A"
"011325","0184","A"
"011326","0184","A"
"011327","0184","A"
"011328","0184","A"
"011329","0184","A"
"011330","0184","A"
"011331","0184","A"
"011332","0184","A"
"011334","0184","A"
"011335","0184","A"
"011336","0184","A"
"011337","0184","A"
"011338","0184","A"
"011340","0184","A"
"011341","0184","A"
"011342","0184","A"
"011343","0184","A"
"011344","0184","A"
"011345","0184","A"
"011346","0184","A"
"011348","0184","A"
"011349","0184","A"
"011350","0184","A"
"011351","0184","A"
"011352","0184","A"
"011353","0184","A"
"011354","0184","A"
"011355","0184","A"
"011356","0184","A"
"011357","0184","A"
"011358","0184","A"
"011359","0184","A"
"011360","0184","A"
"011361","0184","A"
"011362","0184","A"
"011363","0184","A"
"011364","0184","A"
"011365","0184","A"
"011366","0184","A"
"011367","0184","A"
"011368","0184","A"
"011369","0184","A"
"011370","0184","A"
"011371","0184","A"
"011373","0184","A"
"011374","0184","A"
"011375","0184","A"
"011376","0184","A"
"011377","0184","A"
"011378","0184","A"
"011379","0184","A"
"011380","0184","A"
"011381","0184","A"
"011382","0184","A"
"011383","0184","A"
"011384","0184","A"
"011385","0184","A"
"011386","0184","A"
"011387","0184","A"
"011388","0184","A"
"011389","0184","A"
"011390","0184","A"
"011391","0184","A"
"011392","0184","A"
"011393","0184","A"
"011394","0184","A"
"011395","0184","A"
"011396","0184","A"
"011398","0184","A"
"011399","0184","A"
"011400","0184","A"
"011401","0184","A"
"011402","0184","A"
"011403","0184","A"
"011404","0184","A"
"011405","0184","A"
"011406","0184","A"
"011407","0184","A"
"011408","0184","A"
"011409","0184","A"
"011410","0184","A"
"011411","0184","A"
"011413","0184","A"
"011414","0184","A"
"011415","0184","A"
"011416","0184","A"
"011417","0184","A"
"011418","0184","A"
"011419","0184","A"
"011420","0184","A"
"011421","0184","A"
"011422","0184","A"
"011423","0184","A"
"011424","0184","A"
"011425","0184","A"
"011426","0184","A"
"011427","0184","A"
"011428","0184","A"
"011429","0184","A"
"011430","0184","A"
"011431","0184","A"
"011432","0184","A"
"011433","0184","A"
"011434","0184","A"
"011436","0184","A"
"011437","0184","A"
"011438","0184","A"
"011439","0184","A"
"011440","0184","A"
"011441","0184","A"
"011442","0184","A"
"011443","0184","A"
"011444","0184","A"
"011446","0184","A"
"011447","0184","A"
"011448","0184","A"
"011449","0184","A"
"011450","0184","A"
"011451","0184","A"
"011452","0184","A"
"011453","0184","A"
"011455","0184","A"
"011456","0184","A"
"011457","0184","A"
"011458","0184","A"
"011459","0184","A"
"011460","0184","A"
"011462","0184","A"
"011463","0184","A"
"011464","0184","A"
"011465","0184","A"
"011466","0184","A"
"011467","0184","A"
"011468","0184","A"
"011469","0184","A"
"011470","0184","A"
"011471","0184","A"
"011472","0184","A"
"011473","0184","A"
"011474","0184","A"
"011475","0184","A"
"011476","0184","A"
"011477","0184","A"
"011478","0184","A"
"011479","0184","A"
"011480","0184","A"
"011481","0184","A"
"011482","0184","A"
"011483","0184","A"
"011484","0184","A"
"011485","0184","A"
"011486","0184","A"
"011487","0184","A"
"011488","0184","A"
"011489","0184","A"
"011490","0184","A"
"011491","0184","A"
"011492","0184","A"
"011493","0184","A"
"011494","0184","A"
"011496","0184","A"
"011497","0184","A"
"011498","0184","A"
"011499","0184","A"
"011500","0184","A"
"011501","0184","A"
"011502","0184","A"
"011503","0184","A"
"011504","0184","A"
"011505","0184","A"
"011506","0184","A"
"011507","0184","A"
"011508","0184","A"
"011509","0184","A"
"011510","0184","A"
"011511","0184","A"
"011512","0184","A"
"011513","0184","A"
"011514","0184","A"
"011515","0184","A"
"011516","0184","A"
"014062","0184","A"
"014063","0184","A"
"014064","0184","A"
"014065","0184","A"
"014066","0184","A"
"014079","0184","A"
"014122","0184","A"
"014255","0184","A"
"014272","0184","A"
"014612","0184","A"
"015028","0184","A"
"015045","0184","A"
"015055","0184","A"
"015147","0184","A"
"019338","0184","A"
"019339","0184","A"
"019388","0184","A"
"019402","0184","A"
"019705","0184","A"
"019728","0184","A"
"019751","0184","A"
"019755","0184","A"
"019756","0184","A"
"019930","0184","A"
"019943","0184","A"
"019944","0184","A"
"020401","0184","A"
"020433","0184","A"
"020443","0184","A"
"020658","0184","A"
"020659","0184","A"
"020661","0184","A"
"010434","0184","A"
"021072","0004","A"
"004689","0218","A"
"028061","0004","A"
"028078","0004","A"
"004861","0217","A"
"006015","0217","A"
"005975","0217","A"
"005976","0217","A"
"005974","0217","A"
"005977","0217","A"
"004601","0217","A"
"028521","0004","A"
"028522","0004","A"
"028524","0217","A"
"028525","0217","A"
"028526","0217","A"
"004590","0218","A"
"030253","0004","A"
"030254","0004","A"
"030255","0004","A"
"030257","0004","A"
"030258","0004","A"
"030260","0004","A"
"030263","0004","A"
"030264","0004","A"
"030265","0004","A"
"030266","0004","A"
"032071","0004","A"
"032266","0004","A"
"032599","0004","A"
"032600","0004","A"
"033435","0004","A"
"033436","0004","A"
"033437","0004","A"
"033573","0004","A"
"033788","0004","A"
"033789","0004","A"
"033790","0004","A"
"033908","0004","A"
"034201","0004","A"
"001765","0004","A"
"001766","0004","A"
"004444","0127","A"
"004461","0127","A"
"004445","0127","A"
"004446","0127","A"
"004447","0127","A"
"004448","0127","A"
"004449","0127","A"
"014270","0004","A"
"004451","0127","A"
"004452","0127","A"
"004453","0127","A"
"004454","0127","A"
"004455","0127","A"
"014427","0079","A"
"004457","0127","A"
"004458","0127","A"
"004459","0127","A"
"004460","0127","A"
"004462","0127","A"
"004463","0127","A"
"004464","0127","A"
"004465","0127","A"
"004466","0127","A"
"004467","0127","A"
"004468","0127","A"
"004469","0127","A"
"004470","0127","A"
"004471","0127","A"
"004472","0127","A"
"004473","0127","A"
"004474","0127","A"
"014557","0098","A"
"004476","0127","A"
"004477","0127","A"
"004478","0127","A"
"004479","0127","A"
"004480","0127","A"
"004481","0127","A"
"004482","0127","A"
"004483","0127","A"
"004484","0127","A"
"004485","0127","A"
"014558","0098","A"
"004487","0127","A"
"004488","0127","A"
"004489","0127","A"
"004490","0127","A"
"004491","0127","A"
"004492","0127","A"
"004493","0127","A"
"004494","0127","A"
"004495","0127","A"
"006520","0079","A"
"009373","0142","A"
"004498","0127","A"
"009140","0128","A"
"007398","0129","A"
"007399","0129","A"
"007400","0129","A"
"007401","0129","A"
"007402","0129","A"
"007403","0129","A"
"007404","0129","A"
"014073","0073","A"
"007406","0129","A"
"007407","0129","A"
"007408","0129","A"
"007409","0129","A"
"007410","0129","A"
"007411","0129","A"
"007412","0129","A"
"007413","0129","A"
"007415","0129","A"
"007416","0129","A"
"007334","0129","A"
"007335","0129","A"
"007336","0129","A"
"007337","0129","A"
"007338","0129","A"
"007339","0129","A"
"007340","0129","A"
"007342","0129","A"
"007343","0129","A"
"007344","0129","A"
"014071","0073","A"
"007346","0129","A"
"007347","0129","A"
"007348","0129","A"
"007349","0129","A"
"007350","0129","A"
"007351","0129","A"
"007352","0129","A"
"007353","0129","A"
"007354","0129","A"
"007355","0129","A"
"007356","0129","A"
"007357","0129","A"
"007358","0129","A"
"007359","0129","A"
"007360","0129","A"
"007361","0129","A"
"007362","0129","A"
"007363","0129","A"
"007364","0129","A"
"007365","0129","A"
"007366","0129","A"
"007367","0129","A"
"007368","0129","A"
"007369","0129","A"
"007370","0129","A"
"007371","0129","A"
"007372","0129","A"
"007373","0129","A"
"007374","0129","A"
"014072","0073","A"
"007376","0129","A"
"007378","0129","A"
"007379","0129","A"
"007380","0129","A"
"007381","0129","A"
"007382","0129","A"
"007383","0129","A"
"014074","0073","A"
"007385","0129","A"
"007386","0129","A"
"007387","0129","A"
"007388","0129","A"
"007389","0129","A"
"007390","0129","A"
"007391","0129","A"
"007392","0129","A"
"007393","0129","A"
"007394","0129","A"
"007395","0129","A"
"007396","0129","A"
"007397","0129","A"
"007324","0130","A"
"007325","0130","A"
"007326","0130","A"
"007327","0130","A"
"007328","0130","A"
"007329","0130","A"
"007330","0130","A"
"007331","0130","A"
"007332","0130","A"
"007333","0130","A"
"007300","0130","A"
"007301","0130","A"
"007302","0130","A"
"007303","0130","A"
"007304","0130","A"
"007305","0130","A"
"007306","0130","A"
"007307","0130","A"
"007308","0130","A"
"007309","0130","A"
"007310","0130","A"
"014075","0073","A"
"007312","0130","A"
"007313","0130","A"
"007314","0130","A"
"007315","0130","A"
"007316","0130","A"
"007317","0130","A"
"007318","0130","A"
"007319","0130","A"
"007320","0130","A"
"007321","0130","A"
"007322","0130","A"
"007323","0130","A"
"009141","0131","A"
"009142","0131","A"
"014076","0109","A"
"019186","0165","A"
"009145","0131","A"
"009146","0131","A"
"009147","0131","A"
"009148","0131","A"
"009149","0131","A"
"009150","0131","A"
"009151","0131","A"
"007420","0133","A"
"007421","0134","A"
"007422","0134","A"
"019455","0163","A"
"019467","0163","A"
"019496","0163","A"
"019545","0163","A"
"019553","0163","A"
"019933","0142","A"
"020787","0004","A"
"020788","0004","A"
"020794","0004","A"
"020795","0004","A"
"020796","0004","A"
"020813","0004","A"
"020815","0004","A"
"020816","0004","A"
"020817","0004","A"
"020818","0004","A"
"020862","0004","A"
"020863","0004","A"
"021056","0004","A"
"021057","0004","A"
"021062","0004","A"
"021063","0004","A"
"021064","0004","A"
"021065","0004","A"
"021066","0004","A"
"021067","0004","A"
"021159","0004","A"
"021160","0004","A"
"027330","0004","A"
"027331","0004","A"
"027332","0004","A"
"027569","0004","A"
"027570","0004","A"
"027571","0004","A"
"027572","0004","A"
"027573","0004","A"
"028587","0004","A"
"028588","0004","A"
"028599","0004","A"
"028600","0004","A"
"028601","0004","A"
"028602","0004","A"
"028603","0004","A"
"028686","0004","A"
"028689","0004","A"
"028857","0004","A"
"028858","0004","A"
"028859","0004","A"
"028860","0004","A"
"028861","0004","A"
"028862","0004","A"
"028863","0004","A"
"028864","0004","A"
"028865","0004","A"
"028866","0004","A"
"028867","0004","A"
"028868","0004","A"
"028869","0004","A"
"028912","0004","A"
"028913","0004","A"
"028914","0004","A"
"028915","0004","A"
"028954","0004","A"
"029213","0004","A"
"027526","0204","A"
"027289","0202","A"
"029218","0004","A"
"029219","0004","A"
"005987","0217","A"
"029326","0004","A"
"004884","0218","A"
"029596","0179","A"
"029597","0179","A"
"029598","0179","A"
"030078","0004","A"
"030080","0004","A"
"030081","0004","A"
"030324","0004","A"
"030325","0004","A"
"030326","0004","A"
"030394","0179","A"
"030395","0179","A"
"004811","0217","A"
"004687","0217","A"
"004688","0217","A"
"007295","0217","A"
"006005","0217","A"
"006006","0217","A"
"014599","0217","A"
"014600","0217","A"
"007425","0217","A"
"014209","0217","A"
"014208","0217","A"
"030657","0004","A"
"030658","0004","A"
"030659","0004","A"
"030660","0004","A"
"030669","0004","A"
"004740","0217","A"
"004625","0217","A"
"006907","0217","A"
"006908","0217","A"
"006909","0217","A"
"019580","0217","A"
"007278","0217","A"
"004602","0217","A"
"004872","0217","A"
"004826","0217","A"
"004626","0217","A"
"004909","0217","A"
"019589","0217","A"
"030744","0004","A"
"014585","0217","A"
"030886","0004","A"
"030887","0004","A"
"030888","0004","A"
"030889","0004","A"
"030890","0004","A"
"030891","0004","A"
"030892","0004","A"
"031068","0004","A"
"031069","0004","A"
"031074","0004","A"
"031075","0004","A"
"031076","0004","A"
"031077","0004","A"
"031078","0004","A"
"004873","0217","A"
"004874","0217","A"
"004937","0218","A"
"006941","0218","A"
"004899","0218","A"
"004779","0218","A"
"004903","0217","A"
"006913","0217","A"
"004733","0217","A"
"004734","0217","A"
"007440","0217","A"
"033292","0004","A"
"004672","0217","A"
"004673","0217","A"
"004674","0217","A"
"006020","0217","A"
"014085","0217","A"
"014987","0217","A"
"019314","0217","A"
"004841","0217","A"
"031095","0004","A"
"031096","0004","A"
"033291","0004","A"
"033293","0004","A"
"033294","0004","A"
"033295","0004","A"
"033296","0004","A"
"033297","0004","A"
"033298","0004","A"
"033406","0004","A"
"033442","0004","A"
"033443","0004","A"
"033444","0004","A"
"033445","0004","A"
"033446","0004","A"
"033447","0004","A"
"033448","0004","A"
"033456","0004","A"
"033469","0004","A"
"033470","0004","A"
"033774","0004","A"
"033778","0004","A"
"033816","0004","A"
"033817","0004","A"
"033823","0183","A"
"033825","0183","A"
"033826","0183","A"
"033831","0217","A"
"033874","0004","A"
"033912","0004","A"
"034180","0004","A"
"034181","0004","A"
"034182","0004","A"
"034192","0004","A"
"034193","0004","A"
"034194","0004","A"
"034198","0004","A"
"034396","0004","A"
"034397","0004","A"
"034398","0004","A"
"034399","0004","A"
"034460","0004","A"
"034461","0004","A"
"034463","0004","A"
"034464","0004","A"
"034465","0004","A"
"034475","0004","A"
"034476","0004","A"
"034498","0004","A"
"034499","0004","A"
"034507","0004","A"
"001835","0004","A"
"001924","0004","A"
"001925","0004","A"
"001927","0004","A"
"001928","0004","A"
"013804","0068","A"
"014155","0076","A"
"014153","0076","A"
"014154","0076","A"
"014156","0076","A"
"014157","0076","A"
"014158","0076","A"
"014159","0077","A"
"014575","0157","A"
"015022","0109","A"
"017385","0004","A"
"019398","0004","A"
"019598","0004","A"
"019748","0004","A"
"019749","0004","A"
"019769","0068","A"
"019941","0077","A"
"020798","0004","A"
"021073","0004","A"
"021074","0004","A"
"021075","0004","A"
"021076","0004","A"
"021077","0004","A"
"021096","0004","A"
"021184","0173","A"
"021186","0173","A"
"021187","0173","A"
"012008","0183","A"
"012010","0183","A"
"004897","0218","A"
"004729","0218","A"
"027589","0004","A"
"027596","0004","A"
"028627","0004","A"
"014219","0217","A"
"014220","0217","A"
"014563","0218","A"
"004592","0218","A"
"030096","0004","A"
"030097","0004","A"
"030098","0004","A"
"030099","0004","A"
"030100","0004","A"
"030101","0004","A"
"030102","0004","A"
"030103","0004","A"
"030104","0004","A"
"030105","0004","A"
"030680","0004","A"
"030681","0004","A"
"030750","0004","A"
"030840","0004","A"
"030929","0004","A"
"031152","0004","A"
"031154","0004","A"
"031509","0004","A"
"031545","0004","A"
"031546","0004","A"
"031547","0004","A"
"031548","0004","A"
"031549","0004","A"
"007037","0217","A"
"007038","0217","A"
"007040","0217","A"
"007039","0217","A"
"007041","0217","A"
"007042","0217","A"
"004715","0217","A"
"031561","0182","A"
"031647","0004","A"
"014582","0217","A"
"031648","0004","A"
"031649","0004","A"
"031650","0004","A"
"031651","0004","A"
"031654","0004","A"
"031655","0004","A"
"031656","0004","A"
"031657","0004","A"
"031658","0004","A"
"031659","0004","A"
"031660","0004","A"
"031728","0004","A"
"031834","0004","A"
"031835","0004","A"
"031837","0004","A"
"031838","0004","A"
"031839","0004","A"
"031840","0004","A"
"031841","0004","A"
"031842","0004","A"
"031843","0004","A"
"031980","0004","A"
"031981","0004","A"
"032030","0004","A"
"032032","0004","A"
"032137","0004","A"
"033321","0004","A"
"033861","0004","A"
"033901","0004","A"
"033902","0004","A"
"033903","0004","A"
"033904","0004","A"
"033905","0004","A"
"033906","0004","A"
"033946","0004","A"
"033948","0004","A"
"033949","0004","A"
"033950","0004","A"
"034177","0004","A"
"034450","0004","A"
"034451","0004","A"
"034452","0004","A"
"034453","0004","A"
"034454","0004","A"
"034455","0004","A"
"034456","0004","A"
"034457","0004","A"
"034458","0004","A"
"034459","0004","A"
"034502","0004","A"
"034503","0004","A"
"009280","0023","A"
"009281","0023","A"
"009371","0023","A"
"009372","0023","A"
"009373","0023","A"
"009374","0023","A"
"009375","0023","A"
"009376","0023","A"
"009378","0023","A"
"009379","0023","A"
"011719","0106","A"
"011722","0106","A"
"011742","0106","A"
"011747","0106","A"
"011749","0106","A"
"011760","0106","A"
"011766","0106","A"
"011768","0106","A"
"011771","0106","A"
"011772","0106","A"
"011776","0106","A"
"011778","0106","A"
"011786","0106","A"
"011789","0106","A"
"011810","0106","A"
"011811","0106","A"
"011823","0106","A"
"011828","0106","A"
"011834","0106","A"
"011837","0106","A"
"011851","0106","A"
"011855","0106","A"
"011873","0106","A"
"011880","0106","A"
"011882","0106","A"
"011905","0106","A"
"011907","0106","A"
"011908","0106","A"
"011909","0106","A"
"011916","0106","A"
"011918","0106","A"
"011923","0106","A"
"011944","0106","A"
"011953","0106","A"
"011954","0106","A"
"011956","0106","A"
"011974","0106","A"
"011978","0106","A"
"011982","0106","A"
"011986","0106","A"
"011991","0106","A"
"011995","0106","A"
"012003","0106","A"
"012013","0106","A"
"012014","0106","A"
"012015","0106","A"
"012019","0106","A"
"012028","0106","A"
"012029","0106","A"
"012049","0106","A"
"012055","0106","A"
"012058","0106","A"
"012071","0106","A"
"012072","0106","A"
"012078","0106","A"
"013694","0106","A"
"013711","0106","A"
"013724","0106","A"
"013727","0106","A"
"013728","0106","A"
"013729","0106","A"
"013734","0106","A"
"013741","0106","A"
"013744","0106","A"
"013753","0106","A"
"013757","0106","A"
"013768","0106","A"
"014272","0075","A"
"014327","0163","A"
"014328","0163","A"
"014329","0163","A"
"014330","0163","A"
"014331","0163","A"
"014332","0163","A"
"014333","0163","A"
"014334","0163","A"
"014335","0163","A"
"014336","0163","A"
"014337","0163","A"
"014338","0163","A"
"014339","0163","A"
"014340","0163","A"
"014341","0163","A"
"014342","0163","A"
"014343","0163","A"
"019255","0119","A"
"019256","0110","A"
"019258","0110","A"
"019259","0110","A"
"019391","0004","A"
"019405","0098","A"
"019406","0098","A"
"019407","0098","A"
"019408","0098","A"
"019409","0098","A"
"019410","0098","A"
"019411","0098","A"
"019412","0098","A"
"019413","0098","A"
"019414","0098","A"
"019415","0098","A"
"019416","0098","A"
"019417","0098","A"
"019418","0098","A"
"019419","0098","A"
"019420","0098","A"
"019421","0098","A"
"019422","0098","A"
"019423","0098","A"
"019424","0098","A"
"019425","0098","A"
"019426","0098","A"
"019427","0098","A"
"019428","0098","A"
"019429","0098","A"
"019430","0098","A"
"019431","0098","A"
"019432","0098","A"
"019433","0098","A"
"019434","0098","A"
"019506","0163","A"
"019508","0163","A"
"019510","0163","A"
"019599","0004","A"
"019678","0076","A"
"019799","0163","A"
"019802","0163","A"
"019805","0163","A"
"019812","0163","A"
"019815","0163","A"
"019823","0163","A"
"019826","0163","A"
"019828","0163","A"
"019831","0163","A"
"019834","0163","A"
"019848","0163","A"
"019851","0163","A"
"019854","0163","A"
"019866","0163","A"
"019869","0163","A"
"019880","0163","A"
"019883","0163","A"
"019897","0163","A"
"020430","0078","A"
"020767","0004","A"
"020775","0004","A"
"010825","0179","A"
"010826","0179","A"
"021171","0004","A"
"028260","0004","A"
"028261","0004","A"
"028262","0004","A"
"028263","0004","A"
"028264","0004","A"
"028479","0004","A"
"028480","0004","A"
"014615","0218","A"
"028592","0004","A"
"028593","0004","A"
"028594","0004","A"
"028613","0004","A"
"028614","0004","A"
"028616","0004","A"
"028617","0004","A"
"028619","0004","A"
"028620","0004","A"
"028621","0004","A"
"028622","0004","A"
"028623","0004","A"
"028624","0004","A"
"028625","0004","A"
"028626","0004","A"
"029074","0173","A"
"029075","0173","A"
"029076","0173","A"
"029077","0173","A"
"029078","0173","A"
"029079","0173","A"
"029080","0173","A"
"029081","0173","A"
"029082","0173","A"
"029083","0173","A"
"029084","0173","A"
"029085","0173","A"
"029086","0173","A"
"029087","0173","A"
"029088","0173","A"
"029089","0173","A"
"029090","0173","A"
"029091","0173","A"
"029092","0173","A"
"029093","0173","A"
"029094","0173","A"
"029095","0173","A"
"029096","0173","A"
"030128","0004","A"
"029098","0173","A"
"029099","0173","A"
"029100","0173","A"
"029101","0173","A"
"029102","0173","A"
"029103","0173","A"
"029104","0173","A"
"029105","0173","A"
"029106","0173","A"
"029107","0173","A"
"029108","0173","A"
"029109","0173","A"
"029110","0173","A"
"029111","0173","A"
"029112","0173","A"
"029113","0173","A"
"029114","0173","A"
"029115","0173","A"
"029116","0173","A"
"029117","0173","A"
"029118","0173","A"
"029119","0173","A"
"029120","0173","A"
"029121","0173","A"
"029122","0173","A"
"029123","0173","A"
"029124","0173","A"
"029125","0173","A"
"029126","0173","A"
"029127","0173","A"
"029128","0173","A"
"029129","0173","A"
"029130","0173","A"
"029131","0173","A"
"029132","0173","A"
"029133","0173","A"
"029134","0173","A"
"029135","0173","A"
"029136","0173","A"
"029137","0173","A"
"029138","0173","A"
"029139","0173","A"
"004597","0218","A"
"030051","0179","A"
"030052","0179","A"
"030053","0179","A"
"030060","0179","A"
"030124","0004","A"
"030125","0004","A"
"030126","0004","A"
"030129","0004","A"
"030130","0004","A"
"030131","0004","A"
"030133","0004","A"
"030134","0004","A"
"030135","0004","A"
"030252","0004","A"
"030565","0004","A"
"030566","0004","A"
"030567","0004","A"
"030568","0004","A"
"030569","0004","A"
"030570","0004","A"
"030571","0004","A"
"030572","0004","A"
"030573","0004","A"
"030574","0004","A"
"030575","0004","A"
"030576","0004","A"
"030577","0004","A"
"030578","0004","A"
"031276","0004","A"
"031277","0004","A"
"031278","0004","A"
"031279","0004","A"
"031281","0004","A"
"031285","0004","A"
"031286","0004","A"
"031287","0004","A"
"031288","0004","A"
"031289","0004","A"
"031290","0004","A"
"031291","0004","A"
"031292","0004","A"
"031293","0004","A"
"031294","0004","A"
"031296","0004","A"
"031297","0004","A"
"031298","0004","A"
"031982","0004","A"
"031983","0004","A"
"031984","0004","A"
"031985","0004","A"
"033276","0004","A"
"033277","0004","A"
"033564","0004","A"
"033598","0004","A"
"033610","0004","A"
"034484","0004","A"
"033791","0004","A"
"034083","0004","A"
"034483","0004","A"
"034485","0004","A"
"034486","0004","A"
"034487","0004","A"
"034488","0004","A"
"034489","0004","A"
"034490","0004","A"
"034491","0004","A"
"015183","0215","A"
"002359","0004","A"
"014344","0004","A"
"015035","0004","A"
"019204","0146","A"
"019205","0165","A"
"019444","0088","A"
"019451","0004","A"
"019456","0163","A"
"019498","0163","A"
"019501","0163","A"
"019526","0163","A"
"019528","0163","A"
"019945","0076","A"
"020831","0004","A"
"020832","0004","A"
"020833","0004","A"
"020834","0004","A"
"020835","0004","A"
"020836","0004","A"
"020837","0004","A"
"021086","0004","A"
"021244","0004","A"
"025974","0004","A"
"025975","0004","A"
"025976","0004","A"
"025977","0004","A"
"025978","0004","A"
"025979","0004","A"
"025980","0004","A"
"025983","0004","A"
"026086","0004","A"
"026087","0004","A"
"026088","0004","A"
"026089","0004","A"
"026090","0004","A"
"026091","0004","A"
"026092","0004","A"
"026093","0004","A"
"026094","0004","A"
"026095","0004","A"
"026096","0004","A"
"026097","0004","A"
"026098","0004","A"
"026099","0004","A"
"026100","0004","A"
"026101","0004","A"
"026102","0004","A"
"026103","0004","A"
"026104","0004","A"
"026105","0004","A"
"026106","0004","A"
"026107","0004","A"
"026108","0004","A"
"026109","0004","A"
"026110","0004","A"
"026111","0004","A"
"026112","0004","A"
"026113","0004","A"
"026123","0004","A"
"026621","0004","A"
"026622","0004","A"
"026623","0004","A"
"026624","0004","A"
"026626","0004","A"
"026627","0004","A"
"026628","0004","A"
"030329","0004","A"
"030330","0004","A"
"030335","0004","A"
"030336","0004","A"
"030405","0004","A"
"030590","0004","A"
"030752","0004","A"
"030753","0004","A"
"030754","0004","A"
"030757","0004","A"
"030758","0004","A"
"030759","0004","A"
"030760","0004","A"
"031864","0004","A"
"031865","0004","A"
"032340","0004","A"
"032722","0004","A"
"032874","0004","A"
"033568","0004","A"
"033786","0004","A"
"033835","0004","A"
"033836","0004","A"
"033837","0004","A"
"033838","0004","A"
"033839","0004","A"
"034102","0004","A"
"034107","0004","A"
"001777","0004","A"
"004396","0004","A"
"004400","0004","A"
"014622","0004","A"
"019392","0165","A"
"019534","0163","A"
"019548","0163","A"
"019585","0098","A"
"019681","0004","A"
"019691","0098","A"
"020792","0004","A"
"020793","0004","A"
"028054","0004","A"
"030666","0004","A"
"030667","0004","A"
"031207","0004","A"
"004974","0114","A"
"004975","0114","A"
"004976","0114","A"
"004977","0114","A"
"004978","0114","A"
"004979","0114","A"
"007444","0116","A"
"007445","0116","A"
"007446","0116","A"
"007447","0116","A"
"007448","0116","A"
"007449","0116","A"
"007450","0118","A"
"007451","0118","A"
"007452","0119","A"
"007453","0119","A"
"007454","0119","A"
"007455","0119","A"
"007456","0119","A"
"007457","0119","A"
"007458","0119","A"
"007459","0119","A"
"007460","0119","A"
"007461","0119","A"
"007463","0119","A"
"007464","0119","A"
"007465","0119","A"
"007466","0119","A"
"007467","0119","A"
"007468","0119","A"
"007469","0119","A"
"007470","0119","A"
"007471","0119","A"
"007472","0119","A"
"007473","0119","A"
"007474","0119","A"
"007475","0119","A"
"007476","0119","A"
"007477","0119","A"
"007478","0119","A"
"007479","0119","A"
"007480","0119","A"
"007481","0119","A"
"007482","0119","A"
"007483","0119","A"
"007484","0119","A"
"007485","0119","A"
"007486","0119","A"
"031208","0004","A"
"007488","0119","A"
"007489","0119","A"
"007490","0119","A"
"007491","0119","A"
"007492","0119","A"
"007493","0119","A"
"007494","0119","A"
"007495","0119","A"
"007496","0119","A"
"007497","0119","A"
"007498","0119","A"
"007499","0120","A"
"031209","0004","A"
"031210","0004","A"
"031211","0004","A"
"031212","0004","A"
"013688","0122","A"
"013689","0122","A"
"013690","0122","A"
"013691","0122","A"
"009560","0123","A"
"009564","0123","A"
"009563","0123","A"
"009377","0142","A"
"013913","0004","A"
"004639","0098","A"
"007278","0098","A"
"014090","0109","A"
"007834","0109","A"
"031213","0004","A"
"014093","0109","A"
"014094","0109","A"
"014095","0109","A"
"014287","0004","A"
"031214","0004","A"
"031215","0004","A"
"031690","0004","A"
"031691","0004","A"
"031692","0004","A"
"031693","0004","A"
"031694","0004","A"
"031695","0004","A"
"031696","0004","A"
"031697","0004","A"
"031698","0004","A"
"031699","0004","A"
"031700","0004","A"
"031702","0004","A"
"031703","0004","A"
"031704","0004","A"
"031705","0004","A"
"031706","0004","A"
"031707","0004","A"
"031708","0004","A"
"031709","0004","A"
"031710","0004","A"
"031817","0004","A"
"033249","0004","A"
"033250","0004","A"
"033251","0004","A"
"033480","0004","A"
"033481","0004","A"
"034232","0004","A"
"034236","0184","A"
"034239","0179","A"
"001741","0004","A"
"001742","0004","A"
"001743","0004","A"
"010122","0078","A"
"001932","0004","A"
"014245","0144","A"
"014256","0098","A"
"014874","0119","A"
"014879","0109","A"
"014988","0144","A"
"014989","0164","A"
"014990","0164","A"
"014991","0164","A"
"014992","0144","A"
"014993","0164","A"
"015227","0074","A"
"015718","0165","A"
"015719","0165","A"
"019562","0004","A"
"019610","0004","A"
"019611","0114","A"
"004985","0114","A"
"019927","0076","A"
"019936","0165","A"
"019937","0165","A"
"019938","0165","A"
"020413","0074","A"
"020641","0004","A"
"020662","0004","A"
"020680","0004","A"
"020789","0004","A"
"020810","0004","A"
"021080","0004","A"
"021091","0004","A"
"022176","0004","A"
"026596","0004","A"
"026597","0004","A"
"026598","0004","A"
"026599","0004","A"
"026600","0004","A"
"026601","0004","A"
"026602","0004","A"
"004690","0218","A"
"027904","0165","A"
"027905","0165","A"
"027906","0165","A"
"027907","0165","A"
"027908","0165","A"
"027909","0165","A"
"027910","0165","A"
"027911","0165","A"
"027912","0165","A"
"027913","0165","A"
"027914","0165","A"
"027915","0165","A"
"027916","0165","A"
"027917","0165","A"
"027918","0165","A"
"027919","0165","A"
"027920","0165","A"
"027921","0165","A"
"027922","0165","A"
"027923","0165","A"
"027924","0165","A"
"027925","0165","A"
"027926","0165","A"
"027927","0165","A"
"027928","0165","A"
"027929","0165","A"
"027930","0165","A"
"027931","0165","A"
"027932","0165","A"
"027933","0165","A"
"027934","0165","A"
"027935","0165","A"
"027936","0165","A"
"027937","0165","A"
"027938","0165","A"
"027939","0165","A"
"027940","0165","A"
"027941","0165","A"
"027942","0165","A"
"027943","0165","A"
"027944","0165","A"
"027945","0165","A"
"027946","0165","A"
"027947","0165","A"
"027948","0165","A"
"027949","0165","A"
"027950","0165","A"
"027951","0165","A"
"027952","0165","A"
"027953","0165","A"
"027954","0165","A"
"027955","0165","A"
"027956","0165","A"
"027957","0165","A"
"027958","0165","A"
"027959","0165","A"
"027960","0165","A"
"027961","0165","A"
"027962","0165","A"
"027963","0165","A"
"027964","0165","A"
"027965","0165","A"
"027966","0165","A"
"027967","0165","A"
"027968","0165","A"
"027969","0165","A"
"027970","0165","A"
"027971","0165","A"
"027972","0165","A"
"027973","0165","A"
"027974","0165","A"
"027975","0165","A"
"027976","0165","A"
"027977","0165","A"
"027978","0165","A"
"027979","0165","A"
"027980","0165","A"
"027981","0165","A"
"027982","0165","A"
"027983","0165","A"
"027984","0165","A"
"027985","0165","A"
"027986","0165","A"
"027987","0165","A"
"027988","0165","A"
"027989","0165","A"
"027990","0165","A"
"027991","0165","A"
"027992","0165","A"
"027993","0165","A"
"027994","0165","A"
"027995","0165","A"
"027996","0165","A"
"027997","0165","A"
"027998","0165","A"
"027999","0165","A"
"028000","0165","A"
"028001","0165","A"
"028002","0165","A"
"028003","0165","A"
"028006","0165","A"
"028007","0165","A"
"028059","0004","A"
"028060","0004","A"
"028489","0004","A"
"028490","0004","A"
"028491","0004","A"
"028580","0004","A"
"028581","0004","A"
"028582","0004","A"
"028870","0004","A"
"028871","0004","A"
"028872","0004","A"
"028873","0004","A"
"028874","0004","A"
"028875","0004","A"
"028876","0004","A"
"028877","0004","A"
"028878","0004","A"
"028879","0004","A"
"028880","0004","A"
"028881","0004","A"
"028882","0004","A"
"028883","0004","A"
"028884","0004","A"
"028885","0004","A"
"030276","0004","A"
"030277","0004","A"
"030564","0004","A"
"030614","0004","A"
"030664","0004","A"
"004629","0217","A"
"014207","0217","A"
"031124","0004","A"
"031128","0004","A"
"031129","0004","A"
"031130","0004","A"
"031131","0004","A"
"031324","0004","A"
"031325","0004","A"
"031326","0004","A"
"031327","0004","A"
"031328","0004","A"
"031329","0004","A"
"031627","0004","A"
"031628","0004","A"
"031629","0004","A"
"031630","0004","A"
"031631","0004","A"
"031632","0004","A"
"031633","0004","A"
"031634","0004","A"
"031635","0004","A"
"031653","0179","A"
"006947","0217","A"
"005948","0217","A"
"005946","0217","A"
"005950","0217","A"
"005942","0217","A"
"005945","0217","A"
"031992","0217","A"
"005947","0217","A"
"014611","0217","A"
"019584","0217","A"
"006011","0217","A"
"006948","0217","A"
"005951","0217","A"
"031994","0217","A"
"005952","0217","A"
"005943","0217","A"
"005953","0217","A"
"005949","0217","A"
"005944","0217","A"
"032237","0165","A"
"032238","0165","A"
"032248","0216","A"
"032255","0004","A"
"032256","0004","A"
"032257","0004","A"
"032264","0004","A"
"032265","0004","A"
"032598","0004","A"
"032708","0004","A"
"032709","0004","A"
"032786","0215","A"
"032789","0215","A"
"014462","0215","A"
"020501","0215","A"
"019544","0215","A"
"020278","0215","A"
"032797","0163","A"
"032800","0163","A"
"019629","0215","A"
"032805","0163","A"
"014729","0215","A"
"032810","0215","A"
"032813","0215","A"
"032816","0215","A"
"032819","0215","A"
"032821","0163","A"
"032822","0215","A"
"032824","0215","A"
"032826","0215","A"
"032828","0215","A"
"032831","0163","A"
"032834","0215","A"
"032837","0163","A"
"032840","0215","A"
"032842","0163","A"
"030201","0215","A"
"032844","0163","A"
"019877","0215","A"
"032849","0163","A"
"032851","0163","A"
"014743","0215","A"
"032854","0163","A"
"032856","0163","A"
"020593","0215","A"
"032858","0215","A"
"019668","0215","A"
"032862","0215","A"
"032865","0215","A"
"021366","0215","A"
"014966","0215","A"
"032872","0215","A"
"032994","0004","A"
"033029","0004","A"
"033098","0004","A"
"033231","0170","A"
"033232","0004","A"
"033233","0004","A"
"033234","0004","A"
"033235","0004","A"
"033236","0004","A"
"033237","0004","A"
"033238","0004","A"
"033239","0004","A"
"033240","0004","A"
"033536","0004","A"
"033537","0004","A"
"033538","0004","A"
"033806","0004","A"
"033807","0004","A"
"033808","0004","A"
"033809","0004","A"
"033828","0004","A"
"033862","0175","A"
"033869","0004","A"
"033870","0004","A"
"033871","0004","A"
"033872","0004","A"
"033873","0004","A"
"033884","0004","A"
"033886","0004","A"
"033888","0004","A"
"033913","0004","A"
"034033","0004","A"
"034034","0004","A"
"034035","0004","A"
"034036","0004","A"
"034196","0004","A"
"034216","0004","A"
"034217","0004","A"
"034218","0004","A"
"034223","0004","A"
"034414","0004","A"
"034446","0185","A"
"014060","0075","A"
"008719","0109","A"
"014929","0163","A"
"014566","0088","A"
"014928","0163","A"
"014930","0163","A"
"014931","0163","A"
"014932","0163","A"
"014933","0163","A"
"014934","0163","A"
"014935","0163","A"
"014936","0163","A"
"014937","0163","A"
"014938","0163","A"
"014939","0163","A"
"014940","0163","A"
"019460","0163","A"
"019469","0163","A"
"019471","0163","A"
"019557","0163","A"
"019692","0109","A"
"019693","0109","A"
"019694","0109","A"
"019695","0109","A"
"019696","0109","A"
"019697","0109","A"
"019698","0109","A"
"019699","0109","A"
"019700","0109","A"
"019701","0109","A"
"019702","0127","A"
"019703","0077","A"
"019710","0098","A"
"019800","0163","A"
"019803","0163","A"
"019810","0163","A"
"019813","0163","A"
"019816","0163","A"
"019821","0163","A"
"019824","0163","A"
"019829","0163","A"
"019832","0163","A"
"019849","0163","A"
"019852","0163","A"
"019855","0163","A"
"019867","0163","A"
"019881","0163","A"
"019884","0163","A"
"019896","0163","A"
"020417","0004","A"
"020421","0170","A"
"020422","0170","A"
"020423","0170","A"
"020424","0170","A"
"020425","0170","A"
"020426","0170","A"
"020427","0170","A"
"020428","0170","A"
"020429","0170","A"
"011714","0183","A"
"011715","0183","A"
"011716","0183","A"
"011717","0183","A"
"011718","0183","A"
"011720","0183","A"
"011721","0183","A"
"011723","0183","A"
"011724","0183","A"
"011726","0183","A"
"011727","0183","A"
"011728","0183","A"
"011729","0183","A"
"011730","0183","A"
"011731","0183","A"
"011732","0183","A"
"011734","0183","A"
"011735","0183","A"
"011737","0183","A"
"011739","0183","A"
"011741","0183","A"
"011743","0183","A"
"011744","0183","A"
"011745","0183","A"
"011746","0183","A"
"011748","0183","A"
"011750","0183","A"
"011752","0183","A"
"011753","0183","A"
"011754","0183","A"
"011756","0183","A"
"011757","0183","A"
"011758","0183","A"
"011759","0183","A"
"011761","0183","A"
"011762","0183","A"
"011763","0183","A"
"011764","0183","A"
"011765","0183","A"
"011769","0183","A"
"011773","0183","A"
"011774","0183","A"
"011775","0183","A"
"011777","0183","A"
"011780","0183","A"
"011781","0183","A"
"011782","0183","A"
"011783","0183","A"
"011785","0183","A"
"011787","0183","A"
"011791","0183","A"
"011792","0183","A"
"011793","0183","A"
"011794","0183","A"
"011795","0183","A"
"011796","0183","A"
"011797","0183","A"
"011798","0183","A"
"011799","0183","A"
"011802","0183","A"
"011803","0183","A"
"011804","0183","A"
"011805","0183","A"
"011809","0183","A"
"011812","0183","A"
"011814","0183","A"
"011816","0183","A"
"011817","0183","A"
"011818","0183","A"
"011819","0183","A"
"011820","0183","A"
"011821","0183","A"
"011822","0183","A"
"011824","0183","A"
"011826","0183","A"
"011829","0183","A"
"011830","0183","A"
"011831","0183","A"
"011832","0183","A"
"011835","0183","A"
"011838","0183","A"
"011839","0183","A"
"011841","0183","A"
"011842","0183","A"
"011843","0183","A"
"011844","0183","A"
"011845","0183","A"
"011846","0183","A"
"011847","0183","A"
"011848","0183","A"
"011849","0183","A"
"011852","0183","A"
"011853","0183","A"
"011856","0183","A"
"011857","0183","A"
"011858","0183","A"
"011859","0183","A"
"011860","0183","A"
"011861","0183","A"
"011862","0183","A"
"011864","0183","A"
"011865","0183","A"
"011867","0183","A"
"011868","0183","A"
"011869","0183","A"
"011871","0183","A"
"011872","0183","A"
"011875","0183","A"
"011879","0183","A"
"011881","0183","A"
"011883","0183","A"
"011885","0183","A"
"011886","0183","A"
"011887","0183","A"
"011888","0183","A"
"011890","0183","A"
"011891","0183","A"
"011892","0183","A"
"011894","0183","A"
"011897","0183","A"
"011899","0183","A"
"011902","0183","A"
"011904","0183","A"
"011910","0183","A"
"011911","0183","A"
"011913","0183","A"
"011914","0183","A"
"011917","0183","A"
"011919","0183","A"
"011920","0183","A"
"011924","0183","A"
"011925","0183","A"
"011926","0183","A"
"011927","0183","A"
"011928","0183","A"
"011929","0183","A"
"011930","0183","A"
"011931","0183","A"
"011932","0183","A"
"011933","0183","A"
"011935","0183","A"
"011936","0183","A"
"011937","0183","A"
"011938","0183","A"
"011939","0183","A"
"011940","0183","A"
"011946","0183","A"
"011947","0183","A"
"011948","0183","A"
"011949","0183","A"
"011951","0183","A"
"011952","0183","A"
"011955","0183","A"
"011957","0183","A"
"011958","0183","A"
"011959","0183","A"
"011960","0183","A"
"011962","0183","A"
"011963","0183","A"
"011965","0183","A"
"011966","0183","A"
"011967","0183","A"
"011968","0183","A"
"011970","0183","A"
"011971","0183","A"
"011972","0183","A"
"011973","0183","A"
"011975","0183","A"
"011976","0183","A"
"011977","0183","A"
"011979","0183","A"
"011983","0183","A"
"011985","0183","A"
"011987","0183","A"
"011988","0183","A"
"011990","0183","A"
"011992","0183","A"
"011993","0183","A"
"011997","0183","A"
"011998","0183","A"
"011999","0183","A"
"012000","0183","A"
"012001","0183","A"
"012002","0183","A"
"012004","0183","A"
"012005","0183","A"
"012006","0183","A"
"012007","0183","A"
"012016","0183","A"
"012020","0183","A"
"012023","0183","A"
"012024","0183","A"
"012025","0183","A"
"012026","0183","A"
"012030","0183","A"
"012031","0183","A"
"012033","0183","A"
"012034","0183","A"
"012035","0183","A"
"012036","0183","A"
"012037","0183","A"
"012039","0183","A"
"012040","0183","A"
"012041","0183","A"
"012042","0183","A"
"012044","0183","A"
"012045","0183","A"
"012046","0183","A"
"012047","0183","A"
"012048","0183","A"
"012050","0183","A"
"012051","0183","A"
"012052","0183","A"
"012053","0183","A"
"012054","0183","A"
"012056","0183","A"
"012057","0183","A"
"012059","0183","A"
"012060","0183","A"
"012061","0183","A"
"012062","0183","A"
"012063","0183","A"
"012064","0183","A"
"012066","0183","A"
"012067","0183","A"
"012068","0183","A"
"012069","0183","A"
"012070","0183","A"
"012073","0183","A"
"012074","0183","A"
"013693","0183","A"
"013696","0183","A"
"013697","0183","A"
"013699","0183","A"
"013701","0183","A"
"013703","0183","A"
"013705","0183","A"
"013707","0183","A"
"013708","0183","A"
"013714","0183","A"
"013715","0183","A"
"013717","0183","A"
"013723","0183","A"
"013725","0183","A"
"013731","0183","A"
"013732","0183","A"
"013733","0183","A"
"013735","0183","A"
"013736","0183","A"
"013737","0183","A"
"013738","0183","A"
"013740","0183","A"
"013742","0183","A"
"013743","0183","A"
"013746","0183","A"
"013748","0183","A"
"013749","0183","A"
"013750","0183","A"
"013752","0183","A"
"013756","0183","A"
"013758","0183","A"
"013759","0183","A"
"013763","0183","A"
"013764","0183","A"
"013766","0183","A"
"013767","0183","A"
"014345","0183","A"
"014347","0183","A"
"014597","0183","A"
"014598","0183","A"
"014850","0183","A"
"014851","0183","A"
"014852","0183","A"
"014853","0183","A"
"014854","0183","A"
"014855","0183","A"
"015218","0183","A"
"015219","0183","A"
"015220","0183","A"
"011719","0183","A"
"011722","0183","A"
"011725","0183","A"
"011733","0183","A"
"011738","0183","A"
"011742","0183","A"
"011747","0183","A"
"011749","0183","A"
"011751","0183","A"
"011755","0183","A"
"011760","0183","A"
"011766","0183","A"
"011770","0183","A"
"011771","0183","A"
"011772","0183","A"
"011776","0183","A"
"011778","0183","A"
"011784","0183","A"
"011788","0183","A"
"011789","0183","A"
"011790","0183","A"
"011800","0183","A"
"011801","0183","A"
"011806","0183","A"
"011808","0183","A"
"011810","0183","A"
"011811","0183","A"
"011813","0183","A"
"011823","0183","A"
"011825","0183","A"
"011827","0183","A"
"011828","0183","A"
"011833","0183","A"
"011836","0183","A"
"011837","0183","A"
"011840","0183","A"
"011850","0183","A"
"011851","0183","A"
"011855","0183","A"
"011863","0183","A"
"011866","0183","A"
"011873","0183","A"
"011876","0183","A"
"011880","0183","A"
"026172","0004","A"
"011889","0183","A"
"026173","0004","A"
"011898","0183","A"
"011900","0183","A"
"011901","0183","A"
"011903","0183","A"
"011905","0183","A"
"011907","0183","A"
"011908","0183","A"
"011909","0183","A"
"011912","0183","A"
"011916","0183","A"
"011918","0183","A"
"011922","0183","A"
"011923","0183","A"
"011934","0183","A"
"011941","0183","A"
"011943","0183","A"
"011944","0183","A"
"011945","0183","A"
"011950","0183","A"
"011953","0183","A"
"026196","0004","A"
"011956","0183","A"
"011964","0183","A"
"011969","0183","A"
"011974","0183","A"
"011978","0183","A"
"011980","0183","A"
"026197","0004","A"
"011986","0183","A"
"011989","0183","A"
"011991","0183","A"
"011995","0183","A"
"012003","0183","A"
"012012","0183","A"
"012013","0183","A"
"012014","0183","A"
"012015","0183","A"
"012017","0183","A"
"012018","0183","A"
"012019","0183","A"
"012022","0183","A"
"012027","0183","A"
"026198","0004","A"
"012029","0183","A"
"012032","0183","A"
"012038","0183","A"
"012049","0183","A"
"012055","0183","A"
"012058","0183","A"
"012071","0183","A"
"012072","0183","A"
"012078","0183","A"
"013695","0183","A"
"013698","0183","A"
"013702","0183","A"
"013706","0183","A"
"013709","0183","A"
"013711","0183","A"
"013712","0183","A"
"013713","0183","A"
"013716","0183","A"
"013718","0183","A"
"013720","0183","A"
"013721","0183","A"
"013722","0183","A"
"013724","0183","A"
"013726","0183","A"
"013727","0183","A"
"013728","0183","A"
"013729","0183","A"
"013730","0183","A"
"013734","0183","A"
"013741","0183","A"
"013744","0183","A"
"013745","0183","A"
"013747","0183","A"
"013751","0183","A"
"013753","0183","A"
"013754","0183","A"
"013757","0183","A"
"013760","0183","A"
"013761","0183","A"
"013762","0183","A"
"013765","0183","A"
"013768","0183","A"
"020952","0004","A"
"020953","0004","A"
"020954","0004","A"
"020955","0004","A"
"020959","0004","A"
"020960","0004","A"
"026199","0004","A"
"026201","0004","A"
"004865","0217","A"
"021470","0084","A"
"021470","0178","A"
"021477","0084","A"
"021477","0178","A"
"026116","0084","A"
"026116","0178","A"
"021478","0084","A"
"021478","0178","A"
"021469","0084","A"
"021469","0178","A"
"021476","0084","A"
"021476","0178","A"
"021471","0084","A"
"021471","0178","A"
"021472","0084","A"
"021472","0178","A"
"021473","0084","A"
"021473","0178","A"
"004863","0217","A"
"004864","0217","A"
"006936","0218","A"
"028830","0004","A"
"028831","0004","A"
"028832","0004","A"
"028833","0004","A"
"028834","0004","A"
"028835","0004","A"
"028836","0004","A"
"028837","0004","A"
"028838","0004","A"
"028839","0004","A"
"028840","0004","A"
"028898","0004","A"
"029206","0004","A"
"029274","0004","A"
"029275","0004","A"
"029276","0004","A"
"029277","0004","A"
"009248","0185","A"
"029354","0183","A"
"029355","0183","A"
"029356","0183","A"
"029359","0184","A"
"029360","0184","A"
"030305","0004","A"
"030306","0004","A"
"030307","0004","A"
"030308","0004","A"
"030422","0004","A"
"030423","0004","A"
"030424","0004","A"
"030428","0004","A"
"030429","0004","A"
"030481","0004","A"
"030482","0004","A"
"030483","0004","A"
"030484","0004","A"
"030485","0004","A"
"030558","0004","A"
"030730","0004","A"
"030731","0004","A"
"030732","0004","A"
"030743","0004","A"
"014289","0217","A"
"014290","0217","A"
"014291","0217","A"
"031525","0004","A"
"031652","0173","A"
"031684","0004","A"
"031815","0004","A"
"031816","0004","A"
"031924","0004","A"
"031925","0004","A"
"031926","0004","A"
"031927","0004","A"
"031928","0004","A"
"031929","0004","A"
"032033","0004","A"
"032710","0004","A"
"032711","0004","A"
"032712","0004","A"
"033136","0004","A"
"033345","0004","A"
"033346","0004","A"
"033845","0004","A"
"033846","0004","A"
"034000","0004","A"
"034001","0004","A"
"034191","0004","A"
"034474","0004","A"
"002398","0004","A"
"012700","0084","A"
"012701","0084","A"
"012702","0084","A"
"012703","0084","A"
"012704","0084","A"
"012705","0084","A"
"012706","0084","A"
"012707","0084","A"
"012708","0084","A"
"012709","0084","A"
"012710","0084","A"
"012711","0084","A"
"012712","0084","A"
"012713","0084","A"
"012714","0084","A"
"012715","0084","A"
"012716","0084","A"
"012717","0084","A"
"012718","0084","A"
"012719","0084","A"
"012720","0084","A"
"012721","0084","A"
"012722","0084","A"
"012723","0084","A"
"012724","0084","A"
"012725","0084","A"
"012726","0084","A"
"012727","0084","A"
"012728","0084","A"
"012729","0084","A"
"012730","0084","A"
"012731","0084","A"
"012732","0084","A"
"012733","0084","A"
"012734","0084","A"
"012735","0084","A"
"012736","0084","A"
"012737","0084","A"
"012738","0084","A"
"012739","0084","A"
"012740","0084","A"
"012741","0084","A"
"012742","0084","A"
"012743","0084","A"
"012744","0084","A"
"012745","0084","A"
"012746","0084","A"
"012747","0084","A"
"012748","0084","A"
"012749","0084","A"
"012750","0084","A"
"012752","0084","A"
"012753","0084","A"
"012754","0084","A"
"012755","0084","A"
"012756","0084","A"
"012757","0084","A"
"012758","0084","A"
"012759","0084","A"
"012760","0084","A"
"012761","0084","A"
"012762","0084","A"
"012763","0084","A"
"012764","0084","A"
"012765","0084","A"
"012766","0084","A"
"012767","0084","A"
"012768","0084","A"
"012769","0084","A"
"012771","0084","A"
"012772","0084","A"
"012773","0084","A"
"012774","0084","A"
"012776","0084","A"
"012777","0084","A"
"012778","0084","A"
"012779","0084","A"
"012780","0084","A"
"012782","0084","A"
"012784","0084","A"
"012785","0084","A"
"012786","0084","A"
"012787","0084","A"
"012788","0084","A"
"012789","0084","A"
"012790","0084","A"
"012791","0084","A"
"012792","0084","A"
"012793","0084","A"
"012794","0084","A"
"012795","0084","A"
"012796","0084","A"
"012797","0084","A"
"012798","0084","A"
"012799","0084","A"
"012800","0084","A"
"012801","0084","A"
"012802","0084","A"
"012803","0084","A"
"012804","0084","A"
"012805","0084","A"
"012806","0084","A"
"012807","0084","A"
"012808","0084","A"
"012809","0084","A"
"012810","0084","A"
"012811","0084","A"
"012812","0084","A"
"012813","0084","A"
"012814","0084","A"
"012815","0084","A"
"012816","0084","A"
"012817","0084","A"
"012818","0084","A"
"012819","0084","A"
"012820","0084","A"
"012821","0084","A"
"012822","0084","A"
"012823","0084","A"
"012825","0084","A"
"012826","0084","A"
"012827","0084","A"
"012828","0084","A"
"012829","0084","A"
"012830","0084","A"
"012831","0084","A"
"012832","0084","A"
"012833","0084","A"
"012834","0084","A"
"012835","0084","A"
"012836","0084","A"
"012837","0084","A"
"012838","0084","A"
"012839","0084","A"
"012840","0084","A"
"012841","0084","A"
"012842","0084","A"
"012844","0084","A"
"012845","0084","A"
"012846","0084","A"
"012847","0084","A"
"012848","0084","A"
"012849","0084","A"
"012850","0084","A"
"012851","0084","A"
"012852","0084","A"
"012853","0084","A"
"012854","0084","A"
"012855","0084","A"
"012856","0084","A"
"012857","0084","A"
"012858","0084","A"
"012859","0084","A"
"012860","0084","A"
"012861","0084","A"
"012862","0084","A"
"012863","0084","A"
"012864","0084","A"
"012865","0084","A"
"012866","0084","A"
"012867","0084","A"
"012869","0084","A"
"012870","0084","A"
"012871","0084","A"
"012872","0084","A"
"012873","0084","A"
"012874","0084","A"
"012875","0084","A"
"012876","0084","A"
"012877","0084","A"
"012878","0084","A"
"012879","0084","A"
"012880","0084","A"
"012881","0084","A"
"012882","0084","A"
"012883","0084","A"
"012884","0084","A"
"012885","0084","A"
"012887","0084","A"
"012890","0084","A"
"012891","0084","A"
"012892","0084","A"
"012894","0084","A"
"012895","0084","A"
"012896","0084","A"
"012897","0084","A"
"012898","0084","A"
"012899","0084","A"
"012900","0084","A"
"012902","0084","A"
"012903","0084","A"
"012904","0084","A"
"012905","0084","A"
"012906","0084","A"
"012907","0084","A"
"012908","0084","A"
"012909","0084","A"
"012910","0084","A"
"012911","0084","A"
"012913","0084","A"
"012914","0084","A"
"012915","0084","A"
"012916","0084","A"
"012917","0084","A"
"012918","0084","A"
"012919","0084","A"
"012921","0084","A"
"012922","0084","A"
"012923","0084","A"
"012924","0084","A"
"012925","0084","A"
"012926","0084","A"
"012929","0084","A"
"012930","0084","A"
"012931","0084","A"
"012932","0084","A"
"012933","0084","A"
"012934","0084","A"
"012935","0084","A"
"012936","0084","A"
"012937","0084","A"
"012938","0084","A"
"012939","0084","A"
"012940","0084","A"
"012941","0084","A"
"012942","0084","A"
"012943","0084","A"
"012944","0084","A"
"012945","0084","A"
"012946","0084","A"
"012947","0084","A"
"012948","0084","A"
"012949","0084","A"
"012950","0084","A"
"012951","0084","A"
"012952","0084","A"
"012953","0084","A"
"012955","0084","A"
"012956","0084","A"
"012957","0084","A"
"012958","0084","A"
"012959","0084","A"
"012960","0084","A"
"012961","0084","A"
"012963","0084","A"
"012964","0084","A"
"012965","0084","A"
"012966","0084","A"
"012967","0084","A"
"012968","0084","A"
"012969","0084","A"
"012970","0084","A"
"012972","0084","A"
"012973","0084","A"
"012974","0084","A"
"012975","0084","A"
"012976","0084","A"
"012977","0084","A"
"012978","0084","A"
"012979","0084","A"
"012980","0084","A"
"012981","0084","A"
"012982","0084","A"
"012983","0084","A"
"012984","0084","A"
"012985","0084","A"
"012986","0084","A"
"012987","0084","A"
"012988","0084","A"
"012989","0084","A"
"012990","0084","A"
"012991","0084","A"
"012993","0084","A"
"012994","0084","A"
"012995","0084","A"
"012996","0084","A"
"012997","0084","A"
"012998","0084","A"
"012999","0084","A"
"013000","0084","A"
"013001","0084","A"
"013002","0084","A"
"013003","0084","A"
"013004","0084","A"
"013005","0084","A"
"013006","0084","A"
"013007","0084","A"
"013008","0084","A"
"013009","0084","A"
"013010","0084","A"
"013012","0084","A"
"013013","0084","A"
"013014","0084","A"
"013015","0084","A"
"013016","0084","A"
"013017","0084","A"
"013018","0084","A"
"013019","0084","A"
"013020","0084","A"
"013021","0084","A"
"013023","0084","A"
"013024","0084","A"
"013025","0084","A"
"013026","0084","A"
"013027","0084","A"
"013028","0084","A"
"013029","0084","A"
"013030","0084","A"
"013031","0084","A"
"013032","0084","A"
"013033","0084","A"
"013034","0084","A"
"013035","0084","A"
"013036","0084","A"
"013037","0084","A"
"013038","0084","A"
"013039","0084","A"
"013040","0084","A"
"013041","0084","A"
"013042","0084","A"
"013043","0084","A"
"013044","0084","A"
"013045","0084","A"
"013046","0084","A"
"013047","0084","A"
"013049","0084","A"
"013050","0084","A"
"013051","0084","A"
"013052","0084","A"
"013053","0084","A"
"013054","0084","A"
"013055","0084","A"
"013056","0084","A"
"013057","0084","A"
"013059","0084","A"
"013060","0084","A"
"013062","0084","A"
"013063","0084","A"
"013064","0084","A"
"013065","0084","A"
"013066","0084","A"
"013067","0084","A"
"013068","0084","A"
"013069","0084","A"
"013070","0084","A"
"013071","0084","A"
"013072","0084","A"
"013073","0084","A"
"013074","0084","A"
"013075","0084","A"
"013076","0084","A"
"013077","0084","A"
"013078","0084","A"
"013079","0084","A"
"013080","0084","A"
"013081","0084","A"
"013082","0084","A"
"013083","0084","A"
"013084","0084","A"
"013085","0084","A"
"013086","0084","A"
"013087","0084","A"
"013088","0084","A"
"013089","0084","A"
"013090","0084","A"
"013091","0084","A"
"013092","0084","A"
"013093","0084","A"
"013094","0084","A"
"013095","0084","A"
"013096","0084","A"
"013097","0084","A"
"013098","0084","A"
"013099","0084","A"
"013100","0084","A"
"013101","0084","A"
"013102","0084","A"
"013104","0084","A"
"013105","0084","A"
"013106","0084","A"
"013107","0084","A"
"013108","0084","A"
"013109","0084","A"
"013110","0084","A"
"013111","0084","A"
"013112","0084","A"
"013113","0084","A"
"013114","0084","A"
"013115","0084","A"
"013116","0084","A"
"013117","0084","A"
"013118","0084","A"
"013119","0084","A"
"013120","0084","A"
"013121","0084","A"
"013122","0084","A"
"013123","0084","A"
"013124","0084","A"
"013125","0084","A"
"013126","0084","A"
"013127","0084","A"
"013128","0084","A"
"013129","0084","A"
"013130","0084","A"
"013131","0084","A"
"013132","0084","A"
"013133","0084","A"
"013134","0084","A"
"013135","0084","A"
"013136","0084","A"
"013137","0084","A"
"013138","0084","A"
"013139","0084","A"
"013140","0084","A"
"013141","0084","A"
"013142","0084","A"
"013143","0084","A"
"013144","0084","A"
"013147","0084","A"
"013148","0084","A"
"013149","0084","A"
"013150","0084","A"
"013151","0084","A"
"013152","0084","A"
"013153","0084","A"
"013154","0084","A"
"013155","0084","A"
"013156","0084","A"
"013157","0084","A"
"013158","0084","A"
"013159","0084","A"
"013160","0084","A"
"013161","0084","A"
"013162","0084","A"
"013163","0084","A"
"013164","0084","A"
"013165","0084","A"
"013166","0084","A"
"013167","0084","A"
"013168","0084","A"
"013169","0084","A"
"013170","0084","A"
"013171","0084","A"
"013172","0084","A"
"013174","0084","A"
"013175","0084","A"
"013176","0084","A"
"013177","0084","A"
"013178","0084","A"
"013179","0084","A"
"013180","0084","A"
"013181","0084","A"
"013182","0084","A"
"013183","0084","A"
"013184","0084","A"
"013185","0084","A"
"013186","0084","A"
"013187","0084","A"
"013188","0084","A"
"013189","0084","A"
"013190","0084","A"
"013191","0084","A"
"013192","0084","A"
"013193","0084","A"
"013194","0084","A"
"013196","0084","A"
"013197","0084","A"
"013198","0084","A"
"013199","0084","A"
"013200","0084","A"
"013202","0084","A"
"013203","0084","A"
"013204","0084","A"
"013206","0084","A"
"013207","0084","A"
"013208","0084","A"
"013209","0084","A"
"013210","0084","A"
"013211","0084","A"
"013213","0084","A"
"013214","0084","A"
"013215","0084","A"
"013216","0084","A"
"013217","0084","A"
"013218","0084","A"
"013219","0084","A"
"013220","0084","A"
"013221","0084","A"
"013222","0084","A"
"013223","0084","A"
"013224","0084","A"
"013225","0084","A"
"013226","0084","A"
"013227","0084","A"
"013228","0084","A"
"013229","0084","A"
"013230","0084","A"
"013231","0084","A"
"013232","0084","A"
"013233","0084","A"
"013234","0084","A"
"013235","0084","A"
"013236","0084","A"
"013237","0084","A"
"013238","0084","A"
"013239","0084","A"
"013240","0084","A"
"013241","0084","A"
"013242","0084","A"
"013243","0084","A"
"013244","0084","A"
"013245","0084","A"
"013246","0084","A"
"013247","0084","A"
"013248","0084","A"
"013249","0084","A"
"013250","0084","A"
"013251","0084","A"
"013252","0084","A"
"013253","0084","A"
"013254","0084","A"
"013255","0084","A"
"013256","0084","A"
"013257","0084","A"
"013258","0084","A"
"013259","0084","A"
"013260","0084","A"
"013261","0084","A"
"013262","0084","A"
"013263","0084","A"
"013264","0084","A"
"013265","0084","A"
"013266","0084","A"
"013267","0084","A"
"013269","0084","A"
"013270","0084","A"
"013271","0084","A"
"013272","0084","A"
"013273","0084","A"
"013274","0084","A"
"013275","0084","A"
"013276","0084","A"
"013277","0084","A"
"013278","0084","A"
"013279","0084","A"
"013280","0084","A"
"013281","0084","A"
"013282","0084","A"
"013283","0084","A"
"013285","0084","A"
"013286","0084","A"
"013287","0084","A"
"013288","0084","A"
"013289","0084","A"
"013290","0084","A"
"013291","0084","A"
"013292","0084","A"
"013293","0084","A"
"013294","0084","A"
"013295","0084","A"
"013296","0084","A"
"013297","0084","A"
"013298","0084","A"
"013299","0084","A"
"013300","0084","A"
"013301","0084","A"
"013302","0084","A"
"013303","0084","A"
"013304","0084","A"
"013305","0084","A"
"013306","0084","A"
"013307","0084","A"
"013308","0084","A"
"013309","0084","A"
"013310","0084","A"
"013311","0084","A"
"013312","0084","A"
"013313","0084","A"
"013314","0084","A"
"013315","0084","A"
"013316","0084","A"
"013317","0084","A"
"013318","0084","A"
"013319","0084","A"
"013320","0084","A"
"013321","0084","A"
"013322","0084","A"
"013323","0084","A"
"013324","0084","A"
"013325","0084","A"
"013326","0084","A"
"013327","0084","A"
"013328","0084","A"
"013330","0084","A"
"013331","0084","A"
"013332","0084","A"
"013333","0084","A"
"013334","0084","A"
"013337","0084","A"
"013338","0084","A"
"013339","0084","A"
"013340","0084","A"
"013341","0084","A"
"013342","0084","A"
"013343","0084","A"
"013344","0084","A"
"013345","0084","A"
"013346","0084","A"
"013347","0084","A"
"013348","0084","A"
"013349","0084","A"
"013350","0084","A"
"013351","0084","A"
"013352","0084","A"
"013353","0084","A"
"013354","0084","A"
"013355","0084","A"
"013356","0084","A"
"013357","0084","A"
"013358","0084","A"
"013359","0084","A"
"013360","0084","A"
"013361","0084","A"
"013362","0084","A"
"013363","0084","A"
"013364","0084","A"
"013365","0084","A"
"013366","0084","A"
"013367","0084","A"
"013368","0084","A"
"013369","0084","A"
"013370","0084","A"
"013371","0084","A"
"013372","0084","A"
"013373","0084","A"
"013374","0084","A"
"013375","0084","A"
"013376","0084","A"
"013377","0084","A"
"013378","0084","A"
"013379","0084","A"
"013380","0084","A"
"013381","0084","A"
"013382","0084","A"
"013383","0084","A"
"013384","0084","A"
"013385","0084","A"
"013386","0084","A"
"013387","0084","A"
"013388","0084","A"
"013389","0084","A"
"013390","0084","A"
"013391","0084","A"
"013392","0084","A"
"013393","0084","A"
"013394","0084","A"
"013395","0084","A"
"013396","0084","A"
"013397","0084","A"
"013398","0084","A"
"013399","0084","A"
"013400","0084","A"
"013401","0084","A"
"013402","0084","A"
"013403","0084","A"
"013404","0084","A"
"013405","0084","A"
"013406","0084","A"
"013407","0084","A"
"013408","0084","A"
"013409","0084","A"
"013410","0084","A"
"013411","0084","A"
"013412","0084","A"
"013413","0084","A"
"013414","0084","A"
"013415","0084","A"
"013416","0084","A"
"013417","0084","A"
"013418","0084","A"
"013419","0084","A"
"013420","0084","A"
"013421","0084","A"
"013422","0084","A"
"013423","0084","A"
"013424","0084","A"
"013425","0084","A"
"013426","0084","A"
"013427","0084","A"
"013428","0084","A"
"013429","0084","A"
"013430","0084","A"
"013431","0084","A"
"013432","0084","A"
"013433","0084","A"
"013434","0084","A"
"013435","0084","A"
"013437","0084","A"
"013438","0084","A"
"013439","0084","A"
"013440","0084","A"
"013441","0084","A"
"013442","0084","A"
"013443","0084","A"
"013444","0084","A"
"013445","0084","A"
"013446","0084","A"
"013447","0084","A"
"013448","0084","A"
"013449","0084","A"
"013450","0084","A"
"013451","0084","A"
"013452","0084","A"
"013453","0084","A"
"013454","0084","A"
"013455","0084","A"
"013456","0084","A"
"013457","0084","A"
"013458","0084","A"
"013459","0084","A"
"013460","0084","A"
"013461","0084","A"
"013462","0084","A"
"013463","0084","A"
"013464","0084","A"
"013465","0084","A"
"013466","0084","A"
"013467","0084","A"
"013468","0084","A"
"013469","0084","A"
"013470","0084","A"
"013471","0084","A"
"013472","0084","A"
"013473","0084","A"
"013474","0084","A"
"013475","0084","A"
"013476","0084","A"
"013477","0084","A"
"013478","0084","A"
"013479","0084","A"
"013480","0084","A"
"013481","0084","A"
"013482","0084","A"
"013483","0084","A"
"013484","0084","A"
"013485","0084","A"
"013486","0084","A"
"013487","0084","A"
"013488","0084","A"
"013489","0084","A"
"013490","0084","A"
"013491","0084","A"
"013492","0084","A"
"013493","0084","A"
"013494","0084","A"
"013495","0084","A"
"013496","0084","A"
"013497","0084","A"
"013498","0084","A"
"013499","0084","A"
"013500","0084","A"
"013501","0084","A"
"013502","0084","A"
"013503","0084","A"
"013504","0084","A"
"013505","0084","A"
"013506","0084","A"
"013507","0084","A"
"013508","0084","A"
"013510","0084","A"
"013511","0084","A"
"013512","0084","A"
"013513","0084","A"
"013514","0084","A"
"013515","0084","A"
"013516","0084","A"
"013517","0084","A"
"013518","0084","A"
"013519","0084","A"
"013520","0084","A"
"013521","0084","A"
"013522","0084","A"
"013523","0084","A"
"013524","0084","A"
"013525","0084","A"
"013526","0084","A"
"013527","0084","A"
"013528","0084","A"
"013529","0084","A"
"013530","0084","A"
"013531","0084","A"
"013532","0084","A"
"013533","0084","A"
"013534","0084","A"
"013535","0084","A"
"013536","0084","A"
"013537","0084","A"
"013538","0084","A"
"013539","0084","A"
"013540","0084","A"
"013541","0084","A"
"013542","0084","A"
"013543","0084","A"
"013544","0084","A"
"013545","0084","A"
"013546","0084","A"
"013547","0084","A"
"013548","0084","A"
"013549","0084","A"
"013550","0084","A"
"013551","0084","A"
"013552","0084","A"
"013553","0084","A"
"013554","0084","A"
"013555","0084","A"
"013556","0084","A"
"013557","0084","A"
"013558","0084","A"
"013559","0084","A"
"013560","0084","A"
"013561","0084","A"
"013562","0084","A"
"013563","0084","A"
"013564","0084","A"
"013565","0084","A"
"013566","0084","A"
"013567","0084","A"
"013568","0084","A"
"013569","0084","A"
"013570","0084","A"
"013571","0084","A"
"013572","0084","A"
"013573","0084","A"
"013574","0084","A"
"013575","0084","A"
"013576","0084","A"
"013577","0084","A"
"013578","0084","A"
"013579","0084","A"
"013580","0084","A"
"013581","0084","A"
"013582","0084","A"
"013583","0084","A"
"013584","0084","A"
"013585","0084","A"
"013586","0084","A"
"013587","0084","A"
"013588","0084","A"
"013589","0084","A"
"013590","0084","A"
"013591","0084","A"
"013592","0084","A"
"013593","0084","A"
"013594","0084","A"
"013595","0084","A"
"013596","0084","A"
"013597","0084","A"
"013598","0084","A"
"013599","0084","A"
"013601","0084","A"
"013602","0084","A"
"013603","0084","A"
"013604","0084","A"
"013605","0084","A"
"013606","0084","A"
"013607","0084","A"
"013608","0084","A"
"013609","0084","A"
"013610","0084","A"
"013611","0084","A"
"013612","0084","A"
"013613","0084","A"
"013614","0084","A"
"013615","0084","A"
"013616","0084","A"
"013617","0084","A"
"013618","0084","A"
"013619","0084","A"
"013620","0084","A"
"013621","0084","A"
"013622","0084","A"
"013623","0084","A"
"013624","0084","A"
"013625","0084","A"
"013626","0084","A"
"013627","0084","A"
"013628","0084","A"
"013629","0084","A"
"013630","0084","A"
"013631","0084","A"
"013632","0084","A"
"013633","0084","A"
"013634","0084","A"
"013635","0084","A"
"013636","0084","A"
"013637","0084","A"
"013638","0084","A"
"013639","0084","A"
"013640","0084","A"
"013641","0084","A"
"013642","0084","A"
"013643","0084","A"
"013644","0084","A"
"013645","0084","A"
"013646","0084","A"
"013647","0084","A"
"013648","0084","A"
"013649","0084","A"
"013650","0084","A"
"013651","0084","A"
"013652","0084","A"
"013653","0084","A"
"013654","0084","A"
"013655","0084","A"
"013656","0084","A"
"013657","0084","A"
"013658","0084","A"
"013659","0084","A"
"013660","0084","A"
"013661","0084","A"
"013662","0084","A"
"013663","0084","A"
"013664","0084","A"
"013665","0084","A"
"013666","0084","A"
"013667","0084","A"
"013668","0084","A"
"013669","0084","A"
"013670","0084","A"
"013671","0084","A"
"013672","0084","A"
"013673","0084","A"
"013674","0084","A"
"013675","0084","A"
"013676","0084","A"
"013677","0084","A"
"013678","0084","A"
"013679","0084","A"
"013680","0084","A"
"013681","0084","A"
"013682","0084","A"
"013683","0084","A"
"012169","0084","A"
"012170","0084","A"
"012171","0084","A"
"012172","0084","A"
"012173","0084","A"
"012174","0084","A"
"012175","0084","A"
"012176","0084","A"
"012177","0084","A"
"012178","0084","A"
"012179","0084","A"
"012180","0084","A"
"012181","0084","A"
"012182","0084","A"
"012183","0084","A"
"012184","0084","A"
"012185","0084","A"
"012186","0084","A"
"012187","0084","A"
"012188","0084","A"
"012189","0084","A"
"012190","0084","A"
"012191","0084","A"
"012192","0084","A"
"012193","0084","A"
"012194","0084","A"
"012195","0084","A"
"012196","0084","A"
"012197","0084","A"
"012198","0084","A"
"012199","0084","A"
"012200","0084","A"
"012201","0084","A"
"012202","0084","A"
"012203","0084","A"
"012204","0084","A"
"012205","0084","A"
"012206","0084","A"
"012207","0084","A"
"012208","0084","A"
"012209","0084","A"
"012211","0084","A"
"012213","0084","A"
"012214","0084","A"
"012215","0084","A"
"012216","0084","A"
"012218","0084","A"
"012219","0084","A"
"012220","0084","A"
"012222","0084","A"
"012223","0084","A"
"012224","0084","A"
"012225","0084","A"
"012226","0084","A"
"012227","0084","A"
"012228","0084","A"
"012229","0084","A"
"012230","0084","A"
"012231","0084","A"
"012232","0084","A"
"012233","0084","A"
"012234","0084","A"
"012235","0084","A"
"012236","0084","A"
"012237","0084","A"
"012239","0084","A"
"012240","0084","A"
"012241","0084","A"
"012242","0084","A"
"012243","0084","A"
"012244","0084","A"
"012245","0084","A"
"012246","0084","A"
"012247","0084","A"
"012248","0084","A"
"012249","0084","A"
"012250","0084","A"
"012251","0084","A"
"012252","0084","A"
"012253","0084","A"
"012254","0084","A"
"012255","0084","A"
"012256","0084","A"
"012257","0084","A"
"012258","0084","A"
"012259","0084","A"
"012260","0084","A"
"012434","0084","A"
"012435","0084","A"
"012436","0084","A"
"012437","0084","A"
"012438","0084","A"
"012439","0084","A"
"012440","0084","A"
"012441","0084","A"
"012442","0084","A"
"012443","0084","A"
"012444","0084","A"
"012445","0084","A"
"012446","0084","A"
"012447","0084","A"
"012448","0084","A"
"012449","0084","A"
"012450","0084","A"
"012451","0084","A"
"012452","0084","A"
"012453","0084","A"
"012454","0084","A"
"012455","0084","A"
"012456","0084","A"
"012457","0084","A"
"012458","0084","A"
"012459","0084","A"
"012460","0084","A"
"012461","0084","A"
"012462","0084","A"
"012463","0084","A"
"012464","0084","A"
"012466","0084","A"
"012467","0084","A"
"012468","0084","A"
"012469","0084","A"
"012470","0084","A"
"012472","0084","A"
"012473","0084","A"
"012474","0084","A"
"012475","0084","A"
"012476","0084","A"
"012477","0084","A"
"012478","0084","A"
"012479","0084","A"
"012480","0084","A"
"012481","0084","A"
"012482","0084","A"
"012483","0084","A"
"012484","0084","A"
"012485","0084","A"
"012486","0084","A"
"012487","0084","A"
"012488","0084","A"
"012489","0084","A"
"012490","0084","A"
"012491","0084","A"
"012493","0084","A"
"012494","0084","A"
"012495","0084","A"
"012496","0084","A"
"012497","0084","A"
"012498","0084","A"
"012499","0084","A"
"012500","0084","A"
"012501","0084","A"
"012502","0084","A"
"012503","0084","A"
"012504","0084","A"
"012505","0084","A"
"012506","0084","A"
"012507","0084","A"
"012508","0084","A"
"012509","0084","A"
"012510","0084","A"
"012511","0084","A"
"012512","0084","A"
"012513","0084","A"
"012514","0084","A"
"012515","0084","A"
"012516","0084","A"
"012517","0084","A"
"012518","0084","A"
"012519","0084","A"
"012520","0084","A"
"012521","0084","A"
"012522","0084","A"
"012523","0084","A"
"012524","0084","A"
"012525","0084","A"
"012526","0084","A"
"012527","0084","A"
"012528","0084","A"
"012529","0084","A"
"012530","0084","A"
"012531","0084","A"
"012532","0084","A"
"012533","0084","A"
"012534","0084","A"
"012536","0084","A"
"012537","0084","A"
"012538","0084","A"
"012539","0084","A"
"012540","0084","A"
"012541","0084","A"
"012542","0084","A"
"012543","0084","A"
"012544","0084","A"
"012545","0084","A"
"012546","0084","A"
"012547","0084","A"
"012548","0084","A"
"012549","0084","A"
"012550","0084","A"
"012551","0084","A"
"012552","0084","A"
"012553","0084","A"
"012554","0084","A"
"012555","0084","A"
"012556","0084","A"
"012557","0084","A"
"012558","0084","A"
"012559","0084","A"
"012560","0084","A"
"012561","0084","A"
"012562","0084","A"
"012563","0084","A"
"012564","0084","A"
"012565","0084","A"
"012566","0084","A"
"012567","0084","A"
"012568","0084","A"
"012569","0084","A"
"012570","0084","A"
"012571","0084","A"
"012572","0084","A"
"012573","0084","A"
"012574","0084","A"
"012575","0084","A"
"012576","0084","A"
"012577","0084","A"
"012578","0084","A"
"012579","0084","A"
"012580","0084","A"
"012581","0084","A"
"012582","0084","A"
"012583","0084","A"
"012584","0084","A"
"012585","0084","A"
"012586","0084","A"
"012587","0084","A"
"012588","0084","A"
"012589","0084","A"
"012590","0084","A"
"012591","0084","A"
"012592","0084","A"
"012593","0084","A"
"012594","0084","A"
"012595","0084","A"
"012596","0084","A"
"012597","0084","A"
"012598","0084","A"
"012599","0084","A"
"012600","0084","A"
"012601","0084","A"
"012602","0084","A"
"012603","0084","A"
"012604","0084","A"
"012605","0084","A"
"012606","0084","A"
"012607","0084","A"
"012608","0084","A"
"012609","0084","A"
"012610","0084","A"
"012611","0084","A"
"012612","0084","A"
"012613","0084","A"
"012614","0084","A"
"012615","0084","A"
"012616","0084","A"
"012617","0084","A"
"012618","0084","A"
"012619","0084","A"
"012620","0084","A"
"012621","0084","A"
"012622","0084","A"
"012623","0084","A"
"012624","0084","A"
"012625","0084","A"
"012626","0084","A"
"012627","0084","A"
"012628","0084","A"
"012629","0084","A"
"012630","0084","A"
"012631","0084","A"
"012632","0084","A"
"012633","0084","A"
"012634","0084","A"
"012635","0084","A"
"012636","0084","A"
"012637","0084","A"
"012638","0084","A"
"012639","0084","A"
"012640","0084","A"
"012641","0084","A"
"012642","0084","A"
"012643","0084","A"
"012644","0084","A"
"012645","0084","A"
"012646","0084","A"
"012647","0084","A"
"012648","0084","A"
"012649","0084","A"
"012650","0084","A"
"012651","0084","A"
"012652","0084","A"
"012653","0084","A"
"012654","0084","A"
"012655","0084","A"
"012656","0084","A"
"012657","0084","A"
"012658","0084","A"
"012659","0084","A"
"012660","0084","A"
"012661","0084","A"
"012662","0084","A"
"012663","0084","A"
"012664","0084","A"
"012665","0084","A"
"012666","0084","A"
"012667","0084","A"
"012668","0084","A"
"012669","0084","A"
"012670","0084","A"
"012671","0084","A"
"012672","0084","A"
"012673","0084","A"
"012674","0084","A"
"012675","0084","A"
"012676","0084","A"
"012677","0084","A"
"012678","0084","A"
"012679","0084","A"
"012680","0084","A"
"012681","0084","A"
"012682","0084","A"
"012683","0084","A"
"012684","0084","A"
"012685","0084","A"
"012686","0084","A"
"012687","0084","A"
"012688","0084","A"
"012689","0084","A"
"012690","0084","A"
"012691","0084","A"
"012692","0084","A"
"012693","0084","A"
"012694","0084","A"
"012695","0084","A"
"012696","0084","A"
"012697","0084","A"
"012698","0084","A"
"012079","0084","A"
"012081","0084","A"
"012082","0084","A"
"012084","0084","A"
"012085","0084","A"
"012086","0084","A"
"012087","0084","A"
"012088","0084","A"
"012089","0084","A"
"012090","0084","A"
"012091","0084","A"
"012092","0084","A"
"012093","0084","A"
"012094","0084","A"
"012096","0084","A"
"012097","0084","A"
"012101","0084","A"
"012102","0084","A"
"012103","0084","A"
"012105","0084","A"
"012106","0084","A"
"012107","0084","A"
"012108","0084","A"
"012109","0084","A"
"012112","0084","A"
"012114","0084","A"
"012116","0084","A"
"012117","0084","A"
"012118","0084","A"
"012119","0084","A"
"012120","0084","A"
"012121","0084","A"
"012122","0084","A"
"012123","0084","A"
"012124","0084","A"
"012125","0084","A"
"012127","0084","A"
"012128","0084","A"
"012129","0084","A"
"012131","0084","A"
"012132","0084","A"
"012133","0084","A"
"012134","0084","A"
"012135","0084","A"
"012136","0084","A"
"012137","0084","A"
"012138","0084","A"
"012139","0084","A"
"012140","0084","A"
"012141","0084","A"
"012142","0084","A"
"012143","0084","A"
"012144","0084","A"
"012145","0084","A"
"012146","0084","A"
"012147","0084","A"
"012148","0084","A"
"012149","0084","A"
"012150","0084","A"
"012151","0084","A"
"012152","0084","A"
"012153","0084","A"
"012154","0084","A"
"012155","0084","A"
"012156","0084","A"
"012157","0084","A"
"012158","0084","A"
"012159","0084","A"
"012160","0084","A"
"012161","0084","A"
"012162","0084","A"
"012163","0084","A"
"012164","0084","A"
"012165","0084","A"
"012166","0084","A"
"012167","0084","A"
"012168","0084","A"
"012270","0084","A"
"012271","0084","A"
"012272","0084","A"
"012273","0084","A"
"012274","0084","A"
"012275","0084","A"
"012276","0084","A"
"012277","0084","A"
"012278","0084","A"
"012281","0084","A"
"012282","0084","A"
"012283","0084","A"
"012284","0084","A"
"012285","0084","A"
"012286","0084","A"
"012290","0084","A"
"012299","0084","A"
"012301","0084","A"
"012302","0084","A"
"012303","0084","A"
"012304","0084","A"
"012305","0084","A"
"012306","0084","A"
"012307","0084","A"
"012308","0084","A"
"012309","0084","A"
"012310","0084","A"
"012311","0084","A"
"012312","0084","A"
"012313","0084","A"
"012314","0084","A"
"012315","0084","A"
"012316","0084","A"
"012317","0084","A"
"012318","0084","A"
"012321","0084","A"
"012322","0084","A"
"012325","0084","A"
"012327","0084","A"
"012329","0084","A"
"012330","0084","A"
"012331","0084","A"
"012332","0084","A"
"012333","0084","A"
"012334","0084","A"
"012335","0084","A"
"012336","0084","A"
"012337","0084","A"
"012339","0084","A"
"012340","0084","A"
"012341","0084","A"
"012342","0084","A"
"012343","0084","A"
"012344","0084","A"
"012345","0084","A"
"012347","0084","A"
"012348","0084","A"
"012349","0084","A"
"012350","0084","A"
"012351","0084","A"
"012352","0084","A"
"012353","0084","A"
"012354","0084","A"
"012355","0084","A"
"012356","0084","A"
"012357","0084","A"
"012358","0084","A"
"012360","0084","A"
"012361","0084","A"
"012362","0084","A"
"012363","0084","A"
"012364","0084","A"
"012365","0084","A"
"012366","0084","A"
"012367","0084","A"
"012368","0084","A"
"012369","0084","A"
"012370","0084","A"
"012371","0084","A"
"012372","0084","A"
"012373","0084","A"
"012374","0084","A"
"012375","0084","A"
"012376","0084","A"
"012377","0084","A"
"012378","0084","A"
"012379","0084","A"
"012380","0084","A"
"012381","0084","A"
"012382","0084","A"
"012383","0084","A"
"012384","0084","A"
"012385","0084","A"
"012386","0084","A"
"012387","0084","A"
"012388","0084","A"
"012389","0084","A"
"012390","0084","A"
"012391","0084","A"
"012392","0084","A"
"012393","0084","A"
"012394","0084","A"
"012395","0084","A"
"012396","0084","A"
"012397","0084","A"
"012398","0084","A"
"012399","0084","A"
"012400","0084","A"
"012401","0084","A"
"012402","0084","A"
"012403","0084","A"
"012404","0084","A"
"012406","0084","A"
"012407","0084","A"
"012408","0084","A"
"012409","0084","A"
"012410","0084","A"
"012411","0084","A"
"012412","0084","A"
"012413","0084","A"
"012414","0084","A"
"012415","0084","A"
"012416","0084","A"
"012417","0084","A"
"012418","0084","A"
"012419","0084","A"
"012420","0084","A"
"012421","0084","A"
"012422","0084","A"
"012423","0084","A"
"012424","0084","A"
"012425","0084","A"
"012426","0084","A"
"012427","0084","A"
"012428","0084","A"
"012429","0084","A"
"012430","0084","A"
"012431","0084","A"
"012432","0084","A"
"012433","0084","A"
"012263","0084","A"
"012265","0084","A"
"001745","0004","A"
"014263","0004","A"
"013824","0125","A"
"015085","0163","A"
"011517","0084","A"
"011518","0084","A"
"011519","0084","A"
"011520","0084","A"
"011522","0084","A"
"011523","0084","A"
"011525","0084","A"
"011526","0084","A"
"011527","0084","A"
"011529","0084","A"
"011530","0084","A"
"011531","0084","A"
"015087","0163","A"
"011533","0084","A"
"011534","0084","A"
"011536","0084","A"
"011537","0084","A"
"011538","0084","A"
"011539","0084","A"
"011540","0084","A"
"011541","0084","A"
"011542","0084","A"
"011544","0084","A"
"011545","0084","A"
"011546","0084","A"
"011547","0084","A"
"011549","0084","A"
"011550","0084","A"
"011551","0084","A"
"011552","0084","A"
"011553","0084","A"
"011554","0084","A"
"011555","0084","A"
"011556","0084","A"
"011557","0084","A"
"011558","0084","A"
"011559","0084","A"
"014162","0076","A"
"014163","0076","A"
"014164","0076","A"
"014165","0076","A"
"015086","0163","A"
"015088","0163","A"
"015089","0163","A"
"015090","0163","A"
"015091","0163","A"
"015092","0163","A"
"015093","0163","A"
"015094","0163","A"
"015095","0163","A"
"015096","0163","A"
"015097","0163","A"
"015098","0163","A"
"015099","0163","A"
"015100","0163","A"
"015101","0163","A"
"006573","0079","A"
"015233","0090","A"
"019218","0084","A"
"019219","0084","A"
"019220","0084","A"
"019221","0084","A"
"019222","0084","A"
"019223","0084","A"
"019224","0084","A"
"019226","0109","A"
"019231","0109","A"
"019232","0109","A"
"016698","0165","A"
"016714","0165","A"
"016717","0165","A"
"016700","0165","A"
"016705","0165","A"
"016715","0165","A"
"019338","0075","A"
"019435","0088","A"
"019535","0163","A"
"019919","0147","A"
"019920","0147","A"
"019921","0148","A"
"019939","0004","A"
"020931","0004","A"
"020715","0004","A"
"020930","0004","A"
"020941","0004","A"
"020942","0004","A"
"020943","0004","A"
"020944","0004","A"
"020945","0004","A"
"020946","0004","A"
"020947","0004","A"
"020949","0004","A"
"020950","0004","A"
"020951","0004","A"
"021194","0004","A"
"026165","0004","A"
"026755","0004","A"
"027597","0004","A"
"028856","0004","A"
"029272","0004","A"
"029989","0004","A"
"030535","0004","A"
"030536","0004","A"
"030537","0004","A"
"030538","0004","A"
"030539","0004","A"
"030540","0004","A"
"030541","0004","A"
"030542","0004","A"
"030543","0004","A"
"030544","0004","A"
"030545","0004","A"
"030546","0004","A"
"030547","0004","A"
"030548","0004","A"
"030549","0004","A"
"030550","0004","A"
"030551","0004","A"
"030552","0004","A"
"030553","0004","A"
"030554","0004","A"
"030559","0004","A"
"030591","0004","A"
"030597","0004","A"
"030598","0004","A"
"030599","0004","A"
"030600","0004","A"
"030601","0004","A"
"030602","0004","A"
"030603","0004","A"
"030604","0004","A"
"030605","0004","A"
"030606","0004","A"
"030607","0004","A"
"030608","0004","A"
"030609","0004","A"
"030610","0004","A"
"030611","0004","A"
"030612","0004","A"
"030613","0004","A"
"030937","0004","A"
"030938","0004","A"
"030939","0004","A"
"030940","0004","A"
"031032","0004","A"
"031134","0004","A"
"031135","0004","A"
"031145","0004","A"
"031166","0004","A"
"031168","0004","A"
"031169","0004","A"
"031170","0004","A"
"031171","0004","A"
"031742","0004","A"
"031743","0004","A"
"031744","0004","A"
"031745","0004","A"
"032045","0004","A"
"032060","0004","A"
"032061","0004","A"
"032062","0004","A"
"032086","0179","A"
"032273","0004","A"
"032596","0004","A"
"032746","0004","A"
"032992","0004","A"
"033045","0004","A"
"033081","0004","A"
"033129","0004","A"
"033130","0004","A"
"033288","0004","A"
"033289","0004","A"
"033290","0004","A"
"033349","0004","A"
"033797","0004","A"
"033798","0004","A"
"033840","0004","A"
"033841","0004","A"
"033842","0004","A"
"034219","0004","A"
"034220","0004","A"
"034271","0215","A"
"034273","0215","A"
"034276","0215","A"
"034279","0215","A"
"034281","0163","A"
"034284","0215","A"
"034287","0215","A"
"020275","0215","A"
"034292","0215","A"
"034295","0215","A"
"034296","0215","A"
"034298","0215","A"
"034300","0215","A"
"034302","0215","A"
"034304","0215","A"
"034307","0215","A"
"034310","0215","A"
"020301","0215","A"
"019838","0215","A"
"034317","0215","A"
"020307","0215","A"
"034321","0215","A"
"034322","0215","A"
"034325","0215","A"
"034328","0215","A"
"034330","0215","A"
"034333","0215","A"
"034336","0163","A"
"014716","0215","A"
"034340","0215","A"
"034343","0215","A"
"034345","0215","A"
"034348","0215","A"
"034350","0215","A"
"034353","0215","A"
"014978","0215","A"
"034357","0215","A"
"034360","0215","A"
"034361","0215","A"
"034363","0215","A"
"034365","0215","A"
"034367","0215","A"
"015205","0215","A"
"034370","0215","A"
"034373","0215","A"
"034376","0215","A"
"034379","0215","A"
"034382","0215","A"
"034385","0163","A"
"034387","0215","A"
"034495","0004","A"
"034496","0004","A"
"034497","0004","A"
"001751","0004","A"
"001768","0004","A"
"001929","0004","A"
"001930","0004","A"
"001931","0004","A"
"002381","0004","A"
"002415","0004","A"
"002425","0004","A"
"002430","0004","A"
"002431","0004","A"
"009281","0142","A"
"014091","0098","A"
"014211","0068","A"
"014552","0088","A"
"015044","0074","A"
"006562","0079","A"
"014553","0098","A"
"014745","0004","A"
"015108","0163","A"
"015109","0163","A"
"015110","0163","A"
"015111","0163","A"
"015112","0163","A"
"015113","0163","A"
"015114","0163","A"
"015116","0163","A"
"015117","0163","A"
"015118","0163","A"
"015119","0163","A"
"015120","0163","A"
"019339","0075","A"
"016874","0165","A"
"016956","0165","A"
"018513","0165","A"
"019340","0165","A"
"017064","0165","A"
"018440","0165","A"
"018397","0165","A"
"018337","0165","A"
"019560","0004","A"
"019387","0098","A"
"019580","0098","A"
"020046","0166","A"
"020418","0165","A"
"020419","0165","A"
"020420","0004","A"
"020738","0004","A"
"026754","0004","A"
"027579","0004","A"
"027580","0004","A"
"027581","0004","A"
"027582","0004","A"
"021475","0178","A"
"027583","0004","A"
"027584","0004","A"
"027585","0004","A"
"027586","0004","A"
"027587","0004","A"
"028540","0004","A"
"028589","0004","A"
"028797","0179","A"
"028815","0179","A"
"007062","0218","A"
"014137","0218","A"
"028843","0004","A"
"028844","0004","A"
"028845","0004","A"
"028846","0004","A"
"028848","0004","A"
"028849","0004","A"
"028850","0004","A"
"028851","0004","A"
"029144","0004","A"
"029145","0004","A"
"029231","0004","A"
"029301","0004","A"
"029580","0179","A"
"029581","0179","A"
"029582","0179","A"
"029583","0179","A"
"029584","0179","A"
"029585","0179","A"
"029586","0179","A"
"029587","0179","A"
"029588","0179","A"
"029589","0179","A"
"029590","0179","A"
"004877","0218","A"
"007294","0218","A"
"007063","0218","A"
"029661","0218","A"
"004598","0218","A"
"004589","0218","A"
"004928","0218","A"
"029985","0004","A"
"029986","0004","A"
"029987","0004","A"
"029988","0004","A"
"029990","0004","A"
"029991","0004","A"
"029993","0004","A"
"029994","0004","A"
"029995","0004","A"
"029996","0004","A"
"029997","0004","A"
"029998","0004","A"
"029999","0004","A"
"030000","0004","A"
"030001","0004","A"
"030002","0004","A"
"030091","0004","A"
"004631","0217","A"
"004878","0217","A"
"004879","0217","A"
"004643","0217","A"
"004880","0217","A"
"004881","0217","A"
"004882","0217","A"
"027110","0180","A"
"030646","0179","A"
"030647","0166","A"
"030649","0179","A"
"030650","0179","A"
"030651","0179","A"
"030652","0179","A"
"017388","0217","A"
"017389","0217","A"
"014247","0217","A"
"014248","0217","A"
"014249","0217","A"
"004859","0217","A"
"004860","0217","A"
"032194","0004","A"
"032195","0004","A"
"032196","0004","A"
"032197","0004","A"
"032198","0004","A"
"032199","0004","A"
"032200","0004","A"
"032201","0004","A"
"032776","0004","A"
"032777","0004","A"
"032778","0004","A"
"032920","0004","A"
"032928","0004","A"
"033077","0004","A"
"033078","0004","A"
"033079","0004","A"
"033102","0004","A"
"033103","0004","A"
"033138","0004","A"
"033139","0004","A"
"033301","0004","A"
"033302","0004","A"
"033303","0004","A"
"033304","0004","A"
"033374","0004","A"
"033375","0004","A"
"033376","0004","A"
"033377","0004","A"
"033412","0004","A"
"033413","0004","A"
"033414","0004","A"
"033415","0004","A"
"033416","0004","A"
"033417","0004","A"
"033418","0004","A"
"033419","0004","A"
"033420","0004","A"
"033421","0004","A"
"033422","0004","A"
"033423","0004","A"
"033424","0004","A"
"033425","0004","A"
"033426","0004","A"
"033427","0004","A"
"033428","0004","A"
"033429","0004","A"
"033430","0004","A"
"033431","0004","A"
"033432","0004","A"
"033433","0004","A"
"033434","0004","A"
"033558","0004","A"
"033567","0004","A"
"033744","0004","A"
"033883","0004","A"
"033925","0004","A"
"034159","0004","A"
"034247","0004","A"
"034248","0004","A"
"034250","0004","A"
"034259","0004","A"
"034260","0004","A"
"034402","0004","A"
"002402","0004","A"
"002403","0004","A"
"006582","0079","A"
"014212","0098","A"
"014213","0098","A"
"014410","0004","A"
"015020","0109","A"
"015023","0004","A"
"015024","0098","A"
"015062","0130","A"
"015102","0142","A"
"015103","0142","A"
"015104","0142","A"
"015105","0142","A"
"015106","0142","A"
"019342","0163","A"
"019343","0163","A"
"019344","0163","A"
"019345","0163","A"
"019346","0163","A"
"019347","0163","A"
"019348","0163","A"
"019349","0163","A"
"019350","0163","A"
"019351","0163","A"
"019352","0163","A"
"019353","0163","A"
"019354","0163","A"
"019355","0163","A"
"019356","0163","A"
"019357","0163","A"
"019358","0163","A"
"019359","0163","A"
"019360","0163","A"
"019361","0163","A"
"019362","0163","A"
"019363","0163","A"
"019364","0163","A"
"019365","0163","A"
"019366","0163","A"
"019367","0163","A"
"019368","0163","A"
"019369","0163","A"
"019370","0163","A"
"019371","0163","A"
"019372","0163","A"
"019373","0163","A"
"019374","0163","A"
"019375","0163","A"
"019376","0163","A"
"019377","0163","A"
"019378","0163","A"
"019379","0163","A"
"019380","0163","A"
"019381","0163","A"
"019727","0163","A"
"020273","0163","A"
"020280","0163","A"
"020291","0163","A"
"020294","0163","A"
"020297","0163","A"
"020321","0163","A"
"020326","0163","A"
"020329","0163","A"
"020337","0163","A"
"020350","0163","A"
"020353","0163","A"
"020356","0163","A"
"020376","0163","A"
"020442","0077","A"
"020443","0075","A"
"020754","0004","A"
"020800","0004","A"
"020801","0004","A"
"020802","0004","A"
"021166","0004","A"
"021284","0163","A"
"021285","0163","A"
"021298","0163","A"
"021301","0163","A"
"021304","0163","A"
"021312","0163","A"
"021314","0163","A"
"021317","0163","A"
"021327","0163","A"
"021330","0163","A"
"021335","0163","A"
"021338","0163","A"
"021347","0163","A"
"021350","0163","A"
"021360","0163","A"
"021367","0163","A"
"021370","0163","A"
"021375","0163","A"
"004698","0221","A"
"004699","0221","A"
"004700","0221","A"
"004701","0221","A"
"004703","0221","A"
"004704","0221","A"
"004705","0221","A"
"004707","0221","A"
"004708","0221","A"
"014099","0221","A"
"014100","0221","A"
"015060","0221","A"
"028013","0188","A"
"004711","0221","A"
"004712","0221","A"
"004713","0221","A"
"004714","0221","A"
"014101","0221","A"
"004696","0221","A"
"004697","0221","A"
"004694","0221","A"
"028012","0188","A"
"028049","0004","A"
"028050","0004","A"
"028985","0004","A"
"028986","0004","A"
"028987","0004","A"
"028988","0004","A"
"028989","0004","A"
"028990","0004","A"
"028991","0004","A"
"030138","0215","A"
"030141","0163","A"
"030143","0163","A"
"030144","0215","A"
"030159","0215","A"
"030161","0163","A"
"030165","0215","A"
"030169","0163","A"
"030175","0215","A"
"030198","0215","A"
"030200","0215","A"
"030203","0163","A"
"030206","0215","A"
"030209","0163","A"
"032893","0004","A"
"032894","0004","A"
"030217","0163","A"
"030233","0215","A"
"030235","0163","A"
"030245","0215","A"
"030248","0163","A"
"030251","0163","A"
"030353","0004","A"
"030356","0004","A"
"030359","0004","A"
"004724","0218","A"
"014845","0218","A"
"004651","0218","A"
"030881","0004","A"
"030882","0004","A"
"030883","0004","A"
"030884","0004","A"
"030885","0004","A"
"031023","0004","A"
"031280","0179","A"
"031282","0179","A"
"031283","0179","A"
"031284","0179","A"
"031295","0184","A"
"031501","0004","A"
"031502","0004","A"
"031518","0004","A"
"031519","0004","A"
"031520","0004","A"
"031833","0175","A"
"032892","0004","A"
"032896","0004","A"
"032897","0004","A"
"032898","0004","A"
"032899","0004","A"
"032900","0004","A"
"032901","0004","A"
"032902","0004","A"
"032903","0004","A"
"032912","0004","A"
"032913","0004","A"
"032914","0004","A"
"032915","0004","A"
"032916","0004","A"
"032917","0004","A"
"032996","0004","A"
"032997","0004","A"
"032998","0004","A"
"032999","0004","A"
"033001","0004","A"
"033002","0004","A"
"033003","0004","A"
"033004","0004","A"
"033005","0004","A"
"033006","0004","A"
"033007","0004","A"
"033008","0004","A"
"033027","0004","A"
"033028","0004","A"
"033142","0004","A"
"033143","0004","A"
"033144","0004","A"
"033145","0004","A"
"033146","0004","A"
"033147","0004","A"
"033148","0004","A"
"033333","0004","A"
"033334","0004","A"
"033335","0004","A"
"033339","0004","A"
"033340","0004","A"
"033482","0004","A"
"033483","0004","A"
"033484","0004","A"
"033485","0004","A"
"033486","0004","A"
"033487","0004","A"
"033488","0004","A"
"033489","0004","A"
"033810","0004","A"
"033811","0004","A"
"033815","0004","A"
"033957","0004","A"
"033958","0004","A"
"002414","0004","A"
"007439","0098","A"
"014189","0004","A"
"004655","0098","A"
"004766","0098","A"
"004788","0098","A"
"014829","0109","A"
"004857","0098","A"
"006001","0098","A"
"006002","0098","A"
"006003","0098","A"
"006004","0098","A"
"006007","0098","A"
"006008","0098","A"
"006009","0098","A"
"007064","0098","A"
"007065","0098","A"
"007432","0098","A"
"007433","0098","A"
"004737","0098","A"
"004738","0098","A"
"004739","0098","A"
"004849","0098","A"
"004850","0098","A"
"004580","0098","A"
"004681","0098","A"
"019556","0163","A"
"004811","0098","A"
"005999","0098","A"
"006012","0098","A"
"006013","0098","A"
"006014","0098","A"
"004581","0098","A"
"004582","0098","A"
"004583","0098","A"
"004587","0098","A"
"004593","0098","A"
"004601","0098","A"
"004602","0098","A"
"019926","0004","A"
"026142","0004","A"
"004605","0098","A"
"004616","0098","A"
"004626","0098","A"
"004629","0098","A"
"004630","0098","A"
"004631","0098","A"
"004633","0098","A"
"004640","0098","A"
"004646","0098","A"
"004648","0098","A"
"004649","0098","A"
"004654","0098","A"
"004658","0098","A"
"004659","0098","A"
"004660","0098","A"
"004661","0098","A"
"004662","0098","A"
"004666","0098","A"
"004668","0098","A"
"004672","0098","A"
"004673","0098","A"
"004674","0098","A"
"004680","0098","A"
"004687","0098","A"
"004688","0098","A"
"004716","0098","A"
"004717","0098","A"
"004718","0098","A"
"004719","0098","A"
"004720","0098","A"
"004721","0098","A"
"026166","0004","A"
"004728","0098","A"
"004733","0098","A"
"004734","0098","A"
"004735","0098","A"
"004736","0098","A"
"004740","0098","A"
"004754","0098","A"
"004755","0098","A"
"004756","0098","A"
"004757","0098","A"
"004758","0098","A"
"004759","0098","A"
"004761","0098","A"
"004762","0098","A"
"004763","0098","A"
"004770","0098","A"
"026630","0004","A"
"026631","0004","A"
"026632","0004","A"
"004787","0098","A"
"004790","0098","A"
"004791","0098","A"
"004792","0098","A"
"004801","0098","A"
"004804","0098","A"
"028628","0004","A"
"030108","0004","A"
"004807","0098","A"
"004812","0098","A"
"004813","0098","A"
"004814","0098","A"
"004815","0098","A"
"004819","0098","A"
"004820","0098","A"
"004826","0098","A"
"030768","0004","A"
"004855","0098","A"
"004856","0098","A"
"004859","0098","A"
"004860","0098","A"
"004861","0098","A"
"030769","0004","A"
"004863","0098","A"
"004864","0098","A"
"004865","0098","A"
"004869","0098","A"
"004872","0098","A"
"004873","0098","A"
"004874","0098","A"
"004878","0098","A"
"004879","0098","A"
"004880","0098","A"
"004881","0098","A"
"004882","0098","A"
"004883","0098","A"
"004885","0098","A"
"030770","0004","A"
"004892","0098","A"
"004893","0098","A"
"004895","0098","A"
"004896","0098","A"
"004901","0098","A"
"004902","0098","A"
"004903","0098","A"
"004904","0098","A"
"004905","0098","A"
"004906","0098","A"
"004909","0098","A"
"004910","0098","A"
"004911","0098","A"
"004915","0098","A"
"004916","0098","A"
"004917","0098","A"
"004918","0098","A"
"004919","0098","A"
"004920","0098","A"
"004921","0098","A"
"004923","0098","A"
"004925","0098","A"
"004931","0098","A"
"004932","0098","A"
"004933","0098","A"
"004934","0098","A"
"004935","0098","A"
"005935","0098","A"
"005937","0098","A"
"030771","0004","A"
"005939","0098","A"
"005940","0098","A"
"005941","0098","A"
"005942","0098","A"
"030772","0004","A"
"031027","0004","A"
"005973","0098","A"
"005974","0098","A"
"005975","0098","A"
"005976","0098","A"
"005977","0098","A"
"005978","0098","A"
"005979","0098","A"
"005980","0098","A"
"005981","0098","A"
"005982","0098","A"
"031028","0004","A"
"005984","0098","A"
"014572","0217","A"
"014573","0217","A"
"007295","0098","A"
"007296","0098","A"
"007297","0098","A"
"007298","0098","A"
"007425","0098","A"
"007426","0098","A"
"007434","0098","A"
"007435","0098","A"
"007436","0098","A"
"004934","0217","A"
"007440","0098","A"
"004741","0098","A"
"004742","0098","A"
"004743","0098","A"
"004744","0098","A"
"004745","0098","A"
"004802","0098","A"
"004646","0217","A"
"004654","0217","A"
"031867","0004","A"
"032719","0004","A"
"032720","0004","A"
"032721","0004","A"
"005988","0098","A"
"007033","0098","A"
"007034","0098","A"
"007035","0098","A"
"007037","0098","A"
"007038","0098","A"
"007039","0098","A"
"007040","0098","A"
"007041","0098","A"
"007042","0098","A"
"032768","0004","A"
"032769","0004","A"
"033123","0004","A"
"033402","0004","A"
"033490","0004","A"
"033491","0004","A"
"033867","0004","A"
"033868","0004","A"
"033914","0004","A"
"033915","0004","A"
"033960","0004","A"
"033963","0004","A"
"033964","0004","A"
"033965","0004","A"
"033966","0004","A"
"033967","0004","A"
"033968","0004","A"
"033969","0004","A"
"019798","0215","A"
"001750","0004","A"
"002251","0004","A"
"002342","0004","A"
"002400","0004","A"
"002434","0004","A"
"002435","0004","A"
"014826","0004","A"
"015218","0106","A"
"015219","0106","A"
"015220","0106","A"
"017388","0098","A"
"017389","0098","A"
"019203","0109","A"
"020444","0004","A"
"020445","0004","A"
"020446","0004","A"
"020447","0004","A"
"020448","0004","A"
"020449","0004","A"
"020450","0004","A"
"020451","0004","A"
"020452","0004","A"
"020453","0004","A"
"020454","0004","A"
"020455","0004","A"
"020456","0004","A"
"020457","0004","A"
"020458","0004","A"
"020459","0004","A"
"020460","0004","A"
"020461","0004","A"
"020462","0004","A"
"020463","0004","A"
"020464","0004","A"
"020711","0004","A"
"020825","0004","A"
"020827","0004","A"
"026756","0004","A"
"026757","0004","A"
"026758","0004","A"
"026759","0004","A"
"028980","0004","A"
"029221","0004","A"
"029222","0004","A"
"030729","0004","A"
"031042","0004","A"
"031043","0004","A"
"031044","0004","A"
"031045","0004","A"
"031050","0004","A"
"031330","0004","A"
"031552","0004","A"
"031553","0004","A"
"031554","0004","A"
"031555","0004","A"
"031556","0004","A"
"031557","0004","A"
"031558","0004","A"
"031559","0004","A"
"031560","0004","A"
"033117","0004","A"
"033344","0004","A"
"033455","0004","A"
"001767","0004","A"
"001770","0004","A"
"014081","0004","A"
"002372","0004","A"
"002376","0004","A"
"002429","0004","A"
"005969","0098","A"
"014300","0163","A"
"014301","0163","A"
"014302","0163","A"
"014303","0163","A"
"014304","0163","A"
"014305","0163","A"
"014306","0163","A"
"014307","0163","A"
"014308","0163","A"
"014309","0163","A"
"014310","0163","A"
"014311","0163","A"
"014312","0163","A"
"014313","0163","A"
"014314","0163","A"
"014315","0163","A"
"014316","0163","A"
"014317","0163","A"
"014318","0163","A"
"014319","0163","A"
"014320","0163","A"
"014321","0163","A"
"014322","0163","A"
"014323","0163","A"
"014324","0163","A"
"014325","0163","A"
"014326","0163","A"
"015016","0088","A"
"015028","0075","A"
"015029","0083","A"
"015030","0083","A"
"015031","0083","A"
"015032","0083","A"
"015033","0083","A"
"015034","0083","A"
"017387","0004","A"
"019341","0004","A"
"019389","0163","A"
"020503","0163","A"
"020511","0163","A"
"020513","0163","A"
"020516","0163","A"
"020524","0163","A"
"020527","0163","A"
"020530","0163","A"
"020543","0163","A"
"020546","0163","A"
"020549","0163","A"
"020552","0163","A"
"020562","0163","A"
"020567","0163","A"
"020570","0163","A"
"020573","0163","A"
"020578","0163","A"
"020581","0163","A"
"020584","0163","A"
"020587","0163","A"
"020600","0163","A"
"020605","0163","A"
"020608","0163","A"
"020617","0163","A"
"020620","0163","A"
"020623","0163","A"
"020626","0163","A"
"020656","0004","A"
"027591","0004","A"
"027592","0004","A"
"027593","0004","A"
"027594","0004","A"
"027595","0004","A"
"007282","0217","A"
"007283","0217","A"
"028615","0174","A"
"028618","0174","A"
"029278","0004","A"
"029279","0004","A"
"029280","0004","A"
"029281","0004","A"
"029284","0179","A"
"029285","0179","A"
"029286","0179","A"
"029287","0179","A"
"029288","0004","A"
"029289","0004","A"
"029290","0004","A"
"029341","0004","A"
"029342","0004","A"
"029343","0004","A"
"029464","0179","A"
"029465","0179","A"
"029466","0179","A"
"029644","0175","A"
"029467","0179","A"
"029468","0179","A"
"029469","0179","A"
"029470","0179","A"
"029471","0179","A"
"029472","0179","A"
"029473","0179","A"
"029474","0179","A"
"029475","0179","A"
"029476","0179","A"
"029477","0179","A"
"029478","0179","A"
"029479","0179","A"
"029480","0179","A"
"029481","0179","A"
"029482","0179","A"
"029483","0179","A"
"029484","0179","A"
"029485","0179","A"
"029486","0179","A"
"029487","0179","A"
"029488","0179","A"
"029489","0179","A"
"029490","0179","A"
"029491","0179","A"
"029492","0179","A"
"029493","0179","A"
"029494","0179","A"
"029495","0179","A"
"029496","0179","A"
"029497","0179","A"
"029498","0179","A"
"029499","0179","A"
"029500","0179","A"
"029501","0179","A"
"029502","0179","A"
"029503","0179","A"
"004680","0217","A"
"030333","0004","A"
"030334","0004","A"
"030337","0004","A"
"030338","0004","A"
"030339","0004","A"
"019594","0217","A"
"019595","0217","A"
"019596","0217","A"
"019597","0217","A"
"030486","0004","A"
"030487","0004","A"
"030488","0004","A"
"030489","0004","A"
"030490","0004","A"
"030491","0004","A"
"030492","0004","A"
"030493","0004","A"
"030494","0004","A"
"030496","0004","A"
"030497","0004","A"
"030498","0004","A"
"030499","0004","A"
"030500","0004","A"
"030501","0004","A"
"030502","0004","A"
"030505","0004","A"
"030507","0004","A"
"030508","0004","A"
"030516","0004","A"
"030521","0004","A"
"014293","0217","A"
"014294","0217","A"
"031025","0004","A"
"031026","0004","A"
"031036","0004","A"
"031037","0004","A"
"031175","0217","A"
"031176","0217","A"
"031177","0217","A"
"031178","0217","A"
"031179","0217","A"
"031180","0217","A"
"031182","0217","A"
"031183","0217","A"
"031184","0217","A"
"031185","0217","A"
"031186","0217","A"
"031188","0217","A"
"031190","0217","A"
"031191","0217","A"
"031192","0217","A"
"031193","0217","A"
"031194","0217","A"
"031195","0217","A"
"031196","0217","A"
"031197","0217","A"
"031199","0217","A"
"031384","0179","A"
"031385","0179","A"
"031386","0179","A"
"019577","0217","A"
"031701","0079","A"
"031717","0004","A"
"031733","0004","A"
"031977","0004","A"
"031978","0004","A"
"031979","0004","A"
"005941","0217","A"
"005955","0217","A"
"032011","0004","A"
"032012","0004","A"
"032351","0004","A"
"032352","0004","A"
"032353","0004","A"
"033070","0004","A"
"033071","0004","A"
"033072","0004","A"
"033194","0178","A"
"033195","0178","A"
"033196","0178","A"
"033199","0178","A"
"033200","0178","A"
"033201","0178","A"
"033202","0178","A"
"033203","0178","A"
"033205","0178","A"
"012332","0178","A"
"033206","0178","A"
"033207","0178","A"
"033208","0185","A"
"033256","0004","A"
"033257","0004","A"
"033258","0004","A"
"033386","0004","A"
"033457","0004","A"
"033509","0004","A"
"033514","0004","A"
"033519","0004","A"
"033520","0004","A"
"033521","0004","A"
"033522","0004","A"
"033523","0004","A"
"033524","0004","A"
"033525","0004","A"
"033526","0004","A"
"033542","0004","A"
"033543","0004","A"
"033559","0004","A"
"033560","0004","A"
"033561","0004","A"
"033850","0004","A"
"033851","0004","A"
"034195","0004","A"
"002386","0004","A"
"002387","0004","A"
"002389","0004","A"
"002390","0004","A"
"002411","0004","A"
"004938","0005","A"
"004939","0005","A"
"004940","0005","A"
"004941","0005","A"
"004942","0005","A"
"004943","0005","A"
"004944","0005","A"
"004945","0005","A"
"004946","0005","A"
"004947","0005","A"
"004948","0005","A"
"004949","0005","A"
"004950","0005","A"
"004951","0005","A"
"004952","0005","A"
"004953","0005","A"
"004954","0005","A"
"004955","0005","A"
"004956","0005","A"
"004957","0005","A"
"004958","0005","A"
"004959","0005","A"
"004960","0005","A"
"004961","0005","A"
"004962","0005","A"
"004963","0005","A"
"004964","0005","A"
"004965","0005","A"
"004966","0005","A"
"004967","0005","A"
"004968","0005","A"
"004969","0005","A"
"004970","0005","A"
"004971","0005","A"
"004972","0005","A"
"004973","0005","A"
"004993","0005","A"
"007441","0008","A"
"014079","0075","A"
"014180","0109","A"
"007822","0109","A"
"014182","0109","A"
"014183","0109","A"
"014184","0109","A"
"014185","0109","A"
"014186","0109","A"
"014286","0088","A"
"004715","0098","A"
"005972","0098","A"
"014746","0140","A"
"019402","0075","A"
"020262","0077","A"
"020266","0163","A"
"020278","0163","A"
"020283","0163","A"
"020286","0163","A"
"020289","0163","A"
"020301","0163","A"
"020304","0163","A"
"020307","0163","A"
"020309","0163","A"
"020312","0163","A"
"020315","0163","A"
"020324","0163","A"
"020332","0163","A"
"020340","0163","A"
"020345","0163","A"
"020348","0163","A"
"020359","0163","A"
"020361","0163","A"
"020364","0163","A"
"020369","0163","A"
"020372","0163","A"
"020721","0004","A"
"006318","0188","A"
"006319","0188","A"
"006320","0188","A"
"006321","0188","A"
"006322","0188","A"
"028636","0210","A"
"006324","0188","A"
"006325","0188","A"
"006326","0188","A"
"006327","0188","A"
"029256","0210","A"
"029257","0210","A"
"006331","0188","A"
"006332","0188","A"
"006333","0188","A"
"006334","0188","A"
"006335","0188","A"
"006336","0188","A"
"029258","0210","A"
"029323","0004","A"
"006340","0188","A"
"006341","0188","A"
"006342","0188","A"
"029324","0004","A"
"006344","0188","A"
"006346","0188","A"
"006347","0188","A"
"006348","0188","A"
"030064","0004","A"
"006350","0188","A"
"006351","0188","A"
"006352","0188","A"
"030065","0004","A"
"030066","0004","A"
"030067","0004","A"
"006356","0188","A"
"006357","0188","A"
"030069","0004","A"
"006360","0188","A"
"006361","0188","A"
"006362","0188","A"
"006363","0188","A"
"006364","0188","A"
"006365","0188","A"
"006366","0188","A"
"006367","0188","A"
"030147","0163","A"
"006369","0188","A"
"030150","0163","A"
"030153","0163","A"
"006373","0188","A"
"006374","0188","A"
"006375","0188","A"
"030155","0163","A"
"006377","0188","A"
"006378","0188","A"
"006379","0188","A"
"030172","0215","A"
"006381","0188","A"
"032094","0004","A"
"006383","0188","A"
"006384","0188","A"
"006385","0188","A"
"006386","0188","A"
"015225","0188","A"
"019390","0188","A"
"021161","0004","A"
"021162","0004","A"
"021163","0004","A"
"021170","0004","A"
"026143","0004","A"
"027285","0004","A"
"027286","0004","A"
"027287","0004","A"
"027288","0004","A"
"027568","0004","A"
"030181","0163","A"
"030187","0215","A"
"030190","0163","A"
"030193","0215","A"
"030196","0163","A"
"030221","0215","A"
"030224","0163","A"
"030226","0163","A"
"030229","0215","A"
"030231","0163","A"
"030243","0215","A"
"030380","0004","A"
"030594","0179","A"
"006885","0227","A"
"006886","0227","A"
"006887","0227","A"
"006888","0227","A"
"006889","0227","A"
"006890","0227","A"
"006891","0227","A"
"006892","0227","A"
"006893","0227","A"
"006894","0227","A"
"006895","0227","A"
"006896","0227","A"
"006898","0227","A"
"006900","0227","A"
"006901","0227","A"
"006902","0227","A"
"006903","0227","A"
"006904","0227","A"
"006905","0227","A"
"030727","0004","A"
"030878","0004","A"
"030879","0004","A"
"030880","0004","A"
"030972","0004","A"
"030974","0004","A"
"030975","0004","A"
"031641","0004","A"
"031751","0004","A"
"032092","0004","A"
"032093","0004","A"
"032095","0004","A"
"032096","0004","A"
"032097","0004","A"
"032098","0004","A"
"032099","0004","A"
"032100","0004","A"
"032101","0004","A"
"033730","0004","A"
"033731","0004","A"
"033732","0004","A"
"033734","0004","A"
"033735","0004","A"
"033736","0004","A"
"033737","0004","A"
"033738","0004","A"
"033739","0004","A"
"034210","0004","A"
"034211","0004","A"
"034212","0004","A"
"034213","0004","A"
"034214","0004","A"
"002427","0004","A"
"013816","0038","A"
"013816","0088","A"
"007061","0088","A"
"004690","0088","A"
"014623","0004","A"
"015222","0098","A"
"015223","0098","A"
"015224","0098","A"
"019217","0088","A"
"019225","0163","A"
"019227","0163","A"
"019228","0163","A"
"019229","0163","A"
"019230","0163","A"
"019233","0163","A"
"019234","0163","A"
"019235","0163","A"
"019236","0163","A"
"019237","0163","A"
"019308","0088","A"
"019489","0163","A"
"019521","0163","A"
"020866","0004","A"
"020877","0004","A"
"020879","0004","A"
"020880","0004","A"
"020882","0004","A"
"025981","0004","A"
"025982","0004","A"
"026138","0004","A"
"027335","0004","A"
"027336","0004","A"
"027368","0004","A"
"027369","0004","A"
"027370","0004","A"
"027371","0004","A"
"027372","0004","A"
"027373","0004","A"
"027374","0004","A"
"027375","0004","A"
"027376","0004","A"
"027377","0004","A"
"027378","0004","A"
"027379","0004","A"
"027380","0004","A"
"027381","0004","A"
"027382","0004","A"
"027383","0004","A"
"027384","0004","A"
"027385","0004","A"
"027387","0004","A"
"027388","0004","A"
"027389","0004","A"
"027390","0004","A"
"027391","0004","A"
"027392","0004","A"
"027393","0004","A"
"030529","0004","A"
"030273","0004","A"
"030402","0004","A"
"004910","0217","A"
"004911","0217","A"
"030790","0004","A"
"030791","0004","A"
"030792","0004","A"
"030793","0004","A"
"031458","0004","A"
"031945","0004","A"
"031946","0004","A"
"031947","0004","A"
"031948","0004","A"
"031949","0004","A"
"031950","0004","A"
"031951","0004","A"
"031953","0004","A"
"031954","0004","A"
"031955","0004","A"
"031956","0004","A"
"031957","0004","A"
"032002","0004","A"
"032003","0004","A"
"032882","0004","A"
"032883","0004","A"
"033796","0004","A"
"033917","0004","A"
"033918","0004","A"
"033919","0004","A"
"033985","0004","A"
"033986","0004","A"
"033987","0004","A"
"033988","0004","A"
"033989","0004","A"
"033990","0004","A"
"033991","0004","A"
"033992","0004","A"
"033993","0004","A"
"033994","0004","A"
"033995","0004","A"
"033996","0004","A"
"034022","0179","A"
"034023","0004","A"
"034024","0004","A"
"034025","0004","A"
"034027","0004","A"
"034028","0004","A"
"034029","0004","A"
"034056","0004","A"
"034057","0004","A"
"034058","0004","A"
"034432","0004","A"
"034433","0004","A"
"001752","0004","A"
"001833","0004","A"
"001834","0004","A"
"002436","0004","A"
"014465","0163","A"
"015211","0098","A"
"019472","0163","A"
"019474","0163","A"
"019476","0163","A"
"019502","0163","A"
"019504","0163","A"
"019581","0088","A"
"028591","0004","A"
"020762","0004","A"
"020763","0004","A"
"028663","0004","A"
"028664","0004","A"
"028665","0004","A"
"028666","0004","A"
"028667","0004","A"
"004908","0218","A"
"014288","0218","A"
"019581","0218","A"
"029330","0004","A"
"029331","0004","A"
"029332","0004","A"
"029333","0004","A"
"029334","0004","A"
"029335","0004","A"
"029336","0004","A"
"030378","0004","A"
"030389","0004","A"
"030832","0227","A"
"030833","0227","A"
"030834","0227","A"
"030843","0185","A"
"031866","0004","A"
"031870","0004","A"
"032138","0004","A"
"032274","0004","A"
"032275","0004","A"
"032325","0004","A"
"032326","0004","A"
"032327","0004","A"
"032328","0004","A"
"032329","0004","A"
"032330","0004","A"
"032761","0004","A"
"032909","0004","A"
"032910","0004","A"
"032911","0004","A"
"033532","0004","A"
"033533","0004","A"
"033534","0004","A"
"033535","0004","A"
"033563","0004","A"
"033891","0004","A"
"033892","0004","A"
"001736","0004","A"
"001737","0004","A"
"001738","0004","A"
"002367","0004","A"
"002391","0004","A"
"002369","0004","A"
"002392","0004","A"
"004939","0109","A"
"014350","0004","A"
"004941","0109","A"
"004942","0109","A"
"004943","0109","A"
"004944","0109","A"
"004946","0109","A"
"004947","0109","A"
"004948","0109","A"
"014818","0077","A"
"004950","0109","A"
"004951","0109","A"
"015052","0004","A"
"015139","0109","A"
"004954","0109","A"
"004955","0109","A"
"004956","0109","A"
"004957","0109","A"
"004959","0109","A"
"004960","0109","A"
"004961","0109","A"
"004962","0109","A"
"009049","0110","A"
"019602","0084","A"
"004965","0109","A"
"004966","0109","A"
"004967","0109","A"
"004968","0109","A"
"004969","0109","A"
"019603","0084","A"
"004535","0125","A"
"019604","0084","A"
"019605","0084","A"
"010836","0161","A"
"019606","0084","A"
"019607","0084","A"
"010863","0161","A"
"019608","0084","A"
"010874","0161","A"
"019609","0084","A"
"019714","0165","A"
"019715","0165","A"
"019716","0165","A"
"010831","0161","A"
"010832","0161","A"
"010838","0161","A"
"019717","0165","A"
"010840","0161","A"
"010841","0161","A"
"010842","0161","A"
"019718","0165","A"
"019719","0165","A"
"010845","0161","A"
"010846","0161","A"
"006584","0079","A"
"010849","0161","A"
"019753","0004","A"
"010851","0161","A"
"010852","0161","A"
"010853","0161","A"
"010854","0161","A"
"010855","0161","A"
"010858","0161","A"
"010860","0161","A"
"010861","0161","A"
"010862","0161","A"
"010864","0161","A"
"020398","0144","A"
"010866","0161","A"
"010867","0161","A"
"010868","0161","A"
"010869","0161","A"
"010870","0161","A"
"010871","0161","A"
"010872","0161","A"
"020927","0004","A"
"010876","0161","A"
"013832","0161","A"
"014069","0004","A"
"020928","0004","A"
"020934","0004","A"
"020935","0004","A"
"020936","0004","A"
"020938","0004","A"
"021060","0004","A"
"021061","0004","A"
"026114","0004","A"
"026115","0004","A"
"026117","0004","A"
"026118","0004","A"
"026119","0004","A"
"026120","0004","A"
"026121","0004","A"
"026122","0004","A"
"026170","0004","A"
"026646","0004","A"
"026647","0004","A"
"026648","0004","A"
"026649","0004","A"
"026650","0004","A"
"026651","0004","A"
"026652","0004","A"
"026653","0004","A"
"026654","0004","A"
"026657","0004","A"
"026734","0004","A"
"026735","0004","A"
"027598","0004","A"
"005982","0217","A"
"005984","0217","A"
"028738","0004","A"
"028739","0004","A"
"028740","0004","A"
"028741","0004","A"
"028742","0004","A"
"028743","0004","A"
"028744","0004","A"
"028745","0004","A"
"028746","0004","A"
"028747","0004","A"
"028748","0004","A"
"028749","0004","A"
"028750","0004","A"
"028751","0004","A"
"028752","0004","A"
"028753","0004","A"
"028754","0004","A"
"028755","0004","A"
"028756","0004","A"
"028757","0004","A"
"028758","0004","A"
"028759","0004","A"
"028760","0004","A"
"028761","0004","A"
"028762","0004","A"
"028763","0004","A"
"028764","0004","A"
"028765","0004","A"
"028766","0004","A"
"028767","0004","A"
"028768","0004","A"
"028769","0004","A"
"028770","0004","A"
"028771","0004","A"
"028772","0004","A"
"028773","0004","A"
"028774","0004","A"
"028775","0004","A"
"028776","0004","A"
"028777","0004","A"
"028778","0004","A"
"028779","0004","A"
"028780","0004","A"
"028781","0004","A"
"028782","0004","A"
"028783","0004","A"
"028784","0004","A"
"028785","0004","A"
"028786","0004","A"
"028787","0004","A"
"028788","0004","A"
"028789","0004","A"
"028790","0004","A"
"028791","0004","A"
"028792","0004","A"
"028793","0004","A"
"028794","0004","A"
"028795","0004","A"
"028796","0004","A"
"028798","0004","A"
"028799","0004","A"
"028800","0004","A"
"028801","0004","A"
"028802","0004","A"
"028803","0004","A"
"028804","0004","A"
"028805","0004","A"
"028806","0004","A"
"028807","0004","A"
"028808","0004","A"
"028809","0004","A"
"028810","0004","A"
"028811","0004","A"
"028812","0004","A"
"028813","0004","A"
"028814","0004","A"
"028816","0004","A"
"028817","0004","A"
"028818","0004","A"
"028819","0004","A"
"028820","0004","A"
"028821","0004","A"
"028823","0004","A"
"028824","0004","A"
"028825","0004","A"
"028826","0004","A"
"028827","0004","A"
"028828","0004","A"
"028829","0004","A"
"028925","0004","A"
"028926","0004","A"
"028927","0004","A"
"028928","0004","A"
"028929","0004","A"
"028930","0004","A"
"028931","0004","A"
"028932","0004","A"
"028933","0004","A"
"028934","0004","A"
"030407","0004","A"
"030408","0004","A"
"030409","0004","A"
"030410","0004","A"
"030411","0004","A"
"030412","0004","A"
"004916","0217","A"
"004917","0217","A"
"004918","0217","A"
"004919","0217","A"
"004920","0217","A"
"004921","0217","A"
"030413","0004","A"
"030414","0004","A"
"030415","0004","A"
"030416","0004","A"
"030417","0004","A"
"030418","0004","A"
"030419","0004","A"
"030420","0004","A"
"030421","0004","A"
"006927","0217","A"
"014086","0217","A"
"004581","0217","A"
"019585","0217","A"
"030747","0165","A"
"030748","0165","A"
"030749","0165","A"
"031227","0004","A"
"031464","0004","A"
"031465","0004","A"
"031487","0004","A"
"031488","0004","A"
"031489","0004","A"
"031490","0004","A"
"031491","0004","A"
"031492","0004","A"
"031493","0004","A"
"031494","0004","A"
"031495","0004","A"
"031496","0004","A"
"031497","0004","A"
"031498","0004","A"
"031499","0004","A"
"031517","0004","A"
"031678","0004","A"
"031679","0004","A"
"031725","0004","A"
"031726","0004","A"
"032014","0004","A"
"032017","0004","A"
"032050","0165","A"
"032051","0165","A"
"032052","0165","A"
"032053","0165","A"
"032054","0165","A"
"032184","0004","A"
"032267","0004","A"
"032268","0004","A"
"032269","0004","A"
"032270","0004","A"
"032323","0004","A"
"032324","0004","A"
"032605","0004","A"
"032606","0004","A"
"032607","0004","A"
"032608","0004","A"
"032609","0004","A"
"032610","0004","A"
"032611","0004","A"
"032612","0004","A"
"032613","0004","A"
"032614","0004","A"
"032615","0004","A"
"032616","0004","A"
"032617","0004","A"
"032618","0004","A"
"032619","0004","A"
"032620","0004","A"
"032621","0004","A"
"032622","0004","A"
"032623","0004","A"
"032624","0004","A"
"032625","0004","A"
"032626","0004","A"
"032627","0004","A"
"032628","0004","A"
"032629","0004","A"
"032630","0004","A"
"032631","0004","A"
"032632","0004","A"
"032633","0004","A"
"032634","0004","A"
"032635","0004","A"
"032636","0004","A"
"032637","0004","A"
"032638","0004","A"
"032639","0004","A"
"032640","0004","A"
"032641","0004","A"
"032642","0004","A"
"032643","0004","A"
"032644","0004","A"
"032645","0004","A"
"032646","0004","A"
"032647","0004","A"
"032648","0004","A"
"032649","0004","A"
"032650","0004","A"
"032651","0004","A"
"032652","0004","A"
"032653","0004","A"
"032654","0004","A"
"032655","0004","A"
"032656","0004","A"
"032657","0004","A"
"032658","0004","A"
"033030","0004","A"
"033031","0004","A"
"033032","0004","A"
"033033","0004","A"
"033034","0004","A"
"033036","0004","A"
"033037","0004","A"
"033043","0004","A"
"033044","0004","A"
"033411","0217","A"
"033518","0165","A"
"033623","0004","A"
"033624","0004","A"
"033625","0004","A"
"033729","0004","A"
"033751","0004","A"
"033832","0004","A"
"033833","0004","A"
"033834","0004","A"
"027156","0180","A"
"027157","0180","A"
"027158","0180","A"
"027159","0180","A"
"027160","0180","A"
"027161","0180","A"
"027162","0180","A"
"027163","0180","A"
"027164","0180","A"
"027165","0180","A"
"027166","0180","A"
"027167","0180","A"
"027168","0180","A"
"027169","0180","A"
"027170","0180","A"
"027171","0180","A"
"027172","0180","A"
"027173","0180","A"
"027174","0180","A"
"027175","0180","A"
"027176","0180","A"
"027177","0180","A"
"027178","0180","A"
"027179","0180","A"
"027180","0180","A"
"027181","0180","A"
"027182","0180","A"
"027183","0180","A"
"027184","0180","A"
"027185","0180","A"
"027186","0180","A"
"027187","0180","A"
"027188","0180","A"
"027189","0180","A"
"027190","0180","A"
"027191","0180","A"
"027192","0180","A"
"027193","0180","A"
"027194","0180","A"
"027195","0180","A"
"027196","0180","A"
"027197","0180","A"
"027198","0180","A"
"027199","0180","A"
"027200","0180","A"
"027201","0180","A"
"027202","0180","A"
"027203","0180","A"
"027204","0180","A"
"027205","0180","A"
"027206","0180","A"
"027207","0180","A"
"027208","0180","A"
"027209","0180","A"
"027210","0180","A"
"027211","0180","A"
"027212","0180","A"
"027213","0180","A"
"027214","0180","A"
"027215","0180","A"
"027216","0180","A"
"027217","0180","A"
"027218","0180","A"
"027219","0180","A"
"027220","0180","A"
"027221","0180","A"
"027222","0180","A"
"027223","0180","A"
"027224","0180","A"
"027225","0180","A"
"027226","0180","A"
"027227","0180","A"
"027228","0180","A"
"027229","0180","A"
"027230","0180","A"
"027231","0180","A"
"027232","0180","A"
"027233","0180","A"
"027234","0180","A"
"027235","0180","A"
"027236","0180","A"
"027237","0180","A"
"027238","0180","A"
"027239","0180","A"
"027240","0180","A"
"027241","0180","A"
"027242","0180","A"
"027243","0180","A"
"027244","0180","A"
"027245","0180","A"
"027246","0180","A"
"027247","0180","A"
"027248","0180","A"
"027249","0180","A"
"027250","0180","A"
"027251","0180","A"
"027252","0180","A"
"027253","0180","A"
"027254","0180","A"
"027255","0180","A"
"027256","0180","A"
"027257","0180","A"
"027258","0180","A"
"027259","0180","A"
"027260","0180","A"
"027261","0180","A"
"027262","0180","A"
"028056","0004","A"
"028057","0004","A"
"028058","0004","A"
"028074","0004","A"
"028075","0004","A"
"028077","0004","A"
"028511","0004","A"
"028512","0004","A"
"028605","0004","A"
"028703","0004","A"
"004633","0217","A"
"004849","0217","A"
"004850","0217","A"
"007056","0217","A"
"004819","0217","A"
"004820","0217","A"
"007052","0217","A"
"004737","0217","A"
"004738","0217","A"
"004739","0217","A"
"028708","0179","A"
"028710","0179","A"
"028822","0179","A"
"028953","0004","A"
"029143","0004","A"
"004741","0217","A"
"004742","0217","A"
"004744","0217","A"
"004745","0217","A"
"029345","0004","A"
"029604","0004","A"
"029605","0004","A"
"029606","0004","A"
"029614","0004","A"
"029615","0004","A"
"029616","0004","A"
"029617","0004","A"
"029618","0004","A"
"030284","0004","A"
"030285","0004","A"
"030286","0004","A"
"030379","0004","A"
"030534","0004","A"
"006961","0217","A"
"030867","0004","A"
"030868","0004","A"
"030894","0004","A"
"030895","0004","A"
"030896","0004","A"
"031029","0004","A"
"031526","0004","A"
"031580","0004","A"
"031676","0004","A"
"031677","0004","A"
"033471","0004","A"
"033472","0004","A"
"033473","0004","A"
"033474","0004","A"
"033475","0004","A"
"033579","0004","A"
"033580","0004","A"
"033607","0004","A"
"034134","0004","A"
"034209","0004","A"
"034403","0004","A"
"001923","0004","A"
"014129","0088","A"
"014125","0098","A"
"014126","0098","A"
"014475","0163","A"
"014476","0163","A"
"014477","0163","A"
"014478","0163","A"
"014479","0163","A"
"014480","0163","A"
"014481","0163","A"
"014482","0163","A"
"014830","0004","A"
"014871","0163","A"
"014872","0163","A"
"014873","0163","A"
"014875","0163","A"
"014876","0163","A"
"014877","0163","A"
"014878","0163","A"
"014880","0163","A"
"014881","0163","A"
"014882","0163","A"
"014883","0163","A"
"015025","0004","A"
"015036","0004","A"
"015046","0004","A"
"016973","0165","A"
"016974","0165","A"
"016975","0165","A"
"016976","0165","A"
"016977","0165","A"
"016978","0165","A"
"016979","0165","A"
"016980","0165","A"
"016981","0165","A"
"016982","0165","A"
"016983","0165","A"
"016984","0165","A"
"016985","0165","A"
"016986","0165","A"
"016987","0165","A"
"016988","0165","A"
"016991","0165","A"
"028855","0004","A"
"017018","0165","A"
"017019","0165","A"
"017020","0165","A"
"017021","0165","A"
"017022","0165","A"
"017023","0165","A"
"017024","0165","A"
"017025","0165","A"
"017026","0165","A"
"017027","0165","A"
"017028","0165","A"
"017029","0165","A"
"017030","0165","A"
"017031","0165","A"
"017032","0165","A"
"017033","0165","A"
"017034","0165","A"
"017035","0165","A"
"017036","0165","A"
"017037","0165","A"
"017038","0165","A"
"017039","0165","A"
"017040","0165","A"
"017041","0165","A"
"017042","0165","A"
"019511","0163","A"
"017044","0165","A"
"017054","0165","A"
"017055","0165","A"
"017056","0165","A"
"017057","0165","A"
"017058","0165","A"
"017059","0165","A"
"017060","0165","A"
"017061","0165","A"
"017062","0165","A"
"017063","0165","A"
"019465","0163","A"
"017081","0165","A"
"017082","0165","A"
"017083","0165","A"
"017084","0165","A"
"017085","0165","A"
"017086","0165","A"
"017087","0165","A"
"017088","0165","A"
"017089","0165","A"
"017090","0165","A"
"017091","0165","A"
"017092","0165","A"
"017093","0165","A"
"017094","0165","A"
"017095","0165","A"
"017096","0165","A"
"017097","0165","A"
"017098","0165","A"
"017106","0165","A"
"017107","0165","A"
"017108","0165","A"
"017109","0165","A"
"017110","0165","A"
"017111","0165","A"
"017112","0165","A"
"017201","0165","A"
"017202","0165","A"
"017203","0165","A"
"017204","0165","A"
"017205","0165","A"
"017206","0165","A"
"017207","0165","A"
"017208","0165","A"
"017209","0165","A"
"017210","0165","A"
"017211","0165","A"
"017212","0165","A"
"017213","0165","A"
"017214","0165","A"
"017215","0165","A"
"017216","0165","A"
"017217","0165","A"
"017218","0165","A"
"017219","0165","A"
"017220","0165","A"
"017221","0165","A"
"017222","0165","A"
"017223","0165","A"
"017224","0165","A"
"017225","0165","A"
"017226","0165","A"
"017227","0165","A"
"017228","0165","A"
"017229","0165","A"
"017230","0165","A"
"017231","0165","A"
"017232","0165","A"
"017233","0165","A"
"017234","0165","A"
"017235","0165","A"
"017236","0165","A"
"017237","0165","A"
"017238","0165","A"
"017239","0165","A"
"017240","0165","A"
"017241","0165","A"
"017242","0165","A"
"017243","0165","A"
"017244","0165","A"
"017245","0165","A"
"017246","0165","A"
"017247","0165","A"
"017248","0165","A"
"017249","0165","A"
"017250","0165","A"
"017251","0165","A"
"017252","0165","A"
"017253","0165","A"
"017254","0165","A"
"017255","0165","A"
"017256","0165","A"
"017257","0165","A"
"017258","0165","A"
"017259","0165","A"
"017260","0165","A"
"017261","0165","A"
"017262","0165","A"
"017263","0165","A"
"017264","0165","A"
"017265","0165","A"
"017266","0165","A"
"017267","0165","A"
"017268","0165","A"
"017269","0165","A"
"017270","0165","A"
"017271","0165","A"
"017272","0165","A"
"017273","0165","A"
"017274","0165","A"
"017275","0165","A"
"017276","0165","A"
"017277","0165","A"
"017278","0165","A"
"017279","0165","A"
"017280","0165","A"
"017281","0165","A"
"017282","0165","A"
"017283","0165","A"
"017284","0165","A"
"017285","0165","A"
"017286","0165","A"
"017287","0165","A"
"017288","0165","A"
"019485","0163","A"
"019728","0075","A"
"004535","0181","A"
"017292","0165","A"
"017293","0165","A"
"017294","0165","A"
"017295","0165","A"
"017296","0165","A"
"017297","0165","A"
"017298","0165","A"
"017299","0165","A"
"017300","0165","A"
"017301","0165","A"
"017302","0165","A"
"017303","0165","A"
"017304","0165","A"
"017305","0165","A"
"017306","0165","A"
"017307","0165","A"
"017308","0165","A"
"017309","0165","A"
"017310","0165","A"
"017311","0165","A"
"017312","0165","A"
"017313","0165","A"
"017314","0165","A"
"017315","0165","A"
"017316","0165","A"
"017317","0165","A"
"017318","0165","A"
"017319","0165","A"
"017320","0165","A"
"017321","0165","A"
"017322","0165","A"
"017323","0165","A"
"017324","0165","A"
"017325","0165","A"
"017326","0165","A"
"017327","0165","A"
"017328","0165","A"
"017329","0165","A"
"017330","0165","A"
"017331","0165","A"
"017332","0165","A"
"017333","0165","A"
"017334","0165","A"
"017335","0165","A"
"017336","0165","A"
"017337","0165","A"
"017338","0165","A"
"017339","0165","A"
"017340","0165","A"
"017341","0165","A"
"017342","0165","A"
"017343","0165","A"
"017344","0165","A"
"017345","0165","A"
"017346","0165","A"
"017347","0165","A"
"017348","0165","A"
"017349","0165","A"
"017350","0165","A"
"017351","0165","A"
"017352","0165","A"
"017353","0165","A"
"017354","0165","A"
"017355","0165","A"
"017356","0165","A"
"017357","0165","A"
"017358","0165","A"
"017359","0165","A"
"017360","0165","A"
"017361","0165","A"
"017362","0165","A"
"017363","0165","A"
"017364","0165","A"
"017365","0165","A"
"017366","0165","A"
"017367","0165","A"
"017368","0165","A"
"017369","0165","A"
"017370","0165","A"
"017371","0165","A"
"017372","0165","A"
"017373","0165","A"
"017374","0165","A"
"017375","0165","A"
"017376","0165","A"
"017377","0165","A"
"017378","0165","A"
"017379","0165","A"
"017380","0165","A"
"017381","0165","A"
"017382","0165","A"
"017383","0165","A"
"017384","0165","A"
"019196","0088","A"
"019555","0163","A"
"020637","0004","A"
"020910","0173","A"
"006980","0219","A"
"006982","0219","A"
"006983","0219","A"
"006984","0219","A"
"006985","0219","A"
"006986","0219","A"
"006992","0219","A"
"006993","0219","A"
"006994","0219","A"
"006995","0219","A"
"006997","0219","A"
"006998","0219","A"
"007000","0219","A"
"007002","0219","A"
"007003","0219","A"
"007006","0219","A"
"007009","0219","A"
"007014","0219","A"
"007017","0219","A"
"007018","0219","A"
"007019","0219","A"
"007022","0219","A"
"007023","0219","A"
"007024","0219","A"
"007027","0219","A"
"006979","0219","A"
"006999","0219","A"
"007004","0219","A"
"007010","0219","A"
"007016","0219","A"
"007021","0219","A"
"007029","0219","A"
"007030","0219","A"
"014484","0219","A"
"014848","0219","A"
"015021","0219","A"
"026195","0004","A"
"026202","0203","A"
"026203","0203","A"
"026204","0203","A"
"026205","0203","A"
"026206","0203","A"
"026208","0203","A"
"026608","0004","A"
"026609","0004","A"
"026610","0004","A"
"006944","0218","A"
"028662","0004","A"
"029344","0004","A"
"030148","0163","A"
"030151","0163","A"
"030154","0163","A"
"030160","0215","A"
"030170","0163","A"
"030173","0163","A"
"030176","0215","A"
"030179","0163","A"
"030182","0163","A"
"030185","0163","A"
"030188","0215","A"
"030191","0215","A"
"030194","0163","A"
"030219","0215","A"
"030222","0163","A"
"030225","0163","A"
"030227","0163","A"
"030230","0215","A"
"030232","0163","A"
"030238","0163","A"
"030244","0163","A"
"031461","0004","A"
"031462","0004","A"
"031850","0004","A"
"031851","0004","A"
"032026","0004","A"
"032027","0004","A"
"032076","0004","A"
"032077","0004","A"
"032078","0004","A"
"032172","0004","A"
"032188","0004","A"
"032304","0004","A"
"032305","0004","A"
"032306","0004","A"
"032307","0004","A"
"032308","0004","A"
"032309","0004","A"
"032310","0004","A"
"032311","0004","A"
"032514","0179","A"
"032517","0179","A"
"032918","0004","A"
"033322","0004","A"
"033323","0004","A"
"033324","0004","A"
"033397","0004","A"
"033545","0004","A"
"033843","0004","A"
"033844","0004","A"
"033910","0004","A"
"033947","0004","A"
"034044","0004","A"
"034045","0004","A"
"034046","0004","A"
"034054","0004","A"
"034197","0004","A"
"034521","0004","A"
"002395","0004","A"
"002396","0004","A"
"033020","0004","A"
"013803","0019","A"
"010897","0017","A"
"004999","0076","A"
"005105","0076","A"
"005106","0076","A"
"005107","0076","A"
"005108","0076","A"
"020242","0166","A"
"005111","0076","A"
"005112","0076","A"
"005113","0076","A"
"005119","0076","A"
"005140","0076","A"
"005168","0076","A"
"005180","0076","A"
"005184","0076","A"
"014077","0004","A"
"014137","0088","A"
"014457","0004","A"
"015115","0077","A"
"019519","0163","A"
"020126","0166","A"
"020221","0166","A"
"020107","0166","A"
"020118","0166","A"
"020243","0166","A"
"020244","0166","A"
"020245","0166","A"
"020246","0166","A"
"020241","0166","A"
"020820","0004","A"
"020858","0004","A"
"021108","0004","A"
"028494","0004","A"
"028495","0004","A"
"028496","0004","A"
"028497","0004","A"
"028498","0004","A"
"028499","0004","A"
"028500","0004","A"
"028501","0004","A"
"028502","0004","A"
"028503","0004","A"
"028504","0004","A"
"028505","0004","A"
"028506","0004","A"
"028507","0004","A"
"028508","0004","A"
"028538","0004","A"
"029662","0004","A"
"029663","0004","A"
"029664","0004","A"
"029791","0004","A"
"029854","0004","A"
"029855","0004","A"
"030342","0004","A"
"030348","0004","A"
"030425","0179","A"
"030426","0179","A"
"030427","0179","A"
"006945","0217","A"
"014565","0217","A"
"030737","0004","A"
"032344","0004","A"
"032993","0004","A"
"034105","0004","A"
"034106","0004","A"
"034269","0215","A"
"034271","0163","A"
"034274","0215","A"
"034277","0215","A"
"034279","0163","A"
"034282","0163","A"
"034285","0215","A"
"034288","0215","A"
"034290","0215","A"
"034293","0215","A"
"020276","0215","A"
"034297","0163","A"
"014928","0215","A"
"034301","0215","A"
"034303","0215","A"
"034305","0215","A"
"034308","0215","A"
"034311","0215","A"
"034313","0215","A"
"034315","0215","A"
"034318","0215","A"
"014540","0215","A"
"020554","0215","A"
"034323","0163","A"
"034326","0215","A"
"034329","0215","A"
"034331","0163","A"
"034334","0215","A"
"034337","0215","A"
"034338","0215","A"
"034341","0215","A"
"034344","0215","A"
"034346","0215","A"
"034349","0215","A"
"034351","0215","A"
"034354","0215","A"
"020586","0215","A"
"034358","0163","A"
"014311","0215","A"
"019667","0215","A"
"020605","0215","A"
"034366","0215","A"
"020359","0215","A"
"034368","0163","A"
"034371","0215","A"
"034374","0215","A"
"034377","0215","A"
"034380","0215","A"
"034383","0215","A"
"034385","0215","A"
"002364","0004","A"
"014590","0004","A"
"014596","0004","A"
"014858","0129","A"
"026167","0004","A"
"030592","0004","A"
"030593","0004","A"
"030595","0004","A"
"030596","0004","A"
"030628","0004","A"
"030629","0004","A"
"030630","0004","A"
"030631","0004","A"
"030632","0004","A"
"030633","0004","A"
"030634","0004","A"
"030635","0004","A"
"030636","0004","A"
"030637","0004","A"
"030638","0004","A"
"030639","0004","A"
"030640","0004","A"
"030641","0004","A"
"030642","0004","A"
"030643","0004","A"
"030644","0004","A"
"030645","0004","A"
"004716","0217","A"
"030869","0004","A"
"030870","0004","A"
"031067","0004","A"
"031596","0004","A"
"031597","0004","A"
"031598","0004","A"
"032141","0004","A"
"032601","0004","A"
"032602","0004","A"
"032603","0004","A"
"032604","0004","A"
"032929","0004","A"
"033080","0004","A"
"033157","0004","A"
"033158","0004","A"
"033354","0004","A"
"033405","0004","A"
"033463","0004","A"
"033464","0004","A"
"033465","0004","A"
"033466","0004","A"
"033467","0004","A"
"033468","0004","A"
"033566","0004","A"
"034184","0004","A"
"034261","0004","A"
"034262","0004","A"
"034263","0004","A"
"034265","0004","A"
"034266","0004","A"
"034267","0004","A"
"034268","0004","A"
"034388","0004","A"
"034389","0004","A"
"034390","0004","A"
"034391","0004","A"
"034392","0004","A"
"002433","0004","A"
"010116","0078","A"
"010121","0078","A"
"010127","0078","A"
"010128","0078","A"
"009567","0078","A"
"009568","0078","A"
"009569","0078","A"
"009570","0078","A"
"009571","0078","A"
"009572","0078","A"
"009573","0078","A"
"009574","0078","A"
"009575","0078","A"
"009576","0078","A"
"009577","0078","A"
"009578","0078","A"
"009579","0078","A"
"009580","0078","A"
"009581","0078","A"
"009582","0078","A"
"009583","0078","A"
"009584","0078","A"
"009585","0078","A"
"009586","0078","A"
"009587","0078","A"
"009588","0078","A"
"009589","0078","A"
"009590","0078","A"
"009591","0078","A"
"009592","0078","A"
"009593","0078","A"
"009594","0078","A"
"009595","0078","A"
"009596","0078","A"
"009597","0078","A"
"009598","0078","A"
"009599","0078","A"
"009600","0078","A"
"009601","0078","A"
"009602","0078","A"
"009603","0078","A"
"009604","0078","A"
"009605","0078","A"
"009606","0078","A"
"009608","0078","A"
"009609","0078","A"
"009610","0078","A"
"009611","0078","A"
"009612","0078","A"
"009613","0078","A"
"009614","0078","A"
"009615","0078","A"
"009616","0078","A"
"009617","0078","A"
"009618","0078","A"
"009619","0078","A"
"009620","0078","A"
"009621","0078","A"
"009622","0078","A"
"009623","0078","A"
"009624","0078","A"
"009625","0078","A"
"009626","0078","A"
"009627","0078","A"
"009628","0078","A"
"009629","0078","A"
"009630","0078","A"
"009631","0078","A"
"009632","0078","A"
"009633","0078","A"
"009634","0078","A"
"009635","0078","A"
"009636","0078","A"
"009637","0078","A"
"009638","0078","A"
"009639","0078","A"
"009640","0078","A"
"009641","0078","A"
"009642","0078","A"
"009643","0078","A"
"009644","0078","A"
"009645","0078","A"
"009646","0078","A"
"009647","0078","A"
"009648","0078","A"
"009649","0078","A"
"009650","0078","A"
"009651","0078","A"
"009652","0078","A"
"009653","0078","A"
"009654","0078","A"
"009655","0078","A"
"009656","0078","A"
"009657","0078","A"
"009658","0078","A"
"009659","0078","A"
"009660","0078","A"
"009661","0078","A"
"009662","0078","A"
"009663","0078","A"
"009664","0078","A"
"009665","0078","A"
"009666","0078","A"
"009667","0078","A"
"009668","0078","A"
"009669","0078","A"
"009670","0078","A"
"009671","0078","A"
"009672","0078","A"
"009673","0078","A"
"009674","0078","A"
"009675","0078","A"
"009676","0078","A"
"009677","0078","A"
"009678","0078","A"
"009679","0078","A"
"009680","0078","A"
"009681","0078","A"
"009682","0078","A"
"009683","0078","A"
"009684","0078","A"
"009685","0078","A"
"009686","0078","A"
"009687","0078","A"
"009688","0078","A"
"009689","0078","A"
"009690","0078","A"
"009691","0078","A"
"009692","0078","A"
"009694","0078","A"
"009695","0078","A"
"009696","0078","A"
"009698","0078","A"
"009699","0078","A"
"009700","0078","A"
"009701","0078","A"
"009702","0078","A"
"009703","0078","A"
"009704","0078","A"
"009705","0078","A"
"009706","0078","A"
"009708","0078","A"
"009709","0078","A"
"009710","0078","A"
"009711","0078","A"
"009712","0078","A"
"009713","0078","A"
"009714","0078","A"
"009715","0078","A"
"009716","0078","A"
"009717","0078","A"
"009718","0078","A"
"009719","0078","A"
"009720","0078","A"
"009721","0078","A"
"009722","0078","A"
"009723","0078","A"
"009724","0078","A"
"009725","0078","A"
"009726","0078","A"
"009728","0078","A"
"009729","0078","A"
"009730","0078","A"
"009731","0078","A"
"009732","0078","A"
"009733","0078","A"
"009734","0078","A"
"009735","0078","A"
"009736","0078","A"
"009737","0078","A"
"009738","0078","A"
"009739","0078","A"
"009741","0078","A"
"009742","0078","A"
"009743","0078","A"
"009744","0078","A"
"009745","0078","A"
"009746","0078","A"
"009747","0078","A"
"009748","0078","A"
"009750","0078","A"
"009751","0078","A"
"009752","0078","A"
"009753","0078","A"
"009754","0078","A"
"009755","0078","A"
"009756","0078","A"
"009757","0078","A"
"009758","0078","A"
"009759","0078","A"
"009760","0078","A"
"009761","0078","A"
"009762","0078","A"
"009763","0078","A"
"009764","0078","A"
"009765","0078","A"
"009766","0078","A"
"009767","0078","A"
"009768","0078","A"
"009769","0078","A"
"009770","0078","A"
"009771","0078","A"
"009772","0078","A"
"009773","0078","A"
"009774","0078","A"
"009776","0078","A"
"009777","0078","A"
"009778","0078","A"
"009779","0078","A"
"009780","0078","A"
"009781","0078","A"
"009782","0078","A"
"009783","0078","A"
"009784","0078","A"
"009785","0078","A"
"009786","0078","A"
"009787","0078","A"
"009788","0078","A"
"009789","0078","A"
"009790","0078","A"
"009791","0078","A"
"009792","0078","A"
"009793","0078","A"
"009794","0078","A"
"009795","0078","A"
"009796","0078","A"
"009797","0078","A"
"009798","0078","A"
"009799","0078","A"
"009801","0078","A"
"009802","0078","A"
"009803","0078","A"
"009804","0078","A"
"009805","0078","A"
"009806","0078","A"
"009807","0078","A"
"009808","0078","A"
"009809","0078","A"
"009810","0078","A"
"009811","0078","A"
"009812","0078","A"
"009813","0078","A"
"009814","0078","A"
"009815","0078","A"
"009816","0078","A"
"009817","0078","A"
"009818","0078","A"
"009819","0078","A"
"009820","0078","A"
"009821","0078","A"
"009822","0078","A"
"009823","0078","A"
"009824","0078","A"
"009825","0078","A"
"009826","0078","A"
"009827","0078","A"
"009828","0078","A"
"009829","0078","A"
"009830","0078","A"
"009831","0078","A"
"009832","0078","A"
"009833","0078","A"
"009834","0078","A"
"009835","0078","A"
"009836","0078","A"
"009837","0078","A"
"009838","0078","A"
"009839","0078","A"
"009840","0078","A"
"009843","0078","A"
"009844","0078","A"
"009845","0078","A"
"009846","0078","A"
"009847","0078","A"
"009848","0078","A"
"009850","0078","A"
"009851","0078","A"
"009853","0078","A"
"009854","0078","A"
"009855","0078","A"
"009856","0078","A"
"009857","0078","A"
"009858","0078","A"
"009859","0078","A"
"009860","0078","A"
"009861","0078","A"
"009862","0078","A"
"009863","0078","A"
"009864","0078","A"
"009865","0078","A"
"009866","0078","A"
"009867","0078","A"
"009868","0078","A"
"009869","0078","A"
"009872","0078","A"
"009873","0078","A"
"009874","0078","A"
"009875","0078","A"
"009876","0078","A"
"009877","0078","A"
"009878","0078","A"
"009879","0078","A"
"009880","0078","A"
"009881","0078","A"
"009882","0078","A"
"009883","0078","A"
"009884","0078","A"
"009885","0078","A"
"009886","0078","A"
"009887","0078","A"
"009888","0078","A"
"009889","0078","A"
"009890","0078","A"
"009892","0078","A"
"009893","0078","A"
"009894","0078","A"
"009895","0078","A"
"009897","0078","A"
"009898","0078","A"
"009899","0078","A"
"009900","0078","A"
"009902","0078","A"
"009904","0078","A"
"009905","0078","A"
"009906","0078","A"
"009907","0078","A"
"009908","0078","A"
"009909","0078","A"
"009910","0078","A"
"009911","0078","A"
"009912","0078","A"
"009913","0078","A"
"009914","0078","A"
"009915","0078","A"
"009916","0078","A"
"009917","0078","A"
"009918","0078","A"
"009919","0078","A"
"009920","0078","A"
"009921","0078","A"
"009922","0078","A"
"009923","0078","A"
"009924","0078","A"
"009925","0078","A"
"009926","0078","A"
"009927","0078","A"
"009928","0078","A"
"009929","0078","A"
"009930","0078","A"
"009931","0078","A"
"009932","0078","A"
"009933","0078","A"
"009934","0078","A"
"014115","0004","A"
"009936","0078","A"
"009937","0078","A"
"009938","0078","A"
"009939","0078","A"
"009940","0078","A"
"009941","0078","A"
"009942","0078","A"
"009943","0078","A"
"009944","0078","A"
"009945","0078","A"
"009946","0078","A"
"009947","0078","A"
"009948","0078","A"
"009949","0078","A"
"009950","0078","A"
"009951","0078","A"
"009952","0078","A"
"009953","0078","A"
"009954","0078","A"
"009955","0078","A"
"009956","0078","A"
"014130","0004","A"
"009958","0078","A"
"014208","0098","A"
"009960","0078","A"
"009961","0078","A"
"009962","0078","A"
"009963","0078","A"
"009964","0078","A"
"009965","0078","A"
"009966","0078","A"
"009967","0078","A"
"009968","0078","A"
"009969","0078","A"
"009970","0078","A"
"009971","0078","A"
"009972","0078","A"
"009973","0078","A"
"009974","0078","A"
"009975","0078","A"
"009976","0078","A"
"009977","0078","A"
"009978","0078","A"
"009979","0078","A"
"009980","0078","A"
"009981","0078","A"
"009982","0078","A"
"009983","0078","A"
"009984","0078","A"
"009985","0078","A"
"009986","0078","A"
"009987","0078","A"
"009988","0078","A"
"009989","0078","A"
"009990","0078","A"
"009991","0078","A"
"009992","0078","A"
"009993","0078","A"
"009994","0078","A"
"009995","0078","A"
"009996","0078","A"
"014209","0098","A"
"009998","0078","A"
"009999","0078","A"
"010000","0078","A"
"010001","0078","A"
"010002","0078","A"
"010003","0078","A"
"010004","0078","A"
"010005","0078","A"
"010006","0078","A"
"010007","0078","A"
"010008","0078","A"
"010009","0078","A"
"014210","0098","A"
"010011","0078","A"
"010012","0078","A"
"010013","0078","A"
"010014","0078","A"
"010015","0078","A"
"010016","0078","A"
"010017","0078","A"
"010018","0078","A"
"010019","0078","A"
"010020","0078","A"
"010021","0078","A"
"010022","0078","A"
"010023","0078","A"
"010024","0078","A"
"010025","0078","A"
"014237","0088","A"
"010027","0078","A"
"010028","0078","A"
"010029","0078","A"
"010030","0078","A"
"010031","0078","A"
"010032","0078","A"
"010033","0078","A"
"010034","0078","A"
"010035","0078","A"
"010036","0078","A"
"010037","0078","A"
"010038","0078","A"
"010039","0078","A"
"010040","0078","A"
"010041","0078","A"
"010042","0078","A"
"010043","0078","A"
"010044","0078","A"
"010045","0078","A"
"010046","0078","A"
"010047","0078","A"
"010048","0078","A"
"010049","0078","A"
"010050","0078","A"
"010051","0078","A"
"010052","0078","A"
"010053","0078","A"
"010054","0078","A"
"010055","0078","A"
"010056","0078","A"
"010057","0078","A"
"010058","0078","A"
"010059","0078","A"
"010060","0078","A"
"010061","0078","A"
"010062","0078","A"
"010063","0078","A"
"010064","0078","A"
"010065","0078","A"
"010066","0078","A"
"010067","0078","A"
"010068","0078","A"
"010069","0078","A"
"010070","0078","A"
"010071","0078","A"
"010072","0078","A"
"010073","0078","A"
"010074","0078","A"
"010075","0078","A"
"010076","0078","A"
"010077","0078","A"
"010078","0078","A"
"010079","0078","A"
"010080","0078","A"
"010081","0078","A"
"010082","0078","A"
"010083","0078","A"
"010084","0078","A"
"010085","0078","A"
"010086","0078","A"
"010087","0078","A"
"010088","0078","A"
"010089","0078","A"
"010090","0078","A"
"010091","0078","A"
"010092","0078","A"
"010093","0078","A"
"010094","0078","A"
"010095","0078","A"
"010096","0078","A"
"010097","0078","A"
"010098","0078","A"
"010099","0078","A"
"010100","0078","A"
"010101","0078","A"
"010102","0078","A"
"010103","0078","A"
"010104","0078","A"
"010105","0078","A"
"010106","0078","A"
"010107","0078","A"
"010108","0078","A"
"010109","0078","A"
"010110","0078","A"
"010111","0078","A"
"010112","0078","A"
"010113","0078","A"
"010114","0078","A"
"010115","0078","A"
"014297","0140","A"
"014298","0140","A"
"014299","0140","A"
"014577","0077","A"
"014578","0077","A"
"006561","0079","A"
"014834","0004","A"
"014942","0084","A"
"014943","0084","A"
"014944","0084","A"
"014945","0084","A"
"014946","0084","A"
"014947","0084","A"
"014948","0084","A"
"014949","0084","A"
"014950","0084","A"
"014951","0084","A"
"014952","0084","A"
"014953","0084","A"
"014954","0084","A"
"014955","0084","A"
"014956","0084","A"
"014957","0084","A"
"014958","0084","A"
"014959","0084","A"
"014960","0084","A"
"014961","0084","A"
"015037","0163","A"
"015045","0075","A"
"020693","0004","A"
"019756","0075","A"
"020263","0004","A"
"020694","0004","A"
"020695","0004","A"
"020868","0004","A"
"020869","0004","A"
"020870","0004","A"
"020905","0004","A"
"020906","0004","A"
"020907","0004","A"
"020908","0004","A"
"020909","0004","A"
"020911","0004","A"
"020912","0004","A"
"020913","0004","A"
"020914","0004","A"
"020915","0004","A"
"020916","0004","A"
"020917","0004","A"
"020918","0004","A"
"020919","0004","A"
"020920","0004","A"
"020921","0004","A"
"020922","0004","A"
"020948","0004","A"
"021172","0004","A"
"021232","0004","A"
"021233","0004","A"
"021234","0004","A"
"021235","0004","A"
"021236","0004","A"
"026169","0004","A"
"005989","0222","A"
"005990","0222","A"
"005991","0222","A"
"005992","0222","A"
"005995","0222","A"
"005993","0222","A"
"005994","0222","A"
"027024","0180","A"
"027025","0180","A"
"027026","0180","A"
"027027","0180","A"
"027028","0180","A"
"027029","0180","A"
"027030","0180","A"
"027031","0180","A"
"027032","0180","A"
"027033","0180","A"
"027034","0180","A"
"027035","0180","A"
"027036","0180","A"
"027037","0180","A"
"027038","0180","A"
"027039","0180","A"
"027040","0180","A"
"027041","0180","A"
"027042","0180","A"
"027043","0180","A"
"027044","0180","A"
"027045","0180","A"
"027046","0180","A"
"027047","0180","A"
"027048","0180","A"
"027049","0180","A"
"027050","0180","A"
"027051","0180","A"
"027052","0180","A"
"027053","0180","A"
"027054","0180","A"
"027055","0180","A"
"027056","0180","A"
"027057","0180","A"
"027058","0180","A"
"027059","0180","A"
"027060","0180","A"
"027061","0180","A"
"027062","0180","A"
"027063","0180","A"
"027064","0180","A"
"027065","0180","A"
"027066","0180","A"
"027067","0180","A"
"027068","0180","A"
"027069","0180","A"
"027070","0180","A"
"027071","0180","A"
"027072","0180","A"
"027073","0180","A"
"027074","0180","A"
"027075","0180","A"
"027076","0180","A"
"027077","0180","A"
"027078","0180","A"
"027079","0180","A"
"027080","0180","A"
"027081","0180","A"
"027082","0180","A"
"027083","0180","A"
"027084","0180","A"
"027085","0180","A"
"027086","0180","A"
"027087","0180","A"
"027088","0180","A"
"027089","0180","A"
"027090","0180","A"
"027091","0180","A"
"027092","0180","A"
"027093","0180","A"
"027094","0180","A"
"027095","0180","A"
"027096","0180","A"
"027097","0180","A"
"027098","0180","A"
"027099","0180","A"
"027100","0180","A"
"027101","0180","A"
"027102","0180","A"
"027103","0180","A"
"027104","0180","A"
"027105","0180","A"
"027106","0180","A"
"027107","0180","A"
"027108","0180","A"
"027109","0180","A"
"027111","0180","A"
"027112","0180","A"
"027113","0180","A"
"027114","0180","A"
"027115","0180","A"
"027116","0180","A"
"027117","0180","A"
"027118","0180","A"
"027119","0180","A"
"027120","0180","A"
"027121","0180","A"
"027122","0180","A"
"027123","0180","A"
"027124","0180","A"
"027125","0180","A"
"027126","0180","A"
"027127","0180","A"
"027128","0180","A"
"027129","0180","A"
"027130","0180","A"
"027131","0180","A"
"027132","0180","A"
"027133","0180","A"
"027134","0180","A"
"027135","0180","A"
"027136","0180","A"
"027137","0180","A"
"027138","0180","A"
"027139","0180","A"
"027140","0180","A"
"027141","0180","A"
"027142","0180","A"
"027143","0180","A"
"027144","0180","A"
"027145","0180","A"
"027146","0180","A"
"027147","0180","A"
"027148","0180","A"
"027149","0180","A"
"027150","0180","A"
"027151","0180","A"
"027152","0180","A"
"027153","0180","A"
"027154","0180","A"
"027155","0180","A"
"002253","0004","A"
"002254","0004","A"
"002255","0004","A"
"002256","0004","A"
"002257","0004","A"
"002258","0004","A"
"002259","0004","A"
"002260","0004","A"
"002261","0004","A"
"002262","0004","A"
"002263","0004","A"
"002264","0004","A"
"002265","0004","A"
"002266","0004","A"
"002267","0004","A"
"002268","0004","A"
"002269","0004","A"
"002270","0004","A"
"002271","0004","A"
"002272","0004","A"
"002273","0004","A"
"002274","0004","A"
"002275","0004","A"
"002276","0004","A"
"002277","0004","A"
"002278","0004","A"
"002279","0004","A"
"002280","0004","A"
"002281","0004","A"
"002282","0004","A"
"002283","0004","A"
"002284","0004","A"
"002285","0004","A"
"002286","0004","A"
"002287","0004","A"
"002288","0004","A"
"002289","0004","A"
"002290","0004","A"
"002291","0004","A"
"002292","0004","A"
"002293","0004","A"
"002294","0004","A"
"002295","0004","A"
"002296","0004","A"
"002297","0004","A"
"002298","0004","A"
"002299","0004","A"
"002300","0004","A"
"002301","0004","A"
"002302","0004","A"
"002303","0004","A"
"002304","0004","A"
"002305","0004","A"
"002306","0004","A"
"002307","0004","A"
"002308","0004","A"
"002309","0004","A"
"002310","0004","A"
"002311","0004","A"
"002312","0004","A"
"002313","0004","A"
"002314","0004","A"
"002315","0004","A"
"002316","0004","A"
"002317","0004","A"
"002318","0004","A"
"002319","0004","A"
"002320","0004","A"
"002321","0004","A"
"002322","0004","A"
"002323","0004","A"
"002324","0004","A"
"002325","0004","A"
"002326","0004","A"
"004574","0125","A"
"004578","0125","A"
"004579","0125","A"
"004572","0125","A"
"004573","0125","A"
"004576","0125","A"
"014082","0146","A"
"004536","0125","A"
"004538","0125","A"
"004544","0125","A"
"004559","0125","A"
"004567","0125","A"
"004570","0125","A"
"004540","0125","A"
"004541","0125","A"
"004549","0125","A"
"004554","0125","A"
"015038","0147","A"
"015039","0147","A"
"015040","0147","A"
"004551","0125","A"
"004552","0125","A"
"004560","0125","A"
"004563","0125","A"
"015041","0148","A"
"004571","0125","A"
"015042","0148","A"
"004548","0125","A"
"004550","0125","A"
"004553","0125","A"
"004556","0125","A"
"004557","0125","A"
"004558","0125","A"
"004561","0125","A"
"004565","0125","A"
"004568","0125","A"
"004542","0125","A"
"004545","0125","A"
"004566","0125","A"
"004534","0125","A"
"019466","0163","A"
"019505","0163","A"
"004501","0125","A"
"004502","0125","A"
"004503","0125","A"
"004504","0125","A"
"004505","0125","A"
"004506","0125","A"
"004507","0125","A"
"004508","0125","A"
"019516","0163","A"
"004510","0125","A"
"004512","0125","A"
"004513","0125","A"
"004514","0125","A"
"004515","0125","A"
"004516","0125","A"
"004517","0125","A"
"004518","0125","A"
"004519","0125","A"
"004520","0125","A"
"019541","0163","A"
"004522","0125","A"
"004523","0125","A"
"004524","0125","A"
"019619","0163","A"
"019622","0163","A"
"004527","0125","A"
"004528","0125","A"
"004529","0125","A"
"004530","0125","A"
"004531","0125","A"
"004532","0125","A"
"004533","0125","A"
"010827","0125","A"
"010828","0125","A"
"019625","0163","A"
"019628","0163","A"
"013824","0053","A"
"019632","0163","A"
"019635","0163","A"
"019638","0163","A"
"019640","0163","A"
"019643","0163","A"
"019653","0163","A"
"019656","0163","A"
"019660","0163","A"
"019663","0163","A"
"019666","0163","A"
"019672","0163","A"
"019690","0004","A"
"020271","0163","A"
"020281","0163","A"
"020292","0163","A"
"020295","0163","A"
"020299","0163","A"
"020318","0163","A"
"020320","0163","A"
"020322","0163","A"
"020327","0163","A"
"020330","0163","A"
"020335","0163","A"
"020338","0163","A"
"020351","0163","A"
"020354","0163","A"
"020357","0163","A"
"020367","0163","A"
"020374","0163","A"
"020377","0163","A"
"020690","0004","A"
"025968","0004","A"
"025969","0004","A"
"026129","0004","A"
"026130","0004","A"
"026131","0004","A"
"026132","0004","A"
"028017","0004","A"
"028048","0004","A"
"028976","0004","A"
"030142","0163","A"
"030145","0163","A"
"030162","0163","A"
"030166","0163","A"
"030174","0163","A"
"030184","0163","A"
"030201","0163","A"
"030204","0215","A"
"030207","0215","A"
"032085","0004","A"
"030213","0215","A"
"030236","0215","A"
"030240","0163","A"
"030246","0163","A"
"030249","0215","A"
"004787","0217","A"
"004790","0217","A"
"004804","0217","A"
"030740","0004","A"
"030741","0004","A"
"030742","0004","A"
"030773","0004","A"
"030774","0004","A"
"030775","0004","A"
"030776","0004","A"
"030777","0004","A"
"030778","0004","A"
"030779","0004","A"
"030780","0004","A"
"030781","0004","A"
"030782","0004","A"
"030783","0004","A"
"030784","0004","A"
"030785","0004","A"
"030786","0004","A"
"030787","0004","A"
"030788","0004","A"
"030789","0004","A"
"031057","0004","A"
"031060","0004","A"
"031061","0004","A"
"031062","0004","A"
"031063","0004","A"
"004834","0217","A"
"004667","0218","A"
"031070","0004","A"
"031220","0004","A"
"031422","0004","A"
"031423","0004","A"
"031424","0004","A"
"031425","0004","A"
"031426","0004","A"
"031427","0004","A"
"031428","0004","A"
"032070","0004","A"
"032084","0004","A"
"032158","0004","A"
"032159","0004","A"
"032160","0004","A"
"032161","0004","A"
"032162","0004","A"
"032163","0004","A"
"032164","0004","A"
"032165","0004","A"
"032166","0004","A"
"032167","0004","A"
"032168","0004","A"
"032169","0004","A"
"032170","0004","A"
"032239","0004","A"
"032240","0004","A"
"032241","0004","A"
"032242","0004","A"
"032243","0004","A"
"032244","0004","A"
"032245","0004","A"
"032246","0004","A"
"032247","0004","A"
"033073","0004","A"
"033224","0004","A"
"033599","0004","A"
"033600","0004","A"
"033601","0004","A"
"033627","0215","A"
"033628","0163","A"
"033631","0215","A"
"033634","0163","A"
"033635","0215","A"
"033636","0215","A"
"033637","0215","A"
"033638","0215","A"
"014752","0215","A"
"033639","0215","A"
"033640","0215","A"
"033641","0215","A"
"033642","0163","A"
"033643","0215","A"
"033644","0215","A"
"033645","0215","A"
"033646","0215","A"
"033647","0215","A"
"033648","0215","A"
"033649","0215","A"
"033650","0215","A"
"033651","0215","A"
"033652","0163","A"
"019823","0215","A"
"033653","0215","A"
"014523","0215","A"
"019519","0215","A"
"033654","0215","A"
"019517","0215","A"
"033655","0215","A"
"033656","0215","A"
"033657","0215","A"
"019514","0215","A"
"014709","0215","A"
"019551","0215","A"
"019472","0215","A"
"020298","0215","A"
"033658","0215","A"
"033659","0215","A"
"033660","0163","A"
"033660","0215","A"
"033661","0215","A"
"033662","0215","A"
"033663","0215","A"
"033664","0163","A"
"020300","0215","A"
"033665","0163","A"
"033666","0215","A"
"033667","0163","A"
"033667","0215","A"
"033668","0215","A"
"033669","0215","A"
"033670","0215","A"
"033671","0215","A"
"033672","0215","A"
"033673","0215","A"
"033674","0215","A"
"033675","0163","A"
"033676","0215","A"
"033677","0163","A"
"033678","0215","A"
"014533","0215","A"
"020319","0215","A"
"014519","0215","A"
"033679","0215","A"
"033680","0215","A"
"033681","0215","A"
"033682","0163","A"
"033683","0215","A"
"033684","0163","A"
"033684","0215","A"
"033685","0215","A"
"033686","0215","A"
"020327","0215","A"
"033687","0163","A"
"033688","0215","A"
"033689","0215","A"
"033690","0215","A"
"033691","0163","A"
"033692","0215","A"
"033693","0163","A"
"033694","0163","A"
"033695","0215","A"
"014460","0215","A"
"033696","0215","A"
"033697","0163","A"
"033698","0163","A"
"033699","0215","A"
"033700","0215","A"
"033701","0215","A"
"033702","0215","A"
"033703","0215","A"
"033704","0215","A"
"033705","0215","A"
"033706","0215","A"
"019460","0215","A"
"033707","0215","A"
"033708","0163","A"
"033709","0215","A"
"015188","0215","A"
"033710","0215","A"
"015099","0215","A"
"033711","0215","A"
"014325","0215","A"
"033712","0215","A"
"033713","0215","A"
"014542","0215","A"
"033714","0215","A"
"033714","0163","A"
"033715","0215","A"
"033716","0215","A"
"020617","0215","A"
"014715","0215","A"
"033717","0215","A"
"033718","0215","A"
"033719","0215","A"
"019908","0215","A"
"020624","0215","A"
"033720","0215","A"
"033721","0215","A"
"033722","0215","A"
"033723","0215","A"
"033724","0215","A"
"033725","0163","A"
"033726","0215","A"
"019726","0215","A"
"019488","0215","A"
"033727","0215","A"
"033728","0215","A"
"033819","0004","A"
"033911","0004","A"
"033944","0004","A"
"034515","0004","A"
"034537","0004","A"
"034538","0004","A"
"001739","0004","A"
"001740","0004","A"
"001829","0004","A"
"001830","0004","A"
"002242","0004","A"
"002243","0004","A"
"002348","0004","A"
"002346","0004","A"
"002347","0004","A"
"002349","0004","A"
"002350","0004","A"
"002351","0004","A"
"002352","0004","A"
"002353","0004","A"
"000004","0042","A"
"000005","0042","A"
"000006","0042","A"
"002416","0004","A"
"002417","0004","A"
"002418","0004","A"
"002419","0004","A"
"002422","0004","A"
"004395","0004","A"
"013815","0004","A"
"012699","0013","A"
"004581","0019","A"
"004582","0019","A"
"004583","0019","A"
"004587","0019","A"
"004593","0019","A"
"004594","0019","A"
"004599","0019","A"
"004600","0019","A"
"004601","0019","A"
"004602","0019","A"
"004603","0019","A"
"004604","0019","A"
"004605","0019","A"
"004616","0019","A"
"004626","0019","A"
"004629","0019","A"
"004630","0019","A"
"004631","0019","A"
"004633","0019","A"
"004640","0019","A"
"004641","0019","A"
"004646","0019","A"
"004648","0019","A"
"004649","0019","A"
"004654","0019","A"
"004658","0019","A"
"004659","0019","A"
"004660","0019","A"
"004661","0019","A"
"004662","0019","A"
"004666","0019","A"
"004668","0019","A"
"004670","0019","A"
"004672","0019","A"
"004673","0019","A"
"004674","0019","A"
"004680","0019","A"
"004687","0019","A"
"004688","0019","A"
"004692","0019","A"
"004693","0019","A"
"004716","0019","A"
"004717","0019","A"
"004718","0019","A"
"004719","0019","A"
"004720","0019","A"
"004721","0019","A"
"004725","0019","A"
"004726","0019","A"
"004727","0019","A"
"004728","0019","A"
"004733","0019","A"
"004734","0019","A"
"004735","0019","A"
"004736","0019","A"
"004740","0019","A"
"004741","0019","A"
"004742","0019","A"
"004743","0019","A"
"004744","0019","A"
"004745","0019","A"
"004746","0019","A"
"004747","0019","A"
"004749","0019","A"
"004750","0019","A"
"004751","0019","A"
"004754","0019","A"
"004755","0019","A"
"004756","0019","A"
"004757","0019","A"
"004758","0019","A"
"004759","0019","A"
"004761","0019","A"
"004762","0019","A"
"004763","0019","A"
"004764","0019","A"
"004765","0019","A"
"004770","0019","A"
"004774","0019","A"
"004783","0019","A"
"004784","0019","A"
"004785","0019","A"
"004786","0019","A"
"004787","0019","A"
"004790","0019","A"
"004791","0019","A"
"004792","0019","A"
"004800","0019","A"
"004801","0019","A"
"004802","0019","A"
"004803","0019","A"
"004804","0019","A"
"004805","0019","A"
"004806","0019","A"
"004807","0019","A"
"004812","0019","A"
"004813","0019","A"
"004814","0019","A"
"004815","0019","A"
"004816","0019","A"
"004817","0019","A"
"004819","0019","A"
"004820","0019","A"
"004826","0019","A"
"004827","0019","A"
"004828","0019","A"
"004829","0019","A"
"004830","0019","A"
"004831","0019","A"
"004832","0019","A"
"004833","0019","A"
"004835","0019","A"
"004836","0019","A"
"004838","0019","A"
"004839","0019","A"
"004855","0019","A"
"004856","0019","A"
"004858","0019","A"
"004859","0019","A"
"004860","0019","A"
"004861","0019","A"
"004862","0019","A"
"004863","0019","A"
"004864","0019","A"
"004865","0019","A"
"004869","0019","A"
"004872","0019","A"
"004873","0019","A"
"004874","0019","A"
"004878","0019","A"
"004879","0019","A"
"004880","0019","A"
"004881","0019","A"
"004882","0019","A"
"004883","0019","A"
"004885","0019","A"
"004887","0019","A"
"004892","0019","A"
"004893","0019","A"
"004895","0019","A"
"004896","0019","A"
"004901","0019","A"
"004902","0019","A"
"004903","0019","A"
"004904","0019","A"
"004905","0019","A"
"004906","0019","A"
"004909","0019","A"
"004910","0019","A"
"004911","0019","A"
"004915","0019","A"
"004916","0019","A"
"004917","0019","A"
"004918","0019","A"
"004919","0019","A"
"004920","0019","A"
"004921","0019","A"
"004923","0019","A"
"004925","0019","A"
"004927","0019","A"
"004931","0019","A"
"004932","0019","A"
"004933","0019","A"
"004934","0019","A"
"004935","0019","A"
"005935","0019","A"
"005937","0019","A"
"005938","0019","A"
"005939","0019","A"
"005940","0019","A"
"005941","0019","A"
"005942","0019","A"
"005971","0019","A"
"005972","0019","A"
"005973","0019","A"
"005974","0019","A"
"005975","0019","A"
"005976","0019","A"
"005977","0019","A"
"005978","0019","A"
"005979","0019","A"
"005980","0019","A"
"005981","0019","A"
"005982","0019","A"
"005983","0019","A"
"005984","0019","A"
"005985","0019","A"
"005986","0019","A"
"005987","0019","A"
"005988","0019","A"
"005996","0019","A"
"005997","0019","A"
"005998","0019","A"
"006000","0019","A"
"006005","0019","A"
"006006","0019","A"
"006010","0019","A"
"006011","0019","A"
"006015","0019","A"
"006021","0019","A"
"006027","0019","A"
"006028","0019","A"
"006029","0019","A"
"006907","0019","A"
"006908","0019","A"
"006909","0019","A"
"006910","0019","A"
"006911","0019","A"
"006912","0019","A"
"006913","0019","A"
"006921","0019","A"
"006922","0019","A"
"006923","0019","A"
"006924","0019","A"
"006925","0019","A"
"006927","0019","A"
"006928","0019","A"
"006929","0019","A"
"006930","0019","A"
"006931","0019","A"
"006932","0019","A"
"006933","0019","A"
"006934","0019","A"
"006935","0019","A"
"006945","0019","A"
"006947","0019","A"
"006948","0019","A"
"006951","0019","A"
"006952","0019","A"
"006955","0019","A"
"006956","0019","A"
"006957","0019","A"
"006958","0019","A"
"006961","0019","A"
"006967","0019","A"
"006968","0019","A"
"007031","0019","A"
"007033","0019","A"
"007034","0019","A"
"007035","0019","A"
"007037","0019","A"
"007038","0019","A"
"007039","0019","A"
"007040","0019","A"
"007041","0019","A"
"007042","0019","A"
"007046","0019","A"
"007052","0019","A"
"007053","0019","A"
"007144","0019","A"
"007145","0019","A"
"007146","0019","A"
"007147","0019","A"
"007275","0019","A"
"007277","0019","A"
"007280","0019","A"
"007295","0019","A"
"007296","0019","A"
"007297","0019","A"
"007298","0019","A"
"007425","0019","A"
"007426","0019","A"
"007434","0019","A"
"007435","0019","A"
"007436","0019","A"
"007438","0019","A"
"007440","0019","A"
"006551","0022","A"
"006552","0022","A"
"006553","0022","A"
"006554","0022","A"
"006556","0022","A"
"006561","0022","A"
"006562","0022","A"
"006563","0022","A"
"006566","0022","A"
"006567","0022","A"
"006568","0022","A"
"006570","0022","A"
"006571","0022","A"
"006572","0022","A"
"006573","0022","A"
"006575","0022","A"
"006576","0022","A"
"006577","0022","A"
"006578","0022","A"
"006579","0022","A"
"006581","0022","A"
"006582","0022","A"
"006583","0022","A"
"006584","0022","A"
"006585","0022","A"
"006586","0022","A"
"006587","0022","A"
"006588","0022","A"
"006589","0022","A"
"006590","0022","A"
"006591","0022","A"
"006592","0022","A"
"006594","0022","A"
"006595","0022","A"
"006596","0022","A"
"004589","0038","A"
"004590","0038","A"
"004591","0038","A"
"004592","0038","A"
"004596","0038","A"
"004597","0038","A"
"004606","0038","A"
"004607","0038","A"
"004610","0038","A"
"004611","0038","A"
"004627","0038","A"
"004628","0038","A"
"004632","0038","A"
"004634","0038","A"
"004635","0038","A"
"004644","0038","A"
"004647","0038","A"
"004650","0038","A"
"004651","0038","A"
"004653","0038","A"
"004664","0038","A"
"004669","0038","A"
"004689","0038","A"
"004690","0038","A"
"004695","0038","A"
"004724","0038","A"
"004730","0038","A"
"004732","0038","A"
"004752","0038","A"
"004771","0038","A"
"004775","0038","A"
"004777","0038","A"
"004778","0038","A"
"004779","0038","A"
"004780","0038","A"
"004781","0038","A"
"004793","0038","A"
"004798","0038","A"
"004821","0038","A"
"004823","0038","A"
"004824","0038","A"
"004825","0038","A"
"004837","0038","A"
"004840","0038","A"
"004843","0038","A"
"004844","0038","A"
"004851","0038","A"
"004870","0038","A"
"004876","0038","A"
"004877","0038","A"
"004886","0038","A"
"004888","0038","A"
"004889","0038","A"
"004890","0038","A"
"004891","0038","A"
"004894","0038","A"
"004897","0038","A"
"004898","0038","A"
"004899","0038","A"
"004900","0038","A"
"004907","0038","A"
"004908","0038","A"
"004912","0038","A"
"004913","0038","A"
"004914","0038","A"
"004922","0038","A"
"004924","0038","A"
"004926","0038","A"
"004928","0038","A"
"004929","0038","A"
"004930","0038","A"
"004936","0038","A"
"004937","0038","A"
"006936","0038","A"
"006937","0038","A"
"006938","0038","A"
"006939","0038","A"
"006940","0038","A"
"006941","0038","A"
"006942","0038","A"
"006944","0038","A"
"007043","0038","A"
"007049","0038","A"
"007050","0038","A"
"007051","0038","A"
"007054","0038","A"
"007060","0038","A"
"007061","0038","A"
"007062","0038","A"
"007063","0038","A"
"007148","0038","A"
"007274","0038","A"
"007291","0038","A"
"007292","0038","A"
"007293","0038","A"
"007294","0038","A"
"007299","0038","A"
"007431","0038","A"
"007419","0041","A"
"006199","0065","A"
"009155","0066","A"
"009156","0066","A"
"009157","0066","A"
"009158","0066","A"
"009159","0066","A"
"009380","0067","A"
"004974","0069","A"
"004975","0069","A"
"004976","0069","A"
"004977","0069","A"
"004978","0069","A"
"004979","0069","A"
"004980","0069","A"
"004981","0069","A"
"004982","0069","A"
"004983","0069","A"
"004984","0069","A"
"004985","0069","A"
"004986","0069","A"
"004987","0069","A"
"004988","0069","A"
"004989","0069","A"
"004990","0069","A"
"004991","0069","A"
"004992","0069","A"
"008802","0110","A"
"008803","0110","A"
"008804","0110","A"
"008805","0110","A"
"008806","0110","A"
"008807","0110","A"
"008808","0110","A"
"008809","0110","A"
"008810","0110","A"
"008811","0110","A"
"008812","0110","A"
"008813","0110","A"
"008814","0110","A"
"008815","0110","A"
"008816","0110","A"
"008817","0110","A"
"008818","0110","A"
"008819","0110","A"
"008821","0110","A"
"008822","0110","A"
"008823","0110","A"
"008824","0110","A"
"008825","0110","A"
"008826","0110","A"
"008827","0110","A"
"008828","0110","A"
"008829","0110","A"
"008830","0110","A"
"008831","0110","A"
"008832","0110","A"
"008833","0110","A"
"008834","0110","A"
"008835","0110","A"
"008836","0110","A"
"008837","0110","A"
"008838","0110","A"
"008839","0110","A"
"008840","0110","A"
"008841","0110","A"
"008842","0110","A"
"008843","0110","A"
"008844","0110","A"
"008845","0110","A"
"008846","0110","A"
"008847","0110","A"
"008848","0110","A"
"008849","0110","A"
"008850","0110","A"
"008851","0110","A"
"008852","0110","A"
"008853","0110","A"
"008854","0110","A"
"008855","0110","A"
"008856","0110","A"
"008857","0110","A"
"008859","0110","A"
"008860","0110","A"
"008861","0110","A"
"008862","0110","A"
"008863","0110","A"
"008864","0110","A"
"008865","0110","A"
"008866","0110","A"
"008867","0110","A"
"008868","0110","A"
"008869","0110","A"
"008870","0110","A"
"008872","0110","A"
"008873","0110","A"
"008874","0110","A"
"008875","0110","A"
"008876","0110","A"
"008877","0110","A"
"008878","0110","A"
"008879","0110","A"
"008880","0110","A"
"008881","0110","A"
"008882","0110","A"
"008884","0110","A"
"008885","0110","A"
"008887","0110","A"
"008888","0110","A"
"008889","0110","A"
"008891","0110","A"
"008892","0110","A"
"008893","0110","A"
"008894","0110","A"
"008895","0110","A"
"008896","0110","A"
"008897","0110","A"
"008898","0110","A"
"008899","0110","A"
"008900","0110","A"
"008901","0110","A"
"008902","0110","A"
"008903","0110","A"
"008904","0110","A"
"008905","0110","A"
"008907","0110","A"
"008908","0110","A"
"008909","0110","A"
"008910","0110","A"
"008911","0110","A"
"008912","0110","A"
"008913","0110","A"
"008915","0110","A"
"008916","0110","A"
"008917","0110","A"
"008918","0110","A"
"008919","0110","A"
"008920","0110","A"
"008921","0110","A"
"008922","0110","A"
"008924","0110","A"
"008925","0110","A"
"008926","0110","A"
"008927","0110","A"
"008928","0110","A"
"008929","0110","A"
"008930","0110","A"
"008931","0110","A"
"008932","0110","A"
"008933","0110","A"
"008934","0110","A"
"008935","0110","A"
"008936","0110","A"
"008937","0110","A"
"008939","0110","A"
"008940","0110","A"
"008941","0110","A"
"008942","0110","A"
"008943","0110","A"
"008944","0110","A"
"008945","0110","A"
"008946","0110","A"
"008948","0110","A"
"008949","0110","A"
"008951","0110","A"
"008952","0110","A"
"008953","0110","A"
"008954","0110","A"
"008955","0110","A"
"008956","0110","A"
"008957","0110","A"
"008958","0110","A"
"008959","0110","A"
"008960","0110","A"
"008961","0110","A"
"008962","0110","A"
"008963","0110","A"
"008964","0110","A"
"008965","0110","A"
"008966","0110","A"
"008967","0110","A"
"008968","0110","A"
"008969","0110","A"
"008970","0110","A"
"008971","0110","A"
"008972","0110","A"
"008973","0110","A"
"008974","0110","A"
"008975","0110","A"
"008976","0110","A"
"008977","0110","A"
"008978","0110","A"
"008979","0110","A"
"008980","0110","A"
"008982","0110","A"
"008983","0110","A"
"008984","0110","A"
"008985","0110","A"
"008986","0110","A"
"008987","0110","A"
"008988","0110","A"
"008989","0110","A"
"008990","0110","A"
"008991","0110","A"
"008992","0110","A"
"008993","0110","A"
"008994","0110","A"
"008995","0110","A"
"008996","0110","A"
"008997","0110","A"
"008998","0110","A"
"008999","0110","A"
"009000","0110","A"
"009001","0110","A"
"009002","0110","A"
"009004","0110","A"
"009005","0110","A"
"009006","0110","A"
"009007","0110","A"
"009008","0110","A"
"009009","0110","A"
"009010","0110","A"
"009011","0110","A"
"009012","0110","A"
"009013","0110","A"
"009014","0110","A"
"009015","0110","A"
"009016","0110","A"
"009017","0110","A"
"009018","0110","A"
"009019","0110","A"
"009020","0110","A"
"009021","0110","A"
"009022","0110","A"
"009023","0110","A"
"009024","0110","A"
"009025","0110","A"
"009026","0110","A"
"009027","0110","A"
"009029","0110","A"
"009030","0110","A"
"009031","0110","A"
"009032","0110","A"
"009033","0110","A"
"009034","0110","A"
"009036","0110","A"
"009037","0110","A"
"009038","0110","A"
"009040","0110","A"
"009041","0110","A"
"009042","0110","A"
"009043","0110","A"
"009044","0110","A"
"009045","0110","A"
"009047","0110","A"
"009048","0110","A"
"009051","0110","A"
"009053","0110","A"
"009054","0110","A"
"009055","0110","A"
"009056","0110","A"
"009058","0110","A"
"009059","0110","A"
"009060","0110","A"
"009061","0110","A"
"009062","0110","A"
"009063","0110","A"
"009064","0110","A"
"009066","0110","A"
"009067","0110","A"
"009068","0110","A"
"009069","0110","A"
"009070","0110","A"
"009071","0110","A"
"009072","0110","A"
"009073","0110","A"
"009074","0110","A"
"009075","0110","A"
"009076","0110","A"
"009077","0110","A"
"009078","0110","A"
"009079","0110","A"
"009080","0110","A"
"009081","0110","A"
"009082","0110","A"
"009083","0110","A"
"009084","0110","A"
"009085","0110","A"
"009086","0110","A"
"009087","0110","A"
"009088","0110","A"
"009089","0110","A"
"009093","0110","A"
"009094","0110","A"
"009095","0110","A"
"009096","0110","A"
"009097","0110","A"
"009098","0110","A"
"009099","0110","A"
"009100","0110","A"
"009101","0110","A"
"009102","0110","A"
"009103","0110","A"
"009104","0110","A"
"009105","0110","A"
"009107","0110","A"
"009110","0110","A"
"009111","0110","A"
"009112","0110","A"
"009113","0110","A"
"009114","0110","A"
"009115","0110","A"
"009116","0110","A"
"009117","0110","A"
"009118","0110","A"
"009119","0110","A"
"009121","0110","A"
"009122","0110","A"
"009124","0110","A"
"009125","0110","A"
"009126","0110","A"
"009127","0110","A"
"009128","0110","A"
"009129","0110","A"
"009130","0110","A"
"009131","0110","A"
"007442","0111","A"
"007443","0111","A"
"007441","0111","A"
"004677","0098","A"
"004972","0109","A"
"004973","0109","A"
"004993","0109","A"
"004675","0098","A"
"004678","0098","A"
"004679","0098","A"
"006022","0098","A"
"006023","0098","A"
"006024","0098","A"
"006025","0098","A"
"006026","0098","A"
"004612","0098","A"
"004613","0098","A"
"004614","0098","A"
"004615","0098","A"
"004584","0098","A"
"015124","0098","A"
"014250","0088","A"
"014264","0074","A"
"004722","0098","A"
"004723","0098","A"
"007284","0098","A"
"007285","0098","A"
"004841","0098","A"
"006016","0098","A"
"005936","0098","A"
"005943","0098","A"
"005944","0098","A"
"005945","0098","A"
"005946","0098","A"
"005947","0098","A"
"005948","0098","A"
"005949","0098","A"
"005950","0098","A"
"005951","0098","A"
"005952","0098","A"
"005953","0098","A"
"005954","0098","A"
"005955","0098","A"
"006018","0098","A"
"006020","0098","A"
"004586","0098","A"
"004636","0098","A"
"004637","0098","A"
"004638","0098","A"
"004682","0098","A"
"004683","0098","A"
"004684","0098","A"
"004685","0098","A"
"004748","0098","A"
"004753","0098","A"
"004767","0098","A"
"004768","0098","A"
"004769","0098","A"
"004794","0098","A"
"004795","0098","A"
"004796","0098","A"
"004808","0098","A"
"004809","0098","A"
"004810","0098","A"
"004848","0098","A"
"004853","0098","A"
"004854","0098","A"
"004866","0098","A"
"004867","0098","A"
"004868","0098","A"
"006917","0098","A"
"006918","0098","A"
"006919","0098","A"
"006920","0098","A"
"006946","0098","A"
"014265","0125","A"
"006963","0098","A"
"014266","0125","A"
"006965","0098","A"
"004980","0114","A"
"014458","0077","A"
"007055","0098","A"
"007056","0098","A"
"014835","0004","A"
"007283","0098","A"
"004870","0088","A"
"015018","0074","A"
"015019","0074","A"
"015152","0084","A"
"015153","0084","A"
"015154","0084","A"
"015155","0084","A"
"015156","0084","A"
"015158","0084","A"
"015159","0084","A"
"015160","0084","A"
"015161","0084","A"
"015162","0084","A"
"015163","0084","A"
"015164","0084","A"
"015165","0084","A"
"015166","0084","A"
"015167","0084","A"
"015168","0084","A"
"015169","0084","A"
"015170","0084","A"
"015171","0084","A"
"015172","0084","A"
"015173","0084","A"
"015174","0084","A"
"015175","0084","A"
"015176","0084","A"
"015177","0084","A"
"015225","0105","A"
"019436","0142","A"
"019437","0142","A"
"019438","0098","A"
"019439","0098","A"
"019440","0098","A"
"019441","0098","A"
"019488","0163","A"
"019514","0163","A"
"019522","0163","A"
"017290","0165","A"
"017291","0165","A"
"019600","0100","A"
"020490","0163","A"
"020481","0004","A"
"020482","0004","A"
"020495","0163","A"
"020500","0163","A"
"020505","0163","A"
"020508","0163","A"
"020518","0163","A"
"020521","0163","A"
"020531","0163","A"
"020534","0163","A"
"020537","0163","A"
"020540","0163","A"
"020554","0163","A"
"020556","0163","A"
"020559","0163","A"
"020564","0163","A"
"020575","0163","A"
"020589","0163","A"
"020591","0163","A"
"020594","0163","A"
"020597","0163","A"
"020610","0163","A"
"020613","0163","A"
"020631","0163","A"
"020634","0163","A"
"005200","0175","A"
"005201","0175","A"
"005202","0175","A"
"005204","0175","A"
"005206","0175","A"
"005208","0175","A"
"005209","0175","A"
"005211","0175","A"
"005212","0175","A"
"005214","0175","A"
"005215","0175","A"
"005220","0175","A"
"005221","0175","A"
"005222","0175","A"
"005225","0175","A"
"005227","0175","A"
"005228","0175","A"
"005229","0175","A"
"005231","0175","A"
"005233","0175","A"
"005235","0175","A"
"005236","0175","A"
"005238","0175","A"
"005240","0175","A"
"005241","0175","A"
"005244","0175","A"
"005245","0175","A"
"005246","0175","A"
"005247","0175","A"
"005250","0175","A"
"005251","0175","A"
"005253","0175","A"
"005254","0175","A"
"005255","0175","A"
"005256","0175","A"
"005257","0175","A"
"005258","0175","A"
"005259","0175","A"
"005260","0175","A"
"005261","0175","A"
"005262","0175","A"
"005263","0175","A"
"005264","0175","A"
"005265","0175","A"
"005266","0175","A"
"005267","0175","A"
"005268","0175","A"
"005269","0175","A"
"005270","0175","A"
"005271","0175","A"
"005272","0175","A"
"005274","0175","A"
"005275","0175","A"
"005276","0175","A"
"005277","0175","A"
"005278","0175","A"
"005279","0175","A"
"005280","0175","A"
"005281","0175","A"
"005282","0175","A"
"005283","0175","A"
"005284","0175","A"
"005285","0175","A"
"005286","0175","A"
"005287","0175","A"
"005288","0175","A"
"005289","0175","A"
"005290","0175","A"
"005291","0175","A"
"005292","0175","A"
"005293","0175","A"
"005294","0175","A"
"005295","0175","A"
"005296","0175","A"
"005297","0175","A"
"005298","0175","A"
"005299","0175","A"
"005300","0175","A"
"005301","0175","A"
"005302","0175","A"
"005303","0175","A"
"005304","0175","A"
"005305","0175","A"
"005306","0175","A"
"005308","0175","A"
"005310","0175","A"
"005311","0175","A"
"005312","0175","A"
"005313","0175","A"
"005314","0175","A"
"005315","0175","A"
"005316","0175","A"
"005317","0175","A"
"005318","0175","A"
"005319","0175","A"
"005320","0175","A"
"005321","0175","A"
"005322","0175","A"
"005323","0175","A"
"005324","0175","A"
"005325","0175","A"
"005327","0175","A"
"005328","0175","A"
"005329","0175","A"
"005331","0175","A"
"005332","0175","A"
"005333","0175","A"
"005334","0175","A"
"005335","0175","A"
"005336","0175","A"
"005337","0175","A"
"005338","0175","A"
"005339","0175","A"
"005340","0175","A"
"005344","0175","A"
"005345","0175","A"
"005346","0175","A"
"005347","0175","A"
"005348","0175","A"
"005349","0175","A"
"005350","0175","A"
"005351","0175","A"
"005352","0175","A"
"005353","0175","A"
"005354","0175","A"
"005355","0175","A"
"005357","0175","A"
"005358","0175","A"
"005359","0175","A"
"005360","0175","A"
"005361","0175","A"
"005362","0175","A"
"005363","0175","A"
"005364","0175","A"
"005365","0175","A"
"005366","0175","A"
"005367","0175","A"
"005368","0175","A"
"005369","0175","A"
"005370","0175","A"
"005371","0175","A"
"005372","0175","A"
"005373","0175","A"
"005374","0175","A"
"005375","0175","A"
"005376","0175","A"
"005377","0175","A"
"005378","0175","A"
"005379","0175","A"
"005381","0175","A"
"005382","0175","A"
"005383","0175","A"
"005384","0175","A"
"005385","0175","A"
"005386","0175","A"
"005388","0175","A"
"005389","0175","A"
"005391","0175","A"
"005392","0175","A"
"005393","0175","A"
"005395","0175","A"
"005396","0175","A"
"005397","0175","A"
"005398","0175","A"
"005399","0175","A"
"005400","0175","A"
"005401","0175","A"
"005402","0175","A"
"005403","0175","A"
"005404","0175","A"
"005407","0175","A"
"005408","0175","A"
"005409","0175","A"
"005410","0175","A"
"005411","0175","A"
"005412","0175","A"
"005414","0175","A"
"005415","0175","A"
"005416","0175","A"
"005418","0175","A"
"005419","0175","A"
"005420","0175","A"
"005421","0175","A"
"005423","0175","A"
"005424","0175","A"
"005425","0175","A"
"005426","0175","A"
"005427","0175","A"
"005428","0175","A"
"005429","0175","A"
"005430","0175","A"
"005431","0175","A"
"005432","0175","A"
"005433","0175","A"
"005434","0175","A"
"005435","0175","A"
"005436","0175","A"
"005437","0175","A"
"005438","0175","A"
"005439","0175","A"
"005440","0175","A"
"005441","0175","A"
"005443","0175","A"
"005444","0175","A"
"005446","0175","A"
"005447","0175","A"
"005448","0175","A"
"005449","0175","A"
"005450","0175","A"
"005451","0175","A"
"005452","0175","A"
"005453","0175","A"
"005454","0175","A"
"005456","0175","A"
"005457","0175","A"
"005458","0175","A"
"005459","0175","A"
"005460","0175","A"
"005461","0175","A"
"005462","0175","A"
"005463","0175","A"
"005464","0175","A"
"005465","0175","A"
"005466","0175","A"
"005467","0175","A"
"005469","0175","A"
"005470","0175","A"
"005471","0175","A"
"005472","0175","A"
"005474","0175","A"
"005475","0175","A"
"005477","0175","A"
"005479","0175","A"
"005480","0175","A"
"005483","0175","A"
"005485","0175","A"
"005487","0175","A"
"005488","0175","A"
"005489","0175","A"
"005492","0175","A"
"005494","0175","A"
"005496","0175","A"
"005497","0175","A"
"005498","0175","A"
"005499","0175","A"
"005501","0175","A"
"005502","0175","A"
"005503","0175","A"
"005504","0175","A"
"005506","0175","A"
"005507","0175","A"
"005508","0175","A"
"005509","0175","A"
"005511","0175","A"
"005512","0175","A"
"005513","0175","A"
"005514","0175","A"
"005515","0175","A"
"005517","0175","A"
"005518","0175","A"
"005519","0175","A"
"005520","0175","A"
"005521","0175","A"
"005524","0175","A"
"005525","0175","A"
"005526","0175","A"
"005527","0175","A"
"005528","0175","A"
"005529","0175","A"
"005530","0175","A"
"005531","0175","A"
"005532","0175","A"
"005533","0175","A"
"005534","0175","A"
"005535","0175","A"
"005536","0175","A"
"005538","0175","A"
"005539","0175","A"
"005540","0175","A"
"005541","0175","A"
"005543","0175","A"
"005544","0175","A"
"005545","0175","A"
"005546","0175","A"
"005547","0175","A"
"005548","0175","A"
"005549","0175","A"
"005550","0175","A"
"005551","0175","A"
"005552","0175","A"
"005553","0175","A"
"005554","0175","A"
"005555","0175","A"
"005557","0175","A"
"005559","0175","A"
"005560","0175","A"
"005564","0175","A"
"005566","0175","A"
"005567","0175","A"
"005569","0175","A"
"005571","0175","A"
"005572","0175","A"
"005573","0175","A"
"005574","0175","A"
"005579","0175","A"
"005580","0175","A"
"005581","0175","A"
"005585","0175","A"
"005586","0175","A"
"005587","0175","A"
"005588","0175","A"
"005589","0175","A"
"005592","0175","A"
"005593","0175","A"
"005595","0175","A"
"005596","0175","A"
"005597","0175","A"
"005598","0175","A"
"005599","0175","A"
"005600","0175","A"
"005601","0175","A"
"005602","0175","A"
"005603","0175","A"
"005604","0175","A"
"005605","0175","A"
"005606","0175","A"
"005607","0175","A"
"005608","0175","A"
"005609","0175","A"
"005610","0175","A"
"005611","0175","A"
"005612","0175","A"
"005613","0175","A"
"005614","0175","A"
"005615","0175","A"
"005616","0175","A"
"005617","0175","A"
"005618","0175","A"
"005619","0175","A"
"005620","0175","A"
"005621","0175","A"
"005622","0175","A"
"005623","0175","A"
"005624","0175","A"
"005625","0175","A"
"005626","0175","A"
"005627","0175","A"
"005628","0175","A"
"005629","0175","A"
"005630","0175","A"
"005631","0175","A"
"005632","0175","A"
"005633","0175","A"
"005634","0175","A"
"005635","0175","A"
"005636","0175","A"
"005637","0175","A"
"005638","0175","A"
"005639","0175","A"
"005640","0175","A"
"005641","0175","A"
"005642","0175","A"
"005643","0175","A"
"005644","0175","A"
"005645","0175","A"
"005646","0175","A"
"005647","0175","A"
"005648","0175","A"
"005649","0175","A"
"005650","0175","A"
"005651","0175","A"
"005652","0175","A"
"005653","0175","A"
"005654","0175","A"
"005656","0175","A"
"005658","0175","A"
"005659","0175","A"
"005660","0175","A"
"005662","0175","A"
"005663","0175","A"
"005664","0175","A"
"005665","0175","A"
"005666","0175","A"
"005667","0175","A"
"005668","0175","A"
"005669","0175","A"
"005670","0175","A"
"005671","0175","A"
"005672","0175","A"
"005673","0175","A"
"005676","0175","A"
"005677","0175","A"
"005678","0175","A"
"005679","0175","A"
"005680","0175","A"
"005681","0175","A"
"005682","0175","A"
"005683","0175","A"
"005684","0175","A"
"005685","0175","A"
"005686","0175","A"
"005687","0175","A"
"005688","0175","A"
"005689","0175","A"
"005690","0175","A"
"005691","0175","A"
"005692","0175","A"
"005693","0175","A"
"005694","0175","A"
"005695","0175","A"
"005696","0175","A"
"005697","0175","A"
"005699","0175","A"
"005700","0175","A"
"005701","0175","A"
"005702","0175","A"
"005703","0175","A"
"005704","0175","A"
"005705","0175","A"
"005706","0175","A"
"005707","0175","A"
"005708","0175","A"
"005709","0175","A"
"005710","0175","A"
"005711","0175","A"
"005712","0175","A"
"005713","0175","A"
"005714","0175","A"
"005715","0175","A"
"005716","0175","A"
"005717","0175","A"
"005718","0175","A"
"005720","0175","A"
"005721","0175","A"
"005722","0175","A"
"005723","0175","A"
"005724","0175","A"
"005725","0175","A"
"005726","0175","A"
"005727","0175","A"
"005728","0175","A"
"005729","0175","A"
"005730","0175","A"
"005731","0175","A"
"005732","0175","A"
"005733","0175","A"
"005734","0175","A"
"005735","0175","A"
"005737","0175","A"
"005739","0175","A"
"005740","0175","A"
"005741","0175","A"
"005742","0175","A"
"005743","0175","A"
"005744","0175","A"
"005745","0175","A"
"005746","0175","A"
"005747","0175","A"
"005748","0175","A"
"005749","0175","A"
"005751","0175","A"
"005752","0175","A"
"005754","0175","A"
"005755","0175","A"
"005756","0175","A"
"005757","0175","A"
"005759","0175","A"
"005760","0175","A"
"005761","0175","A"
"005762","0175","A"
"005763","0175","A"
"005764","0175","A"
"005765","0175","A"
"005766","0175","A"
"005767","0175","A"
"005768","0175","A"
"005769","0175","A"
"005770","0175","A"
"005771","0175","A"
"005772","0175","A"
"005773","0175","A"
"005774","0175","A"
"005775","0175","A"
"005776","0175","A"
"005777","0175","A"
"005778","0175","A"
"005779","0175","A"
"005780","0175","A"
"005781","0175","A"
"005785","0175","A"
"005786","0175","A"
"005788","0175","A"
"005789","0175","A"
"005790","0175","A"
"005791","0175","A"
"005792","0175","A"
"005793","0175","A"
"005794","0175","A"
"005795","0175","A"
"005796","0175","A"
"005797","0175","A"
"005798","0175","A"
"005799","0175","A"
"005800","0175","A"
"005802","0175","A"
"005803","0175","A"
"005804","0175","A"
"005805","0175","A"
"005806","0175","A"
"005807","0175","A"
"005808","0175","A"
"005809","0175","A"
"005810","0175","A"
"005811","0175","A"
"005812","0175","A"
"005813","0175","A"
"005814","0175","A"
"005815","0175","A"
"005816","0175","A"
"005817","0175","A"
"005819","0175","A"
"005820","0175","A"
"005821","0175","A"
"005822","0175","A"
"005823","0175","A"
"005824","0175","A"
"005825","0175","A"
"005826","0175","A"
"005827","0175","A"
"005828","0175","A"
"005829","0175","A"
"005831","0175","A"
"005832","0175","A"
"005833","0175","A"
"005834","0175","A"
"005835","0175","A"
"005836","0175","A"
"005838","0175","A"
"005840","0175","A"
"005842","0175","A"
"005843","0175","A"
"005844","0175","A"
"005845","0175","A"
"005846","0175","A"
"005847","0175","A"
"005848","0175","A"
"002378","0004","A"
"002379","0004","A"
"014678","0163","A"
"013805","0078","A"
"013806","0078","A"
"013807","0078","A"
"013808","0078","A"
"013809","0078","A"
"013810","0078","A"
"013811","0078","A"
"014676","0163","A"
"014677","0163","A"
"014679","0163","A"
"014680","0163","A"
"014681","0163","A"
"014682","0163","A"
"014683","0163","A"
"014684","0163","A"
"014685","0163","A"
"014686","0163","A"
"014687","0163","A"
"014688","0163","A"
"014689","0163","A"
"014690","0163","A"
"014691","0163","A"
"014692","0163","A"
"014693","0163","A"
"014694","0163","A"
"014695","0163","A"
"014696","0163","A"
"014697","0163","A"
"014698","0163","A"
"014699","0163","A"
"014831","0098","A"
"014832","0077","A"
"014836","0004","A"
"014994","0164","A"
"014995","0164","A"
"014996","0164","A"
"014997","0164","A"
"014998","0164","A"
"014999","0164","A"
"015000","0164","A"
"015001","0164","A"
"015002","0164","A"
"015003","0164","A"
"015004","0164","A"
"015005","0164","A"
"015006","0164","A"
"015007","0164","A"
"015008","0164","A"
"015009","0164","A"
"015010","0164","A"
"015011","0164","A"
"015012","0164","A"
"015013","0164","A"
"015014","0164","A"
"015021","0080","A"
"015026","0004","A"
"014172","0125","A"
"019578","0088","A"
"019582","0088","A"
"019583","0088","A"
"019579","0088","A"
"019601","0077","A"
"019711","0004","A"
"005850","0175","A"
"005851","0175","A"
"005852","0175","A"
"005853","0175","A"
"005854","0175","A"
"005855","0175","A"
"005856","0175","A"
"005857","0175","A"
"005858","0175","A"
"005859","0175","A"
"005860","0175","A"
"005862","0175","A"
"005863","0175","A"
"005864","0175","A"
"005865","0175","A"
"005866","0175","A"
"005867","0175","A"
"005868","0175","A"
"005869","0175","A"
"005870","0175","A"
"005871","0175","A"
"005872","0175","A"
"005873","0175","A"
"005874","0175","A"
"005875","0175","A"
"005876","0175","A"
"005877","0175","A"
"005878","0175","A"
"005879","0175","A"
"005882","0175","A"
"005883","0175","A"
"005884","0175","A"
"005887","0175","A"
"005890","0175","A"
"005891","0175","A"
"005892","0175","A"
"005893","0175","A"
"005894","0175","A"
"005895","0175","A"
"005896","0175","A"
"005897","0175","A"
"005899","0175","A"
"005900","0175","A"
"005901","0175","A"
"005902","0175","A"
"013881","0175","A"
"013882","0175","A"
"013885","0175","A"
"013886","0175","A"
"013888","0175","A"
"013889","0175","A"
"013890","0175","A"
"013891","0175","A"
"013892","0175","A"
"013893","0175","A"
"013894","0175","A"
"013895","0175","A"
"013896","0175","A"
"013897","0175","A"
"013898","0175","A"
"013899","0175","A"
"013902","0175","A"
"013905","0175","A"
"013906","0175","A"
"013907","0175","A"
"013909","0175","A"
"013910","0175","A"
"014159","0175","A"
"014238","0175","A"
"014276","0175","A"
"014415","0175","A"
"014577","0175","A"
"014818","0175","A"
"015049","0175","A"
"015107","0175","A"
"015115","0175","A"
"015234","0175","A"
"015235","0175","A"
"019201","0175","A"
"019450","0175","A"
"019601","0175","A"
"019703","0175","A"
"019721","0175","A"
"019731","0175","A"
"019732","0175","A"
"019733","0175","A"
"019734","0175","A"
"019735","0175","A"
"019736","0175","A"
"019737","0175","A"
"019738","0175","A"
"019739","0175","A"
"019740","0175","A"
"019741","0175","A"
"019742","0175","A"
"019744","0175","A"
"019745","0175","A"
"019746","0175","A"
"019924","0175","A"
"019925","0175","A"
"019941","0175","A"
"020442","0175","A"
"005191","0175","A"
"005192","0175","A"
"005194","0175","A"
"005195","0175","A"
"005196","0175","A"
"005197","0175","A"
"005198","0175","A"
"005558","0175","A"
"013903","0175","A"
"014613","0175","A"
"019760","0175","A"
"020262","0175","A"
"005104","0174","A"
"005114","0174","A"
"005120","0174","A"
"005121","0174","A"
"005122","0174","A"
"005123","0174","A"
"005124","0174","A"
"005125","0174","A"
"005126","0174","A"
"005127","0174","A"
"005128","0174","A"
"005130","0174","A"
"005131","0174","A"
"005132","0174","A"
"005133","0174","A"
"005134","0174","A"
"005137","0174","A"
"005138","0174","A"
"005142","0174","A"
"005145","0174","A"
"005146","0174","A"
"005147","0174","A"
"005149","0174","A"
"005150","0174","A"
"005151","0174","A"
"005154","0174","A"
"005155","0174","A"
"005156","0174","A"
"005158","0174","A"
"005159","0174","A"
"005160","0174","A"
"005161","0174","A"
"005162","0174","A"
"005163","0174","A"
"005164","0174","A"
"005165","0174","A"
"005166","0174","A"
"005167","0174","A"
"005169","0174","A"
"005170","0174","A"
"005173","0174","A"
"005174","0174","A"
"005175","0174","A"
"005177","0174","A"
"005178","0174","A"
"005179","0174","A"
"005181","0174","A"
"005182","0174","A"
"005183","0174","A"
"005185","0174","A"
"005186","0174","A"
"005187","0174","A"
"005188","0174","A"
"005189","0174","A"
"014132","0174","A"
"014133","0174","A"
"014135","0174","A"
"014136","0174","A"
"014138","0174","A"
"014139","0174","A"
"014140","0174","A"
"014141","0174","A"
"014142","0174","A"
"014143","0174","A"
"014144","0174","A"
"014145","0174","A"
"014146","0174","A"
"014147","0174","A"
"014148","0174","A"
"014149","0174","A"
"014150","0174","A"
"014151","0174","A"
"014153","0174","A"
"014154","0174","A"
"014155","0174","A"
"014156","0174","A"
"014157","0174","A"
"014158","0174","A"
"014162","0174","A"
"014163","0174","A"
"014164","0174","A"
"014165","0174","A"
"014446","0174","A"
"015053","0174","A"
"015121","0174","A"
"015226","0174","A"
"019678","0174","A"
"019945","0174","A"
"004994","0174","A"
"004995","0174","A"
"004996","0174","A"
"004997","0174","A"
"005000","0174","A"
"005003","0174","A"
"005004","0174","A"
"005005","0174","A"
"005006","0174","A"
"005007","0174","A"
"005008","0174","A"
"005010","0174","A"
"005012","0174","A"
"005013","0174","A"
"005014","0174","A"
"005016","0174","A"
"005018","0174","A"
"005021","0174","A"
"005022","0174","A"
"005024","0174","A"
"005026","0174","A"
"005027","0174","A"
"005028","0174","A"
"005029","0174","A"
"005030","0174","A"
"005031","0174","A"
"005032","0174","A"
"005034","0174","A"
"005035","0174","A"
"005037","0174","A"
"005038","0174","A"
"005039","0174","A"
"005040","0174","A"
"005041","0174","A"
"005042","0174","A"
"005044","0174","A"
"005045","0174","A"
"005046","0174","A"
"005047","0174","A"
"005048","0174","A"
"005049","0174","A"
"005050","0174","A"
"005052","0174","A"
"005053","0174","A"
"005060","0174","A"
"005061","0174","A"
"005066","0174","A"
"005067","0174","A"
"005068","0174","A"
"005072","0174","A"
"005073","0174","A"
"005077","0174","A"
"005078","0174","A"
"005079","0174","A"
"005080","0174","A"
"005082","0174","A"
"005084","0174","A"
"005085","0174","A"
"005087","0174","A"
"005089","0174","A"
"005090","0174","A"
"005092","0174","A"
"005093","0174","A"
"005094","0174","A"
"005096","0174","A"
"005098","0174","A"
"005099","0174","A"
"005100","0174","A"
"005101","0174","A"
"005103","0174","A"
"005903","0174","A"
"020710","0004","A"
"005905","0174","A"
"005906","0174","A"
"020806","0004","A"
"019199","0174","A"
"019927","0174","A"
"004999","0174","A"
"005105","0174","A"
"020718","0004","A"
"005107","0174","A"
"005108","0174","A"
"005109","0174","A"
"005111","0174","A"
"005112","0174","A"
"005113","0174","A"
"020809","0004","A"
"005140","0174","A"
"005168","0174","A"
"005180","0174","A"
"020871","0004","A"
"010740","0018","A"
"020691","0004","A"
"020923","0004","A"
"020924","0004","A"
"020925","0004","A"
"020961","0004","A"
"020962","0004","A"
"020963","0004","A"
"020965","0004","A"
"020966","0004","A"
"020967","0004","A"
"020968","0004","A"
"020969","0004","A"
"020970","0004","A"
"020971","0004","A"
"020972","0004","A"
"020973","0173","A"
"020974","0004","A"
"020975","0173","A"
"020976","0004","A"
"021058","0004","A"
"021261","0004","A"
"013472","0178","A"
"012706","0178","A"
"021438","0004","A"
"021439","0004","A"
"021440","0004","A"
"021441","0004","A"
"021442","0004","A"
"021443","0004","A"
"021444","0004","A"
"021445","0004","A"
"021446","0004","A"
"021447","0004","A"
"021455","0004","A"
"026745","0004","A"
"026746","0004","A"
"027296","0180","A"
"027297","0180","A"
"027298","0180","A"
"027299","0180","A"
"027301","0180","A"
"027306","0180","A"
"027307","0180","A"
"027309","0180","A"
"027310","0180","A"
"027321","0202","A"
"027322","0202","A"
"027325","0202","A"
"027327","0004","A"
"027328","0004","A"
"027329","0004","A"
"006008","0217","A"
"006009","0217","A"
"006007","0217","A"
"027590","0004","A"
"028069","0004","A"
"028072","0004","A"
"028073","0004","A"
"028200","0004","A"
"028492","0004","A"
"028493","0004","A"
"028696","0004","A"
"028916","0004","A"
"028957","0004","A"
"028958","0004","A"
"028959","0004","A"
"028960","0184","A"
"028977","0004","A"
"029211","0004","A"
"029212","0004","A"
"029216","0004","A"
"029619","0179","A"
"029621","0179","A"
"029622","0179","A"
"029634","0004","A"
"029635","0004","A"
"029636","0004","A"
"029637","0004","A"
"029638","0004","A"
"029639","0004","A"
"029640","0004","A"
"029919","0179","A"
"029920","0179","A"
"029921","0179","A"
"029922","0179","A"
"029923","0179","A"
"029924","0179","A"
"029925","0179","A"
"029926","0179","A"
"029927","0179","A"
"029928","0179","A"
"029929","0179","A"
"029930","0179","A"
"029931","0179","A"
"029932","0179","A"
"029933","0179","A"
"029934","0179","A"
"029935","0179","A"
"029936","0179","A"
"029937","0179","A"
"029938","0179","A"
"029939","0179","A"
"029940","0179","A"
"029941","0179","A"
"029942","0179","A"
"029943","0179","A"
"029944","0179","A"
"029945","0179","A"
"029946","0179","A"
"029947","0179","A"
"029948","0179","A"
"029949","0179","A"
"029950","0179","A"
"029951","0179","A"
"029952","0179","A"
"029953","0179","A"
"029954","0179","A"
"029955","0179","A"
"029956","0179","A"
"029957","0179","A"
"029958","0179","A"
"029959","0179","A"
"029960","0179","A"
"029961","0179","A"
"029962","0179","A"
"029963","0179","A"
"029964","0179","A"
"029965","0179","A"
"029966","0179","A"
"029967","0179","A"
"029968","0179","A"
"029969","0179","A"
"029970","0179","A"
"029971","0179","A"
"029972","0179","A"
"029973","0179","A"
"029974","0179","A"
"029975","0179","A"
"029976","0179","A"
"029977","0179","A"
"029978","0179","A"
"029979","0179","A"
"029980","0179","A"
"029981","0179","A"
"029982","0179","A"
"029983","0179","A"
"029984","0179","A"
"019217","0218","A"
"004851","0218","A"
"004780","0218","A"
"007043","0218","A"
"004793","0218","A"
"030351","0179","A"
"014260","0218","A"
"030350","0179","A"
"030352","0179","A"
"030354","0179","A"
"030355","0179","A"
"030360","0179","A"
"030361","0179","A"
"030362","0179","A"
"030363","0179","A"
"030364","0179","A"
"030365","0179","A"
"030366","0179","A"
"030367","0179","A"
"030368","0179","A"
"030369","0179","A"
"030370","0179","A"
"030371","0179","A"
"030372","0179","A"
"030373","0179","A"
"030374","0179","A"
"030375","0179","A"
"030376","0179","A"
"007277","0217","A"
"030678","0175","A"
"030679","0175","A"
"030689","0004","A"
"007439","0217","A"
"004630","0217","A"
"004901","0217","A"
"004902","0217","A"
"030713","0004","A"
"030714","0004","A"
"030745","0004","A"
"030802","0004","A"
"030803","0004","A"
"030804","0004","A"
"030805","0004","A"
"030806","0004","A"
"030807","0004","A"
"030808","0004","A"
"014554","0217","A"
"007296","0217","A"
"007298","0217","A"
"014256","0217","A"
"004668","0217","A"
"030841","0217","A"
"030844","0217","A"
"030849","0217","A"
"007426","0217","A"
"030897","0004","A"
"030898","0004","A"
"030899","0004","A"
"030900","0004","A"
"030901","0004","A"
"030902","0004","A"
"030903","0004","A"
"030904","0004","A"
"030905","0004","A"
"030906","0004","A"
"030907","0004","A"
"030908","0004","A"
"030909","0004","A"
"030910","0004","A"
"030911","0004","A"
"030912","0004","A"
"030913","0004","A"
"030914","0004","A"
"030915","0004","A"
"030916","0004","A"
"030922","0004","A"
"030923","0004","A"
"030924","0004","A"
"030969","0004","A"
"031024","0004","A"
"031038","0004","A"
"031039","0004","A"
"031040","0004","A"
"031041","0004","A"
"031046","0004","A"
"031056","0004","A"
"031079","0004","A"
"031080","0004","A"
"031081","0004","A"
"031115","0004","A"
"031116","0004","A"
"031117","0004","A"
"031118","0004","A"
"031119","0004","A"
"031120","0004","A"
"031121","0004","A"
"031122","0004","A"
"031123","0004","A"
"006938","0218","A"
"031219","0004","A"
"031226","0004","A"
"031228","0004","A"
"031229","0004","A"
"031260","0179","A"
"031399","0004","A"
"031406","0004","A"
"031407","0004","A"
"031408","0004","A"
"031409","0004","A"
"031410","0004","A"
"031435","0004","A"
"031436","0004","A"
"031437","0004","A"
"031438","0004","A"
"031439","0004","A"
"031440","0004","A"
"031441","0004","A"
"031442","0004","A"
"031443","0004","A"
"031445","0004","A"
"031447","0004","A"
"031448","0004","A"
"031454","0004","A"
"031480","0004","A"
"004736","0217","A"
"031636","0004","A"
"031637","0004","A"
"031740","0004","A"
"031741","0004","A"
"031750","0004","A"
"031818","0004","A"
"031897","0004","A"
"031898","0004","A"
"031899","0004","A"
"031900","0004","A"
"031901","0004","A"
"031902","0004","A"
"031903","0004","A"
"031904","0004","A"
"031905","0004","A"
"031906","0004","A"
"031907","0004","A"
"031908","0004","A"
"031909","0004","A"
"031910","0004","A"
"031911","0004","A"
"031912","0004","A"
"031913","0004","A"
"031914","0004","A"
"031915","0004","A"
"031916","0004","A"
"031921","0004","A"
"031922","0004","A"
"031952","0184","A"
"031965","0004","A"
"006010","0217","A"
"032146","0004","A"
"032147","0004","A"
"032183","0004","A"
"032209","0004","A"
"032294","0004","A"
"032298","0004","A"
"032299","0004","A"
"032300","0004","A"
"032301","0004","A"
"032341","0004","A"
"032342","0004","A"
"032343","0004","A"
"032368","0004","A"
"032369","0004","A"
"032370","0004","A"
"032371","0004","A"
"032372","0004","A"
"032373","0004","A"
"032374","0004","A"
"032375","0004","A"
"032376","0004","A"
"032377","0004","A"
"032378","0004","A"
"032379","0004","A"
"032380","0004","A"
"032381","0004","A"
"032382","0004","A"
"032383","0004","A"
"032385","0004","A"
"032386","0004","A"
"033068","0218","A"
"033118","0004","A"
"033119","0004","A"
"033121","0004","A"
"033122","0004","A"
"033264","0004","A"
"033265","0004","A"
"033266","0004","A"
"033267","0004","A"
"033268","0004","A"
"033273","0004","A"
"033274","0004","A"
"033553","0004","A"
"033562","0004","A"
"033569","0004","A"
"033593","0004","A"
"033594","0004","A"
"033595","0004","A"
"033596","0004","A"
"033597","0004","A"
"033771","0004","A"
"033772","0004","A"
"033773","0004","A"
"033777","0004","A"
"034011","0004","A"
"034012","0004","A"
"034013","0004","A"
"034014","0004","A"
"034015","0004","A"
"034016","0004","A"
"034017","0004","A"
"034018","0004","A"
"034019","0004","A"
"034020","0004","A"
"034021","0004","A"
"034059","0004","A"
"034060","0004","A"
"034156","0004","A"
"034157","0004","A"
"034200","0004","A"
"034400","0004","A"
"034431","0004","A"
"034466","0004","A"
"034467","0004","A"
"034468","0004","A"
"034511","0004","A"
"034516","0004","A"
"001748","0004","A"
"001749","0004","A"
"001807","0004","A"
"002371","0004","A"
"002247","0004","A"
"002370","0004","A"
"002406","0004","A"
"004413","0004","A"
"009171","0142","A"
"009172","0142","A"
"009178","0142","A"
"009179","0142","A"
"009181","0142","A"
"009182","0142","A"
"009185","0142","A"
"009186","0142","A"
"009207","0142","A"
"009210","0142","A"
"009211","0142","A"
"009212","0142","A"
"009216","0142","A"
"009222","0142","A"
"009223","0142","A"
"009227","0142","A"
"009236","0142","A"
"009238","0142","A"
"009241","0142","A"
"009242","0142","A"
"009252","0142","A"
"009258","0142","A"
"009259","0142","A"
"009267","0142","A"
"009268","0142","A"
"009271","0142","A"
"009272","0142","A"
"009273","0142","A"
"009278","0142","A"
"009161","0142","A"
"009162","0142","A"
"009163","0142","A"
"009164","0142","A"
"009166","0142","A"
"009167","0142","A"
"009168","0142","A"
"009173","0142","A"
"009174","0142","A"
"009176","0142","A"
"009180","0142","A"
"009183","0142","A"
"009188","0142","A"
"009189","0142","A"
"009190","0142","A"
"009191","0142","A"
"009192","0142","A"
"009197","0142","A"
"009198","0142","A"
"009203","0142","A"
"009204","0142","A"
"009205","0142","A"
"019257","0163","A"
"009208","0142","A"
"009213","0142","A"
"006317","0101","A"
"009217","0142","A"
"009221","0142","A"
"009224","0142","A"
"009233","0142","A"
"009234","0142","A"
"009237","0142","A"
"009239","0142","A"
"009240","0142","A"
"009244","0142","A"
"009245","0142","A"
"009246","0142","A"
"009247","0142","A"
"009256","0142","A"
"009257","0142","A"
"009260","0142","A"
"009261","0142","A"
"009262","0142","A"
"009269","0142","A"
"009270","0142","A"
"009275","0142","A"
"009276","0142","A"
"009277","0142","A"
"009160","0142","A"
"009165","0142","A"
"009169","0142","A"
"009170","0142","A"
"014190","0109","A"
"009177","0142","A"
"009184","0142","A"
"009187","0142","A"
"009193","0142","A"
"014191","0109","A"
"009195","0142","A"
"009196","0142","A"
"009199","0142","A"
"009200","0142","A"
"009201","0142","A"
"009202","0142","A"
"009209","0142","A"
"009214","0142","A"
"009218","0142","A"
"009219","0142","A"
"009220","0142","A"
"009225","0142","A"
"009226","0142","A"
"009228","0142","A"
"009229","0142","A"
"009230","0142","A"
"009231","0142","A"
"009232","0142","A"
"009235","0142","A"
"009243","0142","A"
"014192","0109","A"
"009249","0142","A"
"009250","0142","A"
"009251","0142","A"
"014193","0109","A"
"009254","0142","A"
"009255","0142","A"
"009263","0142","A"
"009264","0142","A"
"009265","0142","A"
"014941","0004","A"
"009274","0142","A"
"009279","0142","A"
"009282","0142","A"
"014194","0109","A"
"009284","0142","A"
"009285","0142","A"
"009286","0142","A"
"009287","0142","A"
"009288","0142","A"
"009289","0142","A"
"009290","0142","A"
"009291","0142","A"
"009292","0142","A"
"009293","0142","A"
"009294","0142","A"
"009295","0142","A"
"009296","0142","A"
"009297","0142","A"
"009298","0142","A"
"009299","0142","A"
"009300","0142","A"
"009301","0142","A"
"009302","0142","A"
"009303","0142","A"
"009304","0142","A"
"009305","0142","A"
"009306","0142","A"
"009307","0142","A"
"009308","0142","A"
"009309","0142","A"
"019260","0163","A"
"009311","0142","A"
"009312","0142","A"
"009313","0142","A"
"009314","0142","A"
"014195","0110","A"
"014196","0110","A"
"009317","0142","A"
"009318","0142","A"
"009319","0142","A"
"009320","0142","A"
"009321","0142","A"
"009322","0142","A"
"009323","0142","A"
"009324","0142","A"
"009325","0142","A"
"009326","0142","A"
"009327","0142","A"
"009328","0142","A"
"014197","0110","A"
"009330","0142","A"
"009331","0142","A"
"014198","0110","A"
"009333","0142","A"
"009334","0142","A"
"009335","0142","A"
"009336","0142","A"
"009337","0142","A"
"009338","0142","A"
"009339","0142","A"
"009340","0142","A"
"009341","0142","A"
"009342","0142","A"
"009343","0142","A"
"009344","0142","A"
"009345","0142","A"
"009346","0142","A"
"009347","0142","A"
"009348","0142","A"
"014199","0110","A"
"009350","0142","A"
"009351","0142","A"
"009352","0142","A"
"009353","0142","A"
"009354","0142","A"
"014200","0110","A"
"009356","0142","A"
"009357","0142","A"
"014201","0110","A"
"009359","0142","A"
"009360","0142","A"
"014202","0110","A"
"014203","0110","A"
"009363","0142","A"
"009364","0142","A"
"009365","0142","A"
"009366","0142","A"
"009367","0142","A"
"009368","0142","A"
"009369","0142","A"
"009370","0142","A"
"006816","0108","A"
"014204","0110","A"
"014205","0098","A"
"014206","0098","A"
"006579","0079","A"
"014215","0098","A"
"006837","0108","A"
"006838","0108","A"
"014216","0098","A"
"008565","0119","A"
"014118","0110","A"
"014119","0110","A"
"014120","0110","A"
"014121","0110","A"
"007589","0110","A"
"014217","0098","A"
"014218","0098","A"
"014219","0098","A"
"014220","0098","A"
"014257","0098","A"
"014258","0098","A"
"014259","0098","A"
"014296","0075","A"
"014445","0004","A"
"014447","0163","A"
"014448","0163","A"
"014449","0163","A"
"014450","0163","A"
"014451","0163","A"
"014452","0163","A"
"014453","0163","A"
"014454","0163","A"
"014455","0163","A"
"014456","0163","A"
"014459","0163","A"
"014460","0163","A"
"014461","0163","A"
"014462","0163","A"
"014463","0163","A"
"014464","0163","A"
"014466","0163","A"
"014467","0163","A"
"014468","0163","A"
"014469","0163","A"
"014470","0163","A"
"014471","0163","A"
"014473","0163","A"
"014474","0163","A"
"014597","0106","A"
"014598","0106","A"
"009903","0078","A"
"019261","0163","A"
"020663","0109","A"
"019263","0163","A"
"019264","0163","A"
"019265","0163","A"
"019266","0163","A"
"019267","0163","A"
"019268","0163","A"
"019269","0163","A"
"019270","0163","A"
"019271","0163","A"
"019272","0163","A"
"019273","0163","A"
"019274","0110","A"
"019275","0110","A"
"019276","0110","A"
"019277","0163","A"
"019279","0119","A"
"019278","0163","A"
"019280","0163","A"
"019281","0163","A"
"019282","0163","A"
"019283","0163","A"
"019284","0163","A"
"019285","0163","A"
"019286","0163","A"
"019287","0163","A"
"019288","0163","A"
"019393","0004","A"
"020664","0109","A"
"020665","0109","A"
"020666","0109","A"
"020667","0109","A"
"020668","0109","A"
"020669","0109","A"
"020670","0110","A"
"020677","0165","A"
"021265","0004","A"
"021263","0004","A"
"021264","0004","A"
"021266","0004","A"
"021267","0004","A"
"021269","0004","A"
"021271","0004","A"
"021272","0004","A"
"021273","0004","A"
"021274","0004","A"
"021275","0004","A"
"021276","0004","A"
"021277","0004","A"
"021278","0004","A"
"021279","0004","A"
"021378","0004","A"
"021379","0004","A"
"021380","0004","A"
"027333","0004","A"
"027334","0004","A"
"028076","0179","A"
"028515","0004","A"
"028516","0004","A"
"028517","0004","A"
"028518","0004","A"
"028519","0004","A"
"028520","0004","A"
"028597","0004","A"
"028598","0004","A"
"028998","0004","A"
"029002","0004","A"
"029005","0004","A"
"029006","0004","A"
"029140","0004","A"
"029141","0004","A"
"029142","0004","A"
"029147","0004","A"
"029148","0004","A"
"029149","0004","A"
"029150","0004","A"
"029151","0004","A"
"029152","0004","A"
"029153","0004","A"
"029154","0004","A"
"029155","0004","A"
"029201","0004","A"
"029202","0004","A"
"029203","0004","A"
"029223","0004","A"
"029224","0004","A"
"029225","0004","A"
"029226","0004","A"
"029227","0004","A"
"029228","0004","A"
"029229","0004","A"
"029230","0004","A"
"029337","0004","A"
"029338","0004","A"
"004929","0218","A"
"030401","0004","A"
"030403","0004","A"
"030562","0004","A"
"030723","0004","A"
"030725","0004","A"
"030734","0004","A"
"030735","0004","A"
"030736","0004","A"
"030842","0004","A"
"030845","0004","A"
"031317","0004","A"
"031453","0004","A"
"031551","0004","A"
"031687","0165","A"
"031688","0179","A"
"031689","0217","A"
"031813","0004","A"
"031814","0004","A"
"031849","0004","A"
"032025","0004","A"
"032034","0004","A"
"032035","0004","A"
"032038","0004","A"
"032229","0004","A"
"032230","0004","A"
"032277","0004","A"
"032278","0004","A"
"032279","0004","A"
"032280","0004","A"
"032286","0004","A"
"032873","0004","A"
"032895","0004","A"
"032979","0004","A"
"032980","0004","A"
"032981","0004","A"
"032982","0004","A"
"032983","0004","A"
"032984","0004","A"
"032985","0004","A"
"032986","0004","A"
"032987","0004","A"
"033021","0004","A"
"033022","0004","A"
"033023","0004","A"
"033024","0004","A"
"033026","0004","A"
"033278","0004","A"
"033279","0004","A"
"033280","0004","A"
"033281","0004","A"
"033282","0004","A"
"033283","0004","A"
"033284","0004","A"
"033285","0004","A"
"033286","0004","A"
"033287","0004","A"
"033920","0004","A"
"033926","0068","A"
"033930","0004","A"
"034132","0004","A"
"034133","0004","A"
"034415","0004","A"
"034416","0004","A"
"034522","0004","A"
"034523","0004","A"
"034524","0004","A"
"011879","0106","A"
"011881","0106","A"
"011883","0106","A"
"011885","0106","A"
"011886","0106","A"
"011887","0106","A"
"011888","0106","A"
"011889","0106","A"
"011890","0106","A"
"011891","0106","A"
"011892","0106","A"
"011893","0106","A"
"011894","0106","A"
"011895","0106","A"
"011897","0106","A"
"011898","0106","A"
"011899","0106","A"
"011900","0106","A"
"011901","0106","A"
"011902","0106","A"
"011903","0106","A"
"011904","0106","A"
"011910","0106","A"
"011911","0106","A"
"011912","0106","A"
"011913","0106","A"
"011914","0106","A"
"011915","0106","A"
"011917","0106","A"
"011919","0106","A"
"011920","0106","A"
"011921","0106","A"
"011924","0106","A"
"011925","0106","A"
"011926","0106","A"
"011927","0106","A"
"011928","0106","A"
"011929","0106","A"
"011930","0106","A"
"011931","0106","A"
"011932","0106","A"
"011933","0106","A"
"011934","0106","A"
"011935","0106","A"
"011936","0106","A"
"011937","0106","A"
"011938","0106","A"
"011939","0106","A"
"011940","0106","A"
"011941","0106","A"
"011943","0106","A"
"011945","0106","A"
"011946","0106","A"
"011947","0106","A"
"011948","0106","A"
"011949","0106","A"
"011950","0106","A"
"011951","0106","A"
"011952","0106","A"
"011955","0106","A"
"011957","0106","A"
"011958","0106","A"
"011959","0106","A"
"011960","0106","A"
"011962","0106","A"
"011963","0106","A"
"011964","0106","A"
"011965","0106","A"
"011966","0106","A"
"011967","0106","A"
"011968","0106","A"
"011969","0106","A"
"011970","0106","A"
"011971","0106","A"
"011972","0106","A"
"011973","0106","A"
"011975","0106","A"
"011976","0106","A"
"011977","0106","A"
"011979","0106","A"
"011980","0106","A"
"011981","0106","A"
"011983","0106","A"
"011984","0106","A"
"011985","0106","A"
"011987","0106","A"
"011988","0106","A"
"011989","0106","A"
"011990","0106","A"
"011992","0106","A"
"011993","0106","A"
"011997","0106","A"
"011998","0106","A"
"011999","0106","A"
"012000","0106","A"
"012001","0106","A"
"012002","0106","A"
"012004","0106","A"
"012005","0106","A"
"012006","0106","A"
"012007","0106","A"
"012008","0106","A"
"012010","0106","A"
"012012","0106","A"
"012016","0106","A"
"012017","0106","A"
"012018","0106","A"
"012020","0106","A"
"012022","0106","A"
"012023","0106","A"
"012024","0106","A"
"012025","0106","A"
"012026","0106","A"
"012027","0106","A"
"012030","0106","A"
"012031","0106","A"
"012032","0106","A"
"012033","0106","A"
"012034","0106","A"
"012035","0106","A"
"012036","0106","A"
"012037","0106","A"
"012038","0106","A"
"012039","0106","A"
"012040","0106","A"
"012041","0106","A"
"012042","0106","A"
"012044","0106","A"
"012045","0106","A"
"012046","0106","A"
"012047","0106","A"
"012048","0106","A"
"012050","0106","A"
"012051","0106","A"
"012052","0106","A"
"012053","0106","A"
"012054","0106","A"
"012056","0106","A"
"012057","0106","A"
"012059","0106","A"
"012060","0106","A"
"012061","0106","A"
"012062","0106","A"
"012063","0106","A"
"012064","0106","A"
"012065","0106","A"
"012066","0106","A"
"012067","0106","A"
"012068","0106","A"
"012069","0106","A"
"012070","0106","A"
"012073","0106","A"
"012074","0106","A"
"012075","0106","A"
"013693","0106","A"
"013695","0106","A"
"013696","0106","A"
"013697","0106","A"
"013698","0106","A"
"013699","0106","A"
"013701","0106","A"
"013702","0106","A"
"013703","0106","A"
"013705","0106","A"
"013706","0106","A"
"013707","0106","A"
"013708","0106","A"
"013709","0106","A"
"014176","0144","A"
"013712","0106","A"
"013713","0106","A"
"013714","0106","A"
"013715","0106","A"
"013716","0106","A"
"013717","0106","A"
"013718","0106","A"
"013720","0106","A"
"013721","0106","A"
"013722","0106","A"
"013723","0106","A"
"013725","0106","A"
"013726","0106","A"
"013730","0106","A"
"013731","0106","A"
"013732","0106","A"
"013733","0106","A"
"013735","0106","A"
"013736","0106","A"
"013737","0106","A"
"013738","0106","A"
"013739","0106","A"
"013740","0106","A"
"013742","0106","A"
"013743","0106","A"
"013745","0106","A"
"013746","0106","A"
"013747","0106","A"
"013748","0106","A"
"013749","0106","A"
"013750","0106","A"
"013751","0106","A"
"013752","0106","A"
"013754","0106","A"
"013756","0106","A"
"013758","0106","A"
"013759","0106","A"
"013760","0106","A"
"013761","0106","A"
"013762","0106","A"
"013763","0106","A"
"013764","0106","A"
"013765","0106","A"
"013766","0106","A"
"013767","0106","A"
"009553","0159","A"
"009554","0159","A"
"014174","0109","A"
"014175","0144","A"
"014177","0144","A"
"014178","0144","A"
"014268","0004","A"
"014351","0109","A"
"015715","0082","A"
"014382","0079","A"
"006572","0079","A"
"019577","0098","A"
"014563","0088","A"
"014564","0088","A"
"015053","0076","A"
"019382","0004","A"
"019682","0109","A"
"019683","0109","A"
"019680","0140","A"
"019684","0109","A"
"020264","0163","A"
"020267","0163","A"
"020269","0163","A"
"020274","0163","A"
"020276","0163","A"
"020279","0163","A"
"020284","0163","A"
"020287","0163","A"
"020298","0163","A"
"020302","0163","A"
"020305","0163","A"
"020308","0163","A"
"020310","0163","A"
"020313","0163","A"
"020316","0163","A"
"020325","0163","A"
"020333","0163","A"
"020341","0163","A"
"020343","0163","A"
"020346","0163","A"
"020362","0163","A"
"020365","0163","A"
"020370","0163","A"
"020373","0163","A"
"020684","0004","A"
"020685","0004","A"
"020686","0004","A"
"020724","0004","A"
"020752","0004","A"
"020844","0004","A"
"020845","0004","A"
"006281","0210","A"
"006282","0210","A"
"006283","0210","A"
"006284","0210","A"
"006287","0210","A"
"006288","0210","A"
"006289","0210","A"
"006290","0210","A"
"006291","0210","A"
"006293","0210","A"
"006295","0210","A"
"006298","0210","A"
"006299","0210","A"
"006300","0210","A"
"006279","0210","A"
"006292","0210","A"
"006297","0210","A"
"006301","0210","A"
"007066","0208","A"
"007067","0208","A"
"007068","0208","A"
"007069","0208","A"
"007070","0208","A"
"007071","0208","A"
"007072","0208","A"
"007073","0208","A"
"007074","0208","A"
"007075","0208","A"
"007076","0208","A"
"007077","0208","A"
"007078","0208","A"
"007079","0208","A"
"007080","0208","A"
"007081","0208","A"
"007082","0208","A"
"007083","0208","A"
"007084","0208","A"
"007085","0208","A"
"007086","0208","A"
"007087","0208","A"
"007088","0208","A"
"007089","0208","A"
"007090","0208","A"
"007091","0208","A"
"007092","0208","A"
"007093","0208","A"
"007094","0208","A"
"007095","0208","A"
"007096","0208","A"
"007097","0208","A"
"007098","0208","A"
"007099","0208","A"
"007100","0208","A"
"007101","0208","A"
"007102","0208","A"
"007103","0208","A"
"007105","0208","A"
"007107","0208","A"
"007109","0208","A"
"007110","0208","A"
"007111","0208","A"
"007112","0208","A"
"007113","0208","A"
"007114","0208","A"
"007115","0208","A"
"007116","0208","A"
"007117","0208","A"
"007118","0208","A"
"007119","0208","A"
"007120","0208","A"
"007121","0208","A"
"007122","0208","A"
"007123","0208","A"
"007124","0208","A"
"007125","0208","A"
"007126","0208","A"
"007127","0208","A"
"007128","0208","A"
"007129","0208","A"
"007130","0208","A"
"007132","0208","A"
"007133","0208","A"
"007134","0208","A"
"007135","0208","A"
"007136","0208","A"
"007137","0208","A"
"007138","0208","A"
"007139","0208","A"
"007141","0208","A"
"007142","0208","A"
"013812","0208","A"
"014059","0208","A"
"017386","0208","A"
"006314","0213","A"
"006315","0213","A"
"006316","0213","A"
"009560","0214","A"
"006317","0213","A"
"020929","0004","A"
"021055","0004","A"
"021165","0004","A"
"021238","0173","A"
"021239","0173","A"
"021240","0173","A"
"021399","0173","A"
"014131","0004","A"
"014260","0088","A"
"014261","0098","A"
"014293","0098","A"
"014294","0098","A"
"014613","0077","A"
"014702","0163","A"
"014703","0163","A"
"014704","0163","A"
"014705","0163","A"
"014706","0163","A"
"014707","0163","A"
"014708","0163","A"
"014709","0163","A"
"014710","0163","A"
"014711","0163","A"
"014712","0163","A"
"014713","0163","A"
"014714","0163","A"
"014715","0163","A"
"014716","0163","A"
"014717","0163","A"
"019307","0068","A"
"019503","0163","A"
"019723","0163","A"
"020250","0109","A"
"020251","0109","A"
"020252","0109","A"
"020253","0109","A"
"020254","0109","A"
"020255","0109","A"
"020256","0109","A"
"020257","0109","A"
"020258","0109","A"
"020867","0004","A"
"021237","0004","A"
"021241","0004","A"
"021242","0004","A"
"021243","0004","A"
"021245","0004","A"
"021246","0004","A"
"021247","0004","A"
"021248","0004","A"
"021249","0004","A"
"021250","0004","A"
"021251","0004","A"
"021252","0004","A"
"021253","0004","A"
"021254","0004","A"
"026638","0004","A"
"026639","0004","A"
"026640","0004","A"
"026641","0004","A"
"026642","0004","A"
"026643","0004","A"
"026644","0004","A"
"026645","0004","A"
"026760","0004","A"
"026761","0004","A"
"026781","0004","A"
"026782","0004","A"
"026783","0004","A"
"026784","0004","A"
"027269","0004","A"
"027284","0004","A"
"027291","0004","A"
"027308","0004","A"
"027312","0004","A"
"027315","0004","A"
"027316","0004","A"
"027317","0004","A"
"027318","0004","A"
"027319","0004","A"
"027320","0004","A"
"028552","0004","A"
"028553","0004","A"
"028555","0004","A"
"028574","0004","A"
"028575","0004","A"
"028576","0004","A"
"028578","0004","A"
"028579","0004","A"
"004732","0218","A"
"019444","0218","A"
"029220","0004","A"
"029624","0179","A"
"029625","0179","A"
"029626","0179","A"
"029631","0179","A"
"029632","0179","A"
"029633","0179","A"
"030003","0004","A"
"030466","0004","A"
"030467","0004","A"
"030468","0004","A"
"030469","0004","A"
"030470","0004","A"
"030471","0004","A"
"030472","0004","A"
"030473","0004","A"
"030474","0004","A"
"030475","0004","A"
"030476","0004","A"
"030930","0004","A"
"030931","0004","A"
"030932","0004","A"
"030933","0004","A"
"030934","0004","A"
"031400","0004","A"
"031401","0004","A"
"031402","0004","A"
"031403","0004","A"
"031404","0004","A"
"031415","0004","A"
"031416","0004","A"
"031417","0004","A"
"031418","0004","A"
"031419","0004","A"
"031420","0004","A"
"031421","0004","A"
"031455","0004","A"
"031456","0004","A"
"031457","0004","A"
"031614","0179","A"
"031615","0179","A"
"031616","0179","A"
"031617","0179","A"
"031619","0179","A"
"031621","0179","A"
"031624","0179","A"
"031625","0179","A"
"031802","0004","A"
"031803","0004","A"
"031804","0004","A"
"031805","0004","A"
"031806","0004","A"
"031807","0004","A"
"031808","0004","A"
"031809","0004","A"
"031810","0004","A"
"031811","0004","A"
"031812","0004","A"
"031891","0004","A"
"031892","0004","A"
"031893","0004","A"
"031894","0004","A"
"031895","0004","A"
"031896","0004","A"
"032046","0004","A"
"032290","0004","A"
"032783","0163","A"
"033390","0004","A"
"033391","0004","A"
"033396","0004","A"
"033933","0004","A"
"033956","0004","A"
"034135","0004","A"
"034136","0004","A"
"034225","0004","A"
"034226","0004","A"
"034531","0004","A"
"034533","0004","A"
"034534","0004","A"
"034535","0004","A"
"034536","0004","A"
"030137","0215","A"
"030139","0215","A"
"030140","0163","A"
"030157","0163","A"
"030158","0163","A"
"030163","0215","A"
"030164","0215","A"
"030167","0163","A"
"030168","0215","A"
"030197","0163","A"
"030199","0163","A"
"030202","0215","A"
"033626","0163","A"
"030208","0215","A"
"033630","0215","A"
"033633","0215","A"
"030216","0215","A"
"030234","0163","A"
"030247","0163","A"
"030250","0215","A"
"002423","0004","A"
"012927","0004","A"
"010949","0015","A"
"009557","0073","A"
"009558","0073","A"
"009559","0073","A"
"010881","0073","A"
"010882","0073","A"
"010883","0073","A"
"010884","0073","A"
"010885","0073","A"
"010886","0073","A"
"010889","0073","A"
"010890","0073","A"
"010891","0073","A"
"010892","0073","A"
"010893","0073","A"
"010894","0073","A"
"010895","0073","A"
"010896","0073","A"
"010897","0073","A"
"010898","0073","A"
"010899","0073","A"
"010900","0073","A"
"010901","0073","A"
"010902","0073","A"
"010903","0073","A"
"010904","0073","A"
"010906","0073","A"
"010907","0073","A"
"010742","0074","A"
"010743","0074","A"
"010744","0074","A"
"010746","0074","A"
"010747","0074","A"
"010748","0074","A"
"010749","0074","A"
"010750","0074","A"
"010751","0074","A"
"010754","0074","A"
"010755","0074","A"
"010756","0074","A"
"010757","0074","A"
"010759","0074","A"
"010761","0074","A"
"010762","0074","A"
"010763","0074","A"
"010764","0074","A"
"010765","0074","A"
"010766","0074","A"
"010767","0074","A"
"010768","0074","A"
"010769","0074","A"
"010770","0074","A"
"010771","0074","A"
"010773","0074","A"
"010774","0074","A"
"010775","0074","A"
"010776","0074","A"
"010777","0074","A"
"010778","0074","A"
"010780","0074","A"
"010781","0074","A"
"010782","0074","A"
"010783","0074","A"
"010784","0074","A"
"010785","0074","A"
"010786","0074","A"
"010787","0074","A"
"010789","0074","A"
"010790","0074","A"
"010791","0074","A"
"010792","0074","A"
"010793","0074","A"
"010794","0074","A"
"010795","0074","A"
"010796","0074","A"
"010797","0074","A"
"010798","0074","A"
"010799","0074","A"
"010800","0074","A"
"010801","0074","A"
"010802","0074","A"
"010803","0074","A"
"010804","0074","A"
"010805","0074","A"
"010807","0074","A"
"010808","0074","A"
"010809","0074","A"
"010810","0074","A"
"010811","0074","A"
"010812","0074","A"
"010813","0074","A"
"010814","0074","A"
"010815","0074","A"
"010816","0074","A"
"010817","0074","A"
"010818","0074","A"
"010819","0074","A"
"010820","0074","A"
"010821","0074","A"
"010822","0074","A"
"010912","0075","A"
"010920","0075","A"
"010921","0075","A"
"010922","0075","A"
"010923","0075","A"
"010924","0075","A"
"010926","0075","A"
"010927","0075","A"
"010929","0075","A"
"010930","0075","A"
"010932","0075","A"
"010933","0075","A"
"010935","0075","A"
"010936","0075","A"
"010937","0075","A"
"010938","0075","A"
"010939","0075","A"
"010940","0075","A"
"010943","0075","A"
"010944","0075","A"
"010945","0075","A"
"010946","0075","A"
"010947","0075","A"
"010948","0075","A"
"010949","0075","A"
"010950","0075","A"
"010951","0075","A"
"010952","0075","A"
"010954","0075","A"
"010955","0075","A"
"010956","0075","A"
"010957","0075","A"
"010958","0075","A"
"010961","0075","A"
"010962","0075","A"
"010963","0075","A"
"010965","0075","A"
"010966","0075","A"
"010968","0075","A"
"010969","0075","A"
"010970","0075","A"
"010971","0075","A"
"010972","0075","A"
"010973","0075","A"
"010974","0075","A"
"010975","0075","A"
"010976","0075","A"
"010977","0075","A"
"010978","0075","A"
"010979","0075","A"
"010980","0075","A"
"010981","0075","A"
"010982","0075","A"
"010983","0075","A"
"010984","0075","A"
"010985","0075","A"
"010986","0075","A"
"010987","0075","A"
"010988","0075","A"
"010989","0075","A"
"010990","0075","A"
"010991","0075","A"
"010992","0075","A"
"010993","0075","A"
"010994","0075","A"
"010995","0075","A"
"010996","0075","A"
"010997","0075","A"
"010998","0075","A"
"010999","0075","A"
"011001","0075","A"
"011002","0075","A"
"011003","0075","A"
"011004","0075","A"
"011005","0075","A"
"011006","0075","A"
"011007","0075","A"
"011008","0075","A"
"011009","0075","A"
"011010","0075","A"
"011011","0075","A"
"011012","0075","A"
"011013","0075","A"
"011014","0075","A"
"011015","0075","A"
"011016","0075","A"
"011017","0075","A"
"011018","0075","A"
"011019","0075","A"
"011020","0075","A"
"011021","0075","A"
"011022","0075","A"
"011023","0075","A"
"011024","0075","A"
"011025","0075","A"
"011026","0075","A"
"011027","0075","A"
"011028","0075","A"
"011029","0075","A"
"011030","0075","A"
"011031","0075","A"
"011032","0075","A"
"011033","0075","A"
"011034","0075","A"
"011035","0075","A"
"011036","0075","A"
"011037","0075","A"
"011038","0075","A"
"011039","0075","A"
"011040","0075","A"
"011041","0075","A"
"011042","0075","A"
"011043","0075","A"
"011044","0075","A"
"011045","0075","A"
"011046","0075","A"
"011047","0075","A"
"011048","0075","A"
"011049","0075","A"
"011050","0075","A"
"011051","0075","A"
"011052","0075","A"
"011053","0075","A"
"011054","0075","A"
"011055","0075","A"
"011056","0075","A"
"011057","0075","A"
"011058","0075","A"
"011059","0075","A"
"011061","0075","A"
"011062","0075","A"
"011063","0075","A"
"011064","0075","A"
"011065","0075","A"
"011066","0075","A"
"011067","0075","A"
"011068","0075","A"
"011069","0075","A"
"011070","0075","A"
"011071","0075","A"
"011072","0075","A"
"011073","0075","A"
"011074","0075","A"
"011075","0075","A"
"011076","0075","A"
"011077","0075","A"
"011078","0075","A"
"011079","0075","A"
"011080","0075","A"
"011081","0075","A"
"011082","0075","A"
"011083","0075","A"
"011084","0075","A"
"011085","0075","A"
"011086","0075","A"
"011087","0075","A"
"011088","0075","A"
"011089","0075","A"
"011090","0075","A"
"011091","0075","A"
"011092","0075","A"
"011093","0075","A"
"011094","0075","A"
"011095","0075","A"
"011096","0075","A"
"011097","0075","A"
"011098","0075","A"
"011099","0075","A"
"011100","0075","A"
"011101","0075","A"
"011102","0075","A"
"011103","0075","A"
"011104","0075","A"
"011105","0075","A"
"011106","0075","A"
"011107","0075","A"
"011108","0075","A"
"011109","0075","A"
"011110","0075","A"
"011111","0075","A"
"011113","0075","A"
"011114","0075","A"
"011115","0075","A"
"011116","0075","A"
"011117","0075","A"
"011118","0075","A"
"011119","0075","A"
"011120","0075","A"
"011121","0075","A"
"011122","0075","A"
"011123","0075","A"
"011124","0075","A"
"011125","0075","A"
"011126","0075","A"
"011127","0075","A"
"011128","0075","A"
"011129","0075","A"
"011130","0075","A"
"011131","0075","A"
"011132","0075","A"
"011133","0075","A"
"011134","0075","A"
"011135","0075","A"
"011136","0075","A"
"011137","0075","A"
"011138","0075","A"
"011139","0075","A"
"011140","0075","A"
"011141","0075","A"
"011142","0075","A"
"011143","0075","A"
"011144","0075","A"
"011145","0075","A"
"011146","0075","A"
"011147","0075","A"
"011148","0075","A"
"011149","0075","A"
"011150","0075","A"
"011151","0075","A"
"011152","0075","A"
"011153","0075","A"
"011154","0075","A"
"011155","0075","A"
"011156","0075","A"
"011157","0075","A"
"011158","0075","A"
"011159","0075","A"
"011160","0075","A"
"011161","0075","A"
"011162","0075","A"
"011163","0075","A"
"011164","0075","A"
"011165","0075","A"
"011166","0075","A"
"011167","0075","A"
"011168","0075","A"
"011169","0075","A"
"011170","0075","A"
"011171","0075","A"
"011172","0075","A"
"011174","0075","A"
"011175","0075","A"
"011176","0075","A"
"011177","0075","A"
"011178","0075","A"
"011179","0075","A"
"011180","0075","A"
"011181","0075","A"
"011182","0075","A"
"011183","0075","A"
"011184","0075","A"
"025030","0173","A"
"025031","0173","A"
"025032","0173","A"
"025033","0173","A"
"025034","0173","A"
"025035","0173","A"
"025036","0173","A"
"025037","0173","A"
"025038","0173","A"
"025039","0173","A"
"025040","0173","A"
"025041","0173","A"
"025042","0173","A"
"025043","0173","A"
"025044","0173","A"
"025045","0173","A"
"025046","0173","A"
"025047","0173","A"
"025048","0173","A"
"025049","0173","A"
"025050","0173","A"
"025051","0173","A"
"025052","0173","A"
"025053","0173","A"
"025054","0173","A"
"025055","0173","A"
"025056","0173","A"
"025057","0173","A"
"025058","0173","A"
"025059","0173","A"
"025060","0173","A"
"025061","0173","A"
"025062","0173","A"
"025063","0173","A"
"025064","0173","A"
"025065","0173","A"
"025066","0173","A"
"025067","0173","A"
"025068","0173","A"
"025069","0173","A"
"025070","0173","A"
"025071","0173","A"
"025072","0173","A"
"025073","0173","A"
"025074","0173","A"
"025075","0173","A"
"025076","0173","A"
"025077","0173","A"
"025078","0173","A"
"025079","0173","A"
"025080","0173","A"
"025081","0173","A"
"025082","0173","A"
"025083","0173","A"
"025084","0173","A"
"025085","0173","A"
"025086","0173","A"
"025087","0173","A"
"025088","0173","A"
"025089","0173","A"
"025090","0173","A"
"025091","0173","A"
"025092","0173","A"
"025093","0173","A"
"025094","0173","A"
"025095","0173","A"
"025096","0173","A"
"025097","0173","A"
"025098","0173","A"
"025099","0173","A"
"025100","0173","A"
"025101","0173","A"
"025102","0173","A"
"025103","0173","A"
"025104","0173","A"
"025105","0173","A"
"025106","0173","A"
"025107","0173","A"
"025108","0173","A"
"025109","0173","A"
"025110","0173","A"
"025111","0173","A"
"025112","0173","A"
"025113","0173","A"
"025114","0173","A"
"025115","0173","A"
"025116","0173","A"
"025117","0173","A"
"025118","0173","A"
"025119","0173","A"
"025120","0173","A"
"025121","0173","A"
"025122","0173","A"
"025123","0173","A"
"025124","0173","A"
"025125","0173","A"
"025126","0173","A"
"025127","0173","A"
"025128","0173","A"
"025129","0173","A"
"025130","0173","A"
"025131","0173","A"
"025132","0173","A"
"025133","0173","A"
"025134","0173","A"
"025135","0173","A"
"025136","0173","A"
"025137","0173","A"
"025138","0173","A"
"025139","0173","A"
"025140","0173","A"
"025141","0173","A"
"025142","0173","A"
"025143","0173","A"
"025144","0173","A"
"025145","0173","A"
"025146","0173","A"
"025147","0173","A"
"025148","0173","A"
"025149","0173","A"
"025150","0173","A"
"025151","0173","A"
"025152","0173","A"
"025153","0173","A"
"025154","0173","A"
"025155","0173","A"
"025156","0173","A"
"025157","0173","A"
"025158","0173","A"
"025159","0173","A"
"025160","0173","A"
"025161","0173","A"
"025162","0173","A"
"025163","0173","A"
"025164","0173","A"
"025165","0173","A"
"025166","0173","A"
"025167","0173","A"
"025168","0173","A"
"025169","0173","A"
"025170","0173","A"
"025171","0173","A"
"025172","0173","A"
"025173","0173","A"
"025174","0173","A"
"025175","0173","A"
"025176","0173","A"
"025177","0173","A"
"025178","0173","A"
"025179","0173","A"
"025180","0173","A"
"025181","0173","A"
"025182","0173","A"
"025183","0173","A"
"025184","0173","A"
"025185","0173","A"
"025186","0173","A"
"025187","0173","A"
"025188","0173","A"
"025189","0173","A"
"025190","0173","A"
"025191","0173","A"
"025192","0173","A"
"025193","0173","A"
"025194","0173","A"
"025195","0173","A"
"025196","0173","A"
"025197","0173","A"
"025198","0173","A"
"025199","0173","A"
"025200","0173","A"
"025201","0173","A"
"025202","0173","A"
"025203","0173","A"
"025204","0173","A"
"025205","0173","A"
"025206","0173","A"
"025207","0173","A"
"025208","0173","A"
"025209","0173","A"
"025210","0173","A"
"025211","0173","A"
"025212","0173","A"
"025213","0173","A"
"025214","0173","A"
"025215","0173","A"
"025216","0173","A"
"025217","0173","A"
"025218","0173","A"
"025219","0173","A"
"025220","0173","A"
"025221","0173","A"
"025222","0173","A"
"025223","0173","A"
"025224","0173","A"
"025225","0173","A"
"025226","0173","A"
"025227","0173","A"
"025228","0173","A"
"025229","0173","A"
"025230","0173","A"
"025231","0173","A"
"025232","0173","A"
"025233","0173","A"
"025234","0173","A"
"025235","0173","A"
"025236","0173","A"
"025237","0173","A"
"025238","0173","A"
"025239","0173","A"
"025240","0173","A"
"025241","0173","A"
"025242","0173","A"
"025243","0173","A"
"025244","0173","A"
"025245","0173","A"
"025246","0173","A"
"025247","0173","A"
"025248","0173","A"
"025249","0173","A"
"025250","0173","A"
"025251","0173","A"
"025252","0173","A"
"025253","0173","A"
"025254","0173","A"
"025255","0173","A"
"025256","0173","A"
"025257","0173","A"
"025258","0173","A"
"025259","0173","A"
"025260","0173","A"
"025261","0173","A"
"025262","0173","A"
"025263","0173","A"
"025264","0173","A"
"025265","0173","A"
"025266","0173","A"
"025267","0173","A"
"025268","0173","A"
"025269","0173","A"
"025270","0173","A"
"025271","0173","A"
"025272","0173","A"
"025273","0173","A"
"025274","0173","A"
"025275","0173","A"
"025276","0173","A"
"025277","0173","A"
"025278","0173","A"
"025279","0173","A"
"025280","0173","A"
"025281","0173","A"
"025282","0173","A"
"025283","0173","A"
"025284","0173","A"
"025285","0173","A"
"025286","0173","A"
"025287","0173","A"
"025288","0173","A"
"025289","0173","A"
"025290","0173","A"
"025291","0173","A"
"025292","0173","A"
"025293","0173","A"
"025294","0173","A"
"025295","0173","A"
"025296","0173","A"
"025297","0173","A"
"025298","0173","A"
"025299","0173","A"
"025300","0173","A"
"025301","0173","A"
"025302","0173","A"
"025303","0173","A"
"025304","0173","A"
"025305","0173","A"
"025306","0173","A"
"025307","0173","A"
"025308","0173","A"
"025309","0173","A"
"025310","0173","A"
"025311","0173","A"
"025312","0173","A"
"025313","0173","A"
"025314","0173","A"
"025315","0173","A"
"025316","0173","A"
"025317","0173","A"
"025318","0173","A"
"025319","0173","A"
"025320","0173","A"
"025321","0173","A"
"025322","0173","A"
"025323","0173","A"
"025324","0173","A"
"025325","0173","A"
"025326","0173","A"
"025327","0173","A"
"025328","0173","A"
"025329","0173","A"
"025330","0173","A"
"025331","0173","A"
"025332","0173","A"
"025333","0173","A"
"025334","0173","A"
"025335","0173","A"
"025336","0173","A"
"025337","0173","A"
"025338","0173","A"
"025339","0173","A"
"025340","0173","A"
"025341","0173","A"
"025342","0173","A"
"025343","0173","A"
"025344","0173","A"
"025345","0173","A"
"025346","0173","A"
"025347","0173","A"
"025348","0173","A"
"025349","0173","A"
"025350","0173","A"
"025351","0173","A"
"025352","0173","A"
"025353","0173","A"
"025354","0173","A"
"025355","0173","A"
"025356","0173","A"
"025357","0173","A"
"025358","0173","A"
"025359","0173","A"
"025360","0173","A"
"025361","0173","A"
"025362","0173","A"
"025363","0173","A"
"025364","0173","A"
"025365","0173","A"
"025366","0173","A"
"025367","0173","A"
"025368","0173","A"
"025369","0173","A"
"025370","0173","A"
"025371","0173","A"
"025372","0173","A"
"025373","0173","A"
"025374","0173","A"
"025375","0173","A"
"025376","0173","A"
"025377","0173","A"
"025378","0173","A"
"025379","0173","A"
"025380","0173","A"
"025381","0173","A"
"025382","0173","A"
"025383","0173","A"
"025384","0173","A"
"025385","0173","A"
"025386","0173","A"
"025387","0173","A"
"025388","0173","A"
"025389","0173","A"
"025390","0173","A"
"025391","0173","A"
"025392","0173","A"
"025393","0173","A"
"025394","0173","A"
"025395","0173","A"
"025396","0173","A"
"025397","0173","A"
"025398","0173","A"
"025399","0173","A"
"025400","0173","A"
"025401","0173","A"
"025402","0173","A"
"025403","0173","A"
"025404","0173","A"
"025405","0173","A"
"025406","0173","A"
"025407","0173","A"
"025408","0173","A"
"025409","0173","A"
"025410","0173","A"
"025411","0173","A"
"034270","0215","A"
"034272","0215","A"
"034275","0163","A"
"034278","0215","A"
"034280","0215","A"
"034283","0215","A"
"034286","0215","A"
"034289","0215","A"
"034291","0163","A"
"034294","0215","A"
"014867","0215","A"
"034297","0215","A"
"034299","0215","A"
"034301","0163","A"
"020290","0215","A"
"034306","0215","A"
"034309","0215","A"
"034312","0215","A"
"034314","0215","A"
"034316","0163","A"
"034319","0215","A"
"034320","0215","A"
"019853","0215","A"
"034324","0163","A"
"034327","0215","A"
"034330","0163","A"
"034332","0163","A"
"034335","0215","A"
"020329","0215","A"
"034339","0215","A"
"034342","0215","A"
"033693","0215","A"
"034347","0215","A"
"020336","0215","A"
"034352","0215","A"
"034355","0163","A"
"034356","0215","A"
"034359","0215","A"
"015184","0215","A"
"034362","0215","A"
"034364","0215","A"
"034367","0163","A"
"020610","0215","A"
"034369","0215","A"
"034372","0215","A"
"034375","0215","A"
"034378","0215","A"
"034381","0215","A"
"034384","0215","A"
"034386","0215","A"
"011185","0075","A"
"011186","0075","A"
"011188","0075","A"
"011189","0075","A"
"011190","0075","A"
"011191","0075","A"
"011192","0075","A"
"011193","0075","A"
"011194","0075","A"
"011195","0075","A"
"011196","0075","A"
"011197","0075","A"
"011198","0075","A"
"011199","0075","A"
"011200","0075","A"
"011201","0075","A"
"011202","0075","A"
"011203","0075","A"
"011205","0075","A"
"011206","0075","A"
"011207","0075","A"
"011208","0075","A"
"011209","0075","A"
"011210","0075","A"
"011211","0075","A"
"011212","0075","A"
"011213","0075","A"
"011214","0075","A"
"011215","0075","A"
"011216","0075","A"
"011217","0075","A"
"011218","0075","A"
"011219","0075","A"
"011220","0075","A"
"011221","0075","A"
"011222","0075","A"
"011223","0075","A"
"011224","0075","A"
"011225","0075","A"
"011226","0075","A"
"011227","0075","A"
"011228","0075","A"
"011229","0075","A"
"011231","0075","A"
"011232","0075","A"
"011233","0075","A"
"011234","0075","A"
"011236","0075","A"
"011237","0075","A"
"011238","0075","A"
"011239","0075","A"
"011240","0075","A"
"011241","0075","A"
"011242","0075","A"
"011244","0075","A"
"011245","0075","A"
"011246","0075","A"
"011248","0075","A"
"011249","0075","A"
"011250","0075","A"
"011251","0075","A"
"011252","0075","A"
"011254","0075","A"
"011255","0075","A"
"011256","0075","A"
"011257","0075","A"
"011258","0075","A"
"011259","0075","A"
"011260","0075","A"
"011261","0075","A"
"011262","0075","A"
"011263","0075","A"
"011264","0075","A"
"011265","0075","A"
"011266","0075","A"
"011267","0075","A"
"011268","0075","A"
"011271","0075","A"
"011272","0075","A"
"011273","0075","A"
"011274","0075","A"
"011275","0075","A"
"011276","0075","A"
"011277","0075","A"
"011278","0075","A"
"011279","0075","A"
"011280","0075","A"
"011281","0075","A"
"011282","0075","A"
"011283","0075","A"
"011284","0075","A"
"011285","0075","A"
"011287","0075","A"
"011288","0075","A"
"011289","0075","A"
"011290","0075","A"
"011291","0075","A"
"011292","0075","A"
"011293","0075","A"
"011294","0075","A"
"011295","0075","A"
"011296","0075","A"
"011297","0075","A"
"011298","0075","A"
"011299","0075","A"
"011300","0075","A"
"011301","0075","A"
"011302","0075","A"
"011303","0075","A"
"011304","0075","A"
"011305","0075","A"
"011306","0075","A"
"011307","0075","A"
"011308","0075","A"
"011309","0075","A"
"011310","0075","A"
"011311","0075","A"
"011312","0075","A"
"011313","0075","A"
"011314","0075","A"
"011315","0075","A"
"011316","0075","A"
"011318","0075","A"
"011319","0075","A"
"011320","0075","A"
"011321","0075","A"
"011322","0075","A"
"011323","0075","A"
"011324","0075","A"
"011325","0075","A"
"011326","0075","A"
"011327","0075","A"
"011328","0075","A"
"011329","0075","A"
"011330","0075","A"
"011331","0075","A"
"011332","0075","A"
"011333","0075","A"
"011334","0075","A"
"011335","0075","A"
"011336","0075","A"
"011337","0075","A"
"011338","0075","A"
"011339","0075","A"
"011340","0075","A"
"011341","0075","A"
"011342","0075","A"
"011343","0075","A"
"011344","0075","A"
"011345","0075","A"
"011346","0075","A"
"011348","0075","A"
"011349","0075","A"
"011350","0075","A"
"011351","0075","A"
"011352","0075","A"
"011353","0075","A"
"011354","0075","A"
"011355","0075","A"
"011356","0075","A"
"011357","0075","A"
"011358","0075","A"
"011359","0075","A"
"011360","0075","A"
"011361","0075","A"
"011362","0075","A"
"011363","0075","A"
"011364","0075","A"
"011365","0075","A"
"011366","0075","A"
"011367","0075","A"
"011368","0075","A"
"011369","0075","A"
"011370","0075","A"
"011371","0075","A"
"011373","0075","A"
"011374","0075","A"
"011375","0075","A"
"011376","0075","A"
"011377","0075","A"
"011378","0075","A"
"011379","0075","A"
"011380","0075","A"
"011381","0075","A"
"011382","0075","A"
"011383","0075","A"
"011384","0075","A"
"011385","0075","A"
"011386","0075","A"
"011387","0075","A"
"011388","0075","A"
"011389","0075","A"
"011390","0075","A"
"011391","0075","A"
"011392","0075","A"
"011393","0075","A"
"011394","0075","A"
"011395","0075","A"
"011396","0075","A"
"011398","0075","A"
"011399","0075","A"
"011400","0075","A"
"011401","0075","A"
"011402","0075","A"
"011403","0075","A"
"011404","0075","A"
"011405","0075","A"
"011406","0075","A"
"011407","0075","A"
"011408","0075","A"
"011409","0075","A"
"011410","0075","A"
"011411","0075","A"
"011412","0075","A"
"011413","0075","A"
"011414","0075","A"
"011415","0075","A"
"011416","0075","A"
"011417","0075","A"
"011418","0075","A"
"011419","0075","A"
"011420","0075","A"
"011421","0075","A"
"011422","0075","A"
"011423","0075","A"
"011424","0075","A"
"011425","0075","A"
"011426","0075","A"
"011427","0075","A"
"011428","0075","A"
"011429","0075","A"
"011430","0075","A"
"011431","0075","A"
"011432","0075","A"
"011433","0075","A"
"011434","0075","A"
"011436","0075","A"
"011437","0075","A"
"011438","0075","A"
"011439","0075","A"
"011440","0075","A"
"011441","0075","A"
"011442","0075","A"
"011443","0075","A"
"011444","0075","A"
"011446","0075","A"
"011447","0075","A"
"011448","0075","A"
"011449","0075","A"
"011450","0075","A"
"011451","0075","A"
"011452","0075","A"
"011453","0075","A"
"011454","0075","A"
"011455","0075","A"
"011456","0075","A"
"011457","0075","A"
"011458","0075","A"
"011459","0075","A"
"011460","0075","A"
"011462","0075","A"
"011463","0075","A"
"011464","0075","A"
"011465","0075","A"
"011466","0075","A"
"011467","0075","A"
"011468","0075","A"
"011469","0075","A"
"011470","0075","A"
"011471","0075","A"
"011472","0075","A"
"011473","0075","A"
"011474","0075","A"
"011475","0075","A"
"011476","0075","A"
"011477","0075","A"
"011478","0075","A"
"011479","0075","A"
"011480","0075","A"
"011481","0075","A"
"011482","0075","A"
"011483","0075","A"
"011484","0075","A"
"011485","0075","A"
"011486","0075","A"
"011487","0075","A"
"011488","0075","A"
"011489","0075","A"
"011490","0075","A"
"011491","0075","A"
"011492","0075","A"
"011493","0075","A"
"011494","0075","A"
"011496","0075","A"
"011497","0075","A"
"011498","0075","A"
"011499","0075","A"
"011500","0075","A"
"011501","0075","A"
"011502","0075","A"
"011503","0075","A"
"011504","0075","A"
"011505","0075","A"
"011506","0075","A"
"011507","0075","A"
"011508","0075","A"
"011509","0075","A"
"011510","0075","A"
"011511","0075","A"
"011512","0075","A"
"011513","0075","A"
"011514","0075","A"
"011515","0075","A"
"011516","0075","A"
"010434","0075","A"
"010288","0075","A"
"005104","0076","A"
"005120","0076","A"
"005121","0076","A"
"005122","0076","A"
"005123","0076","A"
"005124","0076","A"
"005125","0076","A"
"005126","0076","A"
"005127","0076","A"
"005128","0076","A"
"005130","0076","A"
"005131","0076","A"
"005132","0076","A"
"005133","0076","A"
"005134","0076","A"
"005135","0076","A"
"005136","0076","A"
"005137","0076","A"
"005138","0076","A"
"005141","0076","A"
"005142","0076","A"
"005143","0076","A"
"005144","0076","A"
"005145","0076","A"
"005146","0076","A"
"005147","0076","A"
"005148","0076","A"
"005149","0076","A"
"005150","0076","A"
"005151","0076","A"
"005152","0076","A"
"005154","0076","A"
"005155","0076","A"
"005156","0076","A"
"005158","0076","A"
"005159","0076","A"
"005160","0076","A"
"005161","0076","A"
"005162","0076","A"
"005163","0076","A"
"005164","0076","A"
"005165","0076","A"
"005166","0076","A"
"005167","0076","A"
"005169","0076","A"
"005170","0076","A"
"005173","0076","A"
"005174","0076","A"
"005175","0076","A"
"025412","0173","A"
"025413","0173","A"
"025414","0173","A"
"025415","0173","A"
"025416","0173","A"
"025417","0173","A"
"025418","0173","A"
"025419","0173","A"
"025420","0173","A"
"025421","0173","A"
"025422","0173","A"
"025423","0173","A"
"025424","0173","A"
"025425","0173","A"
"025426","0173","A"
"025427","0173","A"
"025428","0173","A"
"025429","0173","A"
"025430","0173","A"
"025431","0173","A"
"025432","0173","A"
"025433","0173","A"
"025434","0173","A"
"025435","0173","A"
"025436","0173","A"
"025437","0173","A"
"025438","0173","A"
"025439","0173","A"
"025440","0173","A"
"025441","0173","A"
"025442","0173","A"
"025443","0173","A"
"025444","0173","A"
"025445","0173","A"
"025446","0173","A"
"025447","0173","A"
"025448","0173","A"
"025449","0173","A"
"025450","0173","A"
"025451","0173","A"
"025452","0173","A"
"025453","0173","A"
"025454","0173","A"
"025455","0173","A"
"025456","0173","A"
"025457","0173","A"
"025458","0173","A"
"025459","0173","A"
"025460","0173","A"
"025461","0173","A"
"025462","0173","A"
"025463","0173","A"
"025464","0173","A"
"025465","0173","A"
"025466","0173","A"
"025467","0173","A"
"025468","0173","A"
"025469","0173","A"
"025470","0173","A"
"025471","0173","A"
"025472","0173","A"
"025473","0173","A"
"025474","0173","A"
"025475","0173","A"
"025476","0173","A"
"025477","0173","A"
"025478","0173","A"
"025479","0173","A"
"025480","0173","A"
"025481","0173","A"
"025482","0173","A"
"025483","0173","A"
"025484","0173","A"
"025485","0173","A"
"025486","0173","A"
"025487","0173","A"
"025488","0173","A"
"025489","0173","A"
"025490","0173","A"
"025491","0173","A"
"025492","0173","A"
"025493","0173","A"
"025494","0173","A"
"025495","0173","A"
"025496","0173","A"
"025497","0173","A"
"025498","0173","A"
"025499","0173","A"
"025500","0173","A"
"025501","0173","A"
"025502","0173","A"
"025503","0173","A"
"025504","0173","A"
"025505","0173","A"
"025506","0173","A"
"025507","0173","A"
"025508","0173","A"
"025509","0173","A"
"025510","0173","A"
"025511","0173","A"
"025512","0173","A"
"025513","0173","A"
"025514","0173","A"
"025515","0173","A"
"025516","0173","A"
"025517","0173","A"
"025518","0173","A"
"025519","0173","A"
"025520","0173","A"
"025521","0173","A"
"025522","0173","A"
"025523","0173","A"
"025524","0173","A"
"025525","0173","A"
"025526","0173","A"
"025527","0173","A"
"025528","0173","A"
"025529","0173","A"
"025530","0173","A"
"025531","0173","A"
"025532","0173","A"
"025533","0173","A"
"025534","0173","A"
"025535","0173","A"
"025536","0173","A"
"025537","0173","A"
"025538","0173","A"
"025539","0173","A"
"025540","0173","A"
"025541","0173","A"
"025542","0173","A"
"025543","0173","A"
"025544","0173","A"
"025545","0173","A"
"025546","0173","A"
"025547","0173","A"
"025548","0173","A"
"025549","0173","A"
"025550","0173","A"
"025551","0173","A"
"025552","0173","A"
"025553","0173","A"
"025554","0173","A"
"025555","0173","A"
"025556","0173","A"
"025557","0173","A"
"025558","0173","A"
"025559","0173","A"
"025560","0173","A"
"025561","0173","A"
"025562","0173","A"
"025563","0173","A"
"025564","0173","A"
"025565","0173","A"
"025566","0173","A"
"025567","0173","A"
"025568","0173","A"
"025569","0173","A"
"025570","0173","A"
"025571","0173","A"
"025572","0173","A"
"025573","0173","A"
"025574","0173","A"
"025575","0173","A"
"025576","0173","A"
"025577","0173","A"
"025578","0173","A"
"025579","0173","A"
"025580","0173","A"
"025581","0173","A"
"025582","0173","A"
"025583","0173","A"
"025584","0173","A"
"025585","0173","A"
"025586","0173","A"
"025587","0173","A"
"025588","0173","A"
"025589","0173","A"
"025590","0173","A"
"025591","0173","A"
"025592","0173","A"
"025593","0173","A"
"025594","0173","A"
"025595","0173","A"
"025596","0173","A"
"025597","0173","A"
"025598","0173","A"
"025599","0173","A"
"025600","0173","A"
"025601","0173","A"
"025602","0173","A"
"025603","0173","A"
"025604","0173","A"
"025605","0173","A"
"025606","0173","A"
"025607","0173","A"
"025608","0173","A"
"025609","0173","A"
"025610","0173","A"
"025611","0173","A"
"025612","0173","A"
"025613","0173","A"
"025614","0173","A"
"025615","0173","A"
"025616","0173","A"
"025617","0173","A"
"025618","0173","A"
"025619","0173","A"
"025620","0173","A"
"025621","0173","A"
"025622","0173","A"
"025623","0173","A"
"025624","0173","A"
"025625","0173","A"
"025626","0173","A"
"025627","0173","A"
"025628","0173","A"
"025629","0173","A"
"025630","0173","A"
"025631","0173","A"
"025632","0173","A"
"025633","0173","A"
"025634","0173","A"
"025635","0173","A"
"025636","0173","A"
"025637","0173","A"
"025638","0173","A"
"025639","0173","A"
"025640","0173","A"
"025641","0173","A"
"025642","0173","A"
"025643","0173","A"
"025644","0173","A"
"025645","0173","A"
"025646","0173","A"
"025647","0173","A"
"025648","0173","A"
"025649","0173","A"
"025650","0173","A"
"025651","0173","A"
"025652","0173","A"
"025653","0173","A"
"025654","0173","A"
"025655","0173","A"
"025656","0173","A"
"025657","0173","A"
"025658","0173","A"
"025659","0173","A"
"025660","0173","A"
"025661","0173","A"
"025662","0173","A"
"025663","0173","A"
"025664","0173","A"
"025665","0173","A"
"025666","0173","A"
"025667","0173","A"
"025668","0173","A"
"025669","0173","A"
"025670","0173","A"
"025671","0173","A"
"025672","0173","A"
"025673","0173","A"
"025674","0173","A"
"025675","0173","A"
"025676","0173","A"
"025677","0173","A"
"025678","0173","A"
"025679","0173","A"
"025680","0173","A"
"025681","0173","A"
"025682","0173","A"
"025683","0173","A"
"025684","0173","A"
"025685","0173","A"
"025686","0173","A"
"025687","0173","A"
"025688","0173","A"
"025689","0173","A"
"025690","0173","A"
"025691","0173","A"
"025692","0173","A"
"025693","0173","A"
"025694","0173","A"
"025695","0173","A"
"025696","0173","A"
"025697","0173","A"
"025698","0173","A"
"025699","0173","A"
"025700","0173","A"
"025701","0173","A"
"025702","0173","A"
"025703","0173","A"
"025704","0173","A"
"025705","0173","A"
"025706","0173","A"
"025707","0173","A"
"025708","0173","A"
"025709","0173","A"
"025710","0173","A"
"025711","0173","A"
"025712","0173","A"
"025713","0173","A"
"025714","0173","A"
"025715","0173","A"
"025716","0173","A"
"025717","0173","A"
"025718","0173","A"
"025719","0173","A"
"025720","0173","A"
"025721","0173","A"
"025722","0173","A"
"025723","0173","A"
"025724","0173","A"
"025725","0173","A"
"025726","0173","A"
"025727","0173","A"
"025728","0173","A"
"025729","0173","A"
"025730","0173","A"
"025731","0173","A"
"025732","0173","A"
"025733","0173","A"
"025734","0173","A"
"025735","0173","A"
"025736","0173","A"
"025737","0173","A"
"025738","0173","A"
"025739","0173","A"
"025740","0173","A"
"025741","0173","A"
"025742","0173","A"
"025743","0173","A"
"025744","0173","A"
"025745","0173","A"
"025746","0173","A"
"025747","0173","A"
"025748","0173","A"
"025749","0173","A"
"025750","0173","A"
"025751","0173","A"
"025752","0173","A"
"025753","0173","A"
"025754","0173","A"
"025755","0173","A"
"025756","0173","A"
"025757","0173","A"
"025758","0173","A"
"025759","0173","A"
"025760","0173","A"
"025761","0173","A"
"025762","0173","A"
"025763","0173","A"
"025764","0173","A"
"025765","0173","A"
"025766","0173","A"
"025767","0173","A"
"025768","0173","A"
"025769","0173","A"
"025770","0173","A"
"025771","0173","A"
"025772","0173","A"
"025773","0173","A"
"025774","0173","A"
"025775","0173","A"
"025776","0173","A"
"025777","0173","A"
"025778","0173","A"
"025779","0173","A"
"025780","0173","A"
"025781","0173","A"
"025782","0173","A"
"025783","0173","A"
"025784","0173","A"
"025785","0173","A"
"025786","0173","A"
"025787","0173","A"
"025788","0173","A"
"025789","0173","A"
"025790","0173","A"
"025791","0173","A"
"025792","0173","A"
"025793","0173","A"
"005177","0076","A"
"005178","0076","A"
"005179","0076","A"
"005181","0076","A"
"005182","0076","A"
"005183","0076","A"
"005185","0076","A"
"005186","0076","A"
"005187","0076","A"
"005188","0076","A"
"005189","0076","A"
"004994","0076","A"
"004995","0076","A"
"004996","0076","A"
"004997","0076","A"
"004998","0076","A"
"005000","0076","A"
"005001","0076","A"
"005003","0076","A"
"005004","0076","A"
"005005","0076","A"
"005006","0076","A"
"005007","0076","A"
"005008","0076","A"
"005010","0076","A"
"005012","0076","A"
"005013","0076","A"
"005014","0076","A"
"005016","0076","A"
"005018","0076","A"
"005021","0076","A"
"005022","0076","A"
"005024","0076","A"
"005026","0076","A"
"005027","0076","A"
"005028","0076","A"
"005029","0076","A"
"005030","0076","A"
"005031","0076","A"
"005032","0076","A"
"005034","0076","A"
"005035","0076","A"
"005037","0076","A"
"005038","0076","A"
"005039","0076","A"
"005040","0076","A"
"005041","0076","A"
"005042","0076","A"
"005043","0076","A"
"005044","0076","A"
"005045","0076","A"
"005046","0076","A"
"005047","0076","A"
"005048","0076","A"
"005049","0076","A"
"005050","0076","A"
"005052","0076","A"
"005053","0076","A"
"005059","0076","A"
"005060","0076","A"
"005061","0076","A"
"005062","0076","A"
"005063","0076","A"
"005064","0076","A"
"005066","0076","A"
"005067","0076","A"
"005068","0076","A"
"005072","0076","A"
"005073","0076","A"
"005074","0076","A"
"005075","0076","A"
"005076","0076","A"
"005077","0076","A"
"005078","0076","A"
"005079","0076","A"
"005080","0076","A"
"005081","0076","A"
"005082","0076","A"
"005084","0076","A"
"005085","0076","A"
"005087","0076","A"
"005089","0076","A"
"005090","0076","A"
"005092","0076","A"
"005093","0076","A"
"005094","0076","A"
"005096","0076","A"
"005097","0076","A"
"005098","0076","A"
"005099","0076","A"
"005100","0076","A"
"005101","0076","A"
"005103","0076","A"
"005903","0076","A"
"005904","0076","A"
"005905","0076","A"
"005906","0076","A"
"005907","0076","A"
"005200","0077","A"
"005201","0077","A"
"005202","0077","A"
"005203","0077","A"
"005204","0077","A"
"005205","0077","A"
"005206","0077","A"
"005207","0077","A"
"005208","0077","A"
"005209","0077","A"
"005210","0077","A"
"005211","0077","A"
"005212","0077","A"
"005214","0077","A"
"005215","0077","A"
"005216","0077","A"
"005217","0077","A"
"005218","0077","A"
"005219","0077","A"
"005220","0077","A"
"005221","0077","A"
"005222","0077","A"
"005223","0077","A"
"005225","0077","A"
"005226","0077","A"
"005227","0077","A"
"005228","0077","A"
"005229","0077","A"
"005230","0077","A"
"005231","0077","A"
"005232","0077","A"
"005233","0077","A"
"005234","0077","A"
"005235","0077","A"
"005236","0077","A"
"005237","0077","A"
"005238","0077","A"
"005239","0077","A"
"005240","0077","A"
"005241","0077","A"
"005242","0077","A"
"005243","0077","A"
"005244","0077","A"
"005245","0077","A"
"005246","0077","A"
"005247","0077","A"
"005248","0077","A"
"005249","0077","A"
"005250","0077","A"
"005251","0077","A"
"005253","0077","A"
"005254","0077","A"
"005255","0077","A"
"005256","0077","A"
"005257","0077","A"
"005258","0077","A"
"005259","0077","A"
"005260","0077","A"
"005261","0077","A"
"005262","0077","A"
"005263","0077","A"
"005264","0077","A"
"005265","0077","A"
"005266","0077","A"
"005267","0077","A"
"005268","0077","A"
"005269","0077","A"
"005270","0077","A"
"005271","0077","A"
"005272","0077","A"
"005274","0077","A"
"005275","0077","A"
"005276","0077","A"
"005277","0077","A"
"005278","0077","A"
"005279","0077","A"
"005280","0077","A"
"005281","0077","A"
"005282","0077","A"
"005283","0077","A"
"005284","0077","A"
"005285","0077","A"
"005286","0077","A"
"005287","0077","A"
"005288","0077","A"
"005289","0077","A"
"005290","0077","A"
"005291","0077","A"
"005292","0077","A"
"005293","0077","A"
"005294","0077","A"
"005295","0077","A"
"005296","0077","A"
"005297","0077","A"
"005298","0077","A"
"005299","0077","A"
"005300","0077","A"
"005301","0077","A"
"005302","0077","A"
"005303","0077","A"
"005304","0077","A"
"005305","0077","A"
"005306","0077","A"
"005307","0077","A"
"005308","0077","A"
"005310","0077","A"
"005311","0077","A"
"005312","0077","A"
"005313","0077","A"
"005314","0077","A"
"005315","0077","A"
"005316","0077","A"
"005317","0077","A"
"005318","0077","A"
"005319","0077","A"
"005320","0077","A"
"005321","0077","A"
"005322","0077","A"
"005323","0077","A"
"005324","0077","A"
"005325","0077","A"
"005326","0077","A"
"005327","0077","A"
"005328","0077","A"
"005329","0077","A"
"005330","0077","A"
"005331","0077","A"
"005332","0077","A"
"005333","0077","A"
"005334","0077","A"
"005335","0077","A"
"005336","0077","A"
"005337","0077","A"
"005338","0077","A"
"005339","0077","A"
"005340","0077","A"
"005344","0077","A"
"005345","0077","A"
"005346","0077","A"
"005347","0077","A"
"005348","0077","A"
"005349","0077","A"
"005350","0077","A"
"005351","0077","A"
"005352","0077","A"
"005353","0077","A"
"005354","0077","A"
"005355","0077","A"
"005357","0077","A"
"005358","0077","A"
"005359","0077","A"
"005360","0077","A"
"005361","0077","A"
"005362","0077","A"
"005363","0077","A"
"005364","0077","A"
"005365","0077","A"
"005366","0077","A"
"005367","0077","A"
"005368","0077","A"
"005369","0077","A"
"005370","0077","A"
"005371","0077","A"
"005372","0077","A"
"005373","0077","A"
"005374","0077","A"
"005375","0077","A"
"005376","0077","A"
"005377","0077","A"
"005378","0077","A"
"005379","0077","A"
"005380","0077","A"
"005381","0077","A"
"005382","0077","A"
"005383","0077","A"
"005384","0077","A"
"005385","0077","A"
"005386","0077","A"
"005387","0077","A"
"005388","0077","A"
"005389","0077","A"
"005390","0077","A"
"005391","0077","A"
"005392","0077","A"
"005393","0077","A"
"005394","0077","A"
"005395","0077","A"
"005396","0077","A"
"005397","0077","A"
"005398","0077","A"
"005399","0077","A"
"005400","0077","A"
"005401","0077","A"
"005402","0077","A"
"005403","0077","A"
"005404","0077","A"
"005405","0077","A"
"005407","0077","A"
"005408","0077","A"
"005409","0077","A"
"005410","0077","A"
"005411","0077","A"
"005412","0077","A"
"005413","0077","A"
"005414","0077","A"
"005415","0077","A"
"005416","0077","A"
"005418","0077","A"
"005419","0077","A"
"005420","0077","A"
"005421","0077","A"
"005422","0077","A"
"005423","0077","A"
"005424","0077","A"
"005425","0077","A"
"005426","0077","A"
"005427","0077","A"
"005428","0077","A"
"005429","0077","A"
"005430","0077","A"
"005431","0077","A"
"005432","0077","A"
"005433","0077","A"
"005434","0077","A"
"005435","0077","A"
"005436","0077","A"
"005437","0077","A"
"005438","0077","A"
"025794","0173","A"
"025795","0173","A"
"025796","0173","A"
"025797","0173","A"
"025798","0173","A"
"025799","0173","A"
"025800","0173","A"
"025801","0173","A"
"025802","0173","A"
"025803","0173","A"
"025804","0173","A"
"025805","0173","A"
"025806","0173","A"
"025807","0173","A"
"025808","0173","A"
"025809","0173","A"
"025810","0173","A"
"025811","0173","A"
"025812","0173","A"
"025813","0173","A"
"025814","0173","A"
"025815","0173","A"
"025816","0173","A"
"025817","0173","A"
"025818","0173","A"
"025819","0173","A"
"025820","0173","A"
"025821","0173","A"
"025822","0173","A"
"025823","0173","A"
"025824","0173","A"
"025825","0173","A"
"025826","0173","A"
"025827","0173","A"
"025828","0173","A"
"025829","0173","A"
"025830","0173","A"
"025831","0173","A"
"025832","0173","A"
"025833","0173","A"
"025834","0173","A"
"025835","0173","A"
"025836","0173","A"
"025837","0173","A"
"025838","0173","A"
"025839","0173","A"
"025840","0173","A"
"025841","0173","A"
"025842","0173","A"
"025843","0173","A"
"025844","0173","A"
"025845","0173","A"
"025846","0173","A"
"025847","0173","A"
"025848","0173","A"
"025849","0173","A"
"025850","0173","A"
"025851","0173","A"
"025852","0173","A"
"025853","0173","A"
"025854","0173","A"
"025855","0173","A"
"025856","0173","A"
"025857","0173","A"
"025858","0173","A"
"025859","0173","A"
"025860","0173","A"
"025861","0173","A"
"025862","0173","A"
"025863","0173","A"
"025864","0173","A"
"025865","0173","A"
"025866","0173","A"
"025867","0173","A"
"025868","0173","A"
"025869","0173","A"
"025870","0173","A"
"025871","0173","A"
"025872","0173","A"
"025873","0173","A"
"025874","0173","A"
"025875","0173","A"
"025876","0173","A"
"025877","0173","A"
"025878","0173","A"
"025879","0173","A"
"025880","0173","A"
"025881","0173","A"
"025882","0173","A"
"025883","0173","A"
"025884","0173","A"
"025885","0173","A"
"025886","0173","A"
"025887","0173","A"
"025888","0173","A"
"025889","0173","A"
"025890","0173","A"
"025891","0173","A"
"025892","0173","A"
"025893","0173","A"
"025894","0173","A"
"025895","0173","A"
"025896","0173","A"
"025897","0173","A"
"025898","0173","A"
"025899","0173","A"
"025900","0173","A"
"025901","0173","A"
"025902","0173","A"
"025903","0173","A"
"025904","0173","A"
"025905","0173","A"
"025906","0173","A"
"025907","0173","A"
"025908","0173","A"
"025909","0173","A"
"025910","0173","A"
"025911","0173","A"
"025912","0173","A"
"025913","0173","A"
"025914","0173","A"
"025915","0173","A"
"025916","0173","A"
"025917","0173","A"
"025918","0173","A"
"025919","0173","A"
"025920","0173","A"
"025921","0173","A"
"025922","0173","A"
"025923","0173","A"
"025924","0173","A"
"025925","0173","A"
"025926","0173","A"
"025927","0173","A"
"025928","0173","A"
"025929","0173","A"
"025930","0173","A"
"025931","0173","A"
"025932","0173","A"
"025933","0173","A"
"025934","0173","A"
"025935","0173","A"
"025936","0173","A"
"025937","0173","A"
"025938","0173","A"
"025939","0173","A"
"025940","0173","A"
"025941","0173","A"
"025942","0173","A"
"025943","0173","A"
"025944","0173","A"
"025945","0173","A"
"025946","0173","A"
"025947","0173","A"
"025948","0173","A"
"025949","0173","A"
"025950","0173","A"
"025951","0173","A"
"025952","0173","A"
"025953","0173","A"
"025954","0173","A"
"025955","0173","A"
"025956","0173","A"
"025957","0173","A"
"025958","0173","A"
"025959","0173","A"
"025960","0173","A"
"025961","0173","A"
"025962","0173","A"
"025963","0173","A"
"025964","0173","A"
"025965","0173","A"
"025966","0173","A"
"025967","0173","A"
"028955","0004","A"
"028956","0004","A"
"030332","0004","A"
"030343","0179","A"
"030344","0179","A"
"030968","0004","A"
"030993","0165","A"
"030994","0165","A"
"004933","0217","A"
"032927","0004","A"
"032947","0004","A"
"021283","0215","A"
"021300","0215","A"
"021303","0215","A"
"021311","0215","A"
"021316","0215","A"
"021329","0215","A"
"021334","0215","A"
"021337","0215","A"
"021346","0215","A"
"021349","0215","A"
"021351","0215","A"
"021359","0215","A"
"021369","0215","A"
"021377","0215","A"
"032788","0215","A"
"032799","0215","A"
"032802","0215","A"
"032804","0215","A"
"032812","0215","A"
"032818","0215","A"
"032827","0215","A"
"032830","0215","A"
"032850","0215","A"
"032803","0215","A"
"032808","0215","A"
"032814","0215","A"
"032843","0215","A"
"032852","0215","A"
"032853","0215","A"
"032860","0215","A"
"021290","0215","A"
"021292","0215","A"
"021294","0215","A"
"021310","0215","A"
"021319","0215","A"
"021322","0215","A"
"021325","0215","A"
"021343","0215","A"
"021345","0215","A"
"021352","0215","A"
"021355","0215","A"
"021363","0215","A"
"021373","0215","A"
"030136","0215","A"
"030156","0215","A"
"030180","0215","A"
"030183","0215","A"
"030186","0215","A"
"030195","0215","A"
"030218","0215","A"
"030220","0215","A"
"030223","0215","A"
"030228","0215","A"
"030239","0215","A"
"030242","0215","A"
"032797","0215","A"
"032800","0215","A"
"032805","0215","A"
"032821","0215","A"
"032831","0215","A"
"032837","0215","A"
"032842","0215","A"
"032844","0215","A"
"032849","0215","A"
"032851","0215","A"
"032854","0215","A"
"032856","0215","A"
"021284","0215","A"
"021285","0215","A"
"021298","0215","A"
"021301","0215","A"
"021304","0215","A"
"021317","0215","A"
"021327","0215","A"
"021330","0215","A"
"021338","0215","A"
"021347","0215","A"
"021350","0215","A"
"021360","0215","A"
"021367","0215","A"
"021370","0215","A"
"021375","0215","A"
"030141","0215","A"
"030143","0215","A"
"030161","0215","A"
"030169","0215","A"
"030203","0215","A"
"030209","0215","A"
"030217","0215","A"
"030235","0215","A"
"030248","0215","A"
"030251","0215","A"
"030147","0215","A"
"030150","0215","A"
"030153","0215","A"
"030181","0215","A"
"030190","0215","A"
"030196","0215","A"
"030224","0215","A"
"030226","0215","A"
"030231","0215","A"
"030148","0215","A"
"030151","0215","A"
"030154","0215","A"
"030170","0215","A"
"030173","0215","A"
"030182","0215","A"
"030185","0215","A"
"030194","0215","A"
"030222","0215","A"
"030225","0215","A"
"030227","0215","A"
"030232","0215","A"
"030238","0215","A"
"030244","0215","A"
"030142","0215","A"
"030145","0215","A"
"030162","0215","A"
"030166","0215","A"
"030174","0215","A"
"030184","0215","A"
"030240","0215","A"
"030246","0215","A"
"032783","0215","A"
"030140","0215","A"
"030158","0215","A"
"030167","0215","A"
"030197","0215","A"
"030234","0215","A"
"030247","0215","A"
"021281","0215","A"
"021289","0215","A"
"021291","0215","A"
"021296","0215","A"
"021306","0215","A"
"021318","0215","A"
"021321","0215","A"
"021324","0215","A"
"021332","0215","A"
"021340","0215","A"
"021342","0215","A"
"021344","0215","A"
"021354","0215","A"
"021357","0215","A"
"021362","0215","A"
"021365","0215","A"
"021372","0215","A"
"021280","0215","A"
"021288","0215","A"
"021293","0215","A"
"021295","0215","A"
"021297","0215","A"
"021308","0215","A"
"021320","0215","A"
"021323","0215","A"
"021326","0215","A"
"021331","0215","A"
"021339","0215","A"
"021353","0215","A"
"021356","0215","A"
"021361","0215","A"
"021364","0215","A"
"021374","0215","A"
"021282","0215","A"
"021286","0215","A"
"021299","0215","A"
"021302","0215","A"
"021305","0215","A"
"021315","0215","A"
"021328","0215","A"
"021333","0215","A"
"021336","0215","A"
"021348","0215","A"
"021358","0215","A"
"021368","0215","A"
"021371","0215","A"
"021376","0215","A"
"033343","0004","A"
"033611","0004","A"
"033612","0004","A"
"033613","0004","A"
"033614","0004","A"
"033615","0004","A"
"033616","0004","A"
"033617","0004","A"
"033619","0004","A"
"033620","0004","A"
"033621","0004","A"
"033622","0004","A"
"033929","0004","A"
"005439","0077","A"
"005440","0077","A"
"005441","0077","A"
"005443","0077","A"
"005444","0077","A"
"005446","0077","A"
"005447","0077","A"
"005448","0077","A"
"005449","0077","A"
"005450","0077","A"
"005451","0077","A"
"005452","0077","A"
"005453","0077","A"
"005454","0077","A"
"005455","0077","A"
"005456","0077","A"
"005457","0077","A"
"005458","0077","A"
"005459","0077","A"
"005460","0077","A"
"005461","0077","A"
"005462","0077","A"
"005463","0077","A"
"005464","0077","A"
"005465","0077","A"
"005466","0077","A"
"005467","0077","A"
"005469","0077","A"
"005470","0077","A"
"005471","0077","A"
"005472","0077","A"
"005474","0077","A"
"005475","0077","A"
"005476","0077","A"
"005477","0077","A"
"005479","0077","A"
"005480","0077","A"
"005481","0077","A"
"005483","0077","A"
"005484","0077","A"
"005485","0077","A"
"005487","0077","A"
"005488","0077","A"
"005489","0077","A"
"005490","0077","A"
"005491","0077","A"
"005492","0077","A"
"005494","0077","A"
"005495","0077","A"
"005496","0077","A"
"005497","0077","A"
"005498","0077","A"
"005499","0077","A"
"005501","0077","A"
"005502","0077","A"
"005503","0077","A"
"005504","0077","A"
"005505","0077","A"
"005506","0077","A"
"005507","0077","A"
"005508","0077","A"
"005509","0077","A"
"005511","0077","A"
"005512","0077","A"
"005513","0077","A"
"005514","0077","A"
"005515","0077","A"
"005516","0077","A"
"005517","0077","A"
"005518","0077","A"
"005519","0077","A"
"005520","0077","A"
"005521","0077","A"
"005522","0077","A"
"005524","0077","A"
"005525","0077","A"
"005526","0077","A"
"005527","0077","A"
"005528","0077","A"
"005529","0077","A"
"005530","0077","A"
"005531","0077","A"
"005532","0077","A"
"005533","0077","A"
"005534","0077","A"
"005535","0077","A"
"005536","0077","A"
"005538","0077","A"
"005539","0077","A"
"005540","0077","A"
"005541","0077","A"
"005542","0077","A"
"005543","0077","A"
"005544","0077","A"
"005545","0077","A"
"005546","0077","A"
"005547","0077","A"
"005548","0077","A"
"005549","0077","A"
"005550","0077","A"
"005551","0077","A"
"005552","0077","A"
"005553","0077","A"
"005554","0077","A"
"005555","0077","A"
"005557","0077","A"
"005559","0077","A"
"005560","0077","A"
"005561","0077","A"
"005562","0077","A"
"005564","0077","A"
"005566","0077","A"
"005567","0077","A"
"005568","0077","A"
"005569","0077","A"
"005570","0077","A"
"005571","0077","A"
"005572","0077","A"
"005573","0077","A"
"005574","0077","A"
"005575","0077","A"
"005576","0077","A"
"005577","0077","A"
"005578","0077","A"
"005579","0077","A"
"005580","0077","A"
"005581","0077","A"
"005582","0077","A"
"005583","0077","A"
"005584","0077","A"
"005585","0077","A"
"005586","0077","A"
"005587","0077","A"
"005588","0077","A"
"005589","0077","A"
"005591","0077","A"
"005592","0077","A"
"005593","0077","A"
"005595","0077","A"
"005596","0077","A"
"005597","0077","A"
"005598","0077","A"
"005599","0077","A"
"005600","0077","A"
"005601","0077","A"
"005602","0077","A"
"005603","0077","A"
"005604","0077","A"
"005605","0077","A"
"005606","0077","A"
"005607","0077","A"
"005608","0077","A"
"005609","0077","A"
"005610","0077","A"
"005611","0077","A"
"005612","0077","A"
"005613","0077","A"
"005614","0077","A"
"005615","0077","A"
"005616","0077","A"
"005617","0077","A"
"005618","0077","A"
"005619","0077","A"
"005620","0077","A"
"005621","0077","A"
"005622","0077","A"
"005623","0077","A"
"005624","0077","A"
"005625","0077","A"
"005626","0077","A"
"005627","0077","A"
"005628","0077","A"
"005629","0077","A"
"005630","0077","A"
"005631","0077","A"
"005632","0077","A"
"005633","0077","A"
"005634","0077","A"
"005635","0077","A"
"005636","0077","A"
"005637","0077","A"
"005638","0077","A"
"005639","0077","A"
"005640","0077","A"
"005641","0077","A"
"005642","0077","A"
"005643","0077","A"
"005644","0077","A"
"005645","0077","A"
"005646","0077","A"
"005647","0077","A"
"005648","0077","A"
"005649","0077","A"
"005650","0077","A"
"005651","0077","A"
"005652","0077","A"
"005653","0077","A"
"005654","0077","A"
"005656","0077","A"
"005657","0077","A"
"005658","0077","A"
"005659","0077","A"
"005660","0077","A"
"005661","0077","A"
"005662","0077","A"
"005663","0077","A"
"005664","0077","A"
"005665","0077","A"
"005666","0077","A"
"005667","0077","A"
"005668","0077","A"
"005669","0077","A"
"005670","0077","A"
"005671","0077","A"
"005672","0077","A"
"005673","0077","A"
"005676","0077","A"
"005677","0077","A"
"005678","0077","A"
"005679","0077","A"
"005680","0077","A"
"005681","0077","A"
"005682","0077","A"
"005683","0077","A"
"005684","0077","A"
"005685","0077","A"
"005686","0077","A"
"005687","0077","A"
"005688","0077","A"
"005689","0077","A"
"005690","0077","A"
"005691","0077","A"
"005692","0077","A"
"005693","0077","A"
"005694","0077","A"
"005695","0077","A"
"005696","0077","A"
"005697","0077","A"
"005699","0077","A"
"005700","0077","A"
"005701","0077","A"
"005702","0077","A"
"005703","0077","A"
"005704","0077","A"
"005705","0077","A"
"005706","0077","A"
"005707","0077","A"
"005708","0077","A"
"005709","0077","A"
"005710","0077","A"
"005711","0077","A"
"005712","0077","A"
"005713","0077","A"
"005714","0077","A"
"005715","0077","A"
"005716","0077","A"
"005717","0077","A"
"005718","0077","A"
"005720","0077","A"
"005721","0077","A"
"005722","0077","A"
"005723","0077","A"
"005724","0077","A"
"005725","0077","A"
"005726","0077","A"
"005727","0077","A"
"005728","0077","A"
"005729","0077","A"
"005730","0077","A"
"005731","0077","A"
"005732","0077","A"
"005733","0077","A"
"005734","0077","A"
"005735","0077","A"
"005736","0077","A"
"005737","0077","A"
"005738","0077","A"
"005739","0077","A"
"005740","0077","A"
"005741","0077","A"
"005742","0077","A"
"005743","0077","A"
"005744","0077","A"
"005745","0077","A"
"005746","0077","A"
"005747","0077","A"
"005748","0077","A"
"005749","0077","A"
"005751","0077","A"
"005752","0077","A"
"005754","0077","A"
"005755","0077","A"
"005756","0077","A"
"005757","0077","A"
"005758","0077","A"
"005759","0077","A"
"005760","0077","A"
"005761","0077","A"
"005762","0077","A"
"005763","0077","A"
"005764","0077","A"
"005765","0077","A"
"005766","0077","A"
"005767","0077","A"
"005768","0077","A"
"005769","0077","A"
"005770","0077","A"
"005771","0077","A"
"005772","0077","A"
"005773","0077","A"
"005774","0077","A"
"005775","0077","A"
"005776","0077","A"
"005777","0077","A"
"005778","0077","A"
"005779","0077","A"
"005780","0077","A"
"005781","0077","A"
"005782","0077","A"
"005784","0077","A"
"005785","0077","A"
"005786","0077","A"
"005787","0077","A"
"005788","0077","A"
"005789","0077","A"
"005790","0077","A"
"005791","0077","A"
"005792","0077","A"
"005793","0077","A"
"005794","0077","A"
"005795","0077","A"
"005796","0077","A"
"005797","0077","A"
"005798","0077","A"
"005799","0077","A"
"005800","0077","A"
"005801","0077","A"
"005802","0077","A"
"005803","0077","A"
"005804","0077","A"
"005805","0077","A"
"005806","0077","A"
"005807","0077","A"
"005808","0077","A"
"005809","0077","A"
"005810","0077","A"
"005811","0077","A"
"005812","0077","A"
"005813","0077","A"
"005814","0077","A"
"005815","0077","A"
"005816","0077","A"
"005817","0077","A"
"005818","0077","A"
"005819","0077","A"
"005820","0077","A"
"005821","0077","A"
"001774","0004","A"
"001775","0004","A"
"002232","0004","A"
"002233","0004","A"
"002234","0032","A"
"004412","0004","A"
"002249","0004","A"
"002421","0004","A"
"005822","0077","A"
"005823","0077","A"
"005824","0077","A"
"005825","0077","A"
"005826","0077","A"
"005827","0077","A"
"005828","0077","A"
"005829","0077","A"
"005830","0077","A"
"005831","0077","A"
"005832","0077","A"
"005833","0077","A"
"005834","0077","A"
"005835","0077","A"
"005836","0077","A"
"005838","0077","A"
"005839","0077","A"
"005840","0077","A"
"005842","0077","A"
"005843","0077","A"
"005844","0077","A"
"005845","0077","A"
"005846","0077","A"
"005847","0077","A"
"005848","0077","A"
"005849","0077","A"
"005850","0077","A"
"005851","0077","A"
"005852","0077","A"
"005853","0077","A"
"005854","0077","A"
"005855","0077","A"
"005856","0077","A"
"005857","0077","A"
"005858","0077","A"
"005859","0077","A"
"005860","0077","A"
"005862","0077","A"
"005863","0077","A"
"005864","0077","A"
"005865","0077","A"
"005866","0077","A"
"005867","0077","A"
"005868","0077","A"
"005869","0077","A"
"005870","0077","A"
"005871","0077","A"
"005872","0077","A"
"005873","0077","A"
"005874","0077","A"
"005875","0077","A"
"005876","0077","A"
"005877","0077","A"
"005878","0077","A"
"005879","0077","A"
"005880","0077","A"
"005881","0077","A"
"005882","0077","A"
"005883","0077","A"
"005884","0077","A"
"005885","0077","A"
"005886","0077","A"
"005887","0077","A"
"005888","0077","A"
"005889","0077","A"
"005890","0077","A"
"005891","0077","A"
"005892","0077","A"
"005893","0077","A"
"005894","0077","A"
"005895","0077","A"
"005896","0077","A"
"005897","0077","A"
"005898","0077","A"
"005899","0077","A"
"005900","0077","A"
"005901","0077","A"
"005902","0077","A"
"005190","0077","A"
"005191","0077","A"
"005192","0077","A"
"005194","0077","A"
"005195","0077","A"
"005196","0077","A"
"005197","0077","A"
"005198","0077","A"
"005199","0077","A"
"005558","0077","A"
"006387","0079","A"
"006388","0079","A"
"006389","0079","A"
"006390","0079","A"
"006391","0079","A"
"006393","0079","A"
"006395","0079","A"
"006396","0079","A"
"006397","0079","A"
"006399","0079","A"
"006400","0079","A"
"006401","0079","A"
"006402","0079","A"
"006403","0079","A"
"006404","0079","A"
"006405","0079","A"
"006406","0079","A"
"006408","0079","A"
"006409","0079","A"
"006410","0079","A"
"006411","0079","A"
"006412","0079","A"
"006413","0079","A"
"006414","0079","A"
"006415","0079","A"
"006416","0079","A"
"006417","0079","A"
"006418","0079","A"
"006419","0079","A"
"006420","0079","A"
"006421","0079","A"
"006422","0079","A"
"006424","0079","A"
"006425","0079","A"
"006427","0079","A"
"006428","0079","A"
"006430","0079","A"
"006432","0079","A"
"006433","0079","A"
"006434","0079","A"
"006436","0079","A"
"006437","0079","A"
"006438","0079","A"
"006439","0079","A"
"006440","0079","A"
"006441","0079","A"
"006442","0079","A"
"006444","0079","A"
"006445","0079","A"
"006447","0079","A"
"006449","0079","A"
"006450","0079","A"
"006451","0079","A"
"006452","0079","A"
"006453","0079","A"
"006455","0079","A"
"006457","0079","A"
"006458","0079","A"
"006460","0079","A"
"006463","0079","A"
"006464","0079","A"
"006465","0079","A"
"006466","0079","A"
"006468","0079","A"
"006469","0079","A"
"006470","0079","A"
"006471","0079","A"
"006472","0079","A"
"006473","0079","A"
"006476","0079","A"
"006477","0079","A"
"006479","0079","A"
"006480","0079","A"
"006481","0079","A"
"006482","0079","A"
"006484","0079","A"
"006486","0079","A"
"006488","0079","A"
"006489","0079","A"
"006490","0079","A"
"006492","0079","A"
"006493","0079","A"
"006494","0079","A"
"006495","0079","A"
"006496","0079","A"
"006498","0079","A"
"006499","0079","A"
"006500","0079","A"
"006501","0079","A"
"006502","0079","A"
"006503","0079","A"
"006504","0079","A"
"006505","0079","A"
"006507","0079","A"
"006508","0079","A"
"006510","0079","A"
"006512","0079","A"
"006513","0079","A"
"006514","0079","A"
"006515","0079","A"
"006516","0079","A"
"006517","0079","A"
"006518","0079","A"
"006519","0079","A"
"006521","0079","A"
"006522","0079","A"
"006524","0079","A"
"006525","0079","A"
"006526","0079","A"
"006527","0079","A"
"006529","0079","A"
"006530","0079","A"
"006531","0079","A"
"006532","0079","A"
"006533","0079","A"
"006534","0079","A"
"006535","0079","A"
"006536","0079","A"
"006537","0079","A"
"006538","0079","A"
"006539","0079","A"
"006540","0079","A"
"006541","0079","A"
"006542","0079","A"
"006543","0079","A"
"006544","0079","A"
"006545","0079","A"
"006546","0079","A"
"006547","0079","A"
"006548","0079","A"
"006549","0079","A"
"006550","0079","A"
"006555","0079","A"
"006558","0079","A"
"006560","0079","A"
"006564","0079","A"
"006565","0079","A"
"006569","0079","A"
"006574","0079","A"
"006580","0079","A"
"006593","0079","A"
"006597","0079","A"
"006599","0079","A"
"006600","0079","A"
"006601","0079","A"
"006602","0079","A"
"006603","0079","A"
"006604","0079","A"
"006605","0079","A"
"006606","0079","A"
"006607","0079","A"
"006608","0079","A"
"006609","0079","A"
"006610","0079","A"
"006611","0079","A"
"006612","0079","A"
"006613","0079","A"
"006614","0079","A"
"006615","0079","A"
"006616","0079","A"
"006617","0079","A"
"006618","0079","A"
"006619","0079","A"
"006620","0079","A"
"006621","0079","A"
"006622","0079","A"
"006623","0079","A"
"006624","0079","A"
"006625","0079","A"
"006628","0079","A"
"006629","0079","A"
"006630","0079","A"
"006631","0079","A"
"006632","0079","A"
"006633","0079","A"
"006634","0079","A"
"006635","0079","A"
"006636","0079","A"
"006637","0079","A"
"006638","0079","A"
"006639","0079","A"
"006640","0079","A"
"006641","0079","A"
"006642","0079","A"
"006643","0079","A"
"006644","0079","A"
"006645","0079","A"
"006646","0079","A"
"006647","0079","A"
"006648","0079","A"
"006649","0079","A"
"006650","0079","A"
"006651","0079","A"
"006652","0079","A"
"006653","0079","A"
"006654","0079","A"
"006655","0079","A"
"006656","0079","A"
"006657","0079","A"
"006658","0079","A"
"006659","0079","A"
"006660","0079","A"
"006661","0079","A"
"006662","0079","A"
"006663","0079","A"
"006664","0079","A"
"006665","0079","A"
"006666","0079","A"
"006667","0079","A"
"006668","0079","A"
"006669","0079","A"
"006670","0079","A"
"006671","0079","A"
"006672","0079","A"
"006673","0079","A"
"006674","0079","A"
"006675","0079","A"
"006676","0079","A"
"006678","0079","A"
"006679","0079","A"
"006680","0079","A"
"006681","0079","A"
"006682","0079","A"
"006683","0079","A"
"006684","0079","A"
"006685","0079","A"
"006686","0079","A"
"006687","0079","A"
"006688","0079","A"
"006689","0079","A"
"006690","0079","A"
"006691","0079","A"
"006692","0079","A"
"006693","0079","A"
"006694","0079","A"
"006695","0079","A"
"006696","0079","A"
"006697","0079","A"
"006699","0079","A"
"006700","0079","A"
"006701","0079","A"
"006702","0079","A"
"006703","0079","A"
"006704","0079","A"
"006705","0079","A"
"006706","0079","A"
"006707","0079","A"
"006708","0079","A"
"006709","0079","A"
"006710","0079","A"
"006711","0079","A"
"006712","0079","A"
"006713","0079","A"
"006714","0079","A"
"006715","0079","A"
"006716","0079","A"
"006717","0079","A"
"006718","0079","A"
"006719","0079","A"
"006720","0079","A"
"006721","0079","A"
"006722","0079","A"
"006723","0079","A"
"006725","0079","A"
"006726","0079","A"
"006727","0079","A"
"019435","0218","A"
"019185","0218","A"
"007060","0218","A"
"028852","0004","A"
"028853","0004","A"
"028854","0004","A"
"028890","0004","A"
"028897","0004","A"
"028899","0004","A"
"028900","0004","A"
"028901","0004","A"
"028902","0004","A"
"028903","0004","A"
"028904","0004","A"
"028905","0004","A"
"028906","0004","A"
"028907","0004","A"
"028908","0004","A"
"028909","0004","A"
"028910","0004","A"
"028911","0004","A"
"028935","0004","A"
"028936","0004","A"
"028937","0004","A"
"028938","0004","A"
"028939","0004","A"
"028940","0004","A"
"028941","0004","A"
"028942","0004","A"
"029273","0004","A"
"029299","0179","A"
"029302","0179","A"
"029315","0004","A"
"029316","0004","A"
"029346","0004","A"
"029347","0004","A"
"029348","0004","A"
"029349","0004","A"
"029350","0004","A"
"029351","0004","A"
"029352","0004","A"
"029353","0004","A"
"029357","0004","A"
"029358","0004","A"
"029361","0004","A"
"029362","0004","A"
"029363","0004","A"
"029365","0004","A"
"029369","0004","A"
"029370","0004","A"
"029371","0004","A"
"029372","0004","A"
"029373","0004","A"
"029374","0004","A"
"029375","0004","A"
"029376","0004","A"
"029377","0004","A"
"029378","0004","A"
"029379","0004","A"
"029380","0004","A"
"029381","0004","A"
"029382","0004","A"
"029383","0004","A"
"029384","0004","A"
"029504","0004","A"
"029505","0004","A"
"029506","0004","A"
"029507","0004","A"
"029508","0004","A"
"029509","0004","A"
"029510","0004","A"
"029511","0004","A"
"029512","0004","A"
"029513","0004","A"
"029514","0004","A"
"029515","0004","A"
"029516","0004","A"
"029517","0004","A"
"029518","0004","A"
"029519","0004","A"
"029520","0004","A"
"029521","0004","A"
"029522","0004","A"
"029523","0004","A"
"029524","0004","A"
"029525","0004","A"
"029526","0004","A"
"029528","0004","A"
"029529","0004","A"
"029531","0004","A"
"029533","0004","A"
"029534","0004","A"
"029535","0004","A"
"029536","0004","A"
"029537","0004","A"
"029538","0004","A"
"029539","0004","A"
"029540","0004","A"
"029542","0004","A"
"029543","0004","A"
"029544","0004","A"
"029545","0004","A"
"029546","0004","A"
"029591","0004","A"
"029592","0004","A"
"029593","0004","A"
"029594","0004","A"
"029595","0004","A"
"029599","0004","A"
"029600","0004","A"
"029601","0004","A"
"029602","0004","A"
"030005","0004","A"
"030006","0004","A"
"030256","0184","A"
"030262","0216","A"
"030432","0004","A"
"030433","0004","A"
"030434","0004","A"
"030435","0004","A"
"030436","0004","A"
"030437","0004","A"
"030438","0004","A"
"030439","0004","A"
"030440","0004","A"
"030441","0004","A"
"030445","0004","A"
"030447","0004","A"
"030450","0004","A"
"030453","0004","A"
"030454","0004","A"
"030455","0004","A"
"030456","0004","A"
"030457","0004","A"
"030458","0004","A"
"030459","0004","A"
"030555","0004","A"
"030860","0004","A"
"030865","0004","A"
"031449","0004","A"
"031500","0218","A"
"031504","0185","A"
"031505","0185","A"
"031506","0185","A"
"009189","0185","A"
"031746","0004","A"
"031747","0004","A"
"031748","0004","A"
"031749","0004","A"
"031855","0004","A"
"031857","0004","A"
"031858","0004","A"
"031859","0004","A"
"031860","0004","A"
"031861","0004","A"
"031862","0004","A"
"031966","0004","A"
"031991","0004","A"
"031993","0004","A"
"031995","0004","A"
"031996","0004","A"
"031997","0004","A"
"031998","0004","A"
"031999","0004","A"
"032000","0004","A"
"032001","0004","A"
"032004","0004","A"
"032008","0004","A"
"032009","0004","A"
"032010","0004","A"
"032384","0004","A"
"032387","0004","A"
"032388","0004","A"
"032389","0004","A"
"032670","0004","A"
"032671","0004","A"
"032672","0004","A"
"032673","0004","A"
"032674","0004","A"
"032675","0004","A"
"032676","0004","A"
"032677","0004","A"
"032678","0004","A"
"032679","0004","A"
"032680","0004","A"
"032681","0004","A"
"032682","0004","A"
"032683","0004","A"
"032684","0004","A"
"032723","0004","A"
"032724","0004","A"
"032725","0004","A"
"032726","0004","A"
"032727","0004","A"
"032728","0004","A"
"032779","0004","A"
"032875","0004","A"
"032876","0004","A"
"032906","0004","A"
"033099","0004","A"
"033159","0004","A"
"033160","0004","A"
"033407","0004","A"
"033476","0004","A"
"033477","0004","A"
"033478","0004","A"
"033479","0004","A"
"033539","0004","A"
"033540","0004","A"
"033541","0004","A"
"027338","0180","A"
"027339","0180","A"
"027340","0180","A"
"027341","0180","A"
"027342","0180","A"
"027343","0180","A"
"027344","0180","A"
"027345","0180","A"
"027346","0180","A"
"027347","0180","A"
"027348","0180","A"
"027349","0180","A"
"027350","0180","A"
"027351","0180","A"
"027352","0180","A"
"027353","0180","A"
"027354","0180","A"
"027355","0180","A"
"027356","0180","A"
"027357","0180","A"
"027358","0180","A"
"027359","0180","A"
"027360","0180","A"
"027361","0180","A"
"027362","0180","A"
"027363","0180","A"
"027364","0180","A"
"027365","0180","A"
"027366","0180","A"
"027367","0180","A"
"029291","0179","A"
"029292","0179","A"
"029294","0179","A"
"029297","0179","A"
"029327","0004","A"
"029328","0004","A"
"029329","0004","A"
"029339","0004","A"
"029340","0004","A"
"030398","0004","A"
"030399","0004","A"
"030648","0004","A"
"030653","0004","A"
"030654","0004","A"
"030655","0004","A"
"030656","0004","A"
"031053","0004","A"
"031064","0004","A"
"031065","0004","A"
"031066","0004","A"
"031097","0004","A"
"031098","0004","A"
"031138","0004","A"
"031642","0004","A"
"031872","0004","A"
"031873","0004","A"
"032930","0004","A"
"032931","0004","A"
"033116","0004","A"
"033120","0004","A"
"033316","0004","A"
"033317","0004","A"
"033496","0004","A"
"033805","0004","A"
"033866","0004","A"
"033880","0004","A"
"034158","0004","A"
"034437","0004","A"
"034438","0004","A"
"034439","0004","A"
"034440","0004","A"
"034441","0004","A"
"034442","0004","A"
"034443","0004","A"
"034444","0004","A"
"034445","0004","A"
"034447","0004","A"
"034448","0004","A"
"006728","0079","A"
"006729","0079","A"
"006730","0079","A"
"006731","0079","A"
"006732","0079","A"
"006733","0079","A"
"006734","0079","A"
"006735","0079","A"
"006736","0079","A"
"006737","0079","A"
"006738","0079","A"
"006739","0079","A"
"006740","0079","A"
"006741","0079","A"
"006742","0079","A"
"006743","0079","A"
"006744","0079","A"
"006745","0079","A"
"006746","0079","A"
"006747","0079","A"
"006748","0079","A"
"006749","0079","A"
"006750","0079","A"
"006751","0079","A"
"006752","0079","A"
"006753","0079","A"
"006754","0079","A"
"006755","0079","A"
"006756","0079","A"
"006757","0079","A"
"006758","0079","A"
"006759","0079","A"
"006760","0079","A"
"006761","0079","A"
"006762","0079","A"
"006763","0079","A"
"006764","0079","A"
"006765","0079","A"
"006766","0079","A"
"006767","0079","A"
"006768","0079","A"
"014885","0163","A"
"006770","0079","A"
"006771","0079","A"
"006772","0079","A"
"006773","0079","A"
"006774","0079","A"
"006775","0079","A"
"006776","0079","A"
"006777","0079","A"
"006778","0079","A"
"006779","0079","A"
"006780","0079","A"
"006781","0079","A"
"006782","0079","A"
"006783","0079","A"
"006784","0079","A"
"006785","0079","A"
"006786","0079","A"
"006787","0079","A"
"006788","0079","A"
"006789","0079","A"
"006790","0079","A"
"006791","0079","A"
"006792","0079","A"
"006793","0079","A"
"006794","0079","A"
"006795","0079","A"
"006796","0079","A"
"006798","0079","A"
"006799","0079","A"
"006800","0079","A"
"006801","0079","A"
"006802","0079","A"
"006803","0079","A"
"006805","0079","A"
"006806","0079","A"
"006807","0079","A"
"006808","0079","A"
"006810","0079","A"
"006811","0079","A"
"006812","0079","A"
"006814","0079","A"
"014591","0004","A"
"014134","0098","A"
"014570","0004","A"
"014599","0098","A"
"014600","0098","A"
"014721","0004","A"
"014884","0163","A"
"014886","0163","A"
"014887","0163","A"
"014888","0163","A"
"014889","0163","A"
"014890","0163","A"
"014891","0163","A"
"014892","0163","A"
"014893","0163","A"
"014894","0163","A"
"014895","0163","A"
"014896","0163","A"
"014897","0163","A"
"014898","0163","A"
"014899","0163","A"
"014900","0163","A"
"014901","0163","A"
"014902","0163","A"
"014903","0163","A"
"014904","0163","A"
"014905","0163","A"
"014906","0163","A"
"015107","0077","A"
"015229","0142","A"
"015230","0142","A"
"015231","0142","A"
"015232","0142","A"
"019549","0163","A"
"019594","0098","A"
"019595","0098","A"
"019597","0098","A"
"019596","0098","A"
"019779","0084","A"
"019780","0084","A"
"019781","0084","A"
"019782","0084","A"
"019783","0084","A"
"019784","0084","A"
"019785","0084","A"
"019786","0084","A"
"019787","0084","A"
"019788","0084","A"
"019789","0084","A"
"019790","0084","A"
"019791","0084","A"
"019792","0084","A"
"019793","0084","A"
"019794","0084","A"
"019795","0084","A"
"019796","0084","A"
"019797","0084","A"
"020646","0084","A"
"020647","0084","A"
"020648","0084","A"
"020649","0084","A"
"020650","0084","A"
"020651","0084","A"
"020652","0084","A"
"020653","0084","A"
"020654","0084","A"
"020655","0084","A"
"020658","0075","A"
"020659","0075","A"
"020707","0004","A"
"020708","0004","A"
"020709","0004","A"
"020712","0004","A"
"020713","0004","A"
"020714","0004","A"
"020814","0004","A"
"010133","0179","A"
"020823","0004","A"
"020892","0004","A"
"021097","0178","A"
"021098","0178","A"
"021099","0178","A"
"021100","0178","A"
"021101","0178","A"
"021102","0178","A"
"021103","0178","A"
"021104","0178","A"
"021105","0178","A"
"021106","0178","A"
"021107","0178","A"
"021109","0178","A"
"021110","0178","A"
"021111","0178","A"
"021112","0178","A"
"021113","0178","A"
"021114","0178","A"
"021115","0178","A"
"021116","0178","A"
"021117","0178","A"
"021118","0178","A"
"021119","0178","A"
"021120","0178","A"
"021121","0178","A"
"021122","0178","A"
"021123","0178","A"
"021124","0178","A"
"021125","0178","A"
"021126","0178","A"
"021127","0178","A"
"021128","0178","A"
"021129","0178","A"
"021130","0178","A"
"021131","0178","A"
"021132","0178","A"
"021133","0178","A"
"021134","0178","A"
"021135","0178","A"
"021136","0178","A"
"021137","0178","A"
"021138","0178","A"
"021141","0178","A"
"021139","0178","A"
"021140","0178","A"
"021142","0178","A"
"021143","0178","A"
"021144","0178","A"
"021145","0178","A"
"021146","0178","A"
"021147","0178","A"
"021148","0178","A"
"021149","0178","A"
"021150","0178","A"
"021151","0178","A"
"021152","0178","A"
"021153","0178","A"
"021154","0178","A"
"021155","0178","A"
"021156","0178","A"
"021157","0178","A"
"021158","0178","A"
"021259","0004","A"
"021260","0004","A"
"001758","0004","A"
"001759","0004","A"
"001760","0004","A"
"001761","0004","A"
"001836","0004","A"
"001837","0004","A"
"001838","0004","A"
"001839","0004","A"
"001840","0004","A"
"001841","0004","A"
"001842","0004","A"
"001843","0004","A"
"001844","0004","A"
"001845","0004","A"
"002327","0004","A"
"002328","0004","A"
"002329","0004","A"
"002330","0004","A"
"002331","0004","A"
"002332","0004","A"
"002333","0004","A"
"002334","0004","A"
"002335","0004","A"
"002336","0004","A"
"002337","0004","A"
"010912","0015","A"
"010913","0015","A"
"010914","0015","A"
"010915","0015","A"
"010916","0015","A"
"010917","0015","A"
"010918","0015","A"
"010919","0015","A"
"010920","0015","A"
"010921","0015","A"
"010922","0015","A"
"010923","0015","A"
"010924","0015","A"
"010925","0015","A"
"010926","0015","A"
"010927","0015","A"
"010928","0015","A"
"010929","0015","A"
"010930","0015","A"
"010931","0015","A"
"010932","0015","A"
"010933","0015","A"
"010934","0015","A"
"010935","0015","A"
"010936","0015","A"
"010937","0015","A"
"010938","0015","A"
"010939","0015","A"
"010940","0015","A"
"010941","0015","A"
"010942","0015","A"
"010943","0015","A"
"010944","0015","A"
"010945","0015","A"
"010946","0015","A"
"010947","0015","A"
"010948","0015","A"
"010950","0015","A"
"010951","0015","A"
"010952","0015","A"
"010953","0015","A"
"010954","0015","A"
"010955","0015","A"
"010956","0015","A"
"010957","0015","A"
"010958","0015","A"
"010959","0015","A"
"010960","0015","A"
"010961","0015","A"
"010962","0015","A"
"010963","0015","A"
"010964","0015","A"
"010965","0015","A"
"010966","0015","A"
"010967","0015","A"
"010968","0015","A"
"010969","0015","A"
"010970","0015","A"
"010971","0015","A"
"010972","0015","A"
"010973","0015","A"
"010974","0015","A"
"010975","0015","A"
"010976","0015","A"
"010977","0015","A"
"010978","0015","A"
"010979","0015","A"
"010980","0015","A"
"010981","0015","A"
"010982","0015","A"
"010983","0015","A"
"010984","0015","A"
"010985","0015","A"
"010986","0015","A"
"010987","0015","A"
"010988","0015","A"
"010989","0015","A"
"010990","0015","A"
"010991","0015","A"
"010992","0015","A"
"010993","0015","A"
"010994","0015","A"
"010995","0015","A"
"010996","0015","A"
"010997","0015","A"
"010998","0015","A"
"010999","0015","A"
"011000","0015","A"
"011001","0015","A"
"011002","0015","A"
"011003","0015","A"
"011004","0015","A"
"011005","0015","A"
"011006","0015","A"
"011007","0015","A"
"011008","0015","A"
"011009","0015","A"
"011010","0015","A"
"011011","0015","A"
"011012","0015","A"
"011013","0015","A"
"011014","0015","A"
"011015","0015","A"
"011016","0015","A"
"011017","0015","A"
"011018","0015","A"
"011019","0015","A"
"011020","0015","A"
"011021","0015","A"
"011022","0015","A"
"011023","0015","A"
"011024","0015","A"
"011025","0015","A"
"011026","0015","A"
"011027","0015","A"
"011028","0015","A"
"011029","0015","A"
"011030","0015","A"
"011031","0015","A"
"011032","0015","A"
"011033","0015","A"
"011034","0015","A"
"011035","0015","A"
"011036","0015","A"
"011037","0015","A"
"011038","0015","A"
"011039","0015","A"
"011040","0015","A"
"011041","0015","A"
"011042","0015","A"
"011043","0015","A"
"011044","0015","A"
"011045","0015","A"
"011046","0015","A"
"011047","0015","A"
"011048","0015","A"
"011049","0015","A"
"011050","0015","A"
"011051","0015","A"
"011052","0015","A"
"011053","0015","A"
"011054","0015","A"
"011055","0015","A"
"011056","0015","A"
"011057","0015","A"
"011058","0015","A"
"011059","0015","A"
"011061","0015","A"
"011062","0015","A"
"011063","0015","A"
"011064","0015","A"
"011065","0015","A"
"011066","0015","A"
"011067","0015","A"
"011068","0015","A"
"011069","0015","A"
"011070","0015","A"
"011071","0015","A"
"011072","0015","A"
"011073","0015","A"
"011074","0015","A"
"011075","0015","A"
"011076","0015","A"
"011077","0015","A"
"011078","0015","A"
"011079","0015","A"
"011080","0015","A"
"011081","0015","A"
"011082","0015","A"
"011083","0015","A"
"011084","0015","A"
"011085","0015","A"
"011086","0015","A"
"011087","0015","A"
"011088","0015","A"
"011089","0015","A"
"011090","0015","A"
"011091","0015","A"
"011092","0015","A"
"011093","0015","A"
"011094","0015","A"
"011095","0015","A"
"011096","0015","A"
"011097","0015","A"
"011098","0015","A"
"011099","0015","A"
"011100","0015","A"
"011101","0015","A"
"011102","0015","A"
"011103","0015","A"
"011104","0015","A"
"011105","0015","A"
"011106","0015","A"
"011107","0015","A"
"011108","0015","A"
"011109","0015","A"
"011110","0015","A"
"011111","0015","A"
"011112","0015","A"
"011113","0015","A"
"011114","0015","A"
"011115","0015","A"
"011116","0015","A"
"011117","0015","A"
"011118","0015","A"
"011119","0015","A"
"011120","0015","A"
"011121","0015","A"
"011122","0015","A"
"011123","0015","A"
"011124","0015","A"
"011125","0015","A"
"011126","0015","A"
"011127","0015","A"
"011128","0015","A"
"011129","0015","A"
"011130","0015","A"
"011131","0015","A"
"011132","0015","A"
"011133","0015","A"
"011134","0015","A"
"011135","0015","A"
"011136","0015","A"
"011137","0015","A"
"011138","0015","A"
"011139","0015","A"
"011140","0015","A"
"011141","0015","A"
"011142","0015","A"
"011143","0015","A"
"011144","0015","A"
"011145","0015","A"
"011146","0015","A"
"011147","0015","A"
"011148","0015","A"
"011149","0015","A"
"011150","0015","A"
"011151","0015","A"
"011152","0015","A"
"011153","0015","A"
"011154","0015","A"
"011155","0015","A"
"011156","0015","A"
"011157","0015","A"
"011158","0015","A"
"011159","0015","A"
"011160","0015","A"
"011161","0015","A"
"011162","0015","A"
"011163","0015","A"
"011164","0015","A"
"011165","0015","A"
"011166","0015","A"
"011167","0015","A"
"011168","0015","A"
"011169","0015","A"
"011170","0015","A"
"011171","0015","A"
"011172","0015","A"
"011173","0015","A"
"011174","0015","A"
"011175","0015","A"
"011176","0015","A"
"011177","0015","A"
"011178","0015","A"
"011179","0015","A"
"011180","0015","A"
"011181","0015","A"
"011182","0015","A"
"011183","0015","A"
"011184","0015","A"
"011185","0015","A"
"011186","0015","A"
"011188","0015","A"
"011189","0015","A"
"011190","0015","A"
"011191","0015","A"
"011192","0015","A"
"011193","0015","A"
"011194","0015","A"
"011195","0015","A"
"011196","0015","A"
"011197","0015","A"
"011198","0015","A"
"011199","0015","A"
"011200","0015","A"
"011201","0015","A"
"011202","0015","A"
"011203","0015","A"
"011205","0015","A"
"011206","0015","A"
"011207","0015","A"
"011208","0015","A"
"011209","0015","A"
"011210","0015","A"
"011211","0015","A"
"011212","0015","A"
"011213","0015","A"
"011214","0015","A"
"011215","0015","A"
"011216","0015","A"
"011217","0015","A"
"011218","0015","A"
"011219","0015","A"
"011220","0015","A"
"011221","0015","A"
"011222","0015","A"
"011223","0015","A"
"011224","0015","A"
"011225","0015","A"
"011226","0015","A"
"011227","0015","A"
"011228","0015","A"
"011229","0015","A"
"011230","0015","A"
"011231","0015","A"
"011232","0015","A"
"011233","0015","A"
"011234","0015","A"
"011235","0015","A"
"011236","0015","A"
"011237","0015","A"
"011238","0015","A"
"011239","0015","A"
"011240","0015","A"
"011241","0015","A"
"011242","0015","A"
"011243","0015","A"
"011244","0015","A"
"011245","0015","A"
"011246","0015","A"
"011247","0015","A"
"011248","0015","A"
"011249","0015","A"
"011250","0015","A"
"011251","0015","A"
"011252","0015","A"
"011253","0015","A"
"011254","0015","A"
"011255","0015","A"
"011256","0015","A"
"011257","0015","A"
"011258","0015","A"
"011259","0015","A"
"011260","0015","A"
"011261","0015","A"
"011262","0015","A"
"011263","0015","A"
"011264","0015","A"
"011265","0015","A"
"011266","0015","A"
"011267","0015","A"
"011268","0015","A"
"011269","0015","A"
"011270","0015","A"
"013280","0178","A"
"026764","0004","A"
"011683","0199","A"
"026136","0004","A"
"026762","0004","A"
"026763","0004","A"
"026765","0004","A"
"026766","0004","A"
"026767","0004","A"
"026768","0004","A"
"026769","0004","A"
"026770","0004","A"
"026771","0004","A"
"026772","0004","A"
"028568","0004","A"
"028569","0004","A"
"028570","0004","A"
"028571","0004","A"
"028572","0004","A"
"028573","0004","A"
"028577","0184","A"
"028585","0004","A"
"028586","0004","A"
"028629","0004","A"
"029325","0004","A"
"030926","0004","A"
"030451","0179","A"
"030452","0179","A"
"019396","0217","A"
"004684","0217","A"
"004685","0217","A"
"030925","0004","A"
"030927","0004","A"
"030928","0004","A"
"031047","0004","A"
"031048","0004","A"
"031049","0004","A"
"031132","0004","A"
"031172","0004","A"
"031721","0004","A"
"031722","0004","A"
"031958","0004","A"
"031959","0004","A"
"031960","0004","A"
"031961","0004","A"
"031962","0004","A"
"032020","0004","A"
"032021","0004","A"
"033241","0004","A"
"033242","0004","A"
"033252","0004","A"
"033355","0004","A"
"033356","0004","A"
"033357","0004","A"
"033358","0004","A"
"033548","0004","A"
"034253","0004","A"
"034254","0004","A"
"034255","0004","A"
"034256","0004","A"
"034257","0004","A"
"034258","0004","A"
"034430","0004","A"
"034434","0004","A"
"025970","0004","A"
"029652","0185","A"
"029653","0185","A"
"029655","0185","A"
"029656","0185","A"
"029658","0185","A"
"029659","0185","A"
"029661","0088","A"
"031481","0004","A"
"031482","0004","A"
"031483","0004","A"
"031484","0004","A"
"031485","0004","A"
"031486","0004","A"
"031588","0004","A"
"031589","0004","A"
"031590","0004","A"
"031591","0004","A"
"031592","0004","A"
"031593","0004","A"
"031594","0004","A"
"031595","0004","A"
"031661","0004","A"
"031662","0004","A"
"031663","0004","A"
"031664","0004","A"
"031665","0004","A"
"031666","0004","A"
"031667","0004","A"
"031668","0004","A"
"031669","0004","A"
"031670","0004","A"
"031671","0004","A"
"031672","0004","A"
"031673","0004","A"
"032151","0004","A"
"032152","0004","A"
"032153","0004","A"
"032154","0004","A"
"032155","0004","A"
"032156","0004","A"
"032157","0004","A"
"032258","0004","A"
"032259","0004","A"
"032260","0004","A"
"032261","0004","A"
"032350","0190","A"
"032354","0175","A"
"032995","0004","A"
"033318","0004","A"
"034176","0004","A"
"011271","0015","A"
"011272","0015","A"
"011273","0015","A"
"011274","0015","A"
"011275","0015","A"
"011276","0015","A"
"011277","0015","A"
"011278","0015","A"
"011279","0015","A"
"011280","0015","A"
"011281","0015","A"
"011282","0015","A"
"011283","0015","A"
"011284","0015","A"
"011285","0015","A"
"011286","0015","A"
"011287","0015","A"
"011288","0015","A"
"011289","0015","A"
"011290","0015","A"
"011291","0015","A"
"011292","0015","A"
"011293","0015","A"
"011294","0015","A"
"011295","0015","A"
"011296","0015","A"
"011297","0015","A"
"011298","0015","A"
"011299","0015","A"
"011300","0015","A"
"011301","0015","A"
"011302","0015","A"
"011303","0015","A"
"011304","0015","A"
"011305","0015","A"
"011306","0015","A"
"011307","0015","A"
"011308","0015","A"
"011309","0015","A"
"011310","0015","A"
"011311","0015","A"
"011312","0015","A"
"011313","0015","A"
"011314","0015","A"
"011315","0015","A"
"011316","0015","A"
"011317","0015","A"
"011318","0015","A"
"011319","0015","A"
"011320","0015","A"
"011321","0015","A"
"011322","0015","A"
"011323","0015","A"
"011324","0015","A"
"011325","0015","A"
"011326","0015","A"
"011327","0015","A"
"011328","0015","A"
"011329","0015","A"
"011330","0015","A"
"011331","0015","A"
"011332","0015","A"
"011333","0015","A"
"011334","0015","A"
"011335","0015","A"
"011336","0015","A"
"011337","0015","A"
"011338","0015","A"
"011339","0015","A"
"011340","0015","A"
"011341","0015","A"
"011342","0015","A"
"011343","0015","A"
"011344","0015","A"
"011345","0015","A"
"011346","0015","A"
"011347","0015","A"
"011348","0015","A"
"011349","0015","A"
"011350","0015","A"
"011351","0015","A"
"011352","0015","A"
"011353","0015","A"
"011354","0015","A"
"011355","0015","A"
"011356","0015","A"
"011357","0015","A"
"011358","0015","A"
"011359","0015","A"
"011360","0015","A"
"011361","0015","A"
"011362","0015","A"
"011363","0015","A"
"011364","0015","A"
"011365","0015","A"
"011366","0015","A"
"011367","0015","A"
"011368","0015","A"
"011369","0015","A"
"011370","0015","A"
"011371","0015","A"
"011372","0015","A"
"011373","0015","A"
"011374","0015","A"
"011375","0015","A"
"011376","0015","A"
"011377","0015","A"
"011378","0015","A"
"011379","0015","A"
"011380","0015","A"
"011381","0015","A"
"011382","0015","A"
"011383","0015","A"
"011384","0015","A"
"011385","0015","A"
"011386","0015","A"
"011387","0015","A"
"011388","0015","A"
"011389","0015","A"
"011390","0015","A"
"011391","0015","A"
"011392","0015","A"
"011393","0015","A"
"011394","0015","A"
"011395","0015","A"
"011396","0015","A"
"011397","0015","A"
"011398","0015","A"
"011399","0015","A"
"011400","0015","A"
"011401","0015","A"
"011402","0015","A"
"011403","0015","A"
"011404","0015","A"
"011405","0015","A"
"011406","0015","A"
"011407","0015","A"
"011408","0015","A"
"011409","0015","A"
"011410","0015","A"
"011411","0015","A"
"011412","0015","A"
"011413","0015","A"
"011414","0015","A"
"011415","0015","A"
"011416","0015","A"
"011417","0015","A"
"011418","0015","A"
"011419","0015","A"
"011420","0015","A"
"011421","0015","A"
"011422","0015","A"
"011423","0015","A"
"011424","0015","A"
"011425","0015","A"
"011426","0015","A"
"011427","0015","A"
"011428","0015","A"
"011429","0015","A"
"011430","0015","A"
"011431","0015","A"
"011432","0015","A"
"011433","0015","A"
"011434","0015","A"
"011435","0015","A"
"011436","0015","A"
"011437","0015","A"
"011438","0015","A"
"011439","0015","A"
"011440","0015","A"
"011441","0015","A"
"011442","0015","A"
"011443","0015","A"
"011444","0015","A"
"011445","0015","A"
"011446","0015","A"
"011447","0015","A"
"011448","0015","A"
"011449","0015","A"
"011450","0015","A"
"011451","0015","A"
"011452","0015","A"
"011453","0015","A"
"011454","0015","A"
"011455","0015","A"
"011456","0015","A"
"011457","0015","A"
"011458","0015","A"
"011459","0015","A"
"011460","0015","A"
"011461","0015","A"
"011462","0015","A"
"011463","0015","A"
"011464","0015","A"
"011465","0015","A"
"011466","0015","A"
"011467","0015","A"
"011468","0015","A"
"011469","0015","A"
"011470","0015","A"
"011471","0015","A"
"011472","0015","A"
"011473","0015","A"
"011474","0015","A"
"011475","0015","A"
"011476","0015","A"
"011477","0015","A"
"011478","0015","A"
"011479","0015","A"
"011480","0015","A"
"011481","0015","A"
"011482","0015","A"
"011483","0015","A"
"011484","0015","A"
"011485","0015","A"
"011486","0015","A"
"011487","0015","A"
"011488","0015","A"
"011489","0015","A"
"011490","0015","A"
"011491","0015","A"
"011492","0015","A"
"011493","0015","A"
"011494","0015","A"
"011495","0015","A"
"011496","0015","A"
"011497","0015","A"
"011498","0015","A"
"011499","0015","A"
"011500","0015","A"
"011501","0015","A"
"011502","0015","A"
"011503","0015","A"
"011504","0015","A"
"011505","0015","A"
"011506","0015","A"
"011507","0015","A"
"011508","0015","A"
"011509","0015","A"
"011510","0015","A"
"011511","0015","A"
"011512","0015","A"
"011513","0015","A"
"011514","0015","A"
"011515","0015","A"
"011516","0015","A"
"004676","0098","A"
"011714","0106","A"
"011715","0106","A"
"011716","0106","A"
"011717","0106","A"
"011718","0106","A"
"011720","0106","A"
"011721","0106","A"
"011723","0106","A"
"011724","0106","A"
"011725","0106","A"
"011726","0106","A"
"011727","0106","A"
"011728","0106","A"
"011729","0106","A"
"011730","0106","A"
"011731","0106","A"
"011732","0106","A"
"011733","0106","A"
"011734","0106","A"
"011735","0106","A"
"011737","0106","A"
"011738","0106","A"
"011739","0106","A"
"011740","0106","A"
"011741","0106","A"
"011743","0106","A"
"011744","0106","A"
"011745","0106","A"
"011746","0106","A"
"011748","0106","A"
"011750","0106","A"
"011751","0106","A"
"011752","0106","A"
"011753","0106","A"
"011754","0106","A"
"011755","0106","A"
"011756","0106","A"
"011757","0106","A"
"011758","0106","A"
"011759","0106","A"
"011761","0106","A"
"011762","0106","A"
"011763","0106","A"
"011764","0106","A"
"011765","0106","A"
"011767","0106","A"
"011769","0106","A"
"011770","0106","A"
"011773","0106","A"
"011774","0106","A"
"011775","0106","A"
"011777","0106","A"
"011779","0106","A"
"011780","0106","A"
"011781","0106","A"
"011782","0106","A"
"011783","0106","A"
"011784","0106","A"
"011785","0106","A"
"011787","0106","A"
"011788","0106","A"
"011790","0106","A"
"011791","0106","A"
"011792","0106","A"
"011793","0106","A"
"011794","0106","A"
"011795","0106","A"
"011796","0106","A"
"011797","0106","A"
"011798","0106","A"
"011799","0106","A"
"011800","0106","A"
"011801","0106","A"
"011802","0106","A"
"011803","0106","A"
"011804","0106","A"
"011805","0106","A"
"011806","0106","A"
"011808","0106","A"
"011809","0106","A"
"011812","0106","A"
"011813","0106","A"
"011814","0106","A"
"011816","0106","A"
"011817","0106","A"
"011818","0106","A"
"011819","0106","A"
"011820","0106","A"
"011821","0106","A"
"011822","0106","A"
"011824","0106","A"
"011825","0106","A"
"011826","0106","A"
"011827","0106","A"
"011829","0106","A"
"011830","0106","A"
"011831","0106","A"
"011832","0106","A"
"011833","0106","A"
"011835","0106","A"
"011836","0106","A"
"011838","0106","A"
"011839","0106","A"
"011840","0106","A"
"011841","0106","A"
"011842","0106","A"
"011843","0106","A"
"011844","0106","A"
"011845","0106","A"
"011846","0106","A"
"011847","0106","A"
"011848","0106","A"
"011849","0106","A"
"011850","0106","A"
"011852","0106","A"
"011853","0106","A"
"011856","0106","A"
"011857","0106","A"
"011858","0106","A"
"011859","0106","A"
"011860","0106","A"
"011861","0106","A"
"011862","0106","A"
"011863","0106","A"
"011864","0106","A"
"011865","0106","A"
"011866","0106","A"
"011867","0106","A"
"011868","0106","A"
"011869","0106","A"
"011871","0106","A"
"011872","0106","A"
"011875","0106","A"
"011876","0106","A"
"011878","0106","A"
"002401","0004","A"
"014718","0163","A"
"006885","0099","A"
"006886","0099","A"
"006887","0099","A"
"006888","0099","A"
"006889","0099","A"
"006890","0099","A"
"006891","0099","A"
"006892","0099","A"
"006893","0099","A"
"006894","0099","A"
"006895","0099","A"
"006896","0099","A"
"014565","0098","A"
"006898","0099","A"
"014701","0077","A"
"006900","0099","A"
"006901","0099","A"
"006902","0099","A"
"006903","0099","A"
"006904","0099","A"
"006905","0099","A"
"005908","0100","A"
"005909","0100","A"
"005910","0100","A"
"005911","0100","A"
"005912","0100","A"
"005913","0100","A"
"005914","0100","A"
"005916","0100","A"
"005917","0100","A"
"005919","0100","A"
"005921","0100","A"
"005922","0100","A"
"005923","0100","A"
"005924","0100","A"
"005925","0100","A"
"005926","0100","A"
"005928","0100","A"
"005929","0100","A"
"005930","0100","A"
"005931","0100","A"
"005932","0100","A"
"005933","0100","A"
"005934","0100","A"
"006314","0101","A"
"006315","0101","A"
"006316","0101","A"
"006281","0102","A"
"006282","0102","A"
"006283","0102","A"
"006284","0102","A"
"004642","0098","A"
"006287","0102","A"
"006288","0102","A"
"006289","0102","A"
"006290","0102","A"
"006291","0102","A"
"006293","0102","A"
"006294","0102","A"
"006295","0102","A"
"006298","0102","A"
"006299","0102","A"
"006300","0102","A"
"004617","0019","A"
"006278","0102","A"
"006279","0102","A"
"006292","0102","A"
"006297","0102","A"
"006301","0102","A"
"006199","0103","A"
"009380","0104","A"
"006318","0105","A"
"006319","0105","A"
"006320","0105","A"
"006321","0105","A"
"006322","0105","A"
"006323","0105","A"
"006324","0105","A"
"006325","0105","A"
"006326","0105","A"
"006327","0105","A"
"006328","0105","A"
"006330","0105","A"
"006331","0105","A"
"006332","0105","A"
"006333","0105","A"
"006334","0105","A"
"006335","0105","A"
"006336","0105","A"
"006337","0105","A"
"006338","0105","A"
"006339","0105","A"
"006340","0105","A"
"006341","0105","A"
"006342","0105","A"
"006343","0105","A"
"006344","0105","A"
"006346","0105","A"
"006347","0105","A"
"006348","0105","A"
"006349","0105","A"
"006350","0105","A"
"006351","0105","A"
"006352","0105","A"
"006353","0105","A"
"006354","0105","A"
"006355","0105","A"
"006356","0105","A"
"006357","0105","A"
"006359","0105","A"
"006360","0105","A"
"006361","0105","A"
"006362","0105","A"
"006363","0105","A"
"006364","0105","A"
"006365","0105","A"
"006366","0105","A"
"006367","0105","A"
"006368","0105","A"
"006369","0105","A"
"006370","0105","A"
"004643","0098","A"
"006372","0105","A"
"006373","0105","A"
"006374","0105","A"
"006375","0105","A"
"006376","0105","A"
"006377","0105","A"
"006378","0105","A"
"006379","0105","A"
"006380","0105","A"
"006381","0105","A"
"006382","0105","A"
"006383","0105","A"
"006384","0105","A"
"006385","0105","A"
"006386","0105","A"
"014720","0163","A"
"015056","0079","A"
"019473","0163","A"
"019486","0163","A"
"019558","0163","A"
"019751","0075","A"
"020248","0110","A"
"020054","0166","A"
"020249","0110","A"
"020265","0163","A"
"020272","0163","A"
"020290","0163","A"
"020293","0163","A"
"020296","0163","A"
"020319","0163","A"
"020328","0163","A"
"020336","0163","A"
"020349","0163","A"
"020352","0163","A"
"020355","0163","A"
"020358","0163","A"
"020375","0163","A"
"020701","0177","A"
"020702","0177","A"
"020703","0177","A"
"020704","0177","A"
"020705","0177","A"
"020706","0177","A"
"020733","0004","A"
"020734","0004","A"
"020735","0004","A"
"020736","0004","A"
"020829","0004","A"
"020830","0004","A"
"020851","0004","A"
"020852","0004","A"
"020854","0004","A"
"020859","0004","A"
"020860","0004","A"
"026611","0004","A"
"004583","0217","A"
"004582","0217","A"
"028891","0004","A"
"028892","0004","A"
"028893","0004","A"
"028894","0004","A"
"028895","0004","A"
"028896","0004","A"
"029217","0004","A"
"029309","0004","A"
"029310","0004","A"
"029311","0004","A"
"030331","0004","A"
"030381","0004","A"
"030430","0004","A"
"030431","0004","A"
"030724","0004","A"
"030967","0004","A"
"031778","0178","A"
"031779","0178","A"
"031781","0178","A"
"031782","0178","A"
"031795","0004","A"
"031796","0004","A"
"031797","0004","A"
"031798","0004","A"
"031799","0004","A"
"031800","0004","A"
"031801","0004","A"
"032292","0004","A"
"032293","0004","A"
"033440","0004","A"
"033441","0004","A"
"033865","0184","A"
"002426","0004","A"
"002380","0004","A"
"002405","0004","A"
"002438","0004","A"
"004409","0004","A"
"006969","0080","A"
"006972","0080","A"
"006974","0080","A"
"006980","0080","A"
"006981","0080","A"
"006982","0080","A"
"006983","0080","A"
"006984","0080","A"
"006985","0080","A"
"006986","0080","A"
"006988","0080","A"
"006992","0080","A"
"006993","0080","A"
"006994","0080","A"
"006995","0080","A"
"006997","0080","A"
"006998","0080","A"
"007000","0080","A"
"007001","0080","A"
"007002","0080","A"
"007003","0080","A"
"007006","0080","A"
"007007","0080","A"
"007009","0080","A"
"007011","0080","A"
"007012","0080","A"
"007013","0080","A"
"007014","0080","A"
"007015","0080","A"
"007017","0080","A"
"007018","0080","A"
"007019","0080","A"
"007020","0080","A"
"007022","0080","A"
"007023","0080","A"
"007024","0080","A"
"007026","0080","A"
"007027","0080","A"
"006971","0080","A"
"006973","0080","A"
"006975","0080","A"
"006978","0080","A"
"006979","0080","A"
"006989","0080","A"
"006991","0080","A"
"006996","0080","A"
"006999","0080","A"
"007004","0080","A"
"007010","0080","A"
"007016","0080","A"
"007021","0080","A"
"007025","0080","A"
"007028","0080","A"
"007029","0080","A"
"007030","0080","A"
"007066","0081","A"
"007067","0081","A"
"007068","0081","A"
"007069","0081","A"
"007070","0081","A"
"007071","0081","A"
"007072","0081","A"
"007073","0081","A"
"007074","0081","A"
"007075","0081","A"
"007076","0081","A"
"007077","0081","A"
"007078","0081","A"
"007079","0081","A"
"007080","0081","A"
"007081","0081","A"
"007082","0081","A"
"007083","0081","A"
"007084","0081","A"
"007085","0081","A"
"007086","0081","A"
"007087","0081","A"
"007088","0081","A"
"007089","0081","A"
"007090","0081","A"
"007091","0081","A"
"007092","0081","A"
"007093","0081","A"
"007094","0081","A"
"007095","0081","A"
"007096","0081","A"
"007097","0081","A"
"007098","0081","A"
"007099","0081","A"
"007100","0081","A"
"007101","0081","A"
"007102","0081","A"
"007103","0081","A"
"007104","0081","A"
"007105","0081","A"
"007107","0081","A"
"007109","0081","A"
"007110","0081","A"
"007111","0081","A"
"007112","0081","A"
"007113","0081","A"
"007114","0081","A"
"007115","0081","A"
"007116","0081","A"
"007117","0081","A"
"007118","0081","A"
"007119","0081","A"
"007120","0081","A"
"007121","0081","A"
"007122","0081","A"
"007123","0081","A"
"007124","0081","A"
"007125","0081","A"
"007126","0081","A"
"007127","0081","A"
"007128","0081","A"
"007129","0081","A"
"007130","0081","A"
"007132","0081","A"
"007133","0081","A"
"007134","0081","A"
"007135","0081","A"
"007136","0081","A"
"007137","0081","A"
"007138","0081","A"
"007139","0081","A"
"007140","0081","A"
"007141","0081","A"
"007142","0081","A"
"013812","0081","A"
"006872","0082","A"
"006873","0082","A"
"006880","0082","A"
"006881","0082","A"
"006883","0082","A"
"006871","0082","A"
"006200","0083","A"
"006201","0083","A"
"006202","0083","A"
"006203","0083","A"
"006204","0083","A"
"006205","0083","A"
"006206","0083","A"
"006207","0083","A"
"006208","0083","A"
"006209","0083","A"
"006211","0083","A"
"006212","0083","A"
"006213","0083","A"
"006214","0083","A"
"006215","0083","A"
"006216","0083","A"
"006217","0083","A"
"006218","0083","A"
"006219","0083","A"
"006220","0083","A"
"006221","0083","A"
"006222","0083","A"
"006223","0083","A"
"006225","0083","A"
"006226","0083","A"
"006227","0083","A"
"006228","0083","A"
"006229","0083","A"
"006230","0083","A"
"006231","0083","A"
"006232","0083","A"
"006233","0083","A"
"006234","0083","A"
"006235","0083","A"
"006260","0083","A"
"006261","0083","A"
"006262","0083","A"
"006263","0083","A"
"006264","0083","A"
"006265","0083","A"
"006266","0083","A"
"006267","0083","A"
"006268","0083","A"
"006269","0083","A"
"006270","0083","A"
"006271","0083","A"
"006272","0083","A"
"006273","0083","A"
"006274","0083","A"
"006275","0083","A"
"006276","0083","A"
"006238","0083","A"
"006239","0083","A"
"006240","0083","A"
"006241","0083","A"
"006242","0083","A"
"006243","0083","A"
"006244","0083","A"
"006245","0083","A"
"006247","0083","A"
"006248","0083","A"
"006250","0083","A"
"006251","0083","A"
"006253","0083","A"
"006254","0083","A"
"006255","0083","A"
"006256","0083","A"
"006257","0083","A"
"006258","0083","A"
"006259","0083","A"
"004415","0085","A"
"004416","0085","A"
"004417","0085","A"
"004418","0085","A"
"004419","0085","A"
"004420","0085","A"
"004421","0085","A"
"004422","0085","A"
"004423","0085","A"
"004424","0085","A"
"004425","0085","A"
"004426","0085","A"
"004427","0085","A"
"004429","0085","A"
"004430","0085","A"
"004431","0085","A"
"004432","0085","A"
"004433","0085","A"
"004434","0085","A"
"004435","0085","A"
"004436","0085","A"
"004437","0085","A"
"004438","0085","A"
"004439","0085","A"
"004440","0085","A"
"004441","0085","A"
"004442","0085","A"
"007864","0109","A"
"007865","0109","A"
"007866","0109","A"
"007867","0109","A"
"007868","0109","A"
"007869","0109","A"
"007870","0109","A"
"007871","0109","A"
"007872","0109","A"
"007873","0109","A"
"007874","0109","A"
"007875","0109","A"
"007876","0109","A"
"007877","0109","A"
"007879","0109","A"
"007880","0109","A"
"007881","0109","A"
"007882","0109","A"
"007883","0109","A"
"007884","0109","A"
"007885","0109","A"
"007886","0109","A"
"007887","0109","A"
"007888","0109","A"
"007890","0109","A"
"007891","0109","A"
"007893","0109","A"
"007894","0109","A"
"007895","0109","A"
"007896","0109","A"
"007897","0109","A"
"007899","0109","A"
"007900","0109","A"
"007901","0109","A"
"007902","0109","A"
"007903","0109","A"
"007904","0109","A"
"007905","0109","A"
"007906","0109","A"
"007907","0109","A"
"007908","0109","A"
"007909","0109","A"
"007910","0109","A"
"007911","0109","A"
"007912","0109","A"
"007913","0109","A"
"007914","0109","A"
"007915","0109","A"
"007916","0109","A"
"007917","0109","A"
"007918","0109","A"
"007919","0109","A"
"007920","0109","A"
"007921","0109","A"
"007922","0109","A"
"007923","0109","A"
"007924","0109","A"
"007925","0109","A"
"007926","0109","A"
"007927","0109","A"
"007928","0109","A"
"007929","0109","A"
"007930","0109","A"
"007931","0109","A"
"007932","0109","A"
"007934","0109","A"
"007935","0109","A"
"007936","0109","A"
"007937","0109","A"
"007938","0109","A"
"007939","0109","A"
"007940","0109","A"
"007941","0109","A"
"007942","0109","A"
"007943","0109","A"
"007944","0109","A"
"007945","0109","A"
"007946","0109","A"
"007947","0109","A"
"007948","0109","A"
"007949","0109","A"
"007950","0109","A"
"007951","0109","A"
"007952","0109","A"
"007953","0109","A"
"007954","0109","A"
"007955","0109","A"
"007956","0109","A"
"007957","0109","A"
"007958","0109","A"
"007959","0109","A"
"007960","0109","A"
"007962","0109","A"
"007963","0109","A"
"007964","0109","A"
"007965","0109","A"
"007966","0109","A"
"007968","0109","A"
"007969","0109","A"
"007970","0109","A"
"007971","0109","A"
"007972","0109","A"
"007973","0109","A"
"007974","0109","A"
"007975","0109","A"
"007976","0109","A"
"007977","0109","A"
"007978","0109","A"
"007979","0109","A"
"007980","0109","A"
"007981","0109","A"
"007982","0109","A"
"007983","0109","A"
"007984","0109","A"
"007985","0109","A"
"007986","0109","A"
"007987","0109","A"
"007988","0109","A"
"007989","0109","A"
"007990","0109","A"
"007991","0109","A"
"007992","0109","A"
"007993","0109","A"
"007994","0109","A"
"007995","0109","A"
"007996","0109","A"
"007997","0109","A"
"007998","0109","A"
"007999","0109","A"
"008000","0109","A"
"008001","0109","A"
"008002","0109","A"
"008003","0109","A"
"008004","0109","A"
"008005","0109","A"
"008006","0109","A"
"008007","0109","A"
"008008","0109","A"
"008009","0109","A"
"008010","0109","A"
"008011","0109","A"
"008012","0109","A"
"008013","0109","A"
"008014","0109","A"
"008015","0109","A"
"008016","0109","A"
"008017","0109","A"
"008018","0109","A"
"008019","0109","A"
"008020","0109","A"
"008021","0109","A"
"008022","0109","A"
"008023","0109","A"
"008024","0109","A"
"008025","0109","A"
"008026","0109","A"
"008027","0109","A"
"008028","0109","A"
"008029","0109","A"
"008030","0109","A"
"008031","0109","A"
"008032","0109","A"
"008033","0109","A"
"008034","0109","A"
"008035","0109","A"
"008036","0109","A"
"008037","0109","A"
"008038","0109","A"
"008039","0109","A"
"008040","0109","A"
"008041","0109","A"
"008042","0109","A"
"008043","0109","A"
"008044","0109","A"
"008045","0109","A"
"008046","0109","A"
"008047","0109","A"
"008048","0109","A"
"008049","0109","A"
"008050","0109","A"
"008051","0109","A"
"008052","0109","A"
"008053","0109","A"
"008054","0109","A"
"008056","0109","A"
"008059","0109","A"
"008060","0109","A"
"008061","0109","A"
"008062","0109","A"
"008063","0109","A"
"008064","0109","A"
"008065","0109","A"
"008066","0109","A"
"008067","0109","A"
"008068","0109","A"
"008069","0109","A"
"008070","0109","A"
"008071","0109","A"
"008072","0109","A"
"008073","0109","A"
"008074","0109","A"
"008075","0109","A"
"008076","0109","A"
"008077","0109","A"
"008079","0109","A"
"008080","0109","A"
"008081","0109","A"
"008082","0109","A"
"008083","0109","A"
"008084","0109","A"
"008085","0109","A"
"008086","0109","A"
"008087","0109","A"
"008088","0109","A"
"008089","0109","A"
"008090","0109","A"
"008091","0109","A"
"008092","0109","A"
"008093","0109","A"
"008094","0109","A"
"008095","0109","A"
"008096","0109","A"
"008097","0109","A"
"008098","0109","A"
"008099","0109","A"
"008100","0109","A"
"008101","0109","A"
"008102","0109","A"
"008103","0109","A"
"008104","0109","A"
"008106","0109","A"
"008107","0109","A"
"008108","0109","A"
"008109","0109","A"
"008110","0109","A"
"008111","0109","A"
"008112","0109","A"
"008113","0109","A"
"008114","0109","A"
"008115","0109","A"
"008116","0109","A"
"008117","0109","A"
"008118","0109","A"
"008119","0109","A"
"008120","0109","A"
"008121","0109","A"
"008122","0109","A"
"008123","0109","A"
"008124","0109","A"
"008125","0109","A"
"008126","0109","A"
"008127","0109","A"
"008128","0109","A"
"008131","0109","A"
"008132","0109","A"
"008133","0109","A"
"008135","0109","A"
"008136","0109","A"
"008137","0109","A"
"008138","0109","A"
"008139","0109","A"
"008140","0109","A"
"008141","0109","A"
"008142","0109","A"
"008144","0109","A"
"008145","0109","A"
"008146","0109","A"
"008147","0109","A"
"008148","0109","A"
"008149","0109","A"
"008150","0109","A"
"008151","0109","A"
"008152","0109","A"
"008153","0109","A"
"008154","0109","A"
"008155","0109","A"
"008156","0109","A"
"008157","0109","A"
"008158","0109","A"
"008159","0109","A"
"008160","0109","A"
"008161","0109","A"
"008162","0109","A"
"008163","0109","A"
"008164","0109","A"
"008165","0109","A"
"008166","0109","A"
"008167","0109","A"
"008168","0109","A"
"008169","0109","A"
"008170","0109","A"
"008171","0109","A"
"008173","0109","A"
"008174","0109","A"
"008175","0109","A"
"008176","0109","A"
"008177","0109","A"
"008178","0109","A"
"008179","0109","A"
"008180","0109","A"
"008182","0109","A"
"008183","0109","A"
"008184","0109","A"
"008185","0109","A"
"008187","0109","A"
"008188","0109","A"
"008189","0109","A"
"008190","0109","A"
"008191","0109","A"
"008192","0109","A"
"008194","0109","A"
"008195","0109","A"
"008196","0109","A"
"008197","0109","A"
"008198","0109","A"
"008200","0109","A"
"008201","0109","A"
"008202","0109","A"
"008203","0109","A"
"008204","0109","A"
"008205","0109","A"
"008206","0109","A"
"008207","0109","A"
"008208","0109","A"
"008210","0109","A"
"008211","0109","A"
"008212","0109","A"
"008213","0109","A"
"008214","0109","A"
"008215","0109","A"
"008216","0109","A"
"008218","0109","A"
"008219","0109","A"
"008220","0109","A"
"008221","0109","A"
"008222","0109","A"
"008223","0109","A"
"008224","0109","A"
"008225","0109","A"
"008226","0109","A"
"008227","0109","A"
"008228","0109","A"
"008229","0109","A"
"008230","0109","A"
"008231","0109","A"
"008232","0109","A"
"008233","0109","A"
"008234","0109","A"
"008235","0109","A"
"008236","0109","A"
"008237","0109","A"
"008238","0109","A"
"008239","0109","A"
"008240","0109","A"
"008241","0109","A"
"008242","0109","A"
"008243","0109","A"
"008244","0109","A"
"008245","0109","A"
"008246","0109","A"
"008247","0109","A"
"008248","0109","A"
"008249","0109","A"
"008250","0109","A"
"008251","0109","A"
"008252","0109","A"
"008253","0109","A"
"008254","0109","A"
"008255","0109","A"
"008256","0109","A"
"008257","0109","A"
"008258","0109","A"
"008259","0109","A"
"008260","0109","A"
"008261","0109","A"
"008262","0109","A"
"008263","0109","A"
"008264","0109","A"
"008265","0109","A"
"008266","0109","A"
"008267","0109","A"
"008268","0109","A"
"008269","0109","A"
"008270","0109","A"
"008271","0109","A"
"008272","0109","A"
"008273","0109","A"
"008274","0109","A"
"008275","0109","A"
"008276","0109","A"
"008277","0109","A"
"008278","0109","A"
"008279","0109","A"
"008280","0109","A"
"008284","0109","A"
"008285","0109","A"
"008287","0109","A"
"008288","0109","A"
"008289","0109","A"
"008290","0109","A"
"008291","0109","A"
"008292","0109","A"
"008293","0109","A"
"008294","0109","A"
"008295","0109","A"
"008296","0109","A"
"008297","0109","A"
"008298","0109","A"
"008300","0109","A"
"008301","0109","A"
"008302","0109","A"
"008303","0109","A"
"008304","0109","A"
"008305","0109","A"
"008306","0109","A"
"008307","0109","A"
"008308","0109","A"
"008310","0109","A"
"008311","0109","A"
"008312","0109","A"
"008313","0109","A"
"008314","0109","A"
"008315","0109","A"
"008316","0109","A"
"008317","0109","A"
"008318","0109","A"
"008319","0109","A"
"008320","0109","A"
"008321","0109","A"
"008322","0109","A"
"008323","0109","A"
"008324","0109","A"
"008325","0109","A"
"008326","0109","A"
"008327","0109","A"
"008328","0109","A"
"008329","0109","A"
"008330","0109","A"
"008331","0109","A"
"008332","0109","A"
"008333","0109","A"
"008334","0109","A"
"008335","0109","A"
"008336","0109","A"
"008337","0109","A"
"008338","0109","A"
"008339","0109","A"
"008340","0109","A"
"008341","0109","A"
"008342","0109","A"
"008343","0109","A"
"008344","0109","A"
"008345","0109","A"
"008346","0109","A"
"008347","0109","A"
"008348","0109","A"
"008349","0109","A"
"008350","0109","A"
"008351","0109","A"
"008352","0109","A"
"008353","0109","A"
"008354","0109","A"
"008355","0109","A"
"008356","0109","A"
"008357","0109","A"
"008358","0109","A"
"008359","0109","A"
"008360","0109","A"
"008362","0109","A"
"008364","0109","A"
"008365","0109","A"
"008366","0109","A"
"008367","0109","A"
"008368","0109","A"
"008369","0109","A"
"008370","0109","A"
"008371","0109","A"
"008372","0109","A"
"008373","0109","A"
"008374","0109","A"
"008375","0109","A"
"008378","0109","A"
"008379","0109","A"
"008380","0109","A"
"008381","0109","A"
"008382","0109","A"
"008383","0109","A"
"008384","0109","A"
"008385","0109","A"
"008386","0109","A"
"008387","0109","A"
"008388","0109","A"
"008389","0109","A"
"008390","0109","A"
"008392","0109","A"
"008393","0109","A"
"008394","0109","A"
"008395","0109","A"
"008396","0109","A"
"008397","0109","A"
"008398","0109","A"
"008399","0109","A"
"008400","0109","A"
"008401","0109","A"
"008402","0109","A"
"008404","0109","A"
"008405","0109","A"
"008406","0109","A"
"008407","0109","A"
"008408","0109","A"
"008409","0109","A"
"008411","0109","A"
"008412","0109","A"
"008413","0109","A"
"008414","0109","A"
"008415","0109","A"
"008416","0109","A"
"008417","0109","A"
"008418","0109","A"
"008419","0109","A"
"008420","0109","A"
"008421","0109","A"
"008422","0109","A"
"008425","0109","A"
"008426","0109","A"
"008427","0109","A"
"008428","0109","A"
"008429","0109","A"
"008430","0109","A"
"008431","0109","A"
"008432","0109","A"
"008433","0109","A"
"008434","0109","A"
"008436","0109","A"
"008438","0109","A"
"008439","0109","A"
"008440","0109","A"
"008441","0109","A"
"008443","0109","A"
"008444","0109","A"
"008445","0109","A"
"008446","0109","A"
"008447","0109","A"
"008448","0109","A"
"008449","0109","A"
"008450","0109","A"
"008451","0109","A"
"008452","0109","A"
"008453","0109","A"
"008454","0109","A"
"008455","0109","A"
"008456","0109","A"
"008457","0109","A"
"008458","0109","A"
"008459","0109","A"
"008460","0109","A"
"008461","0109","A"
"008462","0109","A"
"008463","0109","A"
"008464","0109","A"
"008465","0109","A"
"008466","0109","A"
"008467","0109","A"
"008468","0109","A"
"008469","0109","A"
"008470","0109","A"
"008471","0109","A"
"008472","0109","A"
"008473","0109","A"
"008474","0109","A"
"008475","0109","A"
"008476","0109","A"
"008477","0109","A"
"008478","0109","A"
"008479","0109","A"
"008480","0109","A"
"008481","0109","A"
"008482","0109","A"
"008483","0109","A"
"008484","0109","A"
"008485","0109","A"
"008486","0109","A"
"008487","0109","A"
"008488","0109","A"
"008489","0109","A"
"008490","0109","A"
"008491","0109","A"
"008492","0109","A"
"008493","0109","A"
"008494","0109","A"
"008495","0109","A"
"008496","0109","A"
"008497","0109","A"
"008498","0109","A"
"008499","0109","A"
"008501","0109","A"
"008502","0109","A"
"008503","0109","A"
"008504","0109","A"
"008505","0109","A"
"008506","0109","A"
"008507","0109","A"
"008508","0109","A"
"008509","0109","A"
"008511","0109","A"
"008512","0109","A"
"008513","0109","A"
"008514","0109","A"
"008515","0109","A"
"008516","0109","A"
"008517","0109","A"
"008518","0109","A"
"008519","0109","A"
"008521","0109","A"
"008522","0109","A"
"008523","0109","A"
"008524","0109","A"
"008525","0109","A"
"008526","0109","A"
"008527","0109","A"
"008528","0109","A"
"008529","0109","A"
"008530","0109","A"
"008531","0109","A"
"008533","0109","A"
"008534","0109","A"
"008535","0109","A"
"008536","0109","A"
"008537","0109","A"
"008538","0109","A"
"008539","0109","A"
"008540","0109","A"
"008541","0109","A"
"008542","0109","A"
"008543","0109","A"
"008544","0109","A"
"008546","0109","A"
"008547","0109","A"
"008548","0109","A"
"008550","0109","A"
"008551","0109","A"
"008553","0109","A"
"008554","0109","A"
"008555","0109","A"
"008557","0109","A"
"008558","0109","A"
"008559","0109","A"
"008560","0109","A"
"008561","0109","A"
"008562","0109","A"
"008563","0109","A"
"008564","0109","A"
"008565","0109","A"
"008566","0109","A"
"008567","0109","A"
"008568","0109","A"
"008569","0109","A"
"008570","0109","A"
"008572","0109","A"
"008573","0109","A"
"008574","0109","A"
"008575","0109","A"
"008576","0109","A"
"008577","0109","A"
"008578","0109","A"
"008579","0109","A"
"008580","0109","A"
"008581","0109","A"
"008582","0109","A"
"008583","0109","A"
"008584","0109","A"
"008585","0109","A"
"008586","0109","A"
"008587","0109","A"
"008588","0109","A"
"008589","0109","A"
"008590","0109","A"
"008591","0109","A"
"008592","0109","A"
"008593","0109","A"
"008594","0109","A"
"008595","0109","A"
"008596","0109","A"
"008597","0109","A"
"008598","0109","A"
"008599","0109","A"
"008600","0109","A"
"008601","0109","A"
"008603","0109","A"
"008604","0109","A"
"008606","0109","A"
"008607","0109","A"
"008609","0109","A"
"008610","0109","A"
"008611","0109","A"
"008612","0109","A"
"008613","0109","A"
"008614","0109","A"
"008615","0109","A"
"008616","0109","A"
"008617","0109","A"
"008618","0109","A"
"008619","0109","A"
"008620","0109","A"
"008621","0109","A"
"008622","0109","A"
"008623","0109","A"
"008624","0109","A"
"008625","0109","A"
"008626","0109","A"
"008627","0109","A"
"008628","0109","A"
"008629","0109","A"
"008630","0109","A"
"008631","0109","A"
"008632","0109","A"
"008633","0109","A"
"008634","0109","A"
"008635","0109","A"
"008636","0109","A"
"008637","0109","A"
"008639","0109","A"
"008640","0109","A"
"008641","0109","A"
"008642","0109","A"
"008643","0109","A"
"008644","0109","A"
"008645","0109","A"
"008646","0109","A"
"008647","0109","A"
"008648","0109","A"
"008649","0109","A"
"008650","0109","A"
"008651","0109","A"
"008652","0109","A"
"008653","0109","A"
"008654","0109","A"
"008655","0109","A"
"008656","0109","A"
"008657","0109","A"
"008658","0109","A"
"008659","0109","A"
"008660","0109","A"
"008662","0109","A"
"008663","0109","A"
"008664","0109","A"
"008665","0109","A"
"008666","0109","A"
"008667","0109","A"
"008668","0109","A"
"008669","0109","A"
"008670","0109","A"
"008672","0109","A"
"008673","0109","A"
"008674","0109","A"
"008675","0109","A"
"008676","0109","A"
"008677","0109","A"
"008678","0109","A"
"008679","0109","A"
"008680","0109","A"
"008681","0109","A"
"008682","0109","A"
"008683","0109","A"
"008684","0109","A"
"008685","0109","A"
"008686","0109","A"
"008687","0109","A"
"008688","0109","A"
"008689","0109","A"
"008690","0109","A"
"008691","0109","A"
"008692","0109","A"
"008693","0109","A"
"008694","0109","A"
"008695","0109","A"
"008696","0109","A"
"008697","0109","A"
"008698","0109","A"
"008699","0109","A"
"008700","0109","A"
"008701","0109","A"
"008702","0109","A"
"008703","0109","A"
"008704","0109","A"
"008705","0109","A"
"008706","0109","A"
"008708","0109","A"
"008709","0109","A"
"008710","0109","A"
"008712","0109","A"
"008713","0109","A"
"008714","0109","A"
"008716","0109","A"
"008717","0109","A"
"008718","0109","A"
"008720","0109","A"
"008721","0109","A"
"008722","0109","A"
"008723","0109","A"
"008724","0109","A"
"008725","0109","A"
"008726","0109","A"
"008727","0109","A"
"008728","0109","A"
"008729","0109","A"
"008730","0109","A"
"008731","0109","A"
"008732","0109","A"
"008733","0109","A"
"008734","0109","A"
"008735","0109","A"
"008736","0109","A"
"008737","0109","A"
"008738","0109","A"
"008739","0109","A"
"008740","0109","A"
"008741","0109","A"
"008742","0109","A"
"008743","0109","A"
"008744","0109","A"
"008745","0109","A"
"008746","0109","A"
"008747","0109","A"
"008748","0109","A"
"008749","0109","A"
"008750","0109","A"
"008751","0109","A"
"008752","0109","A"
"008753","0109","A"
"008754","0109","A"
"008755","0109","A"
"008756","0109","A"
"008758","0109","A"
"008759","0109","A"
"008760","0109","A"
"008761","0109","A"
"008762","0109","A"
"008763","0109","A"
"008764","0109","A"
"008765","0109","A"
"008766","0109","A"
"008767","0109","A"
"008768","0109","A"
"008769","0109","A"
"008770","0109","A"
"008771","0109","A"
"008772","0109","A"
"008773","0109","A"
"008774","0109","A"
"008775","0109","A"
"008776","0109","A"
"008777","0109","A"
"008778","0109","A"
"008779","0109","A"
"008780","0109","A"
"008781","0109","A"
"008782","0109","A"
"008783","0109","A"
"008784","0109","A"
"008785","0109","A"
"008786","0109","A"
"008787","0109","A"
"008788","0109","A"
"008789","0109","A"
"008790","0109","A"
"008791","0109","A"
"008792","0109","A"
"008793","0109","A"
"008794","0109","A"
"008795","0109","A"
"008796","0109","A"
"008797","0109","A"
"008798","0109","A"
"008799","0109","A"
"008800","0109","A"
"007500","0109","A"
"007502","0109","A"
"007503","0109","A"
"007504","0109","A"
"007505","0109","A"
"007506","0109","A"
"007507","0109","A"
"007508","0109","A"
"007509","0109","A"
"007510","0109","A"
"007511","0109","A"
"007512","0109","A"
"007513","0109","A"
"007514","0109","A"
"007515","0109","A"
"007516","0109","A"
"007517","0109","A"
"014166","0004","A"
"007519","0109","A"
"007520","0109","A"
"007521","0109","A"
"007522","0109","A"
"007523","0109","A"
"007524","0109","A"
"007525","0109","A"
"007526","0109","A"
"007527","0109","A"
"007528","0109","A"
"007529","0109","A"
"007530","0109","A"
"007531","0109","A"
"007532","0109","A"
"007533","0109","A"
"007535","0109","A"
"007536","0109","A"
"007537","0109","A"
"014255","0075","A"
"007539","0109","A"
"007540","0109","A"
"007541","0109","A"
"007542","0109","A"
"007543","0109","A"
"007544","0109","A"
"007545","0109","A"
"014345","0106","A"
"007547","0109","A"
"007548","0109","A"
"007549","0109","A"
"007550","0109","A"
"007551","0109","A"
"007552","0109","A"
"007553","0109","A"
"007554","0109","A"
"007555","0109","A"
"007556","0109","A"
"007557","0109","A"
"007558","0109","A"
"007559","0109","A"
"007560","0109","A"
"007561","0109","A"
"007562","0109","A"
"007563","0109","A"
"007564","0109","A"
"007565","0109","A"
"014347","0106","A"
"007567","0109","A"
"007568","0109","A"
"007569","0109","A"
"007570","0109","A"
"007571","0109","A"
"007572","0109","A"
"007573","0109","A"
"007574","0109","A"
"014352","0119","A"
"007577","0109","A"
"014353","0109","A"
"007579","0109","A"
"007580","0109","A"
"007581","0109","A"
"007582","0109","A"
"007583","0109","A"
"007584","0109","A"
"007585","0109","A"
"007586","0109","A"
"007587","0109","A"
"007588","0109","A"
"014354","0109","A"
"007590","0109","A"
"007591","0109","A"
"007592","0109","A"
"007593","0109","A"
"007594","0109","A"
"007595","0109","A"
"007596","0109","A"
"007597","0109","A"
"007598","0109","A"
"007600","0109","A"
"014355","0109","A"
"007602","0109","A"
"007603","0109","A"
"014356","0109","A"
"007605","0109","A"
"007606","0109","A"
"007607","0109","A"
"007608","0109","A"
"007609","0109","A"
"007610","0109","A"
"007611","0109","A"
"007612","0109","A"
"007613","0109","A"
"007614","0109","A"
"007615","0109","A"
"014357","0109","A"
"014358","0109","A"
"007618","0109","A"
"007619","0109","A"
"007620","0109","A"
"007621","0109","A"
"007622","0109","A"
"007623","0109","A"
"007624","0109","A"
"007625","0109","A"
"007626","0109","A"
"007627","0109","A"
"007628","0109","A"
"007629","0109","A"
"007630","0109","A"
"007631","0109","A"
"007632","0109","A"
"007633","0109","A"
"007634","0109","A"
"007635","0109","A"
"014359","0109","A"
"007637","0109","A"
"007638","0109","A"
"014360","0109","A"
"007640","0109","A"
"007641","0109","A"
"007642","0109","A"
"007643","0109","A"
"007644","0109","A"
"007645","0109","A"
"007646","0109","A"
"007647","0109","A"
"007648","0109","A"
"007649","0109","A"
"007650","0109","A"
"007651","0109","A"
"007652","0109","A"
"007653","0109","A"
"007654","0109","A"
"007655","0109","A"
"007656","0109","A"
"007657","0109","A"
"007658","0109","A"
"007659","0109","A"
"007660","0109","A"
"007661","0109","A"
"007662","0109","A"
"007663","0109","A"
"014361","0109","A"
"007665","0109","A"
"007667","0109","A"
"007668","0109","A"
"007669","0109","A"
"007670","0109","A"
"007671","0109","A"
"007672","0109","A"
"007673","0109","A"
"007674","0109","A"
"007675","0109","A"
"007676","0109","A"
"007677","0109","A"
"007678","0109","A"
"007679","0109","A"
"007681","0109","A"
"007682","0109","A"
"007683","0109","A"
"007684","0109","A"
"007685","0109","A"
"007686","0109","A"
"007687","0109","A"
"007688","0109","A"
"007689","0109","A"
"007690","0109","A"
"007691","0109","A"
"007692","0109","A"
"007693","0109","A"
"007694","0109","A"
"007695","0109","A"
"007696","0109","A"
"007697","0109","A"
"007698","0109","A"
"007699","0109","A"
"007700","0109","A"
"014362","0109","A"
"007702","0109","A"
"007704","0109","A"
"007705","0109","A"
"007706","0109","A"
"007707","0109","A"
"007708","0109","A"
"007709","0109","A"
"007710","0109","A"
"007711","0109","A"
"007713","0109","A"
"007714","0109","A"
"007715","0109","A"
"007716","0109","A"
"007717","0109","A"
"007718","0109","A"
"007719","0109","A"
"007720","0109","A"
"007721","0109","A"
"014363","0109","A"
"007723","0109","A"
"007724","0109","A"
"007725","0109","A"
"007727","0109","A"
"007728","0109","A"
"007729","0109","A"
"007730","0109","A"
"007731","0109","A"
"007732","0109","A"
"007733","0109","A"
"007734","0109","A"
"007735","0109","A"
"007736","0109","A"
"007737","0109","A"
"007738","0109","A"
"007739","0109","A"
"007740","0109","A"
"007741","0109","A"
"007742","0109","A"
"007743","0109","A"
"007744","0109","A"
"007745","0109","A"
"007746","0109","A"
"007747","0109","A"
"007748","0109","A"
"007749","0109","A"
"007750","0109","A"
"007751","0109","A"
"007752","0109","A"
"007753","0109","A"
"007754","0109","A"
"007755","0109","A"
"007756","0109","A"
"007757","0109","A"
"007758","0109","A"
"007759","0109","A"
"007760","0109","A"
"007761","0109","A"
"007762","0109","A"
"007763","0109","A"
"007764","0109","A"
"007765","0109","A"
"007766","0109","A"
"007767","0109","A"
"007769","0109","A"
"007770","0109","A"
"007771","0109","A"
"007772","0109","A"
"007773","0109","A"
"007774","0109","A"
"007775","0109","A"
"007776","0109","A"
"007777","0109","A"
"014364","0109","A"
"007780","0109","A"
"007781","0109","A"
"007782","0109","A"
"007783","0109","A"
"007784","0109","A"
"007785","0109","A"
"007786","0109","A"
"007787","0109","A"
"007788","0109","A"
"007789","0109","A"
"007790","0109","A"
"007791","0109","A"
"007792","0109","A"
"007793","0109","A"
"007794","0109","A"
"014365","0109","A"
"014366","0109","A"
"007797","0109","A"
"007798","0109","A"
"007799","0109","A"
"007800","0109","A"
"007801","0109","A"
"014367","0109","A"
"007803","0109","A"
"007804","0109","A"
"007805","0109","A"
"014368","0109","A"
"007807","0109","A"
"007808","0109","A"
"014369","0109","A"
"014370","0109","A"
"007811","0109","A"
"007812","0109","A"
"007814","0109","A"
"007815","0109","A"
"007816","0109","A"
"007817","0109","A"
"007818","0109","A"
"007819","0109","A"
"007820","0109","A"
"014371","0110","A"
"014372","0110","A"
"007823","0109","A"
"007824","0109","A"
"007825","0109","A"
"007826","0109","A"
"007827","0109","A"
"007828","0109","A"
"014373","0110","A"
"007830","0109","A"
"007831","0109","A"
"007832","0109","A"
"007833","0109","A"
"014374","0110","A"
"007835","0109","A"
"014375","0110","A"
"007837","0109","A"
"007838","0109","A"
"007839","0109","A"
"007840","0109","A"
"007841","0109","A"
"007842","0109","A"
"007843","0109","A"
"007844","0109","A"
"014376","0110","A"
"007846","0109","A"
"007847","0109","A"
"007848","0109","A"
"007849","0109","A"
"007850","0109","A"
"019240","0163","A"
"007852","0109","A"
"007853","0109","A"
"007854","0109","A"
"007856","0109","A"
"007857","0109","A"
"007858","0109","A"
"007859","0109","A"
"007860","0109","A"
"007861","0109","A"
"007862","0109","A"
"007863","0109","A"
"004938","0109","A"
"004499","0125","A"
"004500","0125","A"
"004509","0125","A"
"004539","0125","A"
"004546","0125","A"
"004547","0125","A"
"014377","0110","A"
"014378","0110","A"
"014379","0110","A"
"014380","0110","A"
"014387","0004","A"
"014415","0077","A"
"014416","0077","A"
"004964","0109","A"
"014550","0004","A"
"014572","0098","A"
"014573","0098","A"
"006586","0079","A"
"006556","0079","A"
"014824","0146","A"
"014825","0146","A"
"015234","0077","A"
"015235","0077","A"
"019238","0163","A"
"019239","0163","A"
"019241","0163","A"
"019242","0163","A"
"019243","0163","A"
"019245","0163","A"
"019246","0163","A"
"019247","0163","A"
"019248","0163","A"
"019249","0163","A"
"019250","0163","A"
"019251","0163","A"
"019252","0163","A"
"019253","0163","A"
"019254","0163","A"
"019520","0163","A"
"002368","0004","A"
"002399","0004","A"
"002408","0004","A"
"004598","0088","A"
"004663","0088","A"
"004595","0088","A"
"006914","0088","A"
"004657","0088","A"
"004667","0088","A"
"014096","0098","A"
"004776","0088","A"
"004852","0088","A"
"007048","0088","A"
"004652","0088","A"
"004656","0088","A"
"004665","0088","A"
"004729","0088","A"
"004731","0088","A"
"014097","0098","A"
"004822","0088","A"
"004842","0088","A"
"004846","0088","A"
"014098","0098","A"
"004875","0088","A"
"004884","0088","A"
"006943","0088","A"
"014099","0090","A"
"004589","0088","A"
"004590","0088","A"
"004591","0088","A"
"004592","0088","A"
"004596","0088","A"
"004597","0088","A"
"004606","0088","A"
"014100","0090","A"
"004611","0088","A"
"004627","0088","A"
"004628","0088","A"
"014101","0090","A"
"004634","0088","A"
"014102","0098","A"
"004647","0088","A"
"004650","0088","A"
"004651","0088","A"
"014103","0098","A"
"004664","0088","A"
"004689","0088","A"
"004695","0088","A"
"004724","0088","A"
"004730","0088","A"
"004732","0088","A"
"004752","0088","A"
"004771","0088","A"
"004775","0088","A"
"004777","0088","A"
"004778","0088","A"
"004779","0088","A"
"004780","0088","A"
"004781","0088","A"
"004793","0088","A"
"004821","0088","A"
"004823","0088","A"
"004824","0088","A"
"004825","0088","A"
"004837","0088","A"
"004840","0088","A"
"014104","0098","A"
"014856","0163","A"
"004851","0088","A"
"014105","0098","A"
"004876","0088","A"
"004886","0088","A"
"014160","0098","A"
"004889","0088","A"
"004890","0088","A"
"004891","0088","A"
"004894","0088","A"
"004897","0088","A"
"004898","0088","A"
"004899","0088","A"
"004900","0088","A"
"004907","0088","A"
"004908","0088","A"
"004912","0088","A"
"004913","0088","A"
"004914","0088","A"
"004922","0088","A"
"004924","0088","A"
"004926","0088","A"
"004928","0088","A"
"004929","0088","A"
"014857","0163","A"
"004936","0088","A"
"004937","0088","A"
"004877","0088","A"
"006936","0088","A"
"014161","0098","A"
"006938","0088","A"
"006939","0088","A"
"006940","0088","A"
"006941","0088","A"
"006942","0088","A"
"006944","0088","A"
"014254","0004","A"
"007294","0088","A"
"014446","0076","A"
"007291","0088","A"
"007043","0088","A"
"007050","0088","A"
"014574","0147","A"
"007060","0088","A"
"007054","0088","A"
"007062","0088","A"
"007063","0088","A"
"007148","0088","A"
"007274","0088","A"
"007292","0088","A"
"007293","0088","A"
"007299","0088","A"
"010134","0146","A"
"010129","0146","A"
"010130","0146","A"
"007149","0146","A"
"014589","0004","A"
"014615","0088","A"
"014845","0088","A"
"014849","0004","A"
"014859","0163","A"
"014860","0163","A"
"014861","0163","A"
"014862","0163","A"
"014863","0163","A"
"014864","0163","A"
"014865","0163","A"
"014866","0163","A"
"014867","0163","A"
"014868","0163","A"
"014869","0163","A"
"014870","0163","A"
"014962","0163","A"
"014963","0163","A"
"014964","0163","A"
"014965","0163","A"
"014966","0163","A"
"014967","0163","A"
"014968","0163","A"
"014969","0163","A"
"014970","0163","A"
"015050","0004","A"
"015054","0098","A"
"016197","0165","A"
"016198","0165","A"
"016199","0165","A"
"016200","0165","A"
"016201","0165","A"
"016202","0165","A"
"016203","0165","A"
"016204","0165","A"
"016205","0165","A"
"016206","0165","A"
"016207","0165","A"
"016208","0165","A"
"016209","0165","A"
"016210","0165","A"
"016211","0165","A"
"016212","0165","A"
"016213","0165","A"
"016214","0165","A"
"016215","0165","A"
"016216","0165","A"
"016217","0165","A"
"016218","0165","A"
"016219","0165","A"
"016220","0165","A"
"016221","0165","A"
"016222","0165","A"
"016223","0165","A"
"016224","0165","A"
"016225","0165","A"
"016226","0165","A"
"016227","0165","A"
"016228","0165","A"
"016229","0165","A"
"016230","0165","A"
"016231","0165","A"
"016232","0165","A"
"016233","0165","A"
"016234","0165","A"
"016235","0165","A"
"016236","0165","A"
"016237","0165","A"
"016238","0165","A"
"016239","0165","A"
"016240","0165","A"
"016241","0165","A"
"016242","0165","A"
"016243","0165","A"
"016244","0165","A"
"016245","0165","A"
"016246","0165","A"
"016247","0165","A"
"016248","0165","A"
"016249","0165","A"
"016250","0165","A"
"016251","0165","A"
"016252","0165","A"
"016253","0165","A"
"016254","0165","A"
"016255","0165","A"
"016256","0165","A"
"016257","0165","A"
"016258","0165","A"
"016259","0165","A"
"016260","0165","A"
"016261","0165","A"
"016262","0165","A"
"016263","0165","A"
"016264","0165","A"
"016265","0165","A"
"016266","0165","A"
"016267","0165","A"
"016268","0165","A"
"016269","0165","A"
"016270","0165","A"
"016271","0165","A"
"016272","0165","A"
"016273","0165","A"
"016274","0165","A"
"016275","0165","A"
"016276","0165","A"
"016277","0165","A"
"016278","0165","A"
"016279","0165","A"
"016280","0165","A"
"016281","0165","A"
"016282","0165","A"
"016283","0165","A"
"016284","0165","A"
"016285","0165","A"
"016286","0165","A"
"016287","0165","A"
"016288","0165","A"
"016289","0165","A"
"016290","0165","A"
"016291","0165","A"
"016292","0165","A"
"016293","0165","A"
"016294","0165","A"
"016295","0165","A"
"016296","0165","A"
"016297","0165","A"
"016298","0165","A"
"016299","0165","A"
"016300","0165","A"
"016301","0165","A"
"016302","0165","A"
"016303","0165","A"
"016304","0165","A"
"016305","0165","A"
"016306","0165","A"
"016307","0165","A"
"016308","0165","A"
"016309","0165","A"
"016310","0165","A"
"016311","0165","A"
"016312","0165","A"
"016313","0165","A"
"016314","0165","A"
"016315","0165","A"
"016316","0165","A"
"016317","0165","A"
"016318","0165","A"
"016319","0165","A"
"016320","0165","A"
"016321","0165","A"
"016322","0165","A"
"016323","0165","A"
"016324","0165","A"
"016325","0165","A"
"016326","0165","A"
"016327","0165","A"
"016328","0165","A"
"016329","0165","A"
"016330","0165","A"
"016331","0165","A"
"016332","0165","A"
"016333","0165","A"
"016334","0165","A"
"016335","0165","A"
"016336","0165","A"
"016337","0165","A"
"016338","0165","A"
"016339","0165","A"
"016340","0165","A"
"016341","0165","A"
"016342","0165","A"
"016343","0165","A"
"016344","0165","A"
"016345","0165","A"
"016346","0165","A"
"016347","0165","A"
"016348","0165","A"
"016349","0165","A"
"016350","0165","A"
"016351","0165","A"
"016352","0165","A"
"016353","0165","A"
"016354","0165","A"
"016355","0165","A"
"016356","0165","A"
"016357","0165","A"
"016358","0165","A"
"016359","0165","A"
"016360","0165","A"
"016361","0165","A"
"016362","0165","A"
"016363","0165","A"
"016364","0165","A"
"016365","0165","A"
"016366","0165","A"
"016367","0165","A"
"016368","0165","A"
"016369","0165","A"
"016370","0165","A"
"016371","0165","A"
"016372","0165","A"
"016373","0165","A"
"016374","0165","A"
"016375","0165","A"
"016376","0165","A"
"016377","0165","A"
"016378","0165","A"
"016379","0165","A"
"016380","0165","A"
"016381","0165","A"
"016382","0165","A"
"016383","0165","A"
"016384","0165","A"
"016385","0165","A"
"016386","0165","A"
"016387","0165","A"
"016388","0165","A"
"016389","0165","A"
"016390","0165","A"
"016391","0165","A"
"016392","0165","A"
"016393","0165","A"
"016394","0165","A"
"016395","0165","A"
"016396","0165","A"
"016397","0165","A"
"016398","0165","A"
"016399","0165","A"
"016400","0165","A"
"016401","0165","A"
"016402","0165","A"
"016403","0165","A"
"016404","0165","A"
"016405","0165","A"
"016406","0165","A"
"016407","0165","A"
"016408","0165","A"
"016409","0165","A"
"016410","0165","A"
"016411","0165","A"
"016412","0165","A"
"016413","0165","A"
"016414","0165","A"
"016415","0165","A"
"016416","0165","A"
"016417","0165","A"
"016418","0165","A"
"016419","0165","A"
"016420","0165","A"
"016421","0165","A"
"016422","0165","A"
"016423","0165","A"
"016424","0165","A"
"016425","0165","A"
"016426","0165","A"
"016427","0165","A"
"016428","0165","A"
"016429","0165","A"
"016430","0165","A"
"016431","0165","A"
"016432","0165","A"
"016433","0165","A"
"016434","0165","A"
"016435","0165","A"
"016436","0165","A"
"016437","0165","A"
"016438","0165","A"
"016439","0165","A"
"016440","0165","A"
"016441","0165","A"
"016442","0165","A"
"016443","0165","A"
"016444","0165","A"
"016445","0165","A"
"016446","0165","A"
"016447","0165","A"
"016448","0165","A"
"016449","0165","A"
"016450","0165","A"
"016451","0165","A"
"016452","0165","A"
"016453","0165","A"
"016454","0165","A"
"016455","0165","A"
"016456","0165","A"
"016457","0165","A"
"016458","0165","A"
"016459","0165","A"
"016460","0165","A"
"016461","0165","A"
"016462","0165","A"
"016463","0165","A"
"016464","0165","A"
"016465","0165","A"
"016466","0165","A"
"016467","0165","A"
"016468","0165","A"
"016469","0165","A"
"016470","0165","A"
"016471","0165","A"
"016472","0165","A"
"016473","0165","A"
"016474","0165","A"
"016475","0165","A"
"016476","0165","A"
"016477","0165","A"
"016478","0165","A"
"016479","0165","A"
"016480","0165","A"
"016481","0165","A"
"016482","0165","A"
"016483","0165","A"
"016484","0165","A"
"016485","0165","A"
"016486","0165","A"
"016487","0165","A"
"016488","0165","A"
"016489","0165","A"
"016490","0165","A"
"016491","0165","A"
"016492","0165","A"
"016493","0165","A"
"016494","0165","A"
"016495","0165","A"
"016496","0165","A"
"016497","0165","A"
"016498","0165","A"
"016499","0165","A"
"016500","0165","A"
"016501","0165","A"
"016502","0165","A"
"016503","0165","A"
"016504","0165","A"
"016505","0165","A"
"016506","0165","A"
"016507","0165","A"
"016508","0165","A"
"016509","0165","A"
"016510","0165","A"
"016511","0165","A"
"016512","0165","A"
"016513","0165","A"
"016514","0165","A"
"016515","0165","A"
"016516","0165","A"
"016517","0165","A"
"016518","0165","A"
"016519","0165","A"
"016520","0165","A"
"016521","0165","A"
"016522","0165","A"
"016523","0165","A"
"016524","0165","A"
"016525","0165","A"
"016526","0165","A"
"016527","0165","A"
"016528","0165","A"
"016529","0165","A"
"016530","0165","A"
"016531","0165","A"
"016532","0165","A"
"016533","0165","A"
"016534","0165","A"
"016535","0165","A"
"016536","0165","A"
"016537","0165","A"
"016538","0165","A"
"016539","0165","A"
"016540","0165","A"
"016541","0165","A"
"016542","0165","A"
"016543","0165","A"
"016544","0165","A"
"016545","0165","A"
"016546","0165","A"
"016547","0165","A"
"016548","0165","A"
"016549","0165","A"
"016550","0165","A"
"016551","0165","A"
"016552","0165","A"
"016553","0165","A"
"016554","0165","A"
"016555","0165","A"
"016556","0165","A"
"016557","0165","A"
"016558","0165","A"
"016559","0165","A"
"016560","0165","A"
"016561","0165","A"
"016562","0165","A"
"016563","0165","A"
"016564","0165","A"
"016565","0165","A"
"016566","0165","A"
"016567","0165","A"
"016568","0165","A"
"016569","0165","A"
"016570","0165","A"
"016571","0165","A"
"016572","0165","A"
"016573","0165","A"
"016574","0165","A"
"016575","0165","A"
"016576","0165","A"
"016577","0165","A"
"016578","0165","A"
"016579","0165","A"
"016580","0165","A"
"016581","0165","A"
"016582","0165","A"
"016583","0165","A"
"016584","0165","A"
"016585","0165","A"
"016586","0165","A"
"016587","0165","A"
"016588","0165","A"
"016589","0165","A"
"016590","0165","A"
"016591","0165","A"
"016592","0165","A"
"016593","0165","A"
"016594","0165","A"
"016595","0165","A"
"016596","0165","A"
"016597","0165","A"
"016598","0165","A"
"016599","0165","A"
"016600","0165","A"
"016601","0165","A"
"016602","0165","A"
"016603","0165","A"
"016604","0165","A"
"016605","0165","A"
"016606","0165","A"
"016607","0165","A"
"016608","0165","A"
"016609","0165","A"
"016610","0165","A"
"016611","0165","A"
"016612","0165","A"
"016613","0165","A"
"016614","0165","A"
"016615","0165","A"
"016616","0165","A"
"016617","0165","A"
"016618","0165","A"
"016619","0165","A"
"016620","0165","A"
"016621","0165","A"
"016622","0165","A"
"016623","0165","A"
"016624","0165","A"
"016625","0165","A"
"016626","0165","A"
"016627","0165","A"
"016628","0165","A"
"016629","0165","A"
"016630","0165","A"
"016631","0165","A"
"016632","0165","A"
"016633","0165","A"
"016634","0165","A"
"016635","0165","A"
"016636","0165","A"
"016637","0165","A"
"016638","0165","A"
"016639","0165","A"
"016640","0165","A"
"016641","0165","A"
"016642","0165","A"
"016643","0165","A"
"016644","0165","A"
"016645","0165","A"
"016646","0165","A"
"016647","0165","A"
"016648","0165","A"
"016649","0165","A"
"016650","0165","A"
"016651","0165","A"
"016652","0165","A"
"016653","0165","A"
"016654","0165","A"
"016655","0165","A"
"016656","0165","A"
"016657","0165","A"
"016658","0165","A"
"016659","0165","A"
"016660","0165","A"
"016661","0165","A"
"016662","0165","A"
"016663","0165","A"
"016664","0165","A"
"016665","0165","A"
"016666","0165","A"
"016667","0165","A"
"016668","0165","A"
"016669","0165","A"
"016670","0165","A"
"016671","0165","A"
"016672","0165","A"
"016673","0165","A"
"016701","0165","A"
"016702","0165","A"
"016703","0165","A"
"016706","0165","A"
"016707","0165","A"
"016708","0165","A"
"016709","0165","A"
"016710","0165","A"
"016711","0165","A"
"016713","0165","A"
"016718","0165","A"
"016719","0165","A"
"016720","0165","A"
"016796","0165","A"
"016797","0165","A"
"016798","0165","A"
"016799","0165","A"
"016800","0165","A"
"016801","0165","A"
"016802","0165","A"
"016803","0165","A"
"016804","0165","A"
"016805","0165","A"
"016806","0165","A"
"016807","0165","A"
"016808","0165","A"
"016809","0165","A"
"016810","0165","A"
"016811","0165","A"
"016812","0165","A"
"016813","0165","A"
"016814","0165","A"
"016815","0165","A"
"016816","0165","A"
"016817","0165","A"
"016818","0165","A"
"016819","0165","A"
"016820","0165","A"
"016821","0165","A"
"016822","0165","A"
"016823","0165","A"
"016824","0165","A"
"016825","0165","A"
"016826","0165","A"
"016827","0165","A"
"016828","0165","A"
"016829","0165","A"
"016830","0165","A"
"016831","0165","A"
"016832","0165","A"
"016833","0165","A"
"016834","0165","A"
"016835","0165","A"
"016836","0165","A"
"016837","0165","A"
"016838","0165","A"
"016839","0165","A"
"016840","0165","A"
"016841","0165","A"
"016842","0165","A"
"016843","0165","A"
"016844","0165","A"
"016845","0165","A"
"016846","0165","A"
"016847","0165","A"
"016848","0165","A"
"016849","0165","A"
"016850","0165","A"
"016851","0165","A"
"016852","0165","A"
"016853","0165","A"
"016854","0165","A"
"016855","0165","A"
"016856","0165","A"
"016857","0165","A"
"016858","0165","A"
"016859","0165","A"
"016860","0165","A"
"016861","0165","A"
"016862","0165","A"
"016863","0165","A"
"016864","0165","A"
"016865","0165","A"
"016866","0165","A"
"016867","0165","A"
"016868","0165","A"
"016869","0165","A"
"016876","0165","A"
"016877","0165","A"
"016917","0165","A"
"016918","0165","A"
"016919","0165","A"
"016920","0165","A"
"016921","0165","A"
"016922","0165","A"
"016923","0165","A"
"016924","0165","A"
"016925","0165","A"
"016926","0165","A"
"016927","0165","A"
"016928","0165","A"
"016929","0165","A"
"016930","0165","A"
"016931","0165","A"
"016932","0165","A"
"016933","0165","A"
"016934","0165","A"
"016935","0165","A"
"016936","0165","A"
"016937","0165","A"
"016938","0165","A"
"016939","0165","A"
"016940","0165","A"
"016941","0165","A"
"016942","0165","A"
"016943","0165","A"
"016944","0165","A"
"016945","0165","A"
"016946","0165","A"
"016947","0165","A"
"016948","0165","A"
"016949","0165","A"
"016950","0165","A"
"016951","0165","A"
"016952","0165","A"
"016953","0165","A"
"016954","0165","A"
"016955","0165","A"
"019470","0163","A"
"018862","0144","A"
"018863","0144","A"
"019184","0088","A"
"019185","0088","A"
"019453","0163","A"
"019458","0163","A"
"019480","0163","A"
"019525","0163","A"
"019546","0163","A"
"019685","0004","A"
"019612","0098","A"
"019613","0098","A"
"019686","0004","A"
"019704","0068","A"
"019721","0077","A"
"019758","0144","A"
"014222","0088","A"
"019946","0165","A"
"020402","0068","A"
"006570","0079","A"
"020751","0004","A"
"020483","0004","A"
"020660","0004","A"
"020776","0004","A"
"020777","0004","A"
"020778","0004","A"
"020779","0004","A"
"020822","0004","A"
"020991","0216","A"
"020992","0216","A"
"020993","0216","A"
"020994","0216","A"
"020995","0216","A"
"020996","0216","A"
"020997","0216","A"
"020998","0216","A"
"020999","0216","A"
"021000","0216","A"
"021001","0216","A"
"021002","0216","A"
"021004","0216","A"
"021006","0216","A"
"021007","0216","A"
"021008","0216","A"
"021010","0216","A"
"021012","0216","A"
"021013","0216","A"
"021014","0216","A"
"021015","0216","A"
"021016","0216","A"
"021017","0216","A"
"021018","0216","A"
"021019","0216","A"
"021020","0216","A"
"021021","0216","A"
"021022","0216","A"
"021023","0216","A"
"021024","0216","A"
"021025","0216","A"
"021026","0216","A"
"021027","0216","A"
"021028","0216","A"
"021029","0216","A"
"021030","0216","A"
"021031","0216","A"
"021032","0216","A"
"021033","0216","A"
"021034","0216","A"
"021036","0216","A"
"021037","0216","A"
"021038","0216","A"
"021040","0216","A"
"021041","0216","A"
"021042","0216","A"
"021043","0216","A"
"021044","0216","A"
"021045","0216","A"
"021046","0216","A"
"021047","0216","A"
"021053","0004","A"
"021084","0004","A"
"021090","0004","A"
"021202","0216","A"
"021205","0216","A"
"021211","0187","A"
"021213","0187","A"
"021215","0187","A"
"021216","0187","A"
"021217","0187","A"
"021218","0187","A"
"021219","0187","A"
"021220","0187","A"
"021221","0187","A"
"021255","0004","A"
"021281","0163","A"
"021289","0163","A"
"021291","0163","A"
"021296","0163","A"
"021306","0163","A"
"021309","0163","A"
"021318","0163","A"
"021321","0163","A"
"021324","0163","A"
"021332","0163","A"
"021340","0163","A"
"021342","0163","A"
"021344","0163","A"
"021354","0163","A"
"021357","0163","A"
"021362","0163","A"
"021365","0163","A"
"021372","0163","A"
"021425","0004","A"
"021426","0004","A"
"021429","0004","A"
"021430","0004","A"
"021431","0004","A"
"021432","0004","A"
"021433","0004","A"
"021434","0004","A"
"021435","0004","A"
"021436","0004","A"
"021437","0004","A"
"021456","0004","A"
"026135","0004","A"
"026150","0004","A"
"027386","0004","A"
"006004","0217","A"
"006001","0217","A"
"006003","0217","A"
"006002","0217","A"
"027588","0004","A"
"027599","0004","A"
"005980","0217","A"
"028081","0179","A"
"028484","0004","A"
"028485","0004","A"
"028486","0004","A"
"028487","0004","A"
"028488","0004","A"
"028523","0004","A"
"028527","0004","A"
"028528","0004","A"
"028529","0004","A"
"028530","0004","A"
"028583","0004","A"
"028584","0004","A"
"028590","0004","A"
"019387","0217","A"
"004895","0217","A"
"004896","0217","A"
"015124","0217","A"
"015211","0217","A"
"004594","0217","A"
"007275","0217","A"
"006967","0217","A"
"006968","0217","A"
"014584","0217","A"
"014581","0217","A"
"007055","0217","A"
"014217","0217","A"
"014218","0217","A"
"028671","0175","A"
"028672","0004","A"
"028675","0004","A"
"028676","0004","A"
"028677","0004","A"
"028678","0004","A"
"028682","0179","A"
"028683","0179","A"
"028687","0004","A"
"028688","0004","A"
"028700","0004","A"
"028728","0004","A"
"028922","0004","A"
"028923","0004","A"
"028978","0004","A"
"029007","0004","A"
"029146","0004","A"
"029205","0004","A"
"029214","0004","A"
"029215","0004","A"
"029232","0179","A"
"029233","0179","A"
"029234","0179","A"
"029259","0004","A"
"029260","0004","A"
"029321","0004","A"
"029322","0004","A"
"029603","0004","A"
"029607","0004","A"
"029608","0004","A"
"029609","0004","A"
"029610","0004","A"
"029611","0004","A"
"029612","0004","A"
"004822","0218","A"
"004775","0218","A"
"004647","0218","A"
"004846","0218","A"
"004781","0218","A"
"004898","0218","A"
"014237","0218","A"
"004591","0218","A"
"004922","0218","A"
"019196","0218","A"
"030070","0004","A"
"014129","0218","A"
"007293","0218","A"
"030071","0004","A"
"004664","0218","A"
"004852","0218","A"
"004936","0218","A"
"004596","0218","A"
"030073","0004","A"
"030074","0004","A"
"006942","0218","A"
"004663","0218","A"
"030082","0004","A"
"030083","0004","A"
"004840","0218","A"
"004695","0218","A"
"004634","0218","A"
"004890","0218","A"
"007054","0218","A"
"004900","0218","A"
"030261","0218","A"
"030272","0004","A"
"030327","0004","A"
"030328","0004","A"
"030341","0004","A"
"030387","0004","A"
"030397","0004","A"
"030400","0004","A"
"030619","0004","A"
"030620","0004","A"
"030446","0179","A"
"030662","0004","A"
"030665","0004","A"
"030695","0004","A"
"030696","0004","A"
"030697","0004","A"
"030698","0004","A"
"030699","0004","A"
"006911","0217","A"
"007053","0217","A"
"030715","0004","A"
"030717","0004","A"
"030801","0004","A"
"030871","0004","A"
"030872","0004","A"
"030873","0004","A"
"030874","0004","A"
"030875","0004","A"
"030876","0004","A"
"030877","0004","A"
"014089","0217","A"
"030962","0004","A"
"030963","0004","A"
"030964","0004","A"
"030965","0004","A"
"030966","0004","A"
"030992","0004","A"
"030995","0004","A"
"030996","0004","A"
"030997","0004","A"
"030998","0004","A"
"030999","0004","A"
"031000","0004","A"
"031033","0004","A"
"031034","0004","A"
"031035","0004","A"
"005988","0217","A"
"005985","0217","A"
"031216","0004","A"
"031318","0004","A"
"031319","0004","A"
"031320","0004","A"
"031321","0004","A"
"031322","0004","A"
"031323","0004","A"
"031372","0004","A"
"031373","0004","A"
"031374","0004","A"
"031375","0004","A"
"031376","0004","A"
"031377","0004","A"
"031378","0004","A"
"031379","0004","A"
"031380","0004","A"
"031381","0004","A"
"031382","0004","A"
"031383","0004","A"
"031387","0004","A"
"031388","0004","A"
"031470","0004","A"
"031521","0004","A"
"031527","0004","A"
"031565","0004","A"
"031571","0004","A"
"031574","0004","A"
"031639","0004","A"
"031640","0004","A"
"031674","0004","A"
"031675","0004","A"
"031680","0004","A"
"031681","0004","A"
"031682","0004","A"
"031918","0004","A"
"032013","0004","A"
"032079","0004","A"
"032080","0004","A"
"032081","0004","A"
"032082","0004","A"
"032089","0004","A"
"032090","0004","A"
"032091","0004","A"
"032221","0004","A"
"032222","0004","A"
"032231","0004","A"
"032297","0004","A"
"032322","0004","A"
"032334","0004","A"
"032335","0004","A"
"032336","0004","A"
"032337","0004","A"
"032338","0004","A"
"032339","0004","A"
"032394","0004","A"
"032392","0004","A"
"032393","0004","A"
"032395","0004","A"
"032396","0004","A"
"032397","0004","A"
"032398","0004","A"
"032399","0004","A"
"032400","0004","A"
"032401","0004","A"
"032402","0004","A"
"032403","0004","A"
"032404","0004","A"
"032405","0004","A"
"032406","0004","A"
"032407","0004","A"
"032408","0004","A"
"032409","0004","A"
"032410","0004","A"
"032411","0004","A"
"032412","0004","A"
"032413","0004","A"
"032414","0004","A"
"032415","0004","A"
"032416","0004","A"
"032417","0004","A"
"032418","0004","A"
"032419","0004","A"
"032420","0004","A"
"032423","0004","A"
"032424","0004","A"
"032425","0004","A"
"032426","0004","A"
"032427","0004","A"
"032428","0004","A"
"032429","0004","A"
"032430","0004","A"
"032431","0004","A"
"032432","0004","A"
"032433","0004","A"
"032434","0004","A"
"032435","0004","A"
"032436","0004","A"
"032438","0004","A"
"032439","0004","A"
"032440","0004","A"
"032441","0004","A"
"032442","0004","A"
"032443","0004","A"
"032444","0004","A"
"032445","0004","A"
"032446","0004","A"
"032447","0004","A"
"032448","0004","A"
"032449","0004","A"
"032450","0004","A"
"032451","0004","A"
"032452","0004","A"
"032453","0004","A"
"032454","0004","A"
"032455","0004","A"
"032456","0004","A"
"032457","0004","A"
"032458","0004","A"
"032459","0004","A"
"032460","0004","A"
"032461","0004","A"
"032462","0004","A"
"032463","0004","A"
"032464","0004","A"
"032465","0004","A"
"032466","0004","A"
"032467","0004","A"
"032468","0004","A"
"032469","0004","A"
"032470","0004","A"
"032471","0004","A"
"032472","0004","A"
"032473","0004","A"
"032474","0004","A"
"032475","0004","A"
"032476","0004","A"
"032477","0004","A"
"032478","0004","A"
"032479","0004","A"
"032480","0004","A"
"032481","0004","A"
"032482","0004","A"
"032483","0004","A"
"032484","0004","A"
"032485","0004","A"
"032486","0004","A"
"032487","0004","A"
"032488","0004","A"
"032489","0004","A"
"032490","0004","A"
"032491","0004","A"
"032492","0004","A"
"032493","0004","A"
"032494","0004","A"
"032495","0004","A"
"032496","0004","A"
"032497","0004","A"
"032498","0004","A"
"032499","0004","A"
"032500","0004","A"
"032501","0004","A"
"032502","0004","A"
"032503","0004","A"
"032504","0004","A"
"032505","0004","A"
"032506","0004","A"
"032507","0004","A"
"032508","0004","A"
"032509","0004","A"
"032510","0004","A"
"032511","0004","A"
"032512","0004","A"
"032513","0004","A"
"032515","0004","A"
"032516","0004","A"
"032518","0004","A"
"032519","0004","A"
"032520","0004","A"
"032521","0004","A"
"032522","0004","A"
"032523","0004","A"
"032524","0004","A"
"032525","0004","A"
"032526","0004","A"
"032527","0004","A"
"032528","0004","A"
"032529","0004","A"
"032530","0004","A"
"032531","0004","A"
"032532","0004","A"
"032533","0004","A"
"032534","0004","A"
"032535","0004","A"
"032536","0004","A"
"032537","0004","A"
"032538","0004","A"
"032539","0004","A"
"032540","0004","A"
"032541","0004","A"
"032542","0004","A"
"032543","0004","A"
"032544","0004","A"
"032545","0004","A"
"032546","0004","A"
"032547","0004","A"
"032548","0004","A"
"032549","0004","A"
"032550","0004","A"
"032551","0004","A"
"032552","0004","A"
"032553","0004","A"
"032554","0004","A"
"032555","0004","A"
"032556","0004","A"
"032557","0004","A"
"032558","0004","A"
"032559","0004","A"
"032560","0004","A"
"032561","0004","A"
"032562","0004","A"
"032563","0004","A"
"032564","0004","A"
"032565","0004","A"
"032566","0004","A"
"032567","0004","A"
"032568","0004","A"
"032569","0004","A"
"032570","0004","A"
"032571","0004","A"
"032579","0004","A"
"032580","0004","A"
"032581","0004","A"
"032582","0004","A"
"032583","0004","A"
"032584","0004","A"
"032585","0004","A"
"032586","0004","A"
"032587","0004","A"
"032588","0004","A"
"032589","0004","A"
"032590","0004","A"
"032591","0004","A"
"032592","0004","A"
"032593","0004","A"
"032594","0004","A"
"032595","0004","A"
"032714","0004","A"
"032715","0004","A"
"032716","0004","A"
"032717","0004","A"
"032742","0004","A"
"032743","0004","A"
"032744","0004","A"
"032745","0004","A"
"032757","0004","A"
"032758","0004","A"
"032760","0004","A"
"032880","0004","A"
"032921","0004","A"
"032922","0004","A"
"032923","0004","A"
"032924","0004","A"
"032988","0004","A"
"032989","0004","A"
"032990","0004","A"
"032991","0004","A"
"033038","0004","A"
"033039","0004","A"
"033040","0004","A"
"033041","0004","A"
"033042","0004","A"
"033074","0004","A"
"033075","0004","A"
"033076","0004","A"
"033086","0004","A"
"033087","0004","A"
"033088","0004","A"
"033089","0004","A"
"033090","0004","A"
"033091","0004","A"
"033092","0004","A"
"033093","0004","A"
"033094","0004","A"
"033100","0004","A"
"033101","0004","A"
"033110","0004","A"
"033111","0004","A"
"033155","0004","A"
"033156","0004","A"
"033162","0004","A"
"033163","0004","A"
"033164","0004","A"
"033165","0004","A"
"033166","0004","A"
"033167","0004","A"
"033168","0004","A"
"033325","0165","A"
"033326","0165","A"
"033327","0165","A"
"033328","0165","A"
"033329","0165","A"
"033330","0165","A"
"033331","0165","A"
"033350","0004","A"
"033351","0004","A"
"033359","0004","A"
"033360","0004","A"
"033361","0004","A"
"033364","0004","A"
"033365","0004","A"
"033403","0004","A"
"033571","0004","A"
"033575","0004","A"
"033605","0004","A"
"033606","0004","A"
"033618","0004","A"
"033750","0004","A"
"033792","0004","A"
"033793","0004","A"
"033794","0004","A"
"033799","0004","A"
"033800","0004","A"
"033818","0004","A"
"033820","0004","A"
"033941","0004","A"
"033942","0004","A"
"033955","0004","A"
"033959","0004","A"
"033978","0004","A"
"033979","0004","A"
"033980","0004","A"
"033981","0004","A"
"033982","0004","A"
"033983","0004","A"
"033984","0004","A"
"034110","0004","A"
"034111","0004","A"
"034112","0004","A"
"034137","0004","A"
"034138","0004","A"
"034139","0004","A"
"034140","0004","A"
"034141","0004","A"
"034142","0004","A"
"034143","0004","A"
"034144","0004","A"
"034145","0004","A"
"034146","0004","A"
"034147","0004","A"
"034148","0004","A"
"034149","0004","A"
"034150","0004","A"
"034151","0004","A"
"034175","0179","A"
"034183","0004","A"
"034227","0004","A"
"034228","0004","A"
"034231","0004","A"
"034394","0004","A"
"034395","0004","A"
"034401","0004","A"
"034435","0004","A"
"034492","0004","A"
"034493","0004","A"
"034494","0004","A"
"034532","0179","A"
"034540","0004","A"
"034541","0004","A"
"034542","0004","A"
"034543","0004","A"
"034544","0004","A"
"034545","0004","A"
"034546","0004","A"
"002385","0004","A"
"002341","0004","A"
"002377","0004","A"
"002397","0004","A"
"004398","0004","A"
"014167","0146","A"
"006847","0108","A"
"014187","0109","A"
"014188","0109","A"
"014348","0004","A"
"014551","0100","A"
"014616","0142","A"
"014618","0142","A"
"014619","0142","A"
"014620","0142","A"
"014621","0142","A"
"014820","0142","A"
"014821","0142","A"
"014822","0142","A"
"015147","0075","A"
"005252","0077","A"
"019442","0098","A"
"019615","0163","A"
"019618","0163","A"
"019620","0163","A"
"019623","0163","A"
"019626","0163","A"
"019633","0163","A"
"019636","0163","A"
"019641","0163","A"
"019644","0163","A"
"019654","0163","A"
"019657","0163","A"
"019661","0163","A"
"019664","0163","A"
"019673","0163","A"
"019928","0004","A"
"019930","0075","A"
"006587","0079","A"
"032204","0004","A"
"020400","0004","A"
"020431","0083","A"
"020692","0004","A"
"020731","0004","A"
"020846","0004","A"
"020847","0004","A"
"021049","0175","A"
"021050","0004","A"
"021051","0004","A"
"021052","0004","A"
"021164","0004","A"
"021474","0004","A"
"021479","0004","A"
"021480","0004","A"
"021481","0004","A"
"021482","0004","A"
"021483","0004","A"
"021484","0004","A"
"021485","0004","A"
"021486","0004","A"
"021487","0004","A"
"021488","0004","A"
"021489","0004","A"
"021490","0004","A"
"021491","0004","A"
"021492","0175","A"
"021493","0004","A"
"021494","0004","A"
"021495","0004","A"
"021496","0004","A"
"021497","0004","A"
"021721","0004","A"
"021722","0004","A"
"021723","0004","A"
"022170","0004","A"
"022171","0004","A"
"022172","0004","A"
"022173","0004","A"
"022174","0004","A"
"022175","0004","A"
"022177","0004","A"
"022178","0004","A"
"022179","0004","A"
"026052","0173","A"
"026053","0173","A"
"026054","0173","A"
"026055","0173","A"
"026056","0173","A"
"026057","0173","A"
"026058","0173","A"
"026059","0173","A"
"026060","0173","A"
"026061","0173","A"
"026062","0173","A"
"026063","0173","A"
"026064","0173","A"
"026065","0173","A"
"026066","0173","A"
"026067","0173","A"
"026068","0173","A"
"026069","0173","A"
"026070","0173","A"
"026071","0173","A"
"026072","0173","A"
"026073","0173","A"
"026074","0173","A"
"026075","0173","A"
"026076","0173","A"
"026077","0173","A"
"026078","0173","A"
"026079","0173","A"
"026080","0173","A"
"026081","0173","A"
"026082","0173","A"
"026083","0173","A"
"026084","0173","A"
"026085","0173","A"
"026151","0004","A"
"028045","0004","A"
"028046","0004","A"
"028082","0004","A"
"028083","0004","A"
"028085","0004","A"
"028086","0004","A"
"028554","0004","A"
"028704","0179","A"
"028705","0179","A"
"028706","0179","A"
"028707","0179","A"
"028709","0179","A"
"028711","0179","A"
"028712","0179","A"
"028713","0179","A"
"028714","0179","A"
"028715","0179","A"
"028716","0179","A"
"028717","0179","A"
"028718","0179","A"
"028719","0179","A"
"028720","0179","A"
"028721","0179","A"
"028722","0179","A"
"028723","0179","A"
"028724","0179","A"
"028725","0179","A"
"028726","0004","A"
"028727","0004","A"
"028736","0165","A"
"028737","0165","A"
"029293","0004","A"
"029295","0004","A"
"029296","0004","A"
"029298","0004","A"
"029317","0004","A"
"029261","0225","A"
"029613","0004","A"
"029641","0004","A"
"029642","0004","A"
"029643","0004","A"
"029645","0004","A"
"029646","0004","A"
"029647","0004","A"
"029648","0004","A"
"029649","0004","A"
"029650","0004","A"
"029651","0004","A"
"029654","0004","A"
"029657","0004","A"
"030388","0179","A"
"030390","0179","A"
"030391","0179","A"
"030392","0179","A"
"030393","0179","A"
"030396","0004","A"
"030716","0004","A"
"030800","0004","A"
"031133","0004","A"
"031217","0004","A"
"031218","0004","A"
"031221","0004","A"
"031222","0004","A"
"031685","0004","A"
"031686","0004","A"
"032049","0004","A"
"032056","0004","A"
"032057","0004","A"
"032058","0004","A"
"032059","0004","A"
"032202","0004","A"
"032203","0004","A"
"032205","0004","A"
"032312","0004","A"
"032313","0004","A"
"032314","0004","A"
"032315","0004","A"
"032316","0004","A"
"032685","0004","A"
"032686","0004","A"
"032687","0004","A"
"032688","0004","A"
"032689","0004","A"
"032690","0004","A"
"032691","0004","A"
"032692","0004","A"
"032693","0004","A"
"032694","0004","A"
"032695","0004","A"
"032696","0004","A"
"032697","0004","A"
"032698","0004","A"
"032699","0004","A"
"032700","0004","A"
"032701","0004","A"
"032702","0004","A"
"032703","0004","A"
"032704","0004","A"
"032705","0004","A"
"032706","0004","A"
"032770","0004","A"
"019378","0215","A"
"019358","0215","A"
"032932","0004","A"
"033019","0004","A"
"033048","0004","A"
"033049","0004","A"
"033050","0004","A"
"033051","0004","A"
"033056","0004","A"
"033057","0004","A"
"033058","0004","A"
"033124","0004","A"
"033161","0004","A"
"033190","0004","A"
"033191","0004","A"
"033192","0004","A"
"033193","0004","A"
"033197","0004","A"
"033198","0004","A"
"033204","0004","A"
"033209","0004","A"
"033210","0004","A"
"033211","0004","A"
"033212","0004","A"
"033213","0004","A"
"033214","0004","A"
"033215","0004","A"
"033216","0004","A"
"033572","0004","A"
"020264","0215","A"
"033787","0004","A"
"034084","0004","A"
"034085","0004","A"
"034087","0004","A"
"034088","0004","A"
"034089","0004","A"
"034090","0004","A"
"034091","0004","A"
"034172","0004","A"
"034173","0004","A"
"034174","0004","A"
"034202","0004","A"
"034203","0004","A"
"034204","0004","A"
"034224","0004","A"
"034411","0004","A"
"034412","0004","A"
"034413","0004","A"
"034417","0178","A"
"034418","0178","A"
"034419","0178","A"
"012283","0178","A"
"034420","0178","A"
"034421","0178","A"
"034422","0178","A"
"012302","0178","A"
"034423","0178","A"
"034424","0178","A"
"034425","0178","A"
"034428","0004","A"
"034429","0004","A"
"001869","0004","A"
"001870","0004","A"
"001871","0004","A"
"001872","0004","A"
"001873","0004","A"
"001874","0004","A"
"001875","0004","A"
"001876","0004","A"
"001877","0004","A"
"001878","0004","A"
"001879","0004","A"
"001880","0004","A"
"001881","0004","A"
"001882","0004","A"
"001883","0004","A"
"001884","0004","A"
"001885","0004","A"
"001886","0004","A"
"001887","0004","A"
"001888","0004","A"
"007150","0146","A"
"007151","0146","A"
"007152","0146","A"
"007153","0146","A"
"007154","0146","A"
"007155","0146","A"
"007156","0146","A"
"014383","0098","A"
"014385","0098","A"
"009152","0146","A"
"009153","0146","A"
"009154","0146","A"
"010825","0146","A"
"010826","0146","A"
"010911","0146","A"
"010908","0146","A"
"010909","0146","A"
"010910","0146","A"
"007157","0146","A"
"007158","0146","A"
"007159","0146","A"
"007160","0146","A"
"007161","0146","A"
"007162","0146","A"
"007163","0146","A"
"007164","0146","A"
"007165","0146","A"
"007166","0146","A"
"007167","0146","A"
"007168","0146","A"
"007169","0146","A"
"007170","0146","A"
"007171","0146","A"
"007172","0146","A"
"007173","0146","A"
"007174","0146","A"
"007175","0146","A"
"007176","0146","A"
"007177","0146","A"
"007178","0146","A"
"007179","0146","A"
"007180","0146","A"
"007181","0146","A"
"007182","0146","A"
"007183","0146","A"
"007184","0146","A"
"007185","0146","A"
"007186","0146","A"
"007187","0146","A"
"007188","0146","A"
"007189","0146","A"
"007190","0146","A"
"007191","0146","A"
"007192","0146","A"
"007193","0146","A"
"007194","0146","A"
"007195","0146","A"
"007196","0146","A"
"007197","0146","A"
"007198","0146","A"
"007199","0146","A"
"007200","0146","A"
"007201","0146","A"
"007202","0146","A"
"007203","0146","A"
"007204","0146","A"
"007205","0146","A"
"007206","0146","A"
"007207","0146","A"
"007208","0146","A"
"007209","0146","A"
"007210","0146","A"
"007211","0146","A"
"007212","0146","A"
"007213","0146","A"
"007214","0146","A"
"007215","0146","A"
"007216","0146","A"
"009135","0146","A"
"009136","0146","A"
"009137","0146","A"
"009138","0146","A"
"010135","0146","A"
"010136","0146","A"
"007417","0146","A"
"007418","0146","A"
"009132","0146","A"
"009133","0146","A"
"009134","0146","A"
"010823","0146","A"
"010824","0146","A"
"007419","0146","A"
"020268","0163","A"
"014117","0083","A"
"014122","0075","A"
"014238","0077","A"
"014384","0098","A"
"014424","0004","A"
"015058","0079","A"
"019725","0163","A"
"020261","0004","A"
"020270","0163","A"
"020275","0163","A"
"020277","0163","A"
"020282","0163","A"
"020285","0163","A"
"020288","0163","A"
"020300","0163","A"
"020303","0163","A"
"020306","0163","A"
"020311","0163","A"
"020314","0163","A"
"020317","0163","A"
"020323","0163","A"
"020331","0163","A"
"020334","0163","A"
"020339","0163","A"
"020342","0163","A"
"020344","0163","A"
"020347","0163","A"
"020360","0163","A"
"020363","0163","A"
"020366","0163","A"
"020368","0163","A"
"020371","0163","A"
"020378","0163","A"
"020382","0084","A"
"020383","0084","A"
"020384","0084","A"
"020385","0084","A"
"020386","0084","A"
"020387","0084","A"
"020388","0084","A"
"020389","0084","A"
"020390","0084","A"
"020391","0084","A"
"020392","0084","A"
"020393","0084","A"
"020394","0084","A"
"020395","0084","A"
"020396","0084","A"
"020397","0084","A"
"004578","0181","A"
"004572","0181","A"
"004574","0181","A"
"004573","0181","A"
"004576","0181","A"
"014381","0181","A"
"004536","0181","A"
"004538","0181","A"
"013824","0181","A"
"004514","0181","A"
"004517","0181","A"
"004544","0181","A"
"026737","0004","A"
"004567","0181","A"
"004570","0181","A"
"004540","0181","A"
"004541","0181","A"
"004549","0181","A"
"004554","0181","A"
"014172","0181","A"
"004551","0181","A"
"004552","0181","A"
"004560","0181","A"
"004564","0181","A"
"004571","0181","A"
"004548","0181","A"
"004550","0181","A"
"004553","0181","A"
"004556","0181","A"
"004557","0181","A"
"004558","0181","A"
"004561","0181","A"
"004563","0181","A"
"004565","0181","A"
"004568","0181","A"
"004542","0181","A"
"004545","0181","A"
"004566","0181","A"
"004534","0181","A"
"004501","0181","A"
"004502","0181","A"
"004503","0181","A"
"004504","0181","A"
"004505","0181","A"
"004506","0181","A"
"004507","0181","A"
"004508","0181","A"
"004510","0181","A"
"004512","0181","A"
"004513","0181","A"
"026736","0004","A"
"004516","0181","A"
"004518","0181","A"
"004519","0181","A"
"004522","0181","A"
"004523","0181","A"
"004524","0181","A"
"004527","0181","A"
"004528","0181","A"
"004530","0181","A"
"004531","0181","A"
"004532","0181","A"
"004533","0181","A"
"014173","0181","A"
"014265","0181","A"
"014266","0181","A"
"004499","0181","A"
"004500","0181","A"
"004509","0181","A"
"028697","0004","A"
"010828","0181","A"
"004546","0181","A"
"004547","0181","A"
"004539","0181","A"
"020379","0182","A"
"020380","0182","A"
"020381","0182","A"
"020741","0004","A"
"020742","0004","A"
"020743","0004","A"
"020744","0004","A"
"020745","0004","A"
"020746","0004","A"
"020747","0004","A"
"020819","0004","A"
"020932","0004","A"
"021083","0004","A"
"028698","0004","A"
"028699","0004","A"
"004605","0217","A"
"020678","0217","A"
"004752","0218","A"
"014250","0218","A"
"019401","0218","A"
"004821","0218","A"
"014222","0218","A"
"007274","0218","A"
"014221","0218","A"
"004771","0218","A"
"030132","0218","A"
"030340","0004","A"
"030617","0004","A"
"030917","0004","A"
"030918","0004","A"
"031236","0108","A"
"031844","0004","A"
"031845","0004","A"
"031846","0004","A"
"031847","0004","A"
"031848","0004","A"
"031963","0004","A"
"031964","0004","A"
"032288","0004","A"
"032289","0004","A"
"033046","0004","A"
"033047","0004","A"
"033497","0004","A"
"034230","0004","A"
"002382","0004","A"
"004625","0098","A"
"019547","0163","A"
"020748","0004","A"
"020749","0004","A"
"020750","0004","A"
"021081","0004","A"
"021082","0004","A"
"026168","0004","A"
"031473","0004","A"
"031638","0004","A"
"032040","0004","A"
"032390","0004","A"
"032391","0004","A"
"033109","0004","A"
"014262","0098","A"
"014168","0146","A"
"014169","0146","A"
"014285","0004","A"
"014349","0129","A"
"007546","0109","A"
"014840","0083","A"
"014841","0083","A"
"014842","0083","A"
"014843","0083","A"
"014844","0083","A"
"019244","0109","A"
"019309","0163","A"
"019310","0163","A"
"019311","0163","A"
"019312","0163","A"
"019315","0163","A"
"019316","0163","A"
"019317","0163","A"
"019318","0163","A"
"019319","0163","A"
"019320","0163","A"
"019321","0163","A"
"019322","0163","A"
"019383","0098","A"
"019384","0098","A"
"019385","0098","A"
"028842","0004","A"
"019468","0163","A"
"019495","0163","A"
"019567","0122","A"
"019573","0109","A"
"009371","0142","A"
"009378","0142","A"
"019713","0004","A"
"019916","0083","A"
"020716","0004","A"
"020717","0004","A"
"020722","0004","A"
"020726","0004","A"
"020758","0004","A"
"020759","0004","A"
"020760","0004","A"
"020812","0004","A"
"020821","0004","A"
"026613","0004","A"
"026614","0004","A"
"026615","0004","A"
"026616","0004","A"
"026617","0004","A"
"026618","0004","A"
"027394","0004","A"
"027395","0004","A"
"028040","0004","A"
"028041","0004","A"
"028042","0004","A"
"028043","0004","A"
"028691","0004","A"
"028841","0004","A"
"028943","0004","A"
"028944","0004","A"
"028945","0004","A"
"028946","0004","A"
"028947","0004","A"
"028948","0004","A"
"028949","0004","A"
"028950","0004","A"
"028951","0004","A"
"028952","0004","A"
"028963","0088","A"
"028963","0218","A"
"028966","0004","A"
"028967","0004","A"
"028968","0004","A"
"028969","0004","A"
"028970","0004","A"
"028971","0004","A"
"028972","0004","A"
"028973","0004","A"
"028974","0004","A"
"028975","0004","A"
"029207","0004","A"
"029208","0004","A"
"029209","0004","A"
"029210","0004","A"
"029623","0004","A"
"029627","0004","A"
"029628","0004","A"
"029629","0004","A"
"029630","0004","A"
"029992","0185","A"
"030068","0179","A"
"030072","0179","A"
"009283","0185","A"
"009188","0185","A"
"009271","0185","A"
"030075","0185","A"
"030076","0185","A"
"030077","0185","A"
"030079","0185","A"
"030287","0004","A"
"030288","0004","A"
"030289","0004","A"
"030290","0004","A"
"030291","0004","A"
"030292","0004","A"
"030293","0004","A"
"030294","0004","A"
"030295","0004","A"
"030296","0004","A"
"030297","0004","A"
"005973","0217","A"
"030298","0004","A"
"030299","0004","A"
"030300","0004","A"
"032597","0004","A"
"032766","0004","A"
"032767","0004","A"
"032771","0004","A"
"006028","0217","A"
"006029","0217","A"
"030313","0217","A"
"004722","0217","A"
"004723","0217","A"
"004788","0217","A"
"011583","0200","A"
"030317","0200","A"
"030318","0200","A"
"030323","0004","A"
"030563","0004","A"
"030618","0004","A"
"030720","0004","A"
"030797","0004","A"
"030798","0004","A"
"007033","0217","A"
"007034","0217","A"
"004931","0217","A"
"004923","0217","A"
"007035","0217","A"
"030828","0004","A"
"030829","0004","A"
"030830","0004","A"
"030831","0004","A"
"030835","0004","A"
"030836","0004","A"
"030837","0004","A"
"030838","0004","A"
"030839","0004","A"
"030855","0004","A"
"030856","0004","A"
"030857","0004","A"
"030858","0004","A"
"030859","0004","A"
"030919","0004","A"
"030920","0004","A"
"030921","0004","A"
"030945","0004","A"
"030946","0004","A"
"030947","0004","A"
"030949","0004","A"
"030950","0004","A"
"030951","0004","A"
"030952","0004","A"
"030953","0004","A"
"030959","0004","A"
"030960","0004","A"
"030961","0004","A"
"031030","0004","A"
"031054","0004","A"
"031055","0004","A"
"031089","0004","A"
"031090","0004","A"
"031091","0004","A"
"031092","0004","A"
"031093","0004","A"
"031094","0004","A"
"031459","0004","A"
"031478","0004","A"
"031479","0004","A"
"031503","0004","A"
"031507","0004","A"
"031508","0004","A"
"031528","0004","A"
"031529","0004","A"
"031584","0004","A"
"031585","0004","A"
"031586","0004","A"
"031587","0004","A"
"031737","0004","A"
"031738","0004","A"
"031917","0004","A"
"032005","0004","A"
"032006","0004","A"
"032007","0004","A"
"032024","0004","A"
"032073","0004","A"
"032074","0004","A"
"032142","0004","A"
"032295","0004","A"
"032773","0004","A"
"032774","0004","A"
"032907","0004","A"
"032908","0004","A"
"032925","0004","A"
"032926","0004","A"
"033083","0004","A"
"033095","0004","A"
"033096","0004","A"
"033097","0004","A"
"033115","0004","A"
"033312","0004","A"
"033313","0004","A"
"033314","0004","A"
"033315","0004","A"
"033347","0004","A"
"033570","0004","A"
"033578","0004","A"
"033795","0004","A"
"033863","0004","A"
"033864","0004","A"
"033951","0004","A"
"033952","0004","A"
"034092","0004","A"
"034093","0004","A"
"034094","0004","A"
"034095","0004","A"
"034096","0004","A"
"034097","0004","A"
"034098","0004","A"
"034099","0004","A"
"034100","0004","A"
"034101","0004","A"
"034171","0004","A"
"002388","0004","A"
"004410","0004","A"
"014827","0004","A"
"014971","0163","A"
"014972","0163","A"
"014973","0163","A"
"014974","0163","A"
"014975","0163","A"
"011573","0139","A"
"014976","0163","A"
"014977","0163","A"
"014978","0163","A"
"014979","0163","A"
"014980","0163","A"
"011581","0139","A"
"014981","0163","A"
"014982","0163","A"
"011562","0139","A"
"011563","0139","A"
"011564","0139","A"
"014983","0163","A"
"014984","0163","A"
"014985","0163","A"
"011584","0139","A"
"011585","0139","A"
"014986","0163","A"
"015017","0074","A"
"015212","0078","A"
"015213","0078","A"
"015214","0078","A"
"015215","0078","A"
"015216","0078","A"
"011592","0139","A"
"016699","0165","A"
"011595","0139","A"
"011596","0139","A"
"011597","0139","A"
"019630","0163","A"
"011676","0140","A"
"019646","0163","A"
"019649","0163","A"
"011680","0140","A"
"019668","0163","A"
"011682","0140","A"
"011683","0140","A"
"011684","0140","A"
"011686","0140","A"
"011690","0140","A"
"011691","0140","A"
"019670","0163","A"
"019679","0109","A"
"011701","0140","A"
"019724","0163","A"
"011703","0140","A"
"011707","0140","A"
"011713","0140","A"
"011678","0140","A"
"011685","0140","A"
"011688","0140","A"
"019759","0074","A"
"011692","0140","A"
"011694","0140","A"
"011695","0140","A"
"011696","0140","A"
"011697","0140","A"
"011700","0140","A"
"011704","0140","A"
"011705","0140","A"
"011706","0140","A"
"011708","0140","A"
"011709","0140","A"
"011710","0140","A"
"011711","0140","A"
"011712","0140","A"
"011598","0140","A"
"011599","0140","A"
"011600","0140","A"
"011601","0140","A"
"011602","0140","A"
"011603","0140","A"
"011604","0140","A"
"011605","0140","A"
"011606","0140","A"
"011608","0140","A"
"011609","0140","A"
"011610","0140","A"
"011611","0140","A"
"011612","0140","A"
"011613","0140","A"
"011614","0140","A"
"011615","0140","A"
"011616","0140","A"
"011617","0140","A"
"011626","0140","A"
"011627","0140","A"
"011629","0140","A"
"011630","0140","A"
"011631","0140","A"
"011632","0140","A"
"014411","0004","A"
"011634","0140","A"
"020642","0004","A"
"011636","0140","A"
"011637","0140","A"
"011638","0140","A"
"011639","0140","A"
"011640","0140","A"
"011641","0140","A"
"020676","0004","A"
"011645","0140","A"
"020727","0004","A"
"011647","0140","A"
"020761","0004","A"
"011650","0140","A"
"011651","0140","A"
"011653","0140","A"
"011654","0140","A"
"011655","0140","A"
"020826","0004","A"
"011657","0140","A"
"011658","0140","A"
"011659","0140","A"
"011660","0140","A"
"020828","0004","A"
"011663","0140","A"
"011665","0140","A"
"020872","0004","A"
"011672","0140","A"
"020901","0004","A"
"011674","0140","A"
"011607","0140","A"
"011618","0140","A"
"011619","0140","A"
"011620","0140","A"
"011621","0140","A"
"011622","0140","A"
"011623","0140","A"
"011624","0140","A"
"011625","0140","A"
"011628","0140","A"
"011643","0140","A"
"011649","0140","A"
"011652","0140","A"
"011661","0140","A"
"011664","0140","A"
"011666","0140","A"
"011668","0140","A"
"011669","0140","A"
"011670","0140","A"
"006815","0108","A"
"006817","0108","A"
"006824","0108","A"
"006826","0108","A"
"006827","0108","A"
"006828","0108","A"
"006829","0108","A"
"014412","0004","A"
"006821","0108","A"
"006822","0108","A"
"006823","0108","A"
"014610","0088","A"
"006836","0108","A"
"006844","0108","A"
"020926","0004","A"
"006845","0108","A"
"006846","0108","A"
"006848","0108","A"
"006832","0108","A"
"006842","0108","A"
"006833","0108","A"
"006839","0108","A"
"006841","0108","A"
"006843","0108","A"
"006834","0108","A"
"006849","0108","A"
"006851","0108","A"
"006852","0108","A"
"006853","0108","A"
"006854","0108","A"
"006858","0108","A"
"006866","0108","A"
"006869","0108","A"
"006859","0108","A"
"006860","0108","A"
"006862","0108","A"
"006863","0108","A"
"006867","0108","A"
"006870","0108","A"
"006850","0108","A"
"006861","0108","A"
"006865","0108","A"
"006868","0108","A"
"006855","0108","A"
"006856","0108","A"
"006857","0108","A"
"013827","0146","A"
"023153","0004","A"
"010133","0146","A"
"002234","0162","A"
"004800","0098","A"
"004564","0125","A"
"026171","0004","A"
"026200","0191","A"
"028037","0004","A"
"028038","0004","A"
"028039","0004","A"
"028062","0004","A"
"028063","0004","A"
"028064","0004","A"
"028637","0004","A"
"028638","0004","A"
"028639","0004","A"
"028640","0004","A"
"028641","0004","A"
"028642","0004","A"
"028643","0004","A"
"028645","0004","A"
"028692","0004","A"
"028693","0179","A"
"004769","0217","A"
"014160","0217","A"
"028981","0004","A"
"030312","0004","A"
"030314","0004","A"
"030315","0004","A"
"030442","0179","A"
"030443","0179","A"
"030444","0179","A"
"030448","0217","A"
"030449","0217","A"
"004586","0217","A"
"004587","0217","A"
"006928","0217","A"
"006929","0217","A"
"004658","0217","A"
"004659","0217","A"
"004660","0217","A"
"004757","0217","A"
"004758","0217","A"
"014102","0217","A"
"030761","0179","A"
"031151","0217","A"
"031153","0217","A"
"031155","0217","A"
"031156","0217","A"
"031157","0217","A"
"031158","0217","A"
"031159","0217","A"
"031160","0217","A"
"031161","0217","A"
"031162","0217","A"
"031163","0217","A"
"031164","0217","A"
"031165","0217","A"
"031167","0217","A"
"031230","0004","A"
"031231","0004","A"
"031232","0004","A"
"031233","0004","A"
"031234","0004","A"
"031235","0004","A"
"031237","0004","A"
"031238","0004","A"
"031239","0004","A"
"031240","0004","A"
"031241","0004","A"
"031460","0004","A"
"031792","0004","A"
"031793","0004","A"
"031794","0004","A"
"011030","0228","A"
"032036","0004","A"
"032037","0004","A"
"032039","0004","A"
"032218","0004","A"
"032219","0004","A"
"032220","0004","A"
"032749","0004","A"
"032750","0004","A"
"032751","0004","A"
"032755","0004","A"
"032886","0004","A"
"032887","0004","A"
"032888","0004","A"
"033085","0004","A"
"033217","0004","A"
"033218","0004","A"
"033380","0004","A"
"033546","0004","A"
"033547","0004","A"
"033556","0004","A"
"033893","0004","A"
"033894","0004","A"
"033895","0004","A"
"034114","0004","A"
"034115","0004","A"
"034116","0004","A"
"034117","0004","A"
"034118","0004","A"
"034119","0004","A"
"034120","0004","A"
"034121","0004","A"
"034122","0004","A"
"034123","0004","A"
"034124","0004","A"
"034125","0004","A"
"034126","0004","A"
"034127","0004","A"
"034128","0004","A"
"034129","0004","A"
"034130","0004","A"
"034131","0004","A"
"034251","0004","A"
"034252","0004","A"
"034480","0004","A"
"034481","0004","A"
"034482","0004","A"
"034510","0004","A"
"002384","0004","A"
"004443","0085","A"
"014043","0085","A"
"014044","0085","A"
"014045","0085","A"
"014046","0085","A"
"014047","0085","A"
"014048","0085","A"
"014049","0085","A"
"014050","0085","A"
"014051","0085","A"
"014052","0085","A"
"014053","0085","A"
"014054","0085","A"
"014055","0085","A"
"014056","0085","A"
"014057","0085","A"
"014058","0085","A"
"014271","0004","A"
"019490","0163","A"
"019513","0163","A"
"019537","0163","A"
"019550","0163","A"
"019760","0077","A"
"020259","0119","A"
"020260","0144","A"
"020477","0004","A"
"020478","0004","A"
"020479","0004","A"
"020480","0004","A"
"021079","0004","A"
"012184","0178","A"
"012238","0178","A"
"012098","0178","A"
"012239","0178","A"
"012099","0178","A"
"012240","0178","A"
"012183","0178","A"
"027482","0204","A"
"027483","0204","A"
"027484","0204","A"
"027485","0204","A"
"027486","0204","A"
"027487","0204","A"
"027488","0204","A"
"027489","0204","A"
"027490","0204","A"
"027491","0204","A"
"027492","0204","A"
"027493","0204","A"
"027494","0204","A"
"027495","0204","A"
"027496","0204","A"
"027497","0204","A"
"027498","0204","A"
"027499","0204","A"
"027500","0204","A"
"027501","0204","A"
"027502","0204","A"
"027503","0204","A"
"027504","0204","A"
"027505","0204","A"
"027506","0204","A"
"027507","0204","A"
"027508","0204","A"
"027509","0204","A"
"027510","0204","A"
"027511","0204","A"
"027512","0204","A"
"027513","0204","A"
"027514","0204","A"
"027515","0204","A"
"027516","0204","A"
"027517","0204","A"
"027518","0204","A"
"027519","0204","A"
"027520","0204","A"
"027521","0204","A"
"027522","0204","A"
"027523","0204","A"
"027524","0204","A"
"027525","0204","A"
"029305","0004","A"
"027527","0204","A"
"027528","0204","A"
"027529","0204","A"
"027530","0204","A"
"027531","0204","A"
"027532","0204","A"
"027533","0204","A"
"027534","0204","A"
"027535","0204","A"
"027536","0204","A"
"027537","0204","A"
"027538","0204","A"
"027539","0204","A"
"027540","0204","A"
"027541","0204","A"
"027542","0204","A"
"027543","0204","A"
"027544","0204","A"
"027545","0204","A"
"027546","0204","A"
"027547","0204","A"
"027548","0204","A"
"027549","0204","A"
"027550","0204","A"
"027551","0204","A"
"027552","0204","A"
"027553","0204","A"
"028070","0004","A"
"027555","0204","A"
"027556","0204","A"
"027557","0204","A"
"027558","0204","A"
"027559","0204","A"
"027560","0204","A"
"027561","0204","A"
"027562","0204","A"
"027563","0204","A"
"027564","0204","A"
"027565","0204","A"
"027566","0204","A"
"027567","0204","A"
"027554","0204","A"
"028066","0004","A"
"028071","0004","A"
"028547","0004","A"
"028548","0004","A"
"028549","0004","A"
"028550","0004","A"
"028551","0004","A"
"028673","0004","A"
"028674","0004","A"
"029303","0004","A"
"029304","0004","A"
"029306","0004","A"
"002234","0226","A"
"004717","0217","A"
"030726","0004","A"
"030728","0004","A"
"030846","0004","A"
"030847","0004","A"
"030848","0004","A"
"030976","0004","A"
"030977","0004","A"
"030978","0004","A"
"030979","0004","A"
"030980","0004","A"
"030981","0004","A"
"030982","0004","A"
"030983","0004","A"
"030984","0004","A"
"030985","0004","A"
"030986","0004","A"
"030987","0004","A"
"030988","0004","A"
"030989","0004","A"
"030990","0004","A"
"030991","0004","A"
"031223","0004","A"
"031224","0004","A"
"031225","0004","A"
"031431","0004","A"
"031432","0004","A"
"031433","0004","A"
"031434","0004","A"
"031463","0004","A"
"031466","0004","A"
"031734","0004","A"
"031735","0004","A"
"032740","0004","A"
"032741","0004","A"
"033060","0004","A"
"033061","0004","A"
"033062","0004","A"
"033063","0004","A"
"033064","0004","A"
"033740","0004","A"
"033741","0004","A"
"033742","0004","A"
"033743","0004","A"
"034078","0004","A"
"034249","0175","A"
"002194","0004","A"
"005985","0098","A"
"002195","0004","A"
"002196","0004","A"
"002197","0004","A"
"002198","0004","A"
"002199","0004","A"
"002200","0004","A"
"002201","0004","A"
"002202","0004","A"
"002383","0004","A"
"014084","0098","A"
"014085","0098","A"
"014086","0098","A"
"014170","0147","A"
"014171","0129","A"
"014246","0098","A"
"014247","0098","A"
"014248","0098","A"
"014249","0098","A"
"014288","0088","A"
"014289","0098","A"
"014290","0098","A"
"014291","0098","A"
"014292","0088","A"
"013686","0122","A"
"013687","0122","A"
"014850","0106","A"
"014851","0106","A"
"014852","0106","A"
"014853","0106","A"
"014854","0106","A"
"014855","0106","A"
"014907","0163","A"
"014908","0163","A"
"014909","0163","A"
"014910","0163","A"
"014911","0163","A"
"014912","0163","A"
"014913","0163","A"
"014914","0163","A"
"014915","0163","A"
"014916","0163","A"
"014917","0163","A"
"014918","0163","A"
"014919","0163","A"
"015027","0004","A"
"015217","0004","A"
"017386","0081","A"
"019532","0163","A"
"019554","0163","A"
"019754","0004","A"
"019770","0109","A"
"019771","0109","A"
"019772","0109","A"
"019773","0109","A"
"019774","0109","A"
"019775","0109","A"
"019776","0109","A"
"019777","0109","A"
"019778","0109","A"
"019449","0098","A"
"019915","0098","A"
"020465","0004","A"
"020466","0004","A"
"020467","0004","A"
"020468","0004","A"
"020469","0004","A"
"020470","0004","A"
"020472","0004","A"
"020473","0004","A"
"020474","0004","A"
"020475","0004","A"
"020476","0004","A"
"020643","0004","A"
"020644","0004","A"
"020719","0004","A"
"020737","0004","A"
"010288","0184","A"
"010742","0186","A"
"010743","0186","A"
"010744","0186","A"
"010746","0186","A"
"010747","0186","A"
"010748","0186","A"
"010749","0186","A"
"010750","0186","A"
"010751","0186","A"
"010754","0186","A"
"010755","0186","A"
"010756","0186","A"
"010757","0186","A"
"010759","0186","A"
"010761","0186","A"
"010762","0186","A"
"010763","0186","A"
"010764","0186","A"
"010766","0186","A"
"010767","0186","A"
"010768","0186","A"
"010769","0186","A"
"010770","0186","A"
"010771","0186","A"
"010773","0186","A"
"010774","0186","A"
"010775","0186","A"
"010776","0186","A"
"010777","0186","A"
"010778","0186","A"
"010780","0186","A"
"010781","0186","A"
"010782","0186","A"
"010783","0186","A"
"010784","0186","A"
"010785","0186","A"
"010786","0186","A"
"010787","0186","A"
"010789","0186","A"
"010790","0186","A"
"010792","0186","A"
"010793","0186","A"
"010794","0186","A"
"010795","0186","A"
"010796","0186","A"
"010797","0186","A"
"010798","0186","A"
"010800","0186","A"
"010801","0186","A"
"010802","0186","A"
"010803","0186","A"
"010805","0186","A"
"010807","0186","A"
"010808","0186","A"
"010809","0186","A"
"010810","0186","A"
"010811","0186","A"
"010812","0186","A"
"010813","0186","A"
"010814","0186","A"
"010815","0186","A"
"010816","0186","A"
"010817","0186","A"
"010818","0186","A"
"010819","0186","A"
"010820","0186","A"
"010821","0186","A"
"010822","0186","A"
"014264","0186","A"
"014828","0186","A"
"015017","0186","A"
"015018","0186","A"
"015019","0186","A"
"015044","0186","A"
"015227","0186","A"
"015228","0186","A"
"019759","0186","A"
"020413","0186","A"
"009557","0187","A"
"009558","0187","A"
"009559","0187","A"
"010881","0187","A"
"010882","0187","A"
"010883","0187","A"
"010884","0187","A"
"010885","0187","A"
"010886","0187","A"
"010889","0187","A"
"010890","0187","A"
"010891","0187","A"
"010892","0187","A"
"010893","0187","A"
"010894","0187","A"
"010895","0187","A"
"010896","0187","A"
"010897","0187","A"
"010898","0187","A"
"010899","0187","A"
"021256","0004","A"
"010901","0187","A"
"010902","0187","A"
"010903","0187","A"
"010904","0187","A"
"010906","0187","A"
"010907","0187","A"
"014071","0187","A"
"014072","0187","A"
"014073","0187","A"
"014074","0187","A"
"021258","0004","A"
"014274","0187","A"
"014275","0187","A"
"020768","0004","A"
"020769","0004","A"
"020853","0004","A"
"020856","0004","A"
"020857","0004","A"
"021059","0004","A"
"021257","0004","A"
"021417","0205","A"
"012120","0178","A"
"021454","0004","A"
"026146","0004","A"
"026147","0004","A"
"026154","0004","A"
"026155","0004","A"
"026156","0004","A"
"026157","0004","A"
"026163","0004","A"
"026499","0004","A"
"026747","0004","A"
"026748","0004","A"
"026749","0004","A"
"026750","0004","A"
"026751","0004","A"
"026752","0004","A"
"026753","0004","A"
"027700","0004","A"
"027801","0004","A"
"027802","0004","A"
"027803","0004","A"
"028011","0004","A"
"028014","0004","A"
"028015","0004","A"
"028016","0004","A"
"028018","0004","A"
"028019","0004","A"
"028020","0004","A"
"028021","0004","A"
"028022","0004","A"
"028023","0004","A"
"028024","0004","A"
"028025","0004","A"
"028026","0004","A"
"028027","0004","A"
"028028","0004","A"
"028029","0004","A"
"028030","0004","A"
"028031","0004","A"
"028032","0004","A"
"028033","0004","A"
"028034","0004","A"
"028035","0004","A"
"028036","0004","A"
"028654","0004","A"
"028655","0004","A"
"028656","0004","A"
"028657","0004","A"
"028658","0004","A"
"028659","0004","A"
"028660","0004","A"
"028669","0165","A"
"029183","0173","A"
"029184","0173","A"
"029185","0173","A"
"029186","0173","A"
"029187","0173","A"
"029188","0173","A"
"029189","0173","A"
"029190","0173","A"
"029191","0173","A"
"029192","0173","A"
"029193","0173","A"
"029194","0173","A"
"029195","0173","A"
"029196","0173","A"
"029197","0173","A"
"029198","0173","A"
"029199","0173","A"
"029200","0173","A"
"029235","0004","A"
"029312","0004","A"
"029313","0004","A"
"030084","0004","A"
"030085","0004","A"
"030086","0004","A"
"030087","0004","A"
"030274","0004","A"
"030668","0004","A"
"005936","0217","A"
"004813","0217","A"
"004814","0217","A"
"004815","0217","A"
"014846","0217","A"
"014847","0217","A"
"004791","0217","A"
"004792","0217","A"
"019383","0217","A"
"019384","0217","A"
"019385","0217","A"
"014579","0217","A"
"014580","0217","A"
"019590","0217","A"
"019591","0217","A"
"004857","0217","A"
"019586","0217","A"
"030861","0004","A"
"030862","0004","A"
"030863","0004","A"
"031019","0004","A"
"031020","0004","A"
"031021","0004","A"
"031022","0004","A"
"031365","0004","A"
"031366","0004","A"
"031367","0004","A"
"031368","0004","A"
"031369","0004","A"
"031370","0004","A"
"031371","0004","A"
"031389","0004","A"
"031390","0004","A"
"031391","0004","A"
"014261","0217","A"
"004766","0217","A"
"006940","0218","A"
"031523","0004","A"
"031524","0004","A"
"032282","0004","A"
"032285","0004","A"
"032762","0004","A"
"032763","0004","A"
"032764","0004","A"
"032885","0004","A"
"032890","0004","A"
"032891","0004","A"
"019438","0217","A"
"019439","0217","A"
"019440","0217","A"
"019441","0217","A"
"033104","0004","A"
"033108","0004","A"
"033113","0004","A"
"033243","0004","A"
"033244","0004","A"
"033245","0004","A"
"033246","0004","A"
"033247","0004","A"
"033248","0004","A"
"033253","0004","A"
"033254","0004","A"
"033255","0004","A"
"033259","0004","A"
"033260","0004","A"
"033261","0004","A"
"033551","0004","A"
"033552","0004","A"
"033603","0004","A"
"033604","0004","A"
"033759","0004","A"
"033762","0004","A"
"033763","0004","A"
"033764","0004","A"
"033765","0004","A"
"033766","0004","A"
"033767","0004","A"
"033768","0004","A"
"033779","0004","A"
"033780","0004","A"
"033781","0004","A"
"033782","0004","A"
"033783","0004","A"
"033784","0004","A"
"033785","0004","A"
"033802","0004","A"
"033803","0004","A"
"033804","0004","A"
"033848","0004","A"
"033849","0004","A"
"033916","0004","A"
"033943","0004","A"
"034108","0004","A"
"034205","0004","A"
"034215","0004","A"
"034410","0004","A"
"034471","0004","A"
"034472","0004","A"
"034473","0004","A"
"001908","0004","A"
"001909","0004","A"
"001910","0004","A"
"001911","0004","A"
"001912","0004","A"
"001913","0004","A"
"002246","0004","A"
"002410","0004","A"
"004391","0004","A"
"013813","0004","A"
"013814","0004","A"
"012261","0084","A"
"012266","0084","A"
"012268","0084","A"
"012269","0084","A"
"012267","0084","A"
"012098","0084","A"
"012238","0084","A"
"012099","0084","A"
"012111","0084","A"
"012126","0084","A"
"013600","0084","A"
"014083","0109","A"
"014087","0109","A"
"007796","0109","A"
"007802","0109","A"
"014127","0068","A"
"014128","0068","A"
"014143","0076","A"
"020405","0165","A"
"014239","0098","A"
"014240","0098","A"
"014241","0098","A"
"014242","0098","A"
"014346","0004","A"
"006553","0079","A"
"014389","0142","A"
"014390","0142","A"
"014428","0163","A"
"014429","0163","A"
"014430","0163","A"
"014431","0163","A"
"014432","0163","A"
"014433","0163","A"
"014434","0163","A"
"014435","0163","A"
"014436","0163","A"
"014437","0163","A"
"014438","0163","A"
"014439","0163","A"
"014440","0163","A"
"014441","0163","A"
"014442","0163","A"
"014443","0163","A"
"014444","0163","A"
"006590","0079","A"
"006459","0079","A"
"014601","0079","A"
"014602","0079","A"
"014603","0079","A"
"014604","0079","A"
"014605","0079","A"
"014606","0079","A"
"014607","0079","A"
"014608","0079","A"
"014609","0079","A"
"014833","0004","A"
"014837","0004","A"
"015063","0109","A"
"015064","0109","A"
"015065","0109","A"
"008510","0109","A"
"015066","0109","A"
"015067","0109","A"
"015068","0109","A"
"015069","0109","A"
"015071","0109","A"
"015072","0109","A"
"015073","0109","A"
"015076","0109","A"
"015077","0109","A"
"015079","0109","A"
"015084","0147","A"
"015121","0076","A"
"019404","0109","A"
"020403","0004","A"
"020406","0165","A"
"020407","0165","A"
"020408","0165","A"
"020409","0165","A"
"020410","0165","A"
"020411","0165","A"
"020412","0165","A"
"020933","0004","A"
"020937","0173","A"
"021168","0004","A"
"021169","0004","A"
"021173","0004","A"
"026152","0004","A"
"026153","0004","A"
"026619","0004","A"
"026620","0004","A"
"026656","0202","A"
"026696","0202","A"
"026697","0202","A"
"026698","0202","A"
"026699","0202","A"
"026700","0202","A"
"026701","0202","A"
"026702","0202","A"
"026703","0202","A"
"026704","0202","A"
"026705","0202","A"
"026706","0202","A"
"026707","0202","A"
"026708","0202","A"
"026709","0202","A"
"026710","0202","A"
"026711","0202","A"
"026712","0202","A"
"026713","0202","A"
"026714","0202","A"
"026715","0202","A"
"026716","0202","A"
"026717","0202","A"
"026718","0202","A"
"026719","0202","A"
"026720","0202","A"
"026721","0202","A"
"026722","0202","A"
"026723","0202","A"
"026724","0202","A"
"026725","0202","A"
"026726","0202","A"
"026727","0202","A"
"026728","0202","A"
"026729","0202","A"
"026730","0202","A"
"026731","0202","A"
"026732","0202","A"
"026733","0202","A"
"028051","0004","A"
"028052","0004","A"
"014267","0217","A"
"028635","0210","A"
"028644","0214","A"
"028886","0004","A"
"028887","0004","A"
"028888","0004","A"
"028889","0004","A"
"029300","0004","A"
"029307","0004","A"
"029308","0004","A"
"013816","0218","A"
"030579","0004","A"
"030580","0004","A"
"030581","0004","A"
"030582","0004","A"
"030583","0004","A"
"030584","0004","A"
"030585","0004","A"
"030586","0004","A"
"030587","0004","A"
"030588","0004","A"
"030589","0004","A"
"030621","0004","A"
"030622","0004","A"
"030746","0004","A"
"032015","0004","A"
"032016","0004","A"
"032143","0004","A"
"032144","0004","A"
"032145","0004","A"
"006398","0079","A"
"033133","0004","A"
"033134","0004","A"
"033135","0004","A"
"033137","0004","A"
"033495","0004","A"
"033549","0004","A"
"033550","0004","A"
"033852","0004","A"
"033853","0004","A"
"033854","0004","A"
"033855","0004","A"
"033856","0004","A"
"033857","0004","A"
"033858","0004","A"
"033859","0004","A"
"033860","0004","A"
"034037","0004","A"
"034038","0004","A"
"034039","0004","A"
"034040","0004","A"
"034041","0004","A"
"034042","0004","A"
"034043","0004","A"
"034393","0004","A"
"034477","0004","A"
"034478","0004","A"
"034479","0004","A"
"034504","0004","A"
"034505","0004","A"
"034519","0004","A"
"034539","0004","A"
"001756","0004","A"
"001757","0004","A"
"002354","0004","A"
"002404","0004","A"
"002412","0004","A"
"000001","0014","A"
"004411","0004","A"
"014088","0098","A"
"014089","0098","A"
"014181","0068","A"
"014579","0098","A"
"014580","0098","A"
"014585","0098","A"
"014586","0088","A"
"014592","0004","A"
"014617","0004","A"
"006592","0079","A"
"015048","0077","A"
"015049","0077","A"
"015055","0075","A"
"019446","0142","A"
"019447","0129","A"
"017289","0165","A"
"019448","0098","A"
"016875","0165","A"
"019576","0098","A"
"019687","0068","A"
"019689","0004","A"
"020175","0166","A"
"020485","0004","A"
"020639","0004","A"
"020782","0004","A"
"020783","0004","A"
"020878","0173","A"
"020881","0173","A"
"020883","0173","A"
"028634","0004","A"
"028661","0004","A"
"004875","0218","A"
"006914","0218","A"
"029527","0179","A"
"029530","0179","A"
"029532","0179","A"
"029541","0187","A"
"029261","0224","A"
"007438","0098","A"
"030123","0179","A"
"030259","0080","A"
"030259","0219","A"
"004800","0217","A"
"004801","0217","A"
"004754","0217","A"
"004755","0217","A"
"004756","0217","A"
"030661","0004","A"
"030670","0004","A"
"030671","0004","A"
"030672","0004","A"
"030673","0004","A"
"030674","0004","A"
"030675","0004","A"
"030676","0004","A"
"030948","0004","A"
"031242","0004","A"
"031243","0004","A"
"031244","0004","A"
"031245","0004","A"
"031246","0004","A"
"031247","0004","A"
"031248","0004","A"
"031249","0004","A"
"031250","0004","A"
"031251","0004","A"
"031252","0004","A"
"031253","0004","A"
"031254","0004","A"
"031255","0004","A"
"031256","0004","A"
"031257","0004","A"
"031258","0004","A"
"031259","0004","A"
"031261","0004","A"
"031262","0004","A"
"031263","0004","A"
"031264","0004","A"
"031265","0004","A"
"031266","0004","A"
"031267","0004","A"
"031268","0004","A"
"031269","0004","A"
"031270","0004","A"
"031271","0004","A"
"031272","0004","A"
"031273","0004","A"
"031274","0004","A"
"031275","0004","A"
"031392","0004","A"
"031575","0004","A"
"031576","0004","A"
"031577","0004","A"
"031578","0004","A"
"031579","0004","A"
"031938","0004","A"
"031939","0004","A"
"031940","0004","A"
"031941","0004","A"
"031942","0004","A"
"031943","0004","A"
"031944","0004","A"
"032105","0004","A"
"032106","0004","A"
"032107","0004","A"
"032108","0004","A"
"032109","0004","A"
"032110","0004","A"
"032111","0004","A"
"032112","0004","A"
"032113","0004","A"
"032114","0004","A"
"032115","0004","A"
"032116","0004","A"
"032117","0004","A"
"032118","0004","A"
"032148","0004","A"
"032149","0004","A"
"032150","0004","A"
"032355","0004","A"
"032356","0004","A"
"032357","0004","A"
"032358","0004","A"
"032359","0004","A"
"032360","0004","A"
"032361","0004","A"
"032362","0004","A"
"032363","0004","A"
"032364","0004","A"
"032365","0004","A"
"032366","0004","A"
"032367","0004","A"
"032437","0004","A"
"033000","0004","A"
"033112","0004","A"
"033229","0004","A"
"033230","0004","A"
"033409","0004","A"
"033410","0004","A"
"033500","0217","A"
"033501","0217","A"
"033502","0217","A"
"033503","0217","A"
"033504","0217","A"
"033505","0217","A"
"033506","0217","A"
"033507","0217","A"
"033508","0217","A"
"033510","0217","A"
"033511","0217","A"
"033512","0217","A"
"033513","0217","A"
"033581","0004","A"
"033582","0004","A"
"033585","0004","A"
"033586","0004","A"
"033587","0004","A"
"033588","0004","A"
"033937","0004","A"
"033938","0004","A"
"034055","0004","A"
"034086","0004","A"
"034185","0004","A"
"034186","0004","A"
"034187","0004","A"
"034229","0004","A"
"014114","0109","A"
"014788","0163","A"
"014787","0163","A"
"014789","0163","A"
"014790","0163","A"
"014791","0163","A"
"014792","0163","A"
"014793","0163","A"
"014794","0163","A"
"014795","0163","A"
"014796","0163","A"
"014797","0163","A"
"014798","0163","A"
"014799","0163","A"
"014800","0163","A"
"014801","0163","A"
"014802","0163","A"
"014803","0163","A"
"014804","0163","A"
"014805","0163","A"
"014806","0163","A"
"014807","0163","A"
"014808","0163","A"
"014809","0163","A"
"014810","0163","A"
"014811","0163","A"
"014812","0163","A"
"014813","0163","A"
"014814","0163","A"
"014815","0163","A"
"014816","0163","A"
"014817","0163","A"
"014819","0004","A"
"014828","0074","A"
"015221","0004","A"
"006813","0079","A"
"015714","0083","A"
"019197","0165","A"
"019198","0165","A"
"019475","0163","A"
"019478","0163","A"
"019531","0163","A"
"019543","0163","A"
"020486","0163","A"
"020492","0163","A"
"020497","0163","A"
"020502","0163","A"
"020515","0163","A"
"020523","0163","A"
"020526","0163","A"
"020529","0163","A"
"020545","0163","A"
"020548","0163","A"
"020551","0163","A"
"020561","0163","A"
"020566","0163","A"
"020569","0163","A"
"020572","0163","A"
"020577","0163","A"
"020580","0163","A"
"020583","0163","A"
"020586","0163","A"
"020599","0163","A"
"020602","0163","A"
"020604","0163","A"
"020607","0163","A"
"020616","0163","A"
"020619","0163","A"
"020622","0163","A"
"020625","0163","A"
"020628","0163","A"
"020720","0004","A"
"020824","0004","A"
"020956","0175","A"
"020957","0175","A"
"020958","0175","A"
"021054","0004","A"
"021457","0004","A"
"026133","0004","A"
"026134","0004","A"
"026139","0004","A"
"004974","0223","A"
"029264","0004","A"
"028604","0004","A"
"004977","0223","A"
"004978","0223","A"
"004979","0223","A"
"004980","0223","A"
"004985","0223","A"
"004986","0223","A"
"020416","0223","A"
"004981","0223","A"
"015233","0221","A"
"029265","0004","A"
"031550","0004","A"
"032345","0004","A"
"032572","0004","A"
"032573","0004","A"
"032574","0004","A"
"032575","0004","A"
"032576","0004","A"
"032577","0004","A"
"032578","0004","A"
"020317","0215","A"
"033069","0004","A"
"033305","0004","A"
"033306","0004","A"
"033307","0004","A"
"033308","0004","A"
"033309","0004","A"
"033310","0004","A"
"033311","0004","A"
"033342","0004","A"
"033733","0215","A"
"034469","0004","A"
"034470","0004","A"
"002343","0004","A"
"002344","0004","A"
"002345","0004","A"
"002355","0004","A"
"002356","0004","A"
"002357","0004","A"
"002358","0004","A"
"014426","0004","A"
"014485","0163","A"
"014486","0163","A"
"014487","0163","A"
"014488","0163","A"
"014489","0163","A"
"014490","0163","A"
"014491","0163","A"
"014492","0163","A"
"014493","0163","A"
"014494","0163","A"
"014495","0163","A"
"014498","0163","A"
"014499","0163","A"
"014500","0163","A"
"014501","0163","A"
"014502","0163","A"
"014503","0163","A"
"014504","0163","A"
"014505","0163","A"
"014506","0163","A"
"019559","0163","A"
"019935","0004","A"
"020404","0004","A"
"020416","0114","A"
"020488","0163","A"
"020491","0163","A"
"020493","0163","A"
"020496","0163","A"
"020498","0163","A"
"020501","0163","A"
"020506","0163","A"
"020509","0163","A"
"020519","0163","A"
"020522","0163","A"
"020532","0163","A"
"020535","0163","A"
"020538","0163","A"
"020541","0163","A"
"020557","0163","A"
"020560","0163","A"
"020565","0163","A"
"020592","0163","A"
"020595","0163","A"
"020598","0163","A"
"020603","0163","A"
"020611","0163","A"
"020614","0163","A"
"020615","0163","A"
"020629","0163","A"
"020632","0163","A"
"020635","0163","A"
"020780","0004","A"
"020781","0004","A"
"020784","0004","A"
"020785","0004","A"
"020786","0004","A"
"020964","0004","A"
"021280","0163","A"
"021288","0163","A"
"021293","0163","A"
"021295","0163","A"
"021297","0163","A"
"021308","0163","A"
"021313","0163","A"
"021320","0163","A"
"021323","0163","A"
"021326","0163","A"
"021331","0163","A"
"021339","0163","A"
"021353","0163","A"
"021356","0163","A"
"021361","0163","A"
"021364","0163","A"
"021366","0163","A"
"021374","0163","A"
"026773","0004","A"
"028701","0179","A"
"031760","0004","A"
"031761","0004","A"
"031762","0004","A"
"031763","0004","A"
"031764","0004","A"
"031765","0004","A"
"031766","0004","A"
"031767","0004","A"
"031768","0004","A"
"031769","0004","A"
"031770","0004","A"
"031772","0004","A"
"031773","0004","A"
"031774","0004","A"
"031775","0004","A"
"031776","0004","A"
"031777","0004","A"
"031780","0004","A"
"031783","0004","A"
"031784","0004","A"
"031930","0004","A"
"031931","0004","A"
"031932","0004","A"
"031933","0004","A"
"031934","0004","A"
"031935","0004","A"
"031936","0004","A"
"031937","0004","A"
"032281","0004","A"
"033900","0218","A"
"001730","0004","A"
"001731","0004","A"
"001732","0004","A"
"001733","0004","A"
"001846","0004","A"
"001847","0004","A"
"001848","0004","A"
"001889","0004","A"
"001890","0004","A"
"001891","0004","A"
"001892","0004","A"
"001893","0004","A"
"001894","0004","A"
"001895","0004","A"
"001896","0004","A"
"001897","0004","A"
"001898","0004","A"
"001899","0004","A"
"001900","0004","A"
"001901","0004","A"
"001902","0004","A"
"001903","0004","A"
"001904","0004","A"
"001905","0004","A"
"001906","0004","A"
"001907","0004","A"
"002172","0004","A"
"002173","0004","A"
"002174","0004","A"
"002175","0004","A"
"002176","0004","A"
"002177","0004","A"
"002178","0004","A"
"002179","0004","A"
"002180","0004","A"
"002181","0004","A"
"002182","0004","A"
"002183","0004","A"
"002184","0004","A"
"014003","0084","A"
"012288","0084","A"
"014004","0084","A"
"014005","0084","A"
"014006","0084","A"
"014007","0084","A"
"014008","0084","A"
"014009","0084","A"
"014010","0084","A"
"012287","0084","A"
"012300","0084","A"
"012319","0084","A"
"012323","0084","A"
"012405","0084","A"
"012338","0084","A"
"012359","0084","A"
"005998","0098","A"
"014111","0109","A"
"014112","0109","A"
"014224","0084","A"
"014225","0084","A"
"014226","0084","A"
"012212","0084","A"
"014227","0084","A"
"014228","0084","A"
"014229","0084","A"
"014230","0084","A"
"014231","0084","A"
"014232","0084","A"
"014233","0084","A"
"014234","0084","A"
"014235","0084","A"
"014236","0084","A"
"013205","0084","A"
"014483","0004","A"
"014559","0098","A"
"018331","0165","A"
"014561","0127","A"
"014562","0079","A"
"014381","0125","A"
"014647","0004","A"
"015051","0004","A"
"018332","0165","A"
"018333","0165","A"
"018334","0165","A"
"018335","0165","A"
"018336","0165","A"
"019399","0083","A"
"018338","0165","A"
"018349","0165","A"
"018350","0165","A"
"018351","0165","A"
"018352","0165","A"
"018353","0165","A"
"018354","0165","A"
"018355","0165","A"
"018356","0165","A"
"018357","0165","A"
"018358","0165","A"
"019730","0083","A"
"018378","0165","A"
"018379","0165","A"
"018380","0165","A"
"018381","0165","A"
"018382","0165","A"
"018383","0165","A"
"018384","0165","A"
"018385","0165","A"
"018386","0165","A"
"018387","0165","A"
"018388","0165","A"
"018389","0165","A"
"018390","0165","A"
"018391","0165","A"
"018392","0165","A"
"018393","0165","A"
"018394","0165","A"
"018395","0165","A"
"018396","0165","A"
"019400","0083","A"
"019401","0088","A"
"019454","0163","A"
"019459","0163","A"
"019731","0077","A"
"018422","0165","A"
"018423","0165","A"
"018424","0165","A"
"018425","0165","A"
"018426","0165","A"
"018427","0165","A"
"018428","0165","A"
"018429","0165","A"
"018430","0165","A"
"018431","0165","A"
"018432","0165","A"
"018433","0165","A"
"018434","0165","A"
"018435","0165","A"
"018436","0165","A"
"018437","0165","A"
"018438","0165","A"
"018439","0165","A"
"019732","0077","A"
"018444","0165","A"
"018445","0165","A"
"018446","0165","A"
"018448","0165","A"
"018477","0165","A"
"018478","0165","A"
"018479","0165","A"
"018481","0165","A"
"019187","0078","A"
"019188","0078","A"
"019189","0078","A"
"019190","0078","A"
"019191","0078","A"
"019192","0078","A"
"019193","0078","A"
"019194","0078","A"
"019195","0078","A"
"019733","0077","A"
"019734","0077","A"
"019735","0077","A"
"019736","0077","A"
"019737","0077","A"
"019738","0077","A"
"019739","0077","A"
"019740","0077","A"
"019741","0077","A"
"019742","0077","A"
"019743","0077","A"
"019744","0077","A"
"019745","0077","A"
"019746","0077","A"
"020399","0004","A"
"020689","0004","A"
"020764","0004","A"
"020766","0004","A"
"020807","0004","A"
"026159","0004","A"
"028053","0004","A"
"004681","0217","A"
"028924","0004","A"
"030385","0004","A"
"030386","0004","A"
"030556","0004","A"
"030557","0004","A"
"030560","0004","A"
"030561","0004","A"
"030623","0004","A"
"030624","0004","A"
"030625","0004","A"
"030626","0004","A"
"030627","0004","A"
"014243","0217","A"
"014244","0217","A"
"030809","0004","A"
"030810","0004","A"
"030812","0004","A"
"030813","0004","A"
"030821","0004","A"
"030822","0004","A"
"030824","0004","A"
"030825","0004","A"
"030826","0004","A"
"030827","0004","A"
"031082","0004","A"
"031083","0004","A"
"031084","0004","A"
"031085","0004","A"
"031086","0004","A"
"031087","0004","A"
"031088","0004","A"
"031139","0004","A"
"031140","0004","A"
"031141","0004","A"
"031142","0004","A"
"031143","0004","A"
"031144","0004","A"
"031564","0004","A"
"031566","0004","A"
"031567","0004","A"
"031568","0004","A"
"031643","0004","A"
"031644","0004","A"
"031645","0004","A"
"031646","0004","A"
"031723","0004","A"
"031729","0004","A"
"031730","0004","A"
"031731","0004","A"
"031785","0004","A"
"031786","0004","A"
"031819","0004","A"
"031820","0004","A"
"031821","0004","A"
"031822","0004","A"
"031823","0004","A"
"031824","0004","A"
"031825","0004","A"
"031826","0004","A"
"031827","0004","A"
"031828","0004","A"
"031829","0004","A"
"031830","0004","A"
"031831","0004","A"
"031832","0004","A"
"031836","0004","A"
"032120","0004","A"
"032121","0004","A"
"032122","0004","A"
"032123","0004","A"
"032124","0004","A"
"032125","0004","A"
"032126","0004","A"
"032127","0004","A"
"032128","0004","A"
"032129","0004","A"
"032130","0004","A"
"032131","0004","A"
"032132","0004","A"
"032133","0004","A"
"032134","0004","A"
"032135","0004","A"
"032346","0004","A"
"032347","0004","A"
"032348","0004","A"
"032349","0004","A"
"032729","0004","A"
"032730","0004","A"
"032731","0004","A"
"032732","0004","A"
"032733","0004","A"
"032734","0004","A"
"032735","0004","A"
"032736","0004","A"
"032737","0004","A"
"032738","0004","A"
"032739","0004","A"
"032765","0004","A"
"032772","0004","A"
"032877","0004","A"
"032884","0004","A"
"033114","0004","A"
"033132","0004","A"
"033269","0004","A"
"033270","0004","A"
"033271","0004","A"
"033272","0004","A"
"033352","0004","A"
"033404","0004","A"
"033408","0004","A"
"033492","0004","A"
"033493","0004","A"
"033494","0004","A"
"033515","0004","A"
"033516","0004","A"
"033517","0004","A"
"033544","0004","A"
"033557","0004","A"
"033565","0004","A"
"034002","0004","A"
"034003","0004","A"
"034004","0004","A"
"034005","0004","A"
"034006","0004","A"
"034007","0004","A"
"034008","0004","A"
"034009","0004","A"
"034506","0004","A"
"004927","0098","A"
"013960","0084","A"
"013961","0084","A"
"013962","0084","A"
"013963","0084","A"
"013964","0084","A"
"014408","0004","A"
"006913","0098","A"
"006921","0098","A"
"006923","0098","A"
"006924","0098","A"
"006925","0098","A"
"006927","0098","A"
"006928","0098","A"
"006929","0098","A"
"014113","0004","A"
"014132","0076","A"
"006945","0098","A"
"006947","0098","A"
"006948","0098","A"
"006961","0098","A"
"006967","0098","A"
"006968","0098","A"
"014133","0076","A"
"007052","0098","A"
"007053","0098","A"
"007145","0098","A"
"007146","0098","A"
"007147","0098","A"
"007277","0098","A"
"004496","0127","A"
"014135","0076","A"
"014136","0076","A"
"014138","0076","A"
"014139","0076","A"
"014140","0076","A"
"014141","0076","A"
"014142","0076","A"
"014144","0076","A"
"014145","0076","A"
"014146","0076","A"
"014147","0076","A"
"014148","0076","A"
"014149","0076","A"
"014150","0076","A"
"014151","0076","A"
"014207","0098","A"
"014406","0004","A"
"014407","0004","A"
"014409","0004","A"
"014413","0004","A"
"014414","0004","A"
"014611","0098","A"
"014624","0084","A"
"014625","0084","A"
"014626","0084","A"
"014627","0084","A"
"014628","0084","A"
"014629","0084","A"
"014630","0084","A"
"014631","0084","A"
"014632","0084","A"
"014633","0084","A"
"014634","0084","A"
"014635","0084","A"
"014636","0084","A"
"014637","0084","A"
"014638","0084","A"
"014639","0084","A"
"014640","0084","A"
"014641","0084","A"
"014642","0084","A"
"014643","0084","A"
"019199","0076","A"
"019200","0130","A"
"006567","0079","A"
"019450","0077","A"
"019457","0163","A"
"019491","0163","A"
"019492","0163","A"
"019561","0004","A"
"019705","0075","A"
"019934","0129","A"
"019940","0109","A"
"020401","0075","A"
"020433","0075","A"
"020504","0163","A"
"020514","0163","A"
"020517","0163","A"
"020525","0163","A"
"020528","0163","A"
"020544","0163","A"
"020547","0163","A"
"020550","0163","A"
"020553","0163","A"
"020568","0163","A"
"020571","0163","A"
"020574","0163","A"
"020576","0163","A"
"020579","0163","A"
"020582","0163","A"
"020585","0163","A"
"020588","0163","A"
"020590","0163","A"
"020601","0163","A"
"020606","0163","A"
"020618","0163","A"
"020621","0163","A"
"020624","0163","A"
"020627","0163","A"
"020657","0004","A"
"020739","0004","A"
"020740","0004","A"
"020842","0004","A"
"021282","0163","A"
"021286","0163","A"
"021299","0163","A"
"021302","0163","A"
"021305","0163","A"
"021315","0163","A"
"021328","0163","A"
"021333","0163","A"
"021336","0163","A"
"021341","0163","A"
"021348","0163","A"
"021358","0163","A"
"021368","0163","A"
"021371","0163","A"
"021376","0163","A"
"026144","0004","A"
"026145","0004","A"
"026183","0221","A"
"026774","0202","A"
"030009","0004","A"
"027290","0202","A"
"027311","0202","A"
"027313","0202","A"
"027314","0202","A"
"027324","0004","A"
"027574","0004","A"
"027575","0004","A"
"027576","0004","A"
"027577","0004","A"
"027578","0004","A"
"028684","0004","A"
"028685","0004","A"
"028702","0004","A"
"004718","0217","A"
"004719","0217","A"
"030028","0179","A"
"030037","0179","A"
"014594","0217","A"
"014595","0217","A"
"014593","0217","A"
"019592","0217","A"
"004761","0217","A"
"004762","0217","A"
"014239","0217","A"
"014240","0217","A"
"014241","0217","A"
"014242","0217","A"
"019710","0217","A"
"030309","0004","A"
"030310","0004","A"
"030311","0004","A"
"030316","0004","A"
"030320","0004","A"
"030404","0004","A"
"004661","0217","A"
"004662","0217","A"
"030677","0004","A"
"030718","0004","A"
"031099","0004","A"
"031100","0004","A"
"031101","0004","A"
"031102","0004","A"
"031103","0004","A"
"031104","0004","A"
"031105","0004","A"
"031106","0004","A"
"031107","0004","A"
"031108","0004","A"
"031109","0004","A"
"031110","0004","A"
"031111","0004","A"
"031146","0004","A"
"031147","0004","A"
"031148","0004","A"
"031149","0004","A"
"031150","0004","A"
"031472","0004","A"
"031771","0004","A"
"032752","0165","A"
"032753","0165","A"
"032754","0165","A"
"032974","0004","A"
"032975","0004","A"
"032976","0004","A"
"032977","0004","A"
"032978","0004","A"
"033059","0004","A"
"033319","0004","A"
"033320","0004","A"
"033393","0004","A"
"000001","0231","A"
"000003","0231","A"
"000002","0231","A"
"033458","0231","A"
"014544","0215","A"
"019365","0215","A"
"019297","0215","A"
"014980","0215","A"
"019272","0215","A"
"014704","0215","A"
"014337","0215","A"
"014466","0215","A"
"034050","0004","A"
"034051","0004","A"
"034052","0004","A"
"034547","0232","A"
