"COD_ACC","PRG_CONV","OPZIONE","TIPOISCRIZIONE","TIPOOPZIONE","INTEGR_SOST","FLG_INVIOSINISTRIADE","FLG_INVIOCONTRIBUTIADE"
"0003","1","MPT","CIVITUS",,,"N","N"
"0002","1","MUTUA SAS","NON PRESENTE","01-02-2022","SOSTITUTIVA","S","S"
"0004","2","MPT","CIVITUS",,,"N","N"
"0001","1","CASSA SAS","CIVITUS","01-01-2022","SOSTITUTIVA","S","N"
"0003","2","MPT","CIVITUS",,,"N","N"
"0002","2",,,,,"N","N"
"0012","1","CASSA PREVILINE ASSISTANCE","AON",,"SOSTITUTIVA","S","N"
"0007","2","CASSA PREVILINE ASSISTANCE","AON",,"SOSTITUTIVA","S","N"
"0008","2","CASSA PREVILINE ASSISTANCE","AON",,"SOSTITUTIVA","S","N"
"0009","1","CASSA PREVILINE ASSISTANCE","AON",,"SOSTITUTIVA","S","N"
"0009","2","CASSA PREVILINE ASSISTANCE","AON",,"SOSTITUTIVA","S","N"
"0011","1","CASSA PREVILINE ASSISTANCE","AON",,"SOSTITUTIVA","S","N"
"0013","2","PREVIASS II","AGENZIA ROMA MONTE SACRO (WILLIS ITALIA S.P.A.)",,"SOSTITUTIVA","S","N"
"0004","1","MPT","CIVITUS",,,"N","N"
"0013","7","PREVIASS II","AGENZIA ROMA MONTE SACRO (WILLIS ITALIA S.P.A.)",,"SOSTITUTIVA","S","N"
"0013","4","PREVIASS II","AGENZIA ROMA MONTE SACRO (WILLIS ITALIA S.P.A.)",,"SOSTITUTIVA","S","N"
"0013","5","PREVIASS II","AGENZIA ROMA MONTE SACRO (WILLIS ITALIA S.P.A.)",,"SOSTITUTIVA","S","N"
"0013","6","PREVIASS II","AGENZIA ROMA MONTE SACRO (WILLIS ITALIA S.P.A.)",,"SOSTITUTIVA","S","N"
"0014","1","MUTUA SAS","NON PRESENTE","01-02-2022","SOSTITUTIVA","N","N"
"0015","4","PREVIP","ROMA TRIONFALE",,"SOSTITUTIVA","S","N"
"0015","5","PREVIP","ROMA TRIONFALE",,"SOSTITUTIVA","S","N"
"0020","2","AREA SALUS","VERSPIEREN",,"INTEGRATIVA","S","N"
"0015","3","PREVIP","ROMA TRIONFALE",,"SOSTITUTIVA","S","N"
"0020","3","AREA SALUS","VERSPIEREN",,"SOSTITUTIVA","S","N"
"0015","2","PREVIP","ROMA TRIONFALE",,"SOSTITUTIVA","S","N"
"0021","2","AREA SALUS","VERSPIEREN",,"SOSTITUTIVA","S","N"
"0017","2","PREVIP","ROMA TRIONFALE",,"SOSTITUTIVA","S","N"
"0038","47","MUTUA MITUTELA","INSER",,"SOSTITUTIVA","S","N"
"0010","1","CASSA PREVILINE ASSISTANCE","AON",,"SOSTITUTIVA","S","N"
"0021","1","AREA SALUS","VERSPIEREN",,"SOSTITUTIVA","S","N"
"0019","7","FONDO TUTELA","INSER",,"SOSTITUTIVA","S","N"
"0038","46","MUTUA MITUTELA","INSER",,"SOSTITUTIVA","S","N"
"0019","146","FONDO TUTELA","INSER",,"SOSTITUTIVA","S","N"
"0019","4","FONDO TUTELA","INSER",,"INTEGRATIVA","S","N"
"0019","147","FONDO TUTELA","INSER",,"SOSTITUTIVA","S","N"
"0019","26","FONDO TUTELA","INSER",,"SOSTITUTIVA","S","N"
"0019","14","FONDO TUTELA","INSER",,"INTEGRATIVA","N","N"
"0019","27","FONDO TUTELA","INSER",,"SOSTITUTIVA","S","N"
"0019","28","FONDO TUTELA","INSER",,"SOSTITUTIVA","S","N"
"0019","29","FONDO TUTELA","INSER",,"SOSTITUTIVA","S","N"
"0019","30","FONDO TUTELA","INSER",,"SOSTITUTIVA","S","N"
"0019","31","FONDO TUTELA","INSER",,"SOSTITUTIVA","S","N"
"0019","32","FONDO TUTELA","INSER",,"SOSTITUTIVA","S","N"
"0019","33","FONDO TUTELA","INSER",,"SOSTITUTIVA","S","N"
"0019","34","FONDO TUTELA","INSER",,"SOSTITUTIVA","S","N"
"0019","35","FONDO TUTELA","INSER",,"SOSTITUTIVA","S","N"
"0019","37","FONDO TUTELA","INSER",,"SOSTITUTIVA","S","N"
"0019","38","FONDO TUTELA","INSER",,"SOSTITUTIVA","S","N"
"0019","39","FONDO TUTELA","INSER",,"SOSTITUTIVA","S","N"
"0019","40","FONDO TUTELA","INSER",,"SOSTITUTIVA","S","N"
"0019","41","FONDO TUTELA","INSER",,"SOSTITUTIVA","S","N"
"0019","42","FONDO TUTELA","INSER",,"SOSTITUTIVA","S","N"
"0019","43","FONDO TUTELA","INSER",,"SOSTITUTIVA","S","N"
"0019","44","FONDO TUTELA","INSER",,"SOSTITUTIVA","S","N"
"0019","45","FONDO TUTELA","INSER",,"SOSTITUTIVA","S","N"
"0019","46","FONDO TUTELA","INSER",,"SOSTITUTIVA","S","N"
"0019","47","FONDO TUTELA","INSER",,"SOSTITUTIVA","S","N"
"0019","49","FONDO TUTELA","INSER",,"SOSTITUTIVA","S","N"
"0019","50","FONDO TUTELA","INSER",,"SOSTITUTIVA","S","N"
"0019","51","FONDO TUTELA","INSER",,"SOSTITUTIVA","S","N"
"0019","52","FONDO TUTELA","INSER",,"SOSTITUTIVA","S","N"
"0019","53","FONDO TUTELA","INSER",,"SOSTITUTIVA","S","N"
"0019","54","FONDO TUTELA","INSER",,"SOSTITUTIVA","S","N"
"0019","55","FONDO TUTELA","INSER",,"SOSTITUTIVA","S","N"
"0019","56","FONDO TUTELA","INSER",,"SOSTITUTIVA","S","N"
"0019","57","FONDO TUTELA","INSER",,"SOSTITUTIVA","S","N"
"0019","58","FONDO TUTELA","INSER",,"SOSTITUTIVA","S","N"
"0019","59","FONDO TUTELA","INSER",,"SOSTITUTIVA","S","N"
"0019","60","FONDO TUTELA","INSER",,"SOSTITUTIVA","S","N"
"0019","61","FONDO TUTELA","INSER",,"SOSTITUTIVA","S","N"
"0019","75","FONDO TUTELA","INSER",,"SOSTITUTIVA","S","N"
"0019","85","FONDO TUTELA","INSER",,"SOSTITUTIVA","S","N"
"0038","5","MUTUA MITUTELA","INSER",,"SOSTITUTIVA","S","N"
"0041","4","C.A.S.S.A.","ASSITECA",,"INTEGRATIVA","S","N"
"0019","150","FONDO TUTELA","INSER",,"SOSTITUTIVA","S","N"
"0019","149","FONDO TUTELA","INSER",,"SOSTITUTIVA","S","N"
"0041","5","C.A.S.S.A.","ASSITECA",,"INTEGRATIVA","S","N"
"0019","148","FONDO TUTELA","INSER",,"INTEGRATIVA","S","N"
"0041","12","C.A.S.S.A.","ASSITECA",,"SOSTITUTIVA","S","N"
"0019","154","FONDO TUTELA","INSER",,"SOSTITUTIVA","S","N"
"0041","1","C.A.S.S.A.","ASSITECA",,"SOSTITUTIVA","S","N"
"0041","2","C.A.S.S.A.","ASSITECA",,"SOSTITUTIVA","S","N"
"0041","3","C.A.S.S.A.","ASSITECA",,"SOSTITUTIVA","S","N"
"0041","6","C.A.S.S.A.","ASSITECA",,"INTEGRATIVA","S","N"
"0041","9","C.A.S.S.A.","ASSITECA",,"INTEGRATIVA","S","N"
"0041","10","C.A.S.S.A.","ASSITECA",,"INTEGRATIVA","S","N"
"0041","11","C.A.S.S.A.","ASSITECA",,"SOSTITUTIVA","S","N"
"0041","18","C.A.S.S.A.","ASSITECA",,"SOSTITUTIVA","S","N"
"0041","19","C.A.S.S.A.","ASSITECA",,"SOSTITUTIVA","S","N"
"0041","20","C.A.S.S.A.","ASSITECA",,"SOSTITUTIVA","S","N"
"0052","1","PREVIASS II","WILLIS TOWER WATSON",,"INTEGRATIVA","S","N"
"0049","4","HYPO BANK","AGENZIA DI CODROIPO",,"SOSTITUTIVA","S","N"
"0053","6","PREVIP","MUNICH RE",,"SOSTITUTIVA","S","N"
"0048","1","PREVIP","MILANO CENTRO",,"SOSTITUTIVA","S","N"
"0053","15","PREVIP","MUNICH RE",,"SOSTITUTIVA","S","N"
"0053","7","PREVIP","MUNICH RE",,"SOSTITUTIVA","S","N"
"0053","8","PREVIP","MUNICH RE",,"SOSTITUTIVA","S","N"
"0053","9","PREVIP","MUNICH RE",,"SOSTITUTIVA","S","N"
"0056","1","PALLADINI & PARTNERS","AGENZIA ALBA 90 (PALLADINI & PARTNERS)",,"SOSTITUTIVA","N","N"
"0056","4","PALLADINI & PARTNERS","AGENZIA ALBA 90 (PALLADINI & PARTNERS)",,"INTEGRATIVA","N","N"
"0056","17","PALLADINI & PARTNERS","AGENZIA ALBA 90 (PALLADINI & PARTNERS)",,"INTEGRATIVA","N","N"
"0056","3","PALLADINI & PARTNERS","AGENZIA ALBA 90 (PALLADINI & PARTNERS)",,"INTEGRATIVA","N","N"
"0058","2","PREVIP","FUNK INTERNATIONAL SPA",,"SOSTITUTIVA","S","N"
"0038","48","MUTUA MITUTELA","INSER",,"SOSTITUTIVA","S","N"
"0058","1","PREVIP","FUNK INTERNATIONAL SPA",,"SOSTITUTIVA","S","N"
"0062","2","PREVIP","MILANO CENTRO",,"INTEGRATIVA","S","N"
"0063","1","PREVIASS","WILLIS TOWER WATSON",,"SOSTITUTIVA","S","N"
"0019","152","FONDO TUTELA","INSER",,"SOSTITUTIVA","S","N"
"0019","151","FONDO TUTELA","INSER",,"SOSTITUTIVA","S","N"
"0019","153","FONDO TUTELA","INSER",,"SOSTITUTIVA","S","N"
"0019","155","FONDO TUTELA","INSER",,"SOSTITUTIVA","S","N"
"0019","156","FONDO TUTELA","INSER",,"SOSTITUTIVA","S","N"
"0019","157","FONDO TUTELA","INSER",,"SOSTITUTIVA","S","N"
"0019","160","FONDO TUTELA","INSER",,"SOSTITUTIVA","S","N"
"0019","159","FONDO TUTELA","INSER",,"SOSTITUTIVA","S","N"
"0019","158","FONDO TUTELA","INSER",,"SOSTITUTIVA","S","N"
"0019","161","FONDO TUTELA","INSER",,"SOSTITUTIVA","S","N"
"0019","162","FONDO TUTELA","INSER",,"SOSTITUTIVA","S","N"
"0019","163","FONDO TUTELA","INSER",,"SOSTITUTIVA","S","N"
"0019","164","FONDO TUTELA","INSER",,"SOSTITUTIVA","S","N"
"0019","165","FONDO TUTELA","INSER",,"SOSTITUTIVA","S","N"
"0019","166","FONDO TUTELA","INSER",,"SOSTITUTIVA","S","N"
"0019","167","FONDO TUTELA","INSER",,"SOSTITUTIVA","S","N"
"0038","73","MUTUA MITUTELA","INSER",,"SOSTITUTIVA","S","N"
"0038","74","MUTUA MITUTELA","INSER",,"SOSTITUTIVA","S","N"
"0038","75","MUTUA MITUTELA","INSER",,"SOSTITUTIVA","S","N"
"0038","78","MUTUA MITUTELA","INSER",,"SOSTITUTIVA","S","N"
"0038","76","MUTUA MITUTELA","INSER",,"SOSTITUTIVA","S","N"
"0038","77","MUTUA MITUTELA","INSER",,"SOSTITUTIVA","S","N"
"0038","79","MUTUA MITUTELA","INSER",,"SOSTITUTIVA","S","N"
"0038","80","MUTUA MITUTELA","INSER",,"SOSTITUTIVA","S","N"
"0038","81","MUTUA MITUTELA","INSER",,"SOSTITUTIVA","S","N"
"0019","169","FONDO TUTELA","INSER",,"SOSTITUTIVA","S","N"
"0019","170","FONDO TUTELA","INSER",,"SOSTITUTIVA","S","N"
"0019","171","FONDO TUTELA","INSER",,"SOSTITUTIVA","S","N"
"0019","172","FONDO TUTELA","INSER",,"SOSTITUTIVA","S","N"
"0019","173","FONDO TUTELA","INSER",,"SOSTITUTIVA","S","N"
"0019","174","FONDO TUTELA","INSER",,"SOSTITUTIVA","S","N"
"0019","175","FONDO TUTELA","INSER",,"SOSTITUTIVA","S","N"
"0019","176","FONDO TUTELA","INSER",,"SOSTITUTIVA","S","N"
"0019","177","FONDO TUTELA","INSER",,"SOSTITUTIVA","S","N"
"0019","178","FONDO TUTELA","INSER",,"SOSTITUTIVA","S","N"
"0019","179","FONDO TUTELA","INSER",,"SOSTITUTIVA","S","N"
"0019","9","FONDO TUTELA","INSER",,"SOSTITUTIVA","N","N"
"0019","10","FONDO TUTELA","INSER",,"SOSTITUTIVA","S","N"
"0019","15","FONDO TUTELA","INSER",,"INTEGRATIVA","S","N"
"0019","16","FONDO TUTELA","INSER",,"INTEGRATIVA","S","N"
"0019","18","FONDO TUTELA","INSER",,"SOSTITUTIVA","S","N"
"0019","19","FONDO TUTELA","INSER",,"SOSTITUTIVA","S","N"
"0019","20","FONDO TUTELA","INSER",,"SOSTITUTIVA","S","N"
"0019","21","FONDO TUTELA","INSER",,"SOSTITUTIVA","S","N"
"0019","22","FONDO TUTELA","INSER",,"SOSTITUTIVA","S","N"
"0019","23","FONDO TUTELA","INSER",,"SOSTITUTIVA","S","N"
"0019","24","FONDO TUTELA","INSER",,"SOSTITUTIVA","S","N"
"0019","25","FONDO TUTELA","INSER",,"SOSTITUTIVA","S","N"
"0036","1","FONDO TUTELA","INSER",,"SOSTITUTIVA","S","N"
"0019","70","FONDO TUTELA","INSER",,"SOSTITUTIVA","S","N"
"0019","69","FONDO TUTELA","INSER",,"SOSTITUTIVA","S","N"
"0019","76","FONDO TUTELA","INSER",,"SOSTITUTIVA","S","N"
"0019","77","FONDO TUTELA","INSER",,"SOSTITUTIVA","S","N"
"0019","83","FONDO TUTELA","INSER",,"SOSTITUTIVA","S","N"
"0019","84","FONDO TUTELA","INSER",,"SOSTITUTIVA","S","N"
"0037","2","COMUNE DI BOLOGNA","AON",,"SOSTITUTIVA","S","N"
"0035","1","FONDO TUTELA","INSER",,"SOSTITUTIVA","S","N"
"0038","1","MUTUTA MITUTELA","INSER",,"SOSTITUTIVA","S","N"
"0037","1","COMUNE DI BOLOGNA","AON",,"SOSTITUTIVA","S","N"
"0040","4","MUTUA MITUTELA","INSER",,"SOSTITUTIVA","N","N"
"0040","1","MUTUA MITUTELA","INSER",,"SOSTITUTIVA","S","N"
"0040","3","MUTUA MITUTELA","INSER",,"SOSTITUTIVA","S","N"
"0041","13","C.A.S.S.A.","ASSITECA",,"SOSTITUTIVA","S","N"
"0040","5","MUTUA MITUTELA","INSER",,"SOSTITUTIVA","S","N"
"0040","6","MUTUA MITUTELA","INSER",,"SOSTITUTIVA","S","N"
"0041","14","C.A.S.S.A.","ASSITECA",,"SOSTITUTIVA","S","N"
"0041","15","C.A.S.S.A.","ASSITECA",,"SOSTITUTIVA","S","N"
"0041","16","C.A.S.S.A.","ASSITECA",,"SOSTITUTIVA","S","N"
"0041","17","C.A.S.S.A.","ASSITECA",,"SOSTITUTIVA","S","N"
"0046","1","C.A.S.S.A.","ASSITECA",,"SOSTITUTIVA","S","N"
"0049","2","HYPO BANK","AGENZIA DI CODROIPO",,"SOSTITUTIVA","S","N"
"0042","1","CASSA SAS","CIVITUS",,"SOSTITUTIVA","S","N"
"0049","1","HYPO BANK","AGENZIA DI CODROIPO",,"SOSTITUTIVA","S","N"
"0051","1","HYPO BANK","AGENZIA DI CODROIPO",,"SOSTITUTIVA","S","N"
"0051","2","HYPO BANK","AGENZIA DI CODROIPO",,"SOSTITUTIVA","S","N"
"0053","4","PREVIP","MUNICH RE",,"SOSTITUTIVA","S","N"
"0053","13","PREVIP","MUNICH RE",,"SOSTITUTIVA","S","N"
"0053","5","PREVIP","MUNICH RE",,"SOSTITUTIVA","S","N"
"0056","11","PALLADINI & PARTNERS","AGENZIA ALBA 90 (PALLADINI & PARTNERS)",,"INTEGRATIVA","N","N"
"0056","2","PALLADINI & PARTNERS","AGENZIA ALBA 90 (PALLADINI & PARTNERS)",,"SOSTITUTIVA","N","N"
"0053","14","PREVIP","MUNICH RE",,"SOSTITUTIVA","S","N"
"0056","10","PALLADINI & PARTNERS","AGENZIA ALBA 90 (PALLADINI & PARTNERS)",,"INTEGRATIVA","N","N"
"0056","12","PALLADINI & PARTNERS","AGENZIA ALBA 90 (PALLADINI & PARTNERS)",,"INTEGRATIVA","N","N"
"0069","1","AON","AON",,"SOSTITUTIVA","S","N"
"0060","1","PREVIP","MILANO CENTRO",,"SOSTITUTIVA","S","N"
"0061","2","PREVIP","CONNEXT ITALIA",,"SOSTITUTIVA","S","N"
"0041","22","C.A.S.S.A.","ASSITECA",,"INTEGRATIVA","S","N"
"0041","8","C.A.S.S.A.","ASSITECA",,"INTEGRATIVA","S","N"
"0019","113","FONDO TUTELA","INSER",,"SOSTITUTIVA","S","N"
"0041","21","C.A.S.S.A.","ASSITECA",,"INTEGRATIVA","S","N"
"0041","7","C.A.S.S.A.","ASSITECA",,"INTEGRATIVA","S","N"
"0038","54","MUTUA MITUTELA","INSER",,"SOSTITUTIVA","S","N"
"0019","115","FONDO TUTELA","INSER",,"SOSTITUTIVA","S","N"
"0019","117","FONDO TUTELA","INSER",,"SOSTITUTIVA","S","N"
"0019","118","FONDO TUTELA","INSER",,"SOSTITUTIVA","S","N"
"0038","50","MUTUA MITUTELA","INSER",,"SOSTITUTIVA","S","N"
"0038","51","MUTUA MITUTELA","INSER",,"SOSTITUTIVA","S","N"
"0019","119","FONDO TUTELA","INSER",,"SOSTITUTIVA","S","N"
"0038","52","MUTUA MITUTELA","INSER",,"SOSTITUTIVA","S","N"
"0019","120","FONDO TUTELA","INSER",,"SOSTITUTIVA","S","N"
"0019","122","FONDO TUTELA","INSER",,"SOSTITUTIVA","S","N"
"0019","121","FONDO TUTELA","INSER",,"SOSTITUTIVA","S","N"
"0019","123","FONDO TUTELA","INSER",,"SOSTITUTIVA","S","N"
"0038","53","MUTUA MITUTELA","INSER",,"SOSTITUTIVA","S","N"
"0019","124","FONDO TUTELA","INSER",,"SOSTITUTIVA","S","N"
"0019","91","FONDO TUTELA","INSER",,"SOSTITUTIVA","S","N"
"0038","49","MUTUA MITUTELA","INSER",,"SOSTITUTIVA","S","N"
"0019","127","FONDO TUTELA","INSER",,"SOSTITUTIVA","S","N"
"0019","92","FONDO TUTELA","INSER",,"SOSTITUTIVA","S","N"
"0019","88","FONDO TUTELA","INSER",,"SOSTITUTIVA","S","N"
"0019","94","FONDO TUTELA","INSER",,"SOSTITUTIVA","S","N"
"0019","98","FONDO TUTELA","INSER",,"SOSTITUTIVA","S","N"
"0019","99","FONDO TUTELA","INSER",,"SOSTITUTIVA","S","N"
"0019","100","FONDO TUTELA","INSER",,"SOSTITUTIVA","S","N"
"0019","101","FONDO TUTELA","INSER",,"SOSTITUTIVA","S","N"
"0019","102","FONDO TUTELA","INSER",,"SOSTITUTIVA","S","N"
"0019","104","FONDO TUTELA","INSER",,"SOSTITUTIVA","S","N"
"0019","106","FONDO TUTELA","INSER",,"INTEGRATIVA","S","N"
"0019","108","FONDO TUTELA","INSER",,"SOSTITUTIVA","S","N"
"0019","109","FONDO TUTELA","INSER",,"SOSTITUTIVA","S","N"
"0019","110","FONDO TUTELA","INSER",,"SOSTITUTIVA","S","N"
"0019","114","FONDO TUTELA","INSER",,"SOSTITUTIVA","S","N"
"0019","116","FONDO TUTELA","INSER",,"SOSTITUTIVA","S","N"
"0038","55","MUTUA MITUTELA","INSER",,"SOSTITUTIVA","S","N"
"0019","125","FONDO TUTELA","INSER",,"SOSTITUTIVA","S","N"
"0019","86","FONDO TUTELA","INSER",,"SOSTITUTIVA","S","N"
"0019","87","FONDO TUTELA","INSER",,"SOSTITUTIVA","S","N"
"0019","89","FONDO TUTELA","INSER",,"SOSTITUTIVA","S","N"
"0019","93","FONDO TUTELA","INSER",,"SOSTITUTIVA","S","N"
"0019","103","FONDO TUTELA","INSER",,"SOSTITUTIVA","S","N"
"0019","105","FONDO TUTELA","INSER",,"SOSTITUTIVA","S","N"
"0019","111","FONDO TUTELA","INSER",,"SOSTITUTIVA","S","N"
"0019","126","FONDO TUTELA","INSER",,"SOSTITUTIVA","S","N"
"0019","128","FONDO TUTELA","INSER",,"SOSTITUTIVA","S","N"
"0019","129","FONDO TUTELA","INSER",,"SOSTITUTIVA","S","N"
"0019","130","FONDO TUTELA","INSER",,"SOSTITUTIVA","S","N"
"0038","56","MUTUA MITUTELA","INSER",,"SOSTITUTIVA","S","N"
"0019","131","FONDO TUTELA","INSER",,"SOSTITUTIVA","S","N"
"0019","132","FONDO TUTELA","INSER",,"SOSTITUTIVA","S","N"
"0019","133","FONDO TUTELA","INSER",,"SOSTITUTIVA","S","N"
"0019","134","FONDO TUTELA","INSER",,"SOSTITUTIVA","S","N"
"0019","137","FONDO TUTELA","INSER",,"SOSTITUTIVA","S","N"
"0038","58","MUTUA MITUTELA","INSER",,"SOSTITUTIVA","S","N"
"0038","59","MUTUA MITUTELA","INSER",,"SOSTITUTIVA","S","N"
"0038","60","MUTUA MITUTELA","INSER",,"SOSTITUTIVA","S","N"
"0038","61","MUTUA MITUTELA","INSER",,"SOSTITUTIVA","S","N"
"0038","62","MUTUA MITUTELA","INSER",,"SOSTITUTIVA","S","N"
"0038","63","MUTUA MITUTELA","INSER",,"SOSTITUTIVA","S","N"
"0019","138","FONDO TUTELA","INSER",,"SOSTITUTIVA","S","N"
"0019","139","FONDO TUTELA","INSER",,"SOSTITUTIVA","S","N"
"0019","140","FONDO TUTELA","INSER",,"SOSTITUTIVA","S","N"
"0019","141","FONDO TUTELA","INSER",,"SOSTITUTIVA","S","N"
"0019","142","FONDO TUTELA","INSER",,"SOSTITUTIVA","S","N"
"0038","64","MUTUA MITUTELA","INSER",,"SOSTITUTIVA","S","N"
"0038","65","MUTUA MITUTELA","INSER",,"SOSTITUTIVA","S","N"
"0019","143","FONDO TUTELA","INSER",,"SOSTITUTIVA","S","N"
"0019","144","FONDO TUTELA","INSER",,"SOSTITUTIVA","S","N"
"0019","145","FONDO TUTELA","INSER",,"SOSTITUTIVA","S","N"
"0038","69","MUTUA MITUTELA","INSER",,"SOSTITUTIVA","S","N"
"0038","70","MUTUA MITUTELA","INSER",,"SOSTITUTIVA","S","N"
"0038","71","MUTUA MITUTELA","INSER",,"SOSTITUTIVA","S","N"
"0038","83","MUTUA MITUTELA","INSER",,"SOSTITUTIVA","S","N"
"0038","84","MUTUA MITUTELA","INSER",,"SOSTITUTIVA","S","N"
"0019","180","FONDO TUTELA","INSER",,"SOSTITUTIVA","S","N"
"0038","87","MUTUA MITUTELA","INSER",,"SOSTITUTIVA","S","N"
"0019","6","FONDO TUTELA","INSER",,"SOSTITUTIVA","S","N"
"0019","12","FONDO TUTELA","INSER",,"SOSTITUTIVA","S","N"
"0030","1","SANINT","AGENZIA ALLIANZ MILANO 3",,"SOSTITUTIVA","S","N"
"0019","11","FONDO TUTELA","INSER",,"INTEGRATIVA","S","N"
"0030","2","SANINT","AGENZIA ALLIANZ MILANO 3",,"SOSTITUTIVA","S","N"
"0069","2","AON","AON",,"SOSTITUTIVA","S","N"
"0019","78","FONDO TUTELA","INSER",,"SOSTITUTIVA","S","N"
"0033","1","SANINT","AGENZIA ALLIANZ MILANO 3",,"SOSTITUTIVA","S","N"
"0033","2","SANINT","AGENZIA ALLIANZ MILANO 3",,"SOSTITUTIVA","S","N"
"0019","62","FONDO TUTELA","INSER",,"SOSTITUTIVA","S","N"
"0019","63","FONDO TUTELA","INSER",,"SOSTITUTIVA","S","N"
"0019","64","FONDO TUTELA","INSER",,"SOSTITUTIVA","S","N"
"0019","65","FONDO TUTELA","INSER",,"SOSTITUTIVA","S","N"
"0019","71","FONDO TUTELA","INSER",,"SOSTITUTIVA","S","N"
"0019","72","FONDO TUTELA","INSER",,"SOSTITUTIVA","S","N"
"0019","73","FONDO TUTELA","INSER",,"SOSTITUTIVA","S","N"
"0019","74","FONDO TUTELA","INSER",,"SOSTITUTIVA","S","N"
"0018","1","PREVIP","ROMA TRIONFALE",,"SOSTITUTIVA","S","N"
"0019","79","FONDO TUTELA","INSER",,"SOSTITUTIVA","S","N"
"0019","80","FONDO TUTELA","INSER",,"SOSTITUTIVA","S","N"
"0019","81","FONDO TUTELA","INSER",,"SOSTITUTIVA","S","N"
"0019","82","FONDO TUTELA","INSER",,"SOSTITUTIVA","S","N"
"0036","4","FONDO TUTELA","INSER",,"SOSTITUTIVA","S","N"
"0036","3","FONDO TUTELA","INSER",,"INTEGRATIVA","S","N"
"0038","8","MUTUTA MITUTELA","INSER",,"SOSTITUTIVA","S","N"
"0038","27","MUTUA MITUTELA","INSER",,"SOSTITUTIVA","S","N"
"0038","2","MUTUA MITUTELA","INSER",,"SOSTITUTIVA","S","N"
"0038","4","MUTUA MITUTELA","INSER",,"SOSTITUTIVA","S","N"
"0038","6","MUTUA MITUTELA","INSER",,"SOSTITUTIVA","S","N"
"0038","7","MUTUA MITUTELA","INSER",,"SOSTITUTIVA","S","N"
"0038","9","MUTUA MITUTELA","INSER",,"SOSTITUTIVA","S","N"
"0038","10","MUTUTA MITUTELA","INSER",,"SOSTITUTIVA","S","N"
"0038","11","MUTUA MITUTELA","INSER",,"SOSTITUTIVA","S","N"
"0038","12","MUTUA MITUTELA","INSER",,"SOSTITUTIVA","S","N"
"0038","22","MUTUA MITUTELA","INSER",,"SOSTITUTIVA","S","N"
"0038","23","MUTUA MITUTELA","INSER",,"SOSTITUTIVA","S","N"
"0038","24","MUTUA MITUTELA","INSER",,"SOSTITUTIVA","S","N"
"0038","25","MUTUA MITUTELA","INSER",,"SOSTITUTIVA","S","N"
"0038","26","MUTUA MITUTELA","INSER",,"SOSTITUTIVA","S","N"
"0019","13","FONDO TUTELA","INSER",,"SOSTITUTIVA","S","N"
"0039","1","PREVIASS II","WILLIS TOWER WATSON",,"INTEGRATIVA","S","N"
"0043","2","PREVIASS II","WILLIS TOWER WATSON",,"SOSTITUTIVA","S","S"
"0044","2","PREVIASS II","WILLIS TOWER WATSON",,"SOSTITUTIVA","S","S"
"0044","1","PREVIASS II","WILLIS TOWER WATSON",,"INTEGRATIVA","S","S"
"0043","1","PREVIASS II","WILLIS TOWER WATSON",,"INTEGRATIVA","S","S"
"0049","3","HYPO BANK","AGENZIA DI CODROIPO",,"SOSTITUTIVA","S","N"
"0048","3","PREVIP","MILANO CENTRO",,"SOSTITUTIVA","S","N"
"0053","2","PREVIP","MUNICH RE",,"SOSTITUTIVA","S","N"
"0053","3","PREVIP","MUNICH RE",,"SOSTITUTIVA","S","N"
"0053","1","PREVIP","MUNICH RE",,"SOSTITUTIVA","N","N"
"0053","10","PREVIP","MUNICH RE",,"SOSTITUTIVA","S","N"
"0053","12","PREVIP","MUNICH RE",,"SOSTITUTIVA","S","N"
"0053","11","PREVIP","MUNICH RE",,"SOSTITUTIVA","S","N"
"0056","16","PALLADINI & PARTNERS","AGENZIA ALBA 90 (PALLADINI & PARTNERS)",,"SOSTITUTIVA","N","N"
"0056","7","PALLADINI & PARTNERS","AGENZIA ALBA 90 (PALLADINI & PARTNERS)",,"SOSTITUTIVA","N","N"
"0061","1","PREVIP","CONNEXT ITALIA",,"SOSTITUTIVA","S","N"
"0056","5","PALLADINI & PARTNERS","AGENZIA ALBA 90 (PALLADINI & PARTNERS)",,"SOSTITUTIVA","N","N"
"0056","8","PALLADINI & PARTNERS","AGENZIA ALBA 90 (PALLADINI & PARTNERS)",,"INTEGRATIVA","N","N"
"0056","9","PALLADINI & PARTNERS","AGENZIA ALBA 90 (PALLADINI & PARTNERS)",,"INTEGRATIVA","N","N"
"0056","6","PALLADINI & PARTNERS","AGENZIA ALBA 90 (PALLADINI & PARTNERS)",,"SOSTITUTIVA","N","N"
"0062","1","PREVIP","MILANO CENTRO",,"SOSTITUTIVA","S","N"
"0038","31","MUTUA MITUTELA","INSER",,"SOSTITUTIVA","S","N"
"0019","135","FONDO TUTELA","INSER",,"SOSTITUTIVA","S","N"
"0019","136","FONDO TUTELA","INSER",,"SOSTITUTIVA","S","N"
"0038","57","MUTUA MITUTELA","INSER",,"SOSTITUTIVA","S","N"
"0038","66","MUTUA MITUTELA","INSER",,"SOSTITUTIVA","S","N"
"0038","28","MUTUA MITUTELA","INSER",,"SOSTITUTIVA","S","N"
"0038","29","MUTUA MITUTELA","INSER",,"SOSTITUTIVA","S","N"
"0038","30","MUTUA MITUTELA","INSER",,"SOSTITUTIVA","S","N"
"0019","90","FONDO TUTELA","INSER",,"SOSTITUTIVA","S","N"
"0038","67","MUTUA MITUTELA","INSER",,"SOSTITUTIVA","S","N"
"0038","72","MUTUA MITUTELA","INSER",,"SOSTITUTIVA","S","N"
"0038","32","MUTUA MITUTELA","INSER",,"SOSTITUTIVA","S","N"
"0038","33","MUTUA MITUTELA","INSER",,"SOSTITUTIVA","S","N"
"0038","68","MUTUA MITUTELA","INSER",,"SOSTITUTIVA","S","N"
"0019","96","FONDO TUTELA","INSER",,"SOSTITUTIVA","S","N"
"0038","82","MUTUA MITUTELA","INSER",,"SOSTITUTIVA","S","N"
"0019","95","FONDO TUTELA","INSER",,"SOSTITUTIVA","S","N"
"0038","34","MUTUA MITUTELA","INSER",,"SOSTITUTIVA","S","N"
"0038","35","MUTUA MITUTELA","INSER",,"SOSTITUTIVA","S","N"
"0038","36","MUTUTA MITUTELA","INSER",,"SOSTITUTIVA","S","N"
"0038","37","MUTUA MITUTELA","INSER",,"SOSTITUTIVA","S","N"
"0038","39","MUTUA MITUTELA","INSER",,"SOSTITUTIVA","S","N"
"0019","181","FONDO TUTELA","INSER",,"SOSTITUTIVA","S","N"
"0038","38","MUTUA MITUTELA","INSER",,"SOSTITUTIVA","S","N"
"0019","182","FONDO TUTELA","INSER",,"SOSTITUTIVA","S","N"
"0019","183","FONDO TUTELA","INSER",,"SOSTITUTIVA","S","N"
"0038","85","MUTUA MITUTELA","INSER",,"SOSTITUTIVA","S","N"
"0038","40","MUTUA MITUTELA","INSER",,"SOSTITUTIVA","S","N"
"0019","184","FONDO TUTELA","INSER",,"SOSTITUTIVA","S","N"
"0038","41","MUTUA MITUTELA","INSER",,"SOSTITUTIVA","S","N"
"0019","185","FONDO TUTELA","INSER",,"SOSTITUTIVA","S","N"
"0038","42","MUTUA MITUTELA","INSER",,"SOSTITUTIVA","S","N"
"0019","186","FONDO TUTELA","INSER",,"SOSTITUTIVA","S","N"
"0038","43","MUTUA MITUTELA","INSER",,"SOSTITUTIVA","S","N"
"0038","86","MUTUA MITUTELA","INSER",,"SOSTITUTIVA","S","N"
"0038","44","MUTUA MITUTELA","INSER",,"SOSTITUTIVA","S","N"
"0038","88","MUTUA MITUTELA","INSER",,"SOSTITUTIVA","S","N"
"0038","45","MUTUA MITUTELA","INSER",,"SOSTITUTIVA","S","N"
"0038","89","MUTUA MITUTELA","INSER",,"SOSTITUTIVA","S","N"
"0019","188","FONDO TUTELA","INSER",,"SOSTITUTIVA","S","N"
"0019","189","FONDO TUTELA","INSER",,"SOSTITUTIVA","S","N"
"0019","190","FONDO TUTELA","INSER",,"SOSTITUTIVA","S","N"
"0038","94","MUTUA MITUTELA","INSER",,"SOSTITUTIVA","S","N"
"0038","95","MUTUA MITUTELA","INSER",,"SOSTITUTIVA","S","N"
"0038","96","MUTUA MITUTELA","INSER",,"SOSTITUTIVA","S","N"
"0019","194","FONDO TUTELA","INSER",,"SOSTITUTIVA","S","N"
"0038","97","MUTUA MITUTELA","INSER",,"SOSTITUTIVA","S","N"
"0038","98","MUTUA MITUTELA","INSER",,"SOSTITUTIVA","S","N"
"0019","195","FONDO TUTELA","INSER",,"SOSTITUTIVA","S","N"
"0019","196","FONDO TUTELA","INSER",,"SOSTITUTIVA","S","N"
"0038","99","MUTUA MITUTELA","INSER",,"SOSTITUTIVA","S","N"
"0019","198","FONDO TUTELA","INSER",,"SOSTITUTIVA","S","N"
"0038","100","MUTUA MITUTELA","INSER",,"SOSTITUTIVA","S","N"
"0019","199","FONDO TUTELA","INSER",,"INTEGRATIVA","S","N"
"0019","200","FONDO TUTELA","INSER",,"SOSTITUTIVA","S","N"
"0038","101","MUTUA MITUTELA","INSER",,"SOSTITUTIVA","S","N"
"0038","102","MUTUA MITUTELA","INSER",,"SOSTITUTIVA","S","N"
"0038","103","MUTUA MITUTELA","INSER",,"SOSTITUTIVA","S","N"
"0019","66","FONDO TUTELA","INSER",,"SOSTITUTIVA","S","N"
"0225","1","PREVIP","PRESIDIUM SPA",,"SOSTITUTIVA","S","N"
"0020","1","AREA SALUS","VERSPIEREN",,"SOSTITUTIVA","S","N"
"0032","1","PROVA","ANTONIO","PROVA","SOSTITUTIVA","N","N"
"0218","107","MUTUA MITUTELA","INSER",,"SOSTITUTIVA","S","N"
"0179","34","C.A.S.S.A.","HOWDEN",,"SOSTITUTIVA","S","N"
"0179","25","C.A.S.S.A.","HOWDEN",,"SOSTITUTIVA","S","N"
"0019","8","FONDO TUTELA","INSER",,"SOSTITUTIVA","N","N"
"0179","24","C.A.S.S.A.","HOWDEN",,"SOSTITUTIVA","S","N"
"0179","26","C.A.S.S.A.","HOWDEN",,"INTEGRATIVA","S","N"
"0179","27","C.A.S.S.A.","HOWDEN",,"INTEGRATIVA","S","N"
"0179","30","C.A.S.S.A.","HOWDEN",,"INTEGRATIVA","S","N"
"0179","28","C.A.S.S.A.","HOWDEN",,"INTEGRATIVA","S","N"
"0179","29","C.A.S.S.A.","HOWDEN",,"INTEGRATIVA","S","N"
"0179","33","C.A.S.S.A.","HOWDEN",,"INTEGRATIVA","S","N"
"0179","31","C.A.S.S.A.","HOWDEN",,"INTEGRATIVA","N","N"
"0019","2","FONDO TUTELA","INSER",,"SOSTITUTIVA","S","N"
"0019","67","FONDO TUTELA","INSER",,"SOSTITUTIVA","S","N"
"0035","2","FONDO TUTELA","INSER",,"SOSTITUTIVA","S","N"
"0040","2","MUTUA MITUTELA","INSER",,"SOSTITUTIVA","S","N"
"0017","1","PREVIP","ROMA TRIONFALE",,"INTEGRATIVA","S","N"
"0179","32","C.A.S.S.A.","HOWDEN",,"INTEGRATIVA","S","N"
"0019","5","FONDO TUTELA","INSER",,"SOSTITUTIVA","S","N"
"0019","68","FONDO TUTELA","INSER",,"SOSTITUTIVA","S","N"
"0019","3","FONDO TUTELA","INSER",,"INTEGRATIVA","S","N"
"0036","2","FONDO TUTELA","INSER",,"SOSTITUTIVA","S","N"
"0179","35","C.A.S.S.A.","HOWDEN",,"INTEGRATIVA","S","N"
"0038","14","MUTUA MITUTELA","INSER",,"SOSTITUTIVA","S","N"
"0055","1","PREVIP","AGENZIA FAENZA IMOLA BOLOGNA BIEMMEPI COD 403  ALLIANZ 481 SRL",,"SOSTITUTIVA","S","N"
"0038","13","MUTUA MITUTELA","INSER",,"SOSTITUTIVA","S","N"
"0038","15","MUTUA MITUTELA","INSER",,"SOSTITUTIVA","S","N"
"0038","16","MUTUA MITUTELA","INSER",,"SOSTITUTIVA","S","N"
"0038","17","MUTUA MITUTELA","INSER",,"SOSTITUTIVA","S","N"
"0038","18","MUTUA MITUTELA","INSER",,"SOSTITUTIVA","S","N"
"0038","19","MUTUA MITUTELA","INSER",,"SOSTITUTIVA","S","N"
"0038","20","MUTUA MITUTELA","INSER",,"SOSTITUTIVA","S","N"
"0038","21","MUTUA MITUTELA","INSER",,"SOSTITUTIVA","S","N"
"0052","2","PREVIASS II","WILLIS TOWER WATSON",,"SOSTITUTIVA","S","N"
"0179","36","C.A.S.S.A.","HOWDEN",,"INTEGRATIVA","S","N"
"0048","2","PREVIP","MILANO CENTRO",,"SOSTITUTIVA","S","N"
"0179","37","C.A.S.S.A.","HOWDEN",,"INTEGRATIVA","S","N"
"0054","1","PREVIP","AGENZIA MONTE NERO",,"SOSTITUTIVA","S","N"
"0056","14","PALLADINI & PARTNERS","AGENZIA ALBA 90 (PALLADINI & PARTNERS)",,"SOSTITUTIVA","N","N"
"0056","15","PALLADINI & PARTNERS","AGENZIA ALBA 90 (PALLADINI & PARTNERS)",,"SOSTITUTIVA","N","N"
"0056","13","PALLADINI & PARTNERS","AGENZIA ALBA 90 (PALLADINI & PARTNERS)",,"SOSTITUTIVA","N","N"
"0064","1","PREVIASS","WILLIS TOWER WATSON",,"INTEGRATIVA","S","N"
"0060","2","PREVIP","MILANO CENTRO",,"SOSTITUTIVA","S","N"
"0038","3","MUTUA MITUTELA","INSER",,"SOSTITUTIVA","S","N"
"0183","2","CASSA DIPENDENTI CASINO","AGENZIA ALLIANZ AOSTA",,"SOSTITUTIVA","S","N"
"0183","1","CASSA DIPENDENTI CASINO","AGENZIA ALLIANZ AOSTA",,"SOSTITUTIVA","S","N"
"0045","1","PREVIASS II","WILLIS TOWER WATSON",,"SOSTITUTIVA","S","N"
"0065","1","PREVIP","AGENZIA ALLIANZ MILANO 3",,"SOSTITUTIVA","S","N"
"0019","112","FONDO TUTELA","INSER",,"SOSTITUTIVA","S","N"
"0068","1","MPT",,,,"N","N"
"0015","1","PREVIP","ROMA TRIONFALE",,"SOSTITUTIVA","S","N"
"0038","90","MUTUA MITUTELA","INSER",,"SOSTITUTIVA","S","N"
"0038","91","MUTUA MITUTELA","INSER",,"SOSTITUTIVA","S","N"
"0038","92","MUTUA MITUTELA","INSER",,"SOSTITUTIVA","S","N"
"0038","93","MUTUA MITUTELA","INSER",,"SOSTITUTIVA","S","N"
"0038","104","MUTUA MITUTELA","INSER",,"SOSTITUTIVA","S","N"
"0038","105","MUTUA MITUTELA","INSER",,"SOSTITUTIVA","N","N"
"0038","106","MUTUA MITUTELA","INSER",,"SOSTITUTIVA","S","N"
"0038","107","MUTUA MITUTELA","INSER",,"SOSTITUTIVA","S","N"
"0038","108","MUTUA MITUTELA","INSER",,"SOSTITUTIVA","S","N"
"0038","109","MUTUA MITUTELA","INSER",,"SOSTITUTIVA","S","N"
"0038","110","MUTUA MITUTELA","INSER",,"SOSTITUTIVA","S","N"
"0038","111","MUTUA MITUTELA","INSER",,"SOSTITUTIVA","S","N"
"0038","112","MUTUA MITUTELA","INSER",,"SOSTITUTIVA","S","N"
"0038","113","MUTUA MITUTELA","INSER",,"SOSTITUTIVA","S","N"
"0038","114","MUTUA MITUTELA","INSER",,"SOSTITUTIVA","S","N"
"0038","115","MUTUA MITUTELA","INSER",,"SOSTITUTIVA","S","N"
"0038","116","MUTUA MITUTELA","INSER",,"SOSTITUTIVA","S","N"
"0038","117","MUTUA MITUTELA","INSER",,"SOSTITUTIVA","S","N"
"0038","120","MUTUA MITUTELA","INSER",,"SOSTITUTIVA","S","N"
"0038","118","MUTUA MITUTELA","INSER",,"SOSTITUTIVA","S","N"
"0038","119","MUTUA MITUTELA","INSER",,"SOSTITUTIVA","S","N"
"0019","202","FONDO TUTELA","INSER",,"SOSTITUTIVA","S","N"
"0038","121","MUTUA MITUTELA","INSER",,"SOSTITUTIVA","S","N"
"0038","122","MUTUA MITUTELA","INSER",,"SOSTITUTIVA","S","N"
"0038","123","MUTUA MITUTELA","INSER",,"SOSTITUTIVA","S","N"
"0019","201","FONDO TUTELA","INSER",,"SOSTITUTIVA","S","N"
"0019","203","FONDO TUTELA","INSER",,"SOSTITUTIVA","S","N"
"0019","204","FONDO TUTELA","INSER",,"SOSTITUTIVA","S","N"
"0019","205","FONDO TUTELA","INSER",,"SOSTITUTIVA","S","N"
"0019","191","FONDO TUTELA","INSER",,"INTEGRATIVA","S","N"
"0019","192","FONDO TUTELA","INSER",,"INTEGRATIVA","S","N"
"0019","193","FONDO TUTELA","INSER",,"INTEGRATIVA","S","N"
"0019","207","FONDO TUTELA","INSER",,"INTEGRATIVA","S","N"
"0019","206","FONDO TUTELA","INSER",,"INTEGRATIVA","S","N"
"0019","208","FONDO TUTELA","INSER",,"SOSTITUTIVA","S","N"
"0019","210","FONDO TUTELA","INSER",,"SOSTITUTIVA","S","N"
"0019","211","FONDO TUTELA","INSER",,"SOSTITUTIVA","S","N"
"0019","212","FONDO TUTELA","INSER",,"SOSTITUTIVA","S","N"
"0019","213","FONDO TUTELA","INSER",,"SOSTITUTIVA","S","N"
"0019","214","FONDO TUTELA","INSER",,"SOSTITUTIVA","S","N"
"0019","215","FONDO TUTELA","INSER",,"SOSTITUTIVA","S","N"
"0019","216","FONDO TUTELA","INSER",,"SOSTITUTIVA","S","N"
"0019","217","FONDO TUTELA","INSER",,"SOSTITUTIVA","S","N"
"0019","218","FONDO TUTELA","INSER",,"SOSTITUTIVA","S","N"
"0019","219","FONDO TUTELA","INSER",,"SOSTITUTIVA","S","N"
"0019","220","FONDO TUTELA","INSER",,"SOSTITUTIVA","S","N"
"0019","221","FONDO TUTELA","INSER",,"SOSTITUTIVA","S","N"
"0019","222","FONDO TUTELA","INSER",,"SOSTITUTIVA","S","N"
"0019","223","FONDO TUTELA","INSER",,"SOSTITUTIVA","S","N"
"0019","224","FONDO TUTELA","INSER",,"SOSTITUTIVA","S","N"
"0019","225","FONDO TUTELA","INSER",,"SOSTITUTIVA","S","N"
"0019","226","FONDO TUTELA","INSER",,"SOSTITUTIVA","S","N"
"0019","227","FONDO TUTELA","INSER",,"SOSTITUTIVA","S","N"
"0019","228","FONDO TUTELA","INSER",,"INTEGRATIVA","S","N"
"0019","229","FONDO TUTELA","INSER",,"SOSTITUTIVA","S","N"
"0019","230","FONDO TUTELA","INSER",,"SOSTITUTIVA","S","N"
"0019","231","FONDO TUTELA","INSER",,"SOSTITUTIVA","S","N"
"0019","232","FONDO TUTELA","INSER",,"SOSTITUTIVA","S","N"
"0019","233","FONDO TUTELA","INSER",,"SOSTITUTIVA","S","N"
"0019","234","FONDO TUTELA","INSER",,"SOSTITUTIVA","S","N"
"0019","235","FONDO TUTELA","INSER",,"SOSTITUTIVA","S","N"
"0019","238","FONDO TUTELA","INSER",,"SOSTITUTIVA","S","N"
"0019","236","FONDO TUTELA","INSER",,"SOSTITUTIVA","S","N"
"0019","237","FONDO TUTELA","INSER",,"SOSTITUTIVA","S","N"
"0019","239","FONDO TUTELA","INSER",,"SOSTITUTIVA","S","N"
"0019","240","FONDO TUTELA","INSER",,"SOSTITUTIVA","S","N"
"0019","241","FONDO TUTELA","INSER",,"SOSTITUTIVA","S","N"
"0019","242","FONDO TUTELA","INSER",,"SOSTITUTIVA","S","N"
"0019","243","FONDO TUTELA","INSER",,"SOSTITUTIVA","S","N"
"0019","244","FONDO TUTELA","INSER",,"SOSTITUTIVA","S","N"
"0019","245","FONDO TUTELA","INSER",,"SOSTITUTIVA","S","N"
"0019","246","FONDO TUTELA","INSER",,"SOSTITUTIVA","S","N"
"0019","247","FONDO TUTELA","INSER",,"SOSTITUTIVA","S","N"
"0019","248","FONDO TUTELA","INSER",,"SOSTITUTIVA","S","N"
"0019","249","FONDO TUTELA","INSER",,"INTEGRATIVA","S","N"
"0019","250","FONDO TUTELA","INSER",,"SOSTITUTIVA","S","N"
"0088","142","MUTUA MITUTELA","INSER",,"SOSTITUTIVA","S","N"
"0005","9","AON","AON",,"SOSTITUTIVA","S","N"
"0098","233","FONDO TUTELA","INSER",,"SOSTITUTIVA","S","N"
"0098","202","FONDO TUTELA","INSER",,"SOSTITUTIVA","S","N"
"0098","278","FONDO TUTELA","INSER",,"SOSTITUTIVA","S","N"
"0088","153","MUTUA MITUTELA","INSER",,"SOSTITUTIVA","S","N"
"0098","257","FONDO TUTELA","INSER",,"SOSTITUTIVA","S","N"
"0098","252","FONDO TUTELA","INSER",,"SOSTITUTIVA","S","N"
"0098","256","FONDO TUTELA","INSER",,"SOSTITUTIVA","S","N"
"0166","66","MUTUA SAS","ASSIPARIOLI",,"SOSTITUTIVA","S","S"
"0166","19","MUTUA SAS","ASSIPARIOLI",,"SOSTITUTIVA","S","S"
"0172","1","MUTUA SAS","NON PRESENTE","01-02-2022","SOSTITUTIVA","N","N"
"0166","55","MUTUA SAS","ASSIPARIOLI",,"SOSTITUTIVA","S","S"
"0098","192","FONDO TUTELA","INSER",,"INTEGRATIVA","S","N"
"0168","2","PREVIP","GCF ASSICURAZIONI",,"SOSTITUTIVA","S","N"
"0088","135","MUTUA MITUTELA","INSER",,"SOSTITUTIVA","S","N"
"0125","5","PREVIP","MUNICH RE",,"SOSTITUTIVA","S","N"
"0125","6","PREVIP","MUNICH RE",,"SOSTITUTIVA","S","N"
"0125","7","PREVIP","MUNICH RE",,"SOSTITUTIVA","S","N"
"0019","107","FONDO TUTELA","INSER",,"SOSTITUTIVA","S","N"
"0168","3","PREVIP","GCF ASSICURAZIONI",,"SOSTITUTIVA","S","N"
"0185","3","ASSIDAI","PRESIDIUM SPA",,"SOSTITUTIVA","S","N"
"0185","2","ASSIDAI","PRESIDIUM SPA",,"SOSTITUTIVA","S","N"
"0125","12","PREVIP","MUNICH RE",,"SOSTITUTIVA","S","N"
"0185","4","ASSIDAI","PRESIDIUM SPA",,"SOSTITUTIVA","S","N"
"0125","15","PREVIP","MUNICH RE",,"SOSTITUTIVA","S","N"
"0098","187","FONDO TUTELA","INSER",,"SOSTITUTIVA","S","N"
"0217","40","FONDO TUTELA","INSER",,"SOSTITUTIVA","S","N"
"0171","1","CASSA SAS","CIVITUS",,"SOSTITUTIVA","S","N"
"0125","17","PREVIP","MUNICH RE",,"SOSTITUTIVA","S","N"
"0157","1","SANINT","AGENZIA ALLIANZ MILANO 3",,"SOSTITUTIVA","S","N"
"0217","42","FONDO TUTELA","INSER",,"SOSTITUTIVA","S","N"
"0098","303","FONDO TUTELA","INSER",,"SOSTITUTIVA","S","N"
"0166","18","MUTUA SAS","ASSIPARIOLI",,"SOSTITUTIVA","S","S"
"0088","152","MUTUA MITUTELA","INSER",,"SOSTITUTIVA","S","S"
"0088","161","MUTUA MITUTELA","INSER",,"SOSTITUTIVA","S","N"
"0125","18","PREVIP","MUNICH RE",,"SOSTITUTIVA","S","N"
"0168","1","PREVIP","GCF ASSICURAZIONI",,"SOSTITUTIVA","S","N"
"0125","16","PREVIP","MUNICH RE",,"SOSTITUTIVA","S","N"
"0014","2","CASSA SAS","CIVITUS","OPZ B","INTEGRATIVA","N","N"
"0098","323","FONDO TUTELA","INSER",,"SOSTITUTIVA","S","N"
"0098","143","FONDO TUTELA","INSER",,"SOSTITUTIVA","S","N"
"0098","180","FONDO TUTELA","INSER",,"SOSTITUTIVA","S","N"
"0217","189","FONDO TUTELA","INSER",,"SOSTITUTIVA","S","N"
"0098","240","FONDO TUTELA","INSER",,"SOSTITUTIVA","S","N"
"0185","5","ASSIDAI","PRESIDIUM SPA",,"SOSTITUTIVA","S","N"
"0075","1","PREVIP","ROMA TRIONFALE",,"SOSTITUTIVA","S","N"
"0185","7","ASSIDAI","PRESIDIUM SPA",,"SOSTITUTIVA","S","N"
"0185","9","ASSIDAI","PRESIDIUM SPA",,"SOSTITUTIVA","S","N"
"0185","10","ASSIDAI","PRESIDIUM SPA",,"SOSTITUTIVA","S","N"
"0186","1","PREVIP","ROMA TRIONFALE",,"SOSTITUTIVA","S","N"
"0185","12","ASSIDAI","PRESIDIUM SPA",,"SOSTITUTIVA","S","N"
"0185","13","ASSIDAI","PRESIDIUM SPA",,"SOSTITUTIVA","S","N"
"0185","14","ASSIDAI","PRESIDIUM SPA",,"SOSTITUTIVA","S","N"
"0185","15","ASSIDAI","PRESIDIUM SPA",,"SOSTITUTIVA","S","N"
"0216","1","AREA SALUS","VERSPIEREN",,"SOSTITUTIVA","S","N"
"0216","2","AREA SALUS","VERSPIEREN",,"INTEGRATIVA","S","N"
"0185","16","ASSIDAI","PRESIDIUM SPA",,"INTEGRATIVA","S","N"
"0185","18","ASSIDAI","PRESIDIUM SPA",,"INTEGRATIVA","S","N"
"0179","12","C.A.S.S.A.","HOWDEN",,"SOSTITUTIVA","S","N"
"0146","12","C.A.S.S.A.","ASSITECA",,"SOSTITUTIVA","S","N"
"0119","1","CASSA PREVILINE ASSISTANCE","AON",,"SOSTITUTIVA","S","N"
"0218","17","MUTUA MITUTELA","INSER",,"SOSTITUTIVA","S","N"
"0218","15","MUTUA MITUTELA","INSER",,"SOSTITUTIVA","S","N"
"0218","14","MUTUA MITUTELA","INSER",,"SOSTITUTIVA","S","N"
"0218","16","MUTUA MITUTELA","INSER",,"SOSTITUTIVA","S","N"
"0218","18","MUTUA MITUTELA","INSER",,"SOSTITUTIVA","S","N"
"0217","43","FONDO TUTELA","INSER",,"SOSTITUTIVA","S","N"
"0218","19","MUTUA MITUTELA","INSER",,"SOSTITUTIVA","S","N"
"0166","71","MUTUA SAS","ASSIPARIOLI",,"SOSTITUTIVA","S","S"
"0217","44","FONDO TUTELA","INSER",,"SOSTITUTIVA","S","N"
"0217","45","FONDO TUTELA","INSER",,"SOSTITUTIVA","S","N"
"0217","46","FONDO TUTELA","INSER",,"SOSTITUTIVA","S","N"
"0217","47","FONDO TUTELA","INSER",,"SOSTITUTIVA","S","N"
"0217","48","FONDO TUTELA","INSER",,"SOSTITUTIVA","S","N"
"0217","49","FONDO TUTELA","INSER",,"SOSTITUTIVA","S","N"
"0217","50","FONDO TUTELA","INSER",,"SOSTITUTIVA","S","N"
"0217","51","FONDO TUTELA","INSER",,"SOSTITUTIVA","S","N"
"0217","53","FONDO TUTELA","INSER",,"SOSTITUTIVA","S","N"
"0217","54","FONDO TUTELA","INSER",,"SOSTITUTIVA","S","N"
"0217","55","FONDO TUTELA","INSER",,"SOSTITUTIVA","S","N"
"0175","1","CASSA BISALUS","VERSPIEREN",,"SOSTITUTIVA","S","N"
"0217","18","FONDO TUTELA","INSER",,"INTEGRATIVA","S","N"
"0215","1",,,,,"N","N"
"0217","21","FONDO TUTELA","INSER",,"SOSTITUTIVA","S","N"
"0217","206","FONDO TUTELA","INSER",,"INTEGRATIVA","S","N"
"0218","101","MUTUA MITUTELA","INSER",,"SOSTITUTIVA","S","N"
"0217","207","FONDO TUTELA","INSER",,"SOSTITUTIVA","S","N"
"0217","208","FONDO TUTELA","INSER",,"INTEGRATIVA","S","N"
"0218","102","MUTUA MITUTELA","INSER",,"SOSTITUTIVA","S","N"
"0217","216","FONDO TUTELA","INSER",,"SOSTITUTIVA","S","N"
"0217","213","FONDO TUTELA","INSER",,"SOSTITUTIVA","S","N"
"0217","214","FONDO TUTELA","INSER",,"SOSTITUTIVA","S","N"
"0217","215","FONDO TUTELA","INSER",,"SOSTITUTIVA","S","N"
"0217","217","FONDO TUTELA","INSER",,"SOSTITUTIVA","S","N"
"0217","218","FONDO TUTELA","INSER",,"SOSTITUTIVA","S","N"
"0218","103","MUTUA MITUTELA","INSER",,"SOSTITUTIVA","S","N"
"0217","219","FONDO TUTELA","INSER",,"INTEGRATIVA","S","N"
"0182","4","PREVIP","GCF ASSICURAZIONI",,"SOSTITUTIVA","S","N"
"0217","24","FONDO TUTELA","INSER",,"SOSTITUTIVA","S","N"
"0217","23","FONDO TUTELA","INSER",,"SOSTITUTIVA","S","N"
"0204","7","SAS","PCA",,"SOSTITUTIVA","S","N"
"0204","3","SAS","PCA",,"SOSTITUTIVA","S","N"
"0217","220","FONDO TUTELA","INSER",,"SOSTITUTIVA","S","N"
"0217","221","FONDO TUTELA","INSER",,"SOSTITUTIVA","S","N"
"0146","2","C.A.S.S.A.","ASSITECA",,"SOSTITUTIVA","S","N"
"0181","3","PREVIP","GCF ASSICURAZIONI",,"SOSTITUTIVA","S","N"
"0098","90","FONDO TUTELA","INSER",,"SOSTITUTIVA","S","N"
"0098","119","FONDO TUTELA","INSER",,"SOSTITUTIVA","S","N"
"0098","120","FONDO TUTELA","INSER",,"SOSTITUTIVA","S","N"
"0166","72","MUTUA SAS","ASSIPARIOLI",,"SOSTITUTIVA","S","S"
"0098","30","FONDO TUTELA","INSER",,"SOSTITUTIVA","S","N"
"0066","1","DCH","PRESIDIUM SPA",,"SOSTITUTIVA","N","N"
"0218","6","MUTUA MITUTELA","INSER",,"SOSTITUTIVA","S","N"
"0098","264","FONDO TUTELA","INSER",,"SOSTITUTIVA","S","N"
"0088","127","MUTUA MITUTELA","INSER",,"SOSTITUTIVA","S","N"
"0088","143","MUTUA MITUTELA","INSER",,"SOSTITUTIVA","S","N"
"0098","270","FONDO TUTELA","INSER",,"SOSTITUTIVA","S","N"
"0217","181","FONDO TUTELA","INSER",,"SOSTITUTIVA","S","N"
"0181","1","PREVIP","GCF ASSICURAZIONI",,"SOSTITUTIVA","S","N"
"0088","128","MUTUA MITUTELA","INSER",,"SOSTITUTIVA","S","N"
"0098","308","FONDO TUTELA","INSER",,"SOSTITUTIVA","S","N"
"0098","301","FONDO TUTELA","INSER",,"SOSTITUTIVA","S","N"
"0098","29","FONDO TUTELA","INSER",,"SOSTITUTIVA","S","N"
"0098","31","FONDO TUTELA","INSER",,"SOSTITUTIVA","S","N"
"0098","32","FONDO TUTELA","INSER",,"SOSTITUTIVA","S","N"
"0098","34","FONDO TUTELA","INSER",,"SOSTITUTIVA","S","N"
"0098","35","FONDO TUTELA","INSER",,"SOSTITUTIVA","S","N"
"0098","36","FONDO TUTELA","INSER",,"SOSTITUTIVA","S","N"
"0098","37","FONDO TUTELA","INSER",,"SOSTITUTIVA","S","N"
"0098","39","FONDO TUTELA","INSER",,"SOSTITUTIVA","S","N"
"0098","40","FONDO TUTELA","INSER",,"SOSTITUTIVA","S","N"
"0098","42","FONDO TUTELA","INSER",,"SOSTITUTIVA","S","N"
"0098","45","FONDO TUTELA","INSER",,"SOSTITUTIVA","S","N"
"0098","47","FONDO TUTELA","INSER",,"SOSTITUTIVA","S","N"
"0098","48","FONDO TUTELA","INSER",,"SOSTITUTIVA","S","N"
"0098","49","FONDO TUTELA","INSER",,"SOSTITUTIVA","S","N"
"0098","51","FONDO TUTELA","INSER",,"SOSTITUTIVA","S","N"
"0098","53","FONDO TUTELA","INSER",,"SOSTITUTIVA","S","N"
"0098","57","FONDO TUTELA","INSER",,"SOSTITUTIVA","S","N"
"0146","18","C.A.S.S.A.","ASSITECA",,"SOSTITUTIVA","S","N"
"0022","1","FONDO SOLIDARIETA ENTE MORALE","AGENZIA BAGNI DI LUCCA (PRISMA INSURANCE BROKER)",,"SOSTITUTIVA","S","N"
"0088","19","MUTUA MITUTELA","INSER",,"SOSTITUTIVA","S","N"
"0165","3","CASPIE","ALLIANZ 004",,"SOSTITUTIVA","S","N"
"0181","2","PREVIP","GCF ASSICURAZIONI",,"SOSTITUTIVA","S","N"
"0098","310","FONDO TUTELA","INSER",,"SOSTITUTIVA","S","N"
"0217","154","FONDO TUTELA","INSER",,"SOSTITUTIVA","S","N"
"0166","26","MUTUA SAS","ASSIPARIOLI",,"SOSTITUTIVA","S","S"
"0166","27","MUTUA SAS","ASSIPARIOLI",,"SOSTITUTIVA","S","S"
"0166","28","MUTUA SAS","ASSIPARIOLI",,"SOSTITUTIVA","S","S"
"0181","4","PREVIP","GCF ASSICURAZIONI",,"SOSTITUTIVA","S","N"
"0088","151","MUTUA MITUTELA","INSER",,"SOSTITUTIVA","S","N"
"0088","129","MUTUA MITUTELA","INSER",,"SOSTITUTIVA","S","N"
"0088","132","MUTUA MITUTELA","INSER",,"SOSTITUTIVA","S","N"
"0005","1","AON","AON",,"SOSTITUTIVA","S","N"
"0098","2","FONDO TUTELA","INSER",,"SOSTITUTIVA","S","N"
"0098","109","FONDO TUTELA","INSER",,"SOSTITUTIVA","S","N"
"0181","5","PREVIP","GCF ASSICURAZIONI",,"SOSTITUTIVA","S","N"
"0218","3","MUTUA MITUTELA","INSER",,"SOSTITUTIVA","S","N"
"0181","7","PREVIP","GCF ASSICURAZIONI",,"SOSTITUTIVA","S","N"
"0181","8","PREVIP","GCF ASSICURAZIONI",,"SOSTITUTIVA","S","N"
"0181","10","PREVIP","GCF ASSICURAZIONI",,"SOSTITUTIVA","S","N"
"0181","11","PREVIP","GCF ASSICURAZIONI",,"SOSTITUTIVA","S","N"
"0181","12","PREVIP","GCF ASSICURAZIONI",,"SOSTITUTIVA","S","N"
"0217","110","FONDO TUTELA","INSER",,"SOSTITUTIVA","S","N"
"0181","14","PREVIP","GCF ASSICURAZIONI",,"SOSTITUTIVA","S","N"
"0181","15","PREVIP","GCF ASSICURAZIONI",,"SOSTITUTIVA","S","N"
"0181","16","PREVIP","GCF ASSICURAZIONI",,"SOSTITUTIVA","S","N"
"0181","17","PREVIP","GCF ASSICURAZIONI",,"SOSTITUTIVA","S","N"
"0181","18","PREVIP","GCF ASSICURAZIONI",,"SOSTITUTIVA","S","N"
"0181","19","PREVIP","GCF ASSICURAZIONI",,"SOSTITUTIVA","S","N"
"0005","2","CASSA PREVILINE ASSISTANCE","AON",,"SOSTITUTIVA","S","N"
"0217","104","FONDO TUTELA","INSER",,"SOSTITUTIVA","S","N"
"0217","20","FONDO TUTELA","INSER",,"INTEGRATIVA","S","N"
"0208","1","PREVIP","AGENZIA FAENZA IMOLA BOLOGNA BIEMMEPI COD 403  ALLIANZ 481 SRL",,"SOSTITUTIVA","N","N"
"0180","1","SAS","PCA",,"SOSTITUTIVA","S","N"
"0217","105","FONDO TUTELA","INSER",,"SOSTITUTIVA","S","N"
"0217","106","FONDO TUTELA","INSER",,"SOSTITUTIVA","S","N"
"0217","107","FONDO TUTELA","INSER",,"SOSTITUTIVA","S","N"
"0165","4","CASPIE","ALLIANZ 004",,"SOSTITUTIVA","S","N"
"0217","108","FONDO TUTELA","INSER",,"SOSTITUTIVA","S","N"
"0217","109","FONDO TUTELA","INSER",,"SOSTITUTIVA","S","N"
"0222","1","FONDO TUTELA","INSER",,"SOSTITUTIVA","S","N"
"0218","2","MUTUA MITUTELA","INSER",,"SOSTITUTIVA","S","N"
"0218","1","MUTUA MITUTELA","INSER",,"SOSTITUTIVA","S","N"
"0218","11","MUTUA MITUTELA","INSER",,"SOSTITUTIVA","S","N"
"0089","2","FONDO TUTELA","INSER",,"SOSTITUTIVA","S","N"
"0089","1","FONDO TUTELA","INSER",,"SOSTITUTIVA","S","N"
"0217","116","FONDO TUTELA","INSER",,"SOSTITUTIVA","S","N"
"0222","2","FONDO TUTELA","INSER",,"SOSTITUTIVA","S","N"
"0180","3","SAS","PCA",,"SOSTITUTIVA","S","N"
"0217","118","FONDO TUTELA","INSER",,"SOSTITUTIVA","S","N"
"0218","4","MUTUA MITUTELA","INSER",,"SOSTITUTIVA","S","N"
"0218","5","MUTUA MITUTELA","INSER",,"SOSTITUTIVA","S","N"
"0218","8","MUTUA MITUTELA","INSER",,"SOSTITUTIVA","S","N"
"0181","6","PREVIP","GCF ASSICURAZIONI",,"SOSTITUTIVA","S","N"
"0180","2","SAS","PCA",,"SOSTITUTIVA","S","N"
"0218","10","MUTUA MITUTELA","INSER",,"SOSTITUTIVA","S","N"
"0218","12","MUTUA MITUTELA","INSER",,"SOSTITUTIVA","S","N"
"0180","5","SAS","PCA",,"SOSTITUTIVA","S","N"
"0098","184","FONDO TUTELA","INSER",,"SOSTITUTIVA","S","N"
"0218","106","MUTUA MITUTELA","INSER",,"SOSTITUTIVA","S","N"
"0165","5","CASPIE","ALLIANZ 004",,"SOSTITUTIVA","S","N"
"0180","6","SAS","PCA",,"SOSTITUTIVA","S","N"
"0180","7","SAS","PCA",,"SOSTITUTIVA","S","N"
"0180","8","SAS","PCA",,"SOSTITUTIVA","S","N"
"0180","11","SAS","PCA",,"SOSTITUTIVA","S","N"
"0179","1",,,,"SOSTITUTIVA","N","N"
"0179","2",,,,"SOSTITUTIVA","N","N"
"0180","13","SAS","PCA",,"SOSTITUTIVA","S","N"
"0202","1","SAS","PCA",,"SOSTITUTIVA","S","N"
"0179","3",,,,"SOSTITUTIVA","N","N"
"0179","4",,,,"INTEGRATIVA","N","N"
"0179","5",,,,"INTEGRATIVA","N","N"
"0179","7",,,,"INTEGRATIVA","N","N"
"0142","18","ASSIDAI","PRESIDIUM SPA",,"SOSTITUTIVA","S","N"
"0179","8",,,,"INTEGRATIVA","N","N"
"0179","13",,,,"SOSTITUTIVA","N","N"
"0202","5","SAS","PCA",,"SOSTITUTIVA","S","N"
"0179","14",,,,"SOSTITUTIVA","N","N"
"0179","15",,,,"SOSTITUTIVA","N","N"
"0166","68","MUTUA SAS","ASSIPARIOLI",,"SOSTITUTIVA","S","S"
"0179","16",,,,"SOSTITUTIVA","N","N"
"0179","17",,,,"INTEGRATIVA","N","N"
"0202","8","SAS","PCA",,"SOSTITUTIVA","S","N"
"0179","18",,,,"INTEGRATIVA","N","N"
"0179","19",,,,"INTEGRATIVA","N","N"
"0218","9","MUTUA MITUTELA","INSER",,"SOSTITUTIVA","S","N"
"0217","26","FONDO TUTELA","INSER",,"SOSTITUTIVA","S","N"
"0217","25","FONDO TUTELA","INSER",,"SOSTITUTIVA","S","N"
"0202","13","SAS","PCA",,"SOSTITUTIVA","S","N"
"0098","317","FONDO TUTELA","INSER",,"INTEGRATIVA","S","N"
"0098","318","FONDO TUTELA","INSER",,"SOSTITUTIVA","S","N"
"0098","1","FONDO TUTELA","INSER",,"SOSTITUTIVA","S","N"
"0038","125","MUTUA MITUTELA","INSER",,"SOSTITUTIVA","S","N"
"0038","124","MUTUA MITUTELA","INSER",,"SOSTITUTIVA","S","N"
"0098","112","FONDO TUTELA","INSER",,"SOSTITUTIVA","S","N"
"0098","304","FONDO TUTELA","INSER",,"SOSTITUTIVA","S","N"
"0098","249","FONDO TUTELA","INSER",,"INTEGRATIVA","S","N"
"0088","165","MUTUA MITUTELA","INSER",,"SOSTITUTIVA","S","N"
"0098","255","FONDO TUTELA","INSER",,"INTEGRATIVA","S","N"
"0088","163","MUTUA MITUTELA","INSER",,"SOSTITUTIVA","S","N"
"0098","309","FONDO TUTELA","INSER",,"SOSTITUTIVA","S","N"
"0090","1","FONDO TUTELA","INSER",,"SOSTITUTIVA","S","N"
"0019","17","FONDO TUTELA","INSER",,"INTEGRATIVA","S","N"
"0098","316","FONDO TUTELA","INSER",,"SOSTITUTIVA","S","N"
"0088","162","MUTUA MITUTELA","INSER",,"SOSTITUTIVA","S","N"
"0088","164","MUTUA MITUTELA","INSER",,"SOSTITUTIVA","S","N"
"0098","324","FONDO TUTELA","INSER",,"SOSTITUTIVA","S","N"
"0098","325","FONDO TUTELA","INSER",,"SOSTITUTIVA","S","N"
"0088","154","MUTUA MITUTELA","INSER",,"SOSTITUTIVA","S","N"
"0019","36","FONDO TUTELA","INSER",,"SOSTITUTIVA","S","N"
"0098","326","FONDO TUTELA","INSER",,"SOSTITUTIVA","S","N"
"0098","327","FONDO TUTELA","INSER",,"SOSTITUTIVA","S","N"
"0098","294","FONDO TUTELA","INSER",,"SOSTITUTIVA","S","N"
"0166","12","MUTUA SAS","ASSIPARIOLI",,"SOSTITUTIVA","S","S"
"0019","48","FONDO TUTELA","INSER",,"SOSTITUTIVA","S","N"
"0101","1","PREVIP","MILANO CENTRO",,"SOSTITUTIVA","S","N"
"0098","154","FONDO TUTELA","INSER",,"SOSTITUTIVA","S","N"
"0098","274","FONDO TUTELA","INSER",,"SOSTITUTIVA","S","N"
"0166","11","MUTUA SAS","ASSIPARIOLI",,"SOSTITUTIVA","S","S"
"0166","13","MUTUA SAS","ASSIPARIOLI",,"SOSTITUTIVA","S","S"
"0111","1","CASSA PREVILINE ASSISTANCE","AON",,"SOSTITUTIVA","S","N"
"0098","158","FONDO TUTELA","INSER",,"SOSTITUTIVA","S","N"
"0166","14","MUTUA SAS","ASSIPARIOLI",,"SOSTITUTIVA","S","S"
"0166","15","MUTUA SAS","ASSIPARIOLI",,"SOSTITUTIVA","S","S"
"0166","16","MUTUA SAS","ASSIPARIOLI",,"SOSTITUTIVA","S","S"
"0166","17","MUTUA SAS","ASSIPARIOLI",,"SOSTITUTIVA","S","S"
"0166","20","MUTUA SAS","ASSIPARIOLI",,"SOSTITUTIVA","S","S"
"0166","21","MUTUA SAS","ASSIPARIOLI",,"SOSTITUTIVA","S","S"
"0166","22","MUTUA SAS","ASSIPARIOLI",,"SOSTITUTIVA","S","S"
"0166","33","MUTUA SAS","ASSIPARIOLI",,"SOSTITUTIVA","S","S"
"0098","159","FONDO TUTELA","INSER",,"SOSTITUTIVA","S","N"
"0166","35","MUTUA SAS","ASSIPARIOLI",,"SOSTITUTIVA","S","S"
"0098","101","FONDO TUTELA","INSER",,"SOSTITUTIVA","S","N"
"0166","69","MUTUA SAS","ASSIPARIOLI",,"SOSTITUTIVA","S","S"
"0098","103","FONDO TUTELA","INSER",,"SOSTITUTIVA","S","N"
"0098","106","FONDO TUTELA","INSER",,"INTEGRATIVA","S","N"
"0098","163","FONDO TUTELA","INSER",,"SOSTITUTIVA","S","N"
"0019","209","FONDO TUTELA","INSER",,"INTEGRATIVA","S","N"
"0098","209","FONDO TUTELA","INSER",,"INTEGRATIVA","S","N"
"0098","212","FONDO TUTELA","INSER",,"SOSTITUTIVA","S","N"
"0098","210","FONDO TUTELA","INSER",,"SOSTITUTIVA","S","N"
"0098","211","FONDO TUTELA","INSER",,"SOSTITUTIVA","S","N"
"0098","213","FONDO TUTELA","INSER",,"SOSTITUTIVA","S","N"
"0098","214","FONDO TUTELA","INSER",,"SOSTITUTIVA","S","N"
"0098","215","FONDO TUTELA","INSER",,"SOSTITUTIVA","S","N"
"0098","216","FONDO TUTELA","INSER",,"SOSTITUTIVA","S","N"
"0098","217","FONDO TUTELA","INSER",,"SOSTITUTIVA","S","N"
"0098","219","FONDO TUTELA","INSER",,"SOSTITUTIVA","S","N"
"0098","220","FONDO TUTELA","INSER",,"SOSTITUTIVA","S","N"
"0098","221","FONDO TUTELA","INSER",,"SOSTITUTIVA","S","N"
"0098","222","FONDO TUTELA","INSER",,"SOSTITUTIVA","S","N"
"0098","225","FONDO TUTELA","INSER",,"SOSTITUTIVA","S","N"
"0098","226","FONDO TUTELA","INSER",,"SOSTITUTIVA","S","N"
"0098","228","FONDO TUTELA","INSER",,"INTEGRATIVA","S","N"
"0098","227","FONDO TUTELA","INSER",,"SOSTITUTIVA","S","N"
"0098","229","FONDO TUTELA","INSER",,"SOSTITUTIVA","S","N"
"0098","235","FONDO TUTELA","INSER",,"SOSTITUTIVA","S","N"
"0098","237","FONDO TUTELA","INSER",,"SOSTITUTIVA","S","N"
"0098","238","FONDO TUTELA","INSER",,"SOSTITUTIVA","S","N"
"0098","273","FONDO TUTELA","INSER",,"SOSTITUTIVA","S","N"
"0098","242","FONDO TUTELA","INSER",,"SOSTITUTIVA","S","N"
"0098","243","FONDO TUTELA","INSER",,"SOSTITUTIVA","S","N"
"0098","244","FONDO TUTELA","INSER",,"SOSTITUTIVA","S","N"
"0098","245","FONDO TUTELA","INSER",,"SOSTITUTIVA","S","N"
"0098","250","FONDO TUTELA","INSER",,"SOSTITUTIVA","S","N"
"0098","251","FONDO TUTELA","INSER",,"SOSTITUTIVA","S","N"
"0098","258","FONDO TUTELA","INSER",,"INTEGRATIVA","S","N"
"0088","133","MUTUA MITUTELA","INSER",,"SOSTITUTIVA","S","N"
"0098","275","FONDO TUTELA","INSER",,"SOSTITUTIVA","S","N"
"0098","276","FONDO TUTELA","INSER",,"SOSTITUTIVA","S","N"
"0088","2","MUTUA MITUTELA","INSER",,"SOSTITUTIVA","S","N"
"0088","131","MUTUA MITUTELA","INSER",,"SOSTITUTIVA","S","N"
"0088","3","MUTUA MITUTELA","INSER",,"SOSTITUTIVA","S","N"
"0088","4","MUTUA MITUTELA","INSER",,"SOSTITUTIVA","S","N"
"0088","5","MUTUA MITUTELA","INSER",,"SOSTITUTIVA","S","N"
"0088","6","MUTUA MITUTELA","INSER",,"SOSTITUTIVA","S","N"
"0088","7","MUTUA MITUTELA","INSER",,"SOSTITUTIVA","S","N"
"0088","8","MUTUA MITUTELA","INSER",,"SOSTITUTIVA","S","N"
"0088","9","MUTUA MITUTELA","INSER",,"SOSTITUTIVA","S","N"
"0088","10","MUTUA MITUTELA","INSER",,"SOSTITUTIVA","S","N"
"0088","11","MUTUA MITUTELA","INSER",,"SOSTITUTIVA","S","N"
"0088","12","MUTUA MITUTELA","INSER",,"SOSTITUTIVA","S","N"
"0088","13","MUTUA MITUTELA","INSER",,"SOSTITUTIVA","S","N"
"0088","14","MUTUA MITUTELA","INSER",,"SOSTITUTIVA","S","N"
"0088","15","MUTUA MITUTELA","INSER",,"SOSTITUTIVA","S","N"
"0088","16","MUTUA MITUTELA","INSER",,"SOSTITUTIVA","S","N"
"0088","18","MUTUA MITUTELA","INSER",,"SOSTITUTIVA","S","N"
"0088","20","MUTUA MITUTELA","INSER",,"SOSTITUTIVA","S","N"
"0088","22","MUTUA MITUTELA","INSER",,"SOSTITUTIVA","S","N"
"0088","23","MUTUA MITUTELA","INSER",,"SOSTITUTIVA","S","N"
"0088","24","MUTUA MITUTELA","INSER",,"SOSTITUTIVA","S","N"
"0088","25","MUTUA MITUTELA","INSER",,"SOSTITUTIVA","S","N"
"0088","26","MUTUA MITUTELA","INSER",,"SOSTITUTIVA","S","N"
"0088","27","MUTUA MITUTELA","INSER",,"SOSTITUTIVA","S","N"
"0088","28","MUTUA MITUTELA","INSER",,"SOSTITUTIVA","S","N"
"0088","29","MUTUA MITUTELA","INSER",,"SOSTITUTIVA","S","N"
"0088","30","MUTUA MITUTELA","INSER",,"SOSTITUTIVA","S","N"
"0088","31","MUTUA MITUTELA","INSER",,"SOSTITUTIVA","S","N"
"0088","32","MUTUA MITUTELA","INSER",,"SOSTITUTIVA","S","N"
"0088","33","MUTUA MITUTELA","INSER",,"SOSTITUTIVA","S","N"
"0088","34","MUTUA MITUTELA","INSER",,"SOSTITUTIVA","S","N"
"0088","36","MUTUA MITUTELA","INSER",,"SOSTITUTIVA","S","N"
"0088","37","MUTUA MITUTELA","INSER",,"SOSTITUTIVA","S","N"
"0088","38","MUTUA MITUTELA","INSER",,"SOSTITUTIVA","S","N"
"0088","39","MUTUA MITUTELA","INSER",,"SOSTITUTIVA","S","N"
"0088","40","MUTUA MITUTELA","INSER",,"SOSTITUTIVA","S","N"
"0088","41","MUTUA MITUTELA","INSER",,"SOSTITUTIVA","S","N"
"0088","42","MUTUA MITUTELA","INSER",,"SOSTITUTIVA","S","N"
"0088","44","MUTUA MITUTELA","INSER",,"SOSTITUTIVA","S","N"
"0088","45","MUTUA MITUTELA","INSER",,"SOSTITUTIVA","S","N"
"0142","2","ASSIDAI","PRESIDIUM SPA",,"SOSTITUTIVA","S","N"
"0098","314","FONDO TUTELA","INSER",,"SOSTITUTIVA","S","N"
"0116","1","CASSA PREVILINE ASSISTANCE","AON",,"SOSTITUTIVA","S","N"
"0142","3","ASSIDAI","PRESIDIUM SPA",,"SOSTITUTIVA","S","N"
"0142","4","ASSIDAI","PRESIDIUM SPA",,"SOSTITUTIVA","S","N"
"0098","140","FONDO TUTELA","INSER",,"SOSTITUTIVA","S","N"
"0142","5","ASSIDAI","PRESIDIUM SPA",,"SOSTITUTIVA","S","N"
"0142","8","ASSIDAI","PRESIDIUM SPA",,"SOSTITUTIVA","S","N"
"0142","7","ASSIDAI","PRESIDIUM SPA",,"SOSTITUTIVA","S","N"
"0142","9","ASSIDAI","PRESIDIUM SPA",,"SOSTITUTIVA","S","N"
"0142","10","ASSIDAI","PRESIDIUM SPA",,"SOSTITUTIVA","S","N"
"0098","91","FONDO TUTELA","INSER",,"SOSTITUTIVA","S","N"
"0098","93","FONDO TUTELA","INSER",,"SOSTITUTIVA","S","N"
"0098","96","FONDO TUTELA","INSER",,"SOSTITUTIVA","S","N"
"0142","12","ASSIDAI","PRESIDIUM SPA",,"SOSTITUTIVA","S","N"
"0098","110","FONDO TUTELA","INSER",,"SOSTITUTIVA","S","N"
"0098","111","FONDO TUTELA","INSER",,"SOSTITUTIVA","S","N"
"0142","13","ASSIDAI","PRESIDIUM SPA",,"SOSTITUTIVA","S","N"
"0098","121","FONDO TUTELA","INSER",,"SOSTITUTIVA","S","N"
"0098","124","FONDO TUTELA","INSER",,"SOSTITUTIVA","S","N"
"0098","125","FONDO TUTELA","INSER",,"SOSTITUTIVA","S","N"
"0098","127","FONDO TUTELA","INSER",,"SOSTITUTIVA","S","N"
"0098","128","FONDO TUTELA","INSER",,"SOSTITUTIVA","S","N"
"0098","265","FONDO TUTELA","INSER",,"SOSTITUTIVA","S","N"
"0098","132","FONDO TUTELA","INSER",,"SOSTITUTIVA","S","N"
"0098","141","FONDO TUTELA","INSER",,"SOSTITUTIVA","S","N"
"0098","328","FONDO TUTELA","INSER",,"SOSTITUTIVA","S","N"
"0098","146","FONDO TUTELA","INSER",,"SOSTITUTIVA","S","N"
"0098","147","FONDO TUTELA","INSER",,"SOSTITUTIVA","S","N"
"0098","148","FONDO TUTELA","INSER",,"INTEGRATIVA","S","N"
"0098","193","FONDO TUTELA","INSER",,"INTEGRATIVA","S","N"
"0098","191","FONDO TUTELA","INSER",,"INTEGRATIVA","S","N"
"0142","14","ASSIDAI","PRESIDIUM SPA",,"SOSTITUTIVA","S","N"
"0098","194","FONDO TUTELA","INSER",,"SOSTITUTIVA","S","N"
"0098","195","FONDO TUTELA","INSER",,"SOSTITUTIVA","S","N"
"0098","196","FONDO TUTELA","INSER",,"SOSTITUTIVA","S","N"
"0019","197","FONDO TUTELA","INSER",,"SOSTITUTIVA","S","N"
"0098","200","FONDO TUTELA","INSER",,"SOSTITUTIVA","S","N"
"0098","198","FONDO TUTELA","INSER",,"SOSTITUTIVA","S","N"
"0098","201","FONDO TUTELA","INSER",,"SOSTITUTIVA","S","N"
"0142","15","ASSIDAI","PRESIDIUM SPA",,"SOSTITUTIVA","S","N"
"0098","203","FONDO TUTELA","INSER",,"SOSTITUTIVA","S","N"
"0142","17","ASSIDAI","PRESIDIUM SPA",,"SOSTITUTIVA","S","N"
"0159","1","SANINT","AGENZIA ALLIANZ MILANO 3",,"SOSTITUTIVA","S","N"
"0098","320","FONDO TUTELA","INSER",,"SOSTITUTIVA","S","N"
"0088","134","MUTUA MITUTELA","INSER",,"SOSTITUTIVA","S","N"
"0088","47","MUTUA MITUTELA","INSER",,"SOSTITUTIVA","S","N"
"0098","283","FONDO TUTELA","INSER",,"SOSTITUTIVA","S","N"
"0088","46","MUTUA MITUTELA","INSER",,"SOSTITUTIVA","S","N"
"0088","48","MUTUA MITUTELA","INSER",,"SOSTITUTIVA","S","N"
"0088","50","MUTUA MITUTELA","INSER",,"SOSTITUTIVA","S","N"
"0088","159","MUTUA MITUTELA","INSER",,"SOSTITUTIVA","S","N"
"0088","52","MUTUA MITUTELA","INSER",,"SOSTITUTIVA","S","N"
"0088","53","MUTUA MITUTELA","INSER",,"SOSTITUTIVA","S","N"
"0088","54","MUTUA MITUTELA","INSER",,"SOSTITUTIVA","S","N"
"0088","55","MUTUA MITUTELA","INSER",,"SOSTITUTIVA","S","N"
"0088","56","MUTUA MITUTELA","INSER",,"SOSTITUTIVA","S","N"
"0088","57","MUTUA MITUTELA","INSER",,"SOSTITUTIVA","S","N"
"0088","58","MUTUA MITUTELA","INSER",,"SOSTITUTIVA","S","N"
"0088","59","MUTUA MITUTELA","INSER",,"SOSTITUTIVA","S","N"
"0088","60","MUTUA MITUTELA","INSER",,"SOSTITUTIVA","S","N"
"0088","61","MUTUA MITUTELA","INSER",,"SOSTITUTIVA","S","N"
"0088","62","MUTUA MITUTELA","INSER",,"SOSTITUTIVA","S","N"
"0088","63","MUTUA MITUTELA","INSER",,"SOSTITUTIVA","S","N"
"0088","64","MUTUA MITUTELA","INSER",,"SOSTITUTIVA","S","N"
"0088","66","MUTUA MITUTELA","INSER",,"SOSTITUTIVA","S","N"
"0088","67","MUTUA MITUTELA","INSER",,"SOSTITUTIVA","S","N"
"0088","68","MUTUA MITUTELA","INSER",,"SOSTITUTIVA","S","N"
"0088","69","MUTUA MITUTELA","INSER",,"SOSTITUTIVA","S","N"
"0088","70","MUTUA MITUTELA","INSER",,"SOSTITUTIVA","S","N"
"0088","71","MUTUA MITUTELA","INSER",,"SOSTITUTIVA","S","N"
"0088","72","MUTUA MITUTELA","INSER",,"SOSTITUTIVA","S","N"
"0088","73","MUTUA MITUTELA","INSER",,"SOSTITUTIVA","S","N"
"0088","74","MUTUA MITUTELA","INSER",,"SOSTITUTIVA","S","N"
"0088","75","MUTUA MITUTELA","INSER",,"SOSTITUTIVA","S","N"
"0088","76","MUTUA MITUTELA","INSER",,"SOSTITUTIVA","S","N"
"0088","77","MUTUA MITUTELA","INSER",,"SOSTITUTIVA","S","N"
"0088","78","MUTUA MITUTELA","INSER",,"SOSTITUTIVA","S","N"
"0088","79","MUTUA MITUTELA","INSER",,"SOSTITUTIVA","S","N"
"0088","80","MUTUA MITUTELA","INSER",,"SOSTITUTIVA","S","N"
"0088","81","MUTUA MITUTELA","INSER",,"SOSTITUTIVA","S","N"
"0088","82","MUTUA MITUTELA","INSER",,"SOSTITUTIVA","S","N"
"0088","83","MUTUA MITUTELA","INSER",,"SOSTITUTIVA","S","N"
"0088","84","MUTUA MITUTELA","INSER",,"SOSTITUTIVA","S","N"
"0088","85","MUTUA MITUTELA","INSER",,"SOSTITUTIVA","S","N"
"0088","86","MUTUA MITUTELA","INSER",,"SOSTITUTIVA","S","N"
"0088","87","MUTUA MITUTELA","INSER",,"SOSTITUTIVA","S","N"
"0088","88","MUTUA MITUTELA","INSER",,"SOSTITUTIVA","S","N"
"0088","89","MUTUA MITUTELA","INSER",,"SOSTITUTIVA","S","N"
"0088","90","MUTUA MITUTELA","INSER",,"SOSTITUTIVA","S","N"
"0088","91","MUTUA MITUTELA","INSER",,"SOSTITUTIVA","S","N"
"0088","92","MUTUA MITUTELA","INSER",,"SOSTITUTIVA","S","N"
"0088","93","MUTUA MITUTELA","INSER",,"SOSTITUTIVA","S","N"
"0088","94","MUTUA MITUTELA","INSER",,"SOSTITUTIVA","S","N"
"0088","95","MUTUA MITUTELA","INSER",,"SOSTITUTIVA","S","N"
"0088","96","MUTUA MITUTELA","INSER",,"SOSTITUTIVA","S","N"
"0088","97","MUTUA MITUTELA","INSER",,"SOSTITUTIVA","S","N"
"0088","98","MUTUA MITUTELA","INSER",,"SOSTITUTIVA","S","N"
"0088","99","MUTUA MITUTELA","INSER",,"SOSTITUTIVA","S","N"
"0088","100","MUTUA MITUTELA","INSER",,"SOSTITUTIVA","S","N"
"0088","101","MUTUA MITUTELA","INSER",,"SOSTITUTIVA","S","N"
"0088","102","MUTUA MITUTELA","INSER",,"SOSTITUTIVA","S","N"
"0088","103","MUTUA MITUTELA","INSER",,"SOSTITUTIVA","S","N"
"0088","104","MUTUA MITUTELA","INSER",,"SOSTITUTIVA","S","N"
"0088","105","MUTUA MITUTELA","INSER",,"SOSTITUTIVA","S","N"
"0088","106","MUTUA MITUTELA","INSER",,"SOSTITUTIVA","S","N"
"0088","107","MUTUA MITUTELA","INSER",,"SOSTITUTIVA","S","N"
"0088","108","MUTUA MITUTELA","INSER",,"SOSTITUTIVA","S","N"
"0088","110","MUTUA MITUTELA","INSER",,"SOSTITUTIVA","S","N"
"0088","111","MUTUA MITUTELA","INSER",,"SOSTITUTIVA","S","N"
"0088","112","MUTUA MITUTELA","INSER",,"SOSTITUTIVA","S","N"
"0088","113","MUTUA MITUTELA","INSER",,"SOSTITUTIVA","S","N"
"0088","114","MUTUA MITUTELA","INSER",,"SOSTITUTIVA","S","N"
"0088","116","MUTUA MITUTELA","INSER",,"SOSTITUTIVA","S","N"
"0088","117","MUTUA MITUTELA","INSER",,"SOSTITUTIVA","S","N"
"0088","118","MUTUA MITUTELA","INSER",,"SOSTITUTIVA","S","N"
"0088","119","MUTUA MITUTELA","INSER",,"SOSTITUTIVA","S","N"
"0088","120","MUTUA MITUTELA","INSER",,"SOSTITUTIVA","S","N"
"0088","121","MUTUA MITUTELA","INSER",,"SOSTITUTIVA","S","N"
"0088","122","MUTUA MITUTELA","INSER",,"SOSTITUTIVA","S","N"
"0088","123","MUTUA MITUTELA","INSER",,"SOSTITUTIVA","S","N"
"0088","124","MUTUA MITUTELA","INSER",,"SOSTITUTIVA","S","N"
"0088","125","MUTUA MITUTELA","INSER",,"SOSTITUTIVA","S","N"
"0088","160","MUTUA MITUTELA","INSER",,"SOSTITUTIVA","S","N"
"0019","251","FONDO TUTELA","INSER",,"SOSTITUTIVA","S","N"
"0019","254","FONDO TUTELA","INSER",,"SOSTITUTIVA","S","N"
"0019","252","FONDO TUTELA","INSER",,"SOSTITUTIVA","N","N"
"0019","253","FONDO TUTELA","INSER",,"SOSTITUTIVA","S","N"
"0019","255","FONDO TUTELA","INSER",,"INTEGRATIVA","S","N"
"0019","256","FONDO TUTELA","INSER",,"SOSTITUTIVA","S","N"
"0019","257","FONDO TUTELA","INSER",,"SOSTITUTIVA","S","N"
"0019","258","FONDO TUTELA","INSER",,"INTEGRATIVA","S","N"
"0019","1","FONDO TUTELA","INSER",,"SOSTITUTIVA","S","N"
"0098","94","FONDO TUTELA","INSER",,"SOSTITUTIVA","S","N"
"0098","95","FONDO TUTELA","INSER",,"SOSTITUTIVA","S","N"
"0098","97","FONDO TUTELA","INSER",,"SOSTITUTIVA","S","N"
"0098","98","FONDO TUTELA","INSER",,"SOSTITUTIVA","S","N"
"0098","266","FONDO TUTELA","INSER",,"SOSTITUTIVA","S","N"
"0131","1","PREVIASS II","WILLIS TOWER WATSON",,"INTEGRATIVA","S","N"
"0131","2","PREVIASS II","WILLIS TOWER WATSON",,"SOSTITUTIVA","S","N"
"0127","1","PREVIASS II","WILLIS TOWER WATSON",,"INTEGRATIVA","S","N"
"0127","2","PREVIASS II","WILLIS TOWER WATSON",,"SOSTITUTIVA","S","N"
"0207","1","PREVIASS II","WILLIS TOWER WATSON",,"SOSTITUTIVA","S","N"
"0207","2","PREVIASS II","WILLIS TOWER WATSON",,"SOSTITUTIVA","S","N"
"0133","1","PREVIASS II","WILLIS TOWER WATSON",,"INTEGRATIVA","S","N"
"0212","1","PREVIASS II","WILLIS TOWER WATSON",,"INTEGRATIVA","S","N"
"0134","1","PREVIASS II","WILLIS TOWER WATSON",,"SOSTITUTIVA","S","N"
"0157","3","SANINT","AGENZIA ALLIANZ MILANO 3",,"SOSTITUTIVA","S","N"
"0193","1","PREVIASS II","WILLIS TOWER WATSON",,"SOSTITUTIVA","S","N"
"0217","167","FONDO TUTELA","INSER",,"SOSTITUTIVA","S","N"
"0088","150","MUTUA MITUTELA","INSER",,"SOSTITUTIVA","S","N"
"0098","267","FONDO TUTELA","INSER",,"SOSTITUTIVA","S","N"
"0098","173","FONDO TUTELA","INSER",,"SOSTITUTIVA","S","N"
"0202","12","SAS","PCA",,"SOSTITUTIVA","S","N"
"0098","261","FONDO TUTELA","INSER",,"SOSTITUTIVA","S","N"
"0098","5","FONDO TUTELA","INSER",,"SOSTITUTIVA","S","N"
"0098","131","FONDO TUTELA","INSER",,"SOSTITUTIVA","S","N"
"0202","2","SAS","PCA",,"SOSTITUTIVA","S","N"
"0005","3","AON","AON",,"SOSTITUTIVA","S","N"
"0005","5","AON","AON",,"INTEGRATIVA","S","N"
"0005","4","AON","AON",,"INTEGRATIVA","S","N"
"0088","145","MUTUA MITUTELA","INSER",,"SOSTITUTIVA","S","N"
"0202","3","SAS","PCA",,"SOSTITUTIVA","S","N"
"0088","149","MUTUA MITUTELA","INSER",,"SOSTITUTIVA","S","N"
"0108","11","PALLADINI & PARTNERS","AGENZIA ALBA 90 (PALLADINI & PARTNERS)",,"INTEGRATIVA","N","N"
"0202","4","SAS","PCA",,"SOSTITUTIVA","S","N"
"0098","289","FONDO TUTELA","INSER",,"SOSTITUTIVA","S","N"
"0146","1","C.A.S.S.A.","ASSITECA",,"SOSTITUTIVA","S","N"
"0088","158","MUTUA MITUTELA","INSER",,"SOSTITUTIVA","S","N"
"0088","17","MUTUA MITUTELA","INSER",,"SOSTITUTIVA","S","N"
"0202","6","SAS","PCA",,"SOSTITUTIVA","S","N"
"0098","330","FONDO TUTELA","INSER",,"SOSTITUTIVA","S","N"
"0098","167","FONDO TUTELA","INSER",,"SOSTITUTIVA","S","N"
"0202","7","SAS","PCA",,"SOSTITUTIVA","S","N"
"0098","208","FONDO TUTELA","INSER",,"SOSTITUTIVA","S","N"
"0088","115","MUTUA MITUTELA","INSER",,"SOSTITUTIVA","S","N"
"0106","1","CASSA DIPENDENTI CASINO","AGENZIA ALLIANZ AOSTA",,"SOSTITUTIVA","S","N"
"0192","1","SANINT","AGENZIA ALLIANZ MILANO 3",,"SOSTITUTIVA","S","N"
"0217","228","FONDO TUTELA","INSER",,"SOSTITUTIVA","S","N"
"0146","3","C.A.S.S.A.","ASSITECA",,"SOSTITUTIVA","S","N"
"0181","9","PREVIP","GCF ASSICURAZIONI",,"SOSTITUTIVA","S","N"
"0146","14","C.A.S.S.A.","ASSITECA",,"SOSTITUTIVA","S","N"
"0084","2","PREVIASS II","AGENZIA ROMA MONTE SACRO (WILLIS ITALIA S.P.A.)",,"SOSTITUTIVA","S","N"
"0098","88","FONDO TUTELA","INSER",,"SOSTITUTIVA","S","N"
"0098","89","FONDO TUTELA","INSER",,"SOSTITUTIVA","S","N"
"0180","4","SAS","PCA",,"SOSTITUTIVA","S","N"
"0180","12","SAS","PCA",,"SOSTITUTIVA","S","N"
"0098","176","FONDO TUTELA","INSER",,"SOSTITUTIVA","S","N"
"0098","175","FONDO TUTELA","INSER",,"SOSTITUTIVA","S","N"
"0146","4","C.A.S.S.A.","ASSITECA",,"INTEGRATIVA","S","N"
"0146","5","C.A.S.S.A.","ASSITECA",,"INTEGRATIVA","S","N"
"0146","6","C.A.S.S.A.","ASSITECA",,"INTEGRATIVA","S","N"
"0146","7","C.A.S.S.A.","ASSITECA",,"INTEGRATIVA","S","N"
"0146","8","C.A.S.S.A.","ASSITECA",,"INTEGRATIVA","S","N"
"0146","9","C.A.S.S.A.","ASSITECA",,"INTEGRATIVA","S","N"
"0146","10","C.A.S.S.A.","ASSITECA",,"INTEGRATIVA","S","N"
"0146","15","C.A.S.S.A.","ASSITECA",,"SOSTITUTIVA","S","N"
"0146","16","C.A.S.S.A.","ASSITECA",,"SOSTITUTIVA","S","N"
"0217","186","FONDO TUTELA","INSER",,"SOSTITUTIVA","S","N"
"0146","17","C.A.S.S.A.","ASSITECA",,"SOSTITUTIVA","S","N"
"0146","19","C.A.S.S.A.","ASSITECA",,"SOSTITUTIVA","S","N"
"0146","20","C.A.S.S.A.","ASSITECA",,"SOSTITUTIVA","S","N"
"0146","21","C.A.S.S.A.","ASSITECA",,"INTEGRATIVA","S","N"
"0146","22","C.A.S.S.A.","ASSITECA",,"INTEGRATIVA","S","N"
"0079","1","CASSA RISPARMIO DI LUCCA","AGENZIA BAGNI DI LUCCA (PRISMA INSURANCE BROKER)",,"SOSTITUTIVA","S","N"
"0217","168","FONDO TUTELA","INSER",,"SOSTITUTIVA","S","N"
"0178","7","PREVIASS II","AGENZIA ROMA MONTE SACRO (WILLIS ITALIA S.P.A.)",,"SOSTITUTIVA","S","N"
"0125","2","PREVIP","MUNICH RE",,"SOSTITUTIVA","S","N"
"0098","282","FONDO TUTELA","INSER",,"SOSTITUTIVA","S","N"
"0098","182","FONDO TUTELA","INSER",,"SOSTITUTIVA","S","N"
"0098","298","FONDO TUTELA","INSER",,"SOSTITUTIVA","S","N"
"0098","295","FONDO TUTELA","INSER",,"SOSTITUTIVA","S","N"
"0178","6","PREVIASS II","AGENZIA ROMA MONTE SACRO (WILLIS ITALIA S.P.A.)",,"SOSTITUTIVA","S","N"
"0217","174","FONDO TUTELA","INSER",,"SOSTITUTIVA","S","N"
"0098","161","FONDO TUTELA","INSER",,"SOSTITUTIVA","S","N"
"0178","10","PREVIASS II","AGENZIA ROMA MONTE SACRO (WILLIS ITALIA S.P.A.)",,"SOSTITUTIVA","S","N"
"0163","1","EBIPRO","CIVITUS",,"SOSTITUTIVA","N","N"
"0024","2","BANCO DI SICILIA","AGENZIA PALERMO EMMEGROUP",,"SOSTITUTIVA","N","N"
"0024","1","BANCO DI SICILIA","AGENZIA PALERMO EMMEGROUP",,"SOSTITUTIVA","N","N"
"0039","2","PREVIASS II","WILLIS TOWER WATSON",,"SOSTITUTIVA","S","N"
"0088","138","MUTUA MITUTELA","INSER",,"SOSTITUTIVA","S","N"
"0166","8","MUTUA SAS","ASSIPARIOLI",,"SOSTITUTIVA","S","S"
"0166","9","MUTUA SAS","ASSIPARIOLI",,"SOSTITUTIVA","S","S"
"0166","10","MUTUA SAS","ASSIPARIOLI",,"SOSTITUTIVA","S","S"
"0166","24","MUTUA SAS","ASSIPARIOLI",,"SOSTITUTIVA","S","S"
"0166","29","MUTUA SAS","ASSIPARIOLI",,"SOSTITUTIVA","S","S"
"0098","290","FONDO TUTELA","INSER",,"SOSTITUTIVA","S","N"
"0098","291","FONDO TUTELA","INSER",,"SOSTITUTIVA","S","N"
"0088","140","MUTUA MITUTELA","INSER",,"SOSTITUTIVA","S","N"
"0166","30","MUTUA SAS","ASSIPARIOLI",,"SOSTITUTIVA","S","S"
"0157","2","SANINT","AGENZIA ALLIANZ MILANO 3",,"SOSTITUTIVA","S","N"
"0166","32","MUTUA SAS","ASSIPARIOLI",,"SOSTITUTIVA","S","S"
"0166","48","MUTUA SAS","ASSIPARIOLI",,"SOSTITUTIVA","S","S"
"0166","74","MUTUA SAS","ASSIPARIOLI",,"SOSTITUTIVA","S","S"
"0217","175","FONDO TUTELA","INSER",,"SOSTITUTIVA","S","N"
"0146","23","C.A.S.S.A.","ASSITECA",,"SOSTITUTIVA","S","N"
"0098","293","FONDO TUTELA","INSER",,"SOSTITUTIVA","S","N"
"0098","302","FONDO TUTELA","INSER",,"SOSTITUTIVA","S","N"
"0098","297","FONDO TUTELA","INSER",,"SOSTITUTIVA","S","N"
"0098","299","FONDO TUTELA","INSER",,"SOSTITUTIVA","S","N"
"0217","176","FONDO TUTELA","INSER",,"SOSTITUTIVA","S","N"
"0217","177","FONDO TUTELA","INSER",,"SOSTITUTIVA","S","N"
"0088","130","MUTUA MITUTELA","INSER",,"SOSTITUTIVA","S","N"
"0197","1","SANINT","AGENZIA ALLIANZ MILANO 3",,"SOSTITUTIVA","S","N"
"0005","7","AON","AON",,"SOSTITUTIVA","S","N"
"0197","2","SANINT","AGENZIA ALLIANZ MILANO 3",,"SOSTITUTIVA","S","N"
"0142","6","ASSIDAI","PRESIDIUM SPA",,"SOSTITUTIVA","S","N"
"0159","2","SANINT","AGENZIA ALLIANZ MILANO 3",,"SOSTITUTIVA","S","N"
"0217","142","FONDO TUTELA","INSER",,"SOSTITUTIVA","S","N"
"0098","63","FONDO TUTELA","INSER",,"SOSTITUTIVA","S","N"
"0098","83","FONDO TUTELA","INSER",,"SOSTITUTIVA","S","N"
"0098","80","FONDO TUTELA","INSER",,"SOSTITUTIVA","S","N"
"0090","2","FONDO TUTELA","INSER",,"SOSTITUTIVA","S","N"
"0217","141","FONDO TUTELA","INSER",,"SOSTITUTIVA","S","N"
"0077","2","CASSA BISALUS","VERSPIEREN",,"SOSTITUTIVA","S","N"
"0098","263","FONDO TUTELA","INSER",,"SOSTITUTIVA","S","N"
"0221","2","FONDO TUTELA","INSER",,"SOSTITUTIVA","S","N"
"0098","287","FONDO TUTELA","INSER",,"SOSTITUTIVA","S","N"
"0166","62","MUTUA SAS","ASSIPARIOLI",,"SOSTITUTIVA","S","S"
"0120","1","CASSA PREVILINE ASSISTANCE","AON",,"SOSTITUTIVA","S","N"
"0118","1","CASSA PREVILINE ASSISTANCE","AON",,"SOSTITUTIVA","S","N"
"0172","2","CASSA SAS","CIVITUS","OPZ B","SOSTITUTIVA","N","N"
"0123","2","PREVIP","MILANO CENTRO",,"SOSTITUTIVA","S","N"
"0098","312","FONDO TUTELA","INSER",,"SOSTITUTIVA","S","N"
"0077","1","CASSA BISALUS","VERSPIEREN",,"SOSTITUTIVA","S","N"
"0090","3","FONDO TUTELA","INSER",,"INTEGRATIVA","S","N"
"0174","2","CASSA BISALUS","VERSPIEREN",,"INTEGRATIVA","S","N"
"0217","143","FONDO TUTELA","INSER",,"SOSTITUTIVA","S","N"
"0175","2","CASSA BISALUS","VERSPIEREN",,"INTEGRATIVA","S","N"
"0098","315","FONDO TUTELA","INSER",,"SOSTITUTIVA","S","N"
"0177","2","PREVIP","FUNK INTERNATIONAL SPA",,"SOSTITUTIVA","S","N"
"0164","1","CASSA PREVILINE ASSISTANCE","AON",,"SOSTITUTIVA","S","N"
"0098","204","FONDO TUTELA","INSER",,"SOSTITUTIVA","S","N"
"0166","61","MUTUA SAS","ASSIPARIOLI",,"SOSTITUTIVA","S","S"
"0088","144","MUTUA MITUTELA","INSER",,"SOSTITUTIVA","S","N"
"0164","2","CASSA PREVILINE ASSISTANCE","AON",,"SOSTITUTIVA","S","N"
"0166","53","MUTUA SAS","ASSIPARIOLI",,"SOSTITUTIVA","S","S"
"0098","284","FONDO TUTELA","INSER",,"SOSTITUTIVA","S","N"
"0098","277","FONDO TUTELA","INSER",,"SOSTITUTIVA","S","N"
"0019","187","FONDO TUTELA","INSER",,"SOSTITUTIVA","S","N"
"0217","149","FONDO TUTELA","INSER",,"SOSTITUTIVA","S","N"
"0217","144","FONDO TUTELA","INSER",,"SOSTITUTIVA","S","N"
"0219","2","MUTUA MITUTELA","INSER",,"SOSTITUTIVA","N","N"
"0098","281","FONDO TUTELA","INSER",,"SOSTITUTIVA","S","N"
"0217","145","FONDO TUTELA","INSER",,"SOSTITUTIVA","S","N"
"0188","1","PREVIP","MILANO CENTRO",,"SOSTITUTIVA","S","N"
"0217","150","FONDO TUTELA","INSER",,"SOSTITUTIVA","S","N"
"0123","1","PREVIP","MILANO CENTRO",,"SOSTITUTIVA","S","N"
"0166","65","MUTUA SAS","ASSIPARIOLI",,"SOSTITUTIVA","S","S"
"0217","148","FONDO TUTELA","INSER",,"SOSTITUTIVA","S","N"
"0057","1","PREVIP","PRESIDIUM SPA",,"SOSTITUTIVA","S","N"
"0067","1","PREVIP","PRESIDIUM SPA",,"SOSTITUTIVA","S","N"
"0221","4","FONDO TUTELA","INSER",,"SOSTITUTIVA","S","N"
"0047","1","PREVIP","MILANO CENTRO",,"SOSTITUTIVA","N","N"
"0098","8","FONDO TUTELA","INSER",,"SOSTITUTIVA","S","N"
"0217","151","FONDO TUTELA","INSER",,"SOSTITUTIVA","S","N"
"0217","152","FONDO TUTELA","INSER",,"SOSTITUTIVA","S","N"
"0059","1","PREVIP","MILANO CENTRO",,"SOSTITUTIVA","S","N"
"0059","2","PREVIP","MILANO CENTRO",,"SOSTITUTIVA","S","N"
"0019","97","FONDO TUTELA","INSER",,"SOSTITUTIVA","S","N"
"0185","11","ASSIDAI","PRESIDIUM SPA",,"SOSTITUTIVA","S","N"
"0088","157","MUTUA MITUTELA","INSER",,"SOSTITUTIVA","S","N"
"0108","16","PALLADINI & PARTNERS","AGENZIA ALBA 90 (PALLADINI & PARTNERS)",,"SOSTITUTIVA","N","N"
"0104","1","PREVIP","PRESIDIUM SPA",,"SOSTITUTIVA","S","N"
"0098","322","FONDO TUTELA","INSER",,"SOSTITUTIVA","S","N"
"0098","262","FONDO TUTELA","INSER",,"SOSTITUTIVA","S","N"
"0098","329","FONDO TUTELA","INSER",,"SOSTITUTIVA","S","N"
"0106","2","CASSA DIPENDENTI CASINO","AGENZIA ALLIANZ AOSTA",,"SOSTITUTIVA","S","N"
"0125","3","PREVIP","MUNICH RE",,"SOSTITUTIVA","S","N"
"0110","2","CASSA PREVILINE ASSISTANCE","AON",,"SOSTITUTIVA","S","N"
"0125","14","PREVIP","MUNICH RE",,"SOSTITUTIVA","S","N"
"0221","3","FONDO TUTELA","INSER",,"INTEGRATIVA","S","N"
"0098","66","FONDO TUTELA","INSER",,"SOSTITUTIVA","S","N"
"0098","17","FONDO TUTELA","INSER",,"INTEGRATIVA","S","N"
"0088","146","MUTUA MITUTELA","INSER",,"SOSTITUTIVA","S","N"
"0098","305","FONDO TUTELA","INSER",,"SOSTITUTIVA","S","N"
"0166","31","MUTUA SAS","ASSIPARIOLI",,"SOSTITUTIVA","S","S"
"0098","58","FONDO TUTELA","INSER",,"SOSTITUTIVA","S","N"
"0170","1","MPT",,,,"N","N"
"0098","59","FONDO TUTELA","INSER",,"SOSTITUTIVA","S","N"
"0098","61","FONDO TUTELA","INSER",,"SOSTITUTIVA","S","N"
"0098","67","FONDO TUTELA","INSER",,"SOSTITUTIVA","S","N"
"0098","68","FONDO TUTELA","INSER",,"SOSTITUTIVA","S","N"
"0098","69","FONDO TUTELA","INSER",,"SOSTITUTIVA","S","N"
"0098","332","FONDO TUTELA","INSER",,"SOSTITUTIVA","S","N"
"0098","74","FONDO TUTELA","INSER",,"SOSTITUTIVA","S","N"
"0098","75","FONDO TUTELA","INSER",,"SOSTITUTIVA","S","N"
"0098","77","FONDO TUTELA","INSER",,"SOSTITUTIVA","S","N"
"0098","78","FONDO TUTELA","INSER",,"SOSTITUTIVA","S","N"
"0098","81","FONDO TUTELA","INSER",,"SOSTITUTIVA","S","N"
"0098","82","FONDO TUTELA","INSER",,"SOSTITUTIVA","S","N"
"0098","84","FONDO TUTELA","INSER",,"SOSTITUTIVA","S","N"
"0084","4","PREVIASS II","AGENZIA ROMA MONTE SACRO (WILLIS ITALIA S.P.A.)",,"SOSTITUTIVA","S","N"
"0088","147","MUTUA MITUTELA","INSER",,"SOSTITUTIVA","S","N"
"0146","11","C.A.S.S.A.","ASSITECA",,"SOSTITUTIVA","S","N"
"0084","5","PREVIASS II","AGENZIA ROMA MONTE SACRO (WILLIS ITALIA S.P.A.)",,"SOSTITUTIVA","S","N"
"0084","6","PREVIASS II","AGENZIA ROMA MONTE SACRO (WILLIS ITALIA S.P.A.)",,"SOSTITUTIVA","S","N"
"0098","307","FONDO TUTELA","INSER",,"SOSTITUTIVA","S","N"
"0219","3","MUTUA MITUTELA","INSER",,"SOSTITUTIVA","N","N"
"0084","7","PREVIASS II","AGENZIA ROMA MONTE SACRO (WILLIS ITALIA S.P.A.)",,"SOSTITUTIVA","S","N"
"0090","4","FONDO TUTELA","INSER",,"SOSTITUTIVA","S","N"
"0098","99","FONDO TUTELA","INSER",,"SOSTITUTIVA","S","N"
"0125","13","PREVIP","MUNICH RE",,"SOSTITUTIVA","S","N"
"0084","8","PREVIASS II","AGENZIA 569",,"SOSTITUTIVA","S","N"
"0084","1","PREVIASS II","AGENZIA ROMA MONTE SACRO (WILLIS ITALIA S.P.A.)",,"SOSTITUTIVA","S","N"
"0219","5","MUTUA MITUTELA","INSER",,"SOSTITUTIVA","N","N"
"0098","234","FONDO TUTELA","INSER",,"SOSTITUTIVA","S","N"
"0098","268","FONDO TUTELA","INSER",,"SOSTITUTIVA","S","N"
"0166","25","MUTUA SAS","ASSIPARIOLI",,"SOSTITUTIVA","S","S"
"0074","1","PREVIP","ROMA TRIONFALE",,"SOSTITUTIVA","S","N"
"0166","70","MUTUA SAS","ASSIPARIOLI",,"SOSTITUTIVA","S","S"
"0050","1","PREVIP","AGENZIA DI CODROIPO",,"SOSTITUTIVA","S","N"
"0050","2","PREVIP","AGENZIA DI CODROIPO",,"SOSTITUTIVA","S","N"
"0050","3","PREVIP","AGENZIA DI CODROIPO",,"SOSTITUTIVA","S","N"
"0050","4","PREVIP","AGENZIA DI CODROIPO",,"SOSTITUTIVA","S","N"
"0088","126","MUTUA MITUTELA","INSER",,"SOSTITUTIVA","S","N"
"0110","1","CASSA PREVILINE ASSISTANCE","AON",,"SOSTITUTIVA","S","N"
"0085","1","PREVIP","FUNK INTERNATIONAL SPA",,"SOSTITUTIVA","S","N"
"0085","2","PREVIP","FUNK INTERNATIONAL SPA",,"SOSTITUTIVA","S","N"
"0218","7","MUTUA MITUTELA","INSER",,"SOSTITUTIVA","S","N"
"0098","3","FONDO TUTELA","INSER",,"INTEGRATIVA","S","N"
"0157","4","SANINT","AGENZIA ALLIANZ MILANO 3",,"SOSTITUTIVA","S","N"
"0098","313","FONDO TUTELA","INSER",,"SOSTITUTIVA","S","N"
"0217","153","FONDO TUTELA","INSER",,"SOSTITUTIVA","S","N"
"0088","156","MUTUA MITUTELA","INSER",,"SOSTITUTIVA","S","N"
"0098","319","FONDO TUTELA","INSER",,"SOSTITUTIVA","S","N"
"0098","86","FONDO TUTELA","INSER",,"SOSTITUTIVA","S","N"
"0098","87","FONDO TUTELA","INSER",,"SOSTITUTIVA","S","N"
"0098","108","FONDO TUTELA","INSER",,"SOSTITUTIVA","S","N"
"0146","13","C.A.S.S.A.","ASSITECA",,"SOSTITUTIVA","S","N"
"0098","162","FONDO TUTELA","INSER",,"SOSTITUTIVA","S","N"
"0098","100","FONDO TUTELA","INSER",,"SOSTITUTIVA","S","N"
"0098","280","FONDO TUTELA","INSER",,"SOSTITUTIVA","S","N"
"0005","8","AON","AON",,"SOSTITUTIVA","S","N"
"0103","1","PREVIP","AGENZIA ALLIANZ MILANO 3",,"SOSTITUTIVA","S","N"
"0098","102","FONDO TUTELA","INSER",,"SOSTITUTIVA","S","N"
"0098","105","FONDO TUTELA","INSER",,"SOSTITUTIVA","S","N"
"0098","118","FONDO TUTELA","INSER",,"SOSTITUTIVA","S","N"
"0098","126","FONDO TUTELA","INSER",,"SOSTITUTIVA","S","N"
"0098","133","FONDO TUTELA","INSER",,"SOSTITUTIVA","S","N"
"0098","134","FONDO TUTELA","INSER",,"SOSTITUTIVA","S","N"
"0098","136","FONDO TUTELA","INSER",,"SOSTITUTIVA","S","N"
"0098","137","FONDO TUTELA","INSER",,"SOSTITUTIVA","S","N"
"0098","139","FONDO TUTELA","INSER",,"SOSTITUTIVA","S","N"
"0098","142","FONDO TUTELA","INSER",,"SOSTITUTIVA","S","N"
"0098","145","FONDO TUTELA","INSER",,"SOSTITUTIVA","S","N"
"0098","152","FONDO TUTELA","INSER",,"SOSTITUTIVA","S","N"
"0098","165","FONDO TUTELA","INSER",,"SOSTITUTIVA","S","N"
"0019","168","FONDO TUTELA","INSER",,"SOSTITUTIVA","S","N"
"0098","166","FONDO TUTELA","INSER",,"SOSTITUTIVA","S","N"
"0098","286","FONDO TUTELA","INSER",,"SOSTITUTIVA","S","N"
"0098","168","FONDO TUTELA","INSER",,"SOSTITUTIVA","S","N"
"0098","170","FONDO TUTELA","INSER",,"SOSTITUTIVA","S","N"
"0098","172","FONDO TUTELA","INSER",,"SOSTITUTIVA","S","N"
"0098","171","FONDO TUTELA","INSER",,"SOSTITUTIVA","S","N"
"0098","174","FONDO TUTELA","INSER",,"SOSTITUTIVA","S","N"
"0098","177","FONDO TUTELA","INSER",,"SOSTITUTIVA","S","N"
"0098","178","FONDO TUTELA","INSER",,"SOSTITUTIVA","S","N"
"0098","179","FONDO TUTELA","INSER",,"SOSTITUTIVA","S","N"
"0098","181","FONDO TUTELA","INSER",,"SOSTITUTIVA","S","N"
"0098","183","FONDO TUTELA","INSER",,"SOSTITUTIVA","S","N"
"0098","186","FONDO TUTELA","INSER",,"SOSTITUTIVA","S","N"
"0098","188","FONDO TUTELA","INSER",,"SOSTITUTIVA","S","N"
"0098","189","FONDO TUTELA","INSER",,"SOSTITUTIVA","S","N"
"0098","190","FONDO TUTELA","INSER",,"SOSTITUTIVA","S","N"
"0098","199","FONDO TUTELA","INSER",,"SOSTITUTIVA","S","N"
"0098","205","FONDO TUTELA","INSER",,"SOSTITUTIVA","S","N"
"0098","206","FONDO TUTELA","INSER",,"INTEGRATIVA","S","N"
"0098","207","FONDO TUTELA","INSER",,"INTEGRATIVA","S","N"
"0098","321","FONDO TUTELA","INSER",,"SOSTITUTIVA","S","N"
"0098","241","FONDO TUTELA","INSER",,"SOSTITUTIVA","S","N"
"0098","253","FONDO TUTELA","INSER",,"SOSTITUTIVA","S","N"
"0162","2",,,,"INTEGRATIVA","N","N"
"0098","279","FONDO TUTELA","INSER",,"SOSTITUTIVA","S","N"
"0217","5","FONDO TUTELA","INSER",,"SOSTITUTIVA","S","N"
"0217","156","FONDO TUTELA","INSER",,"SOSTITUTIVA","S","N"
"0088","136","MUTUA MITUTELA","INSER",,"SOSTITUTIVA","S","N"
"0088","137","MUTUA MITUTELA","INSER",,"SOSTITUTIVA","S","N"
"0088","139","MUTUA MITUTELA","INSER",,"SOSTITUTIVA","S","N"
"0098","288","FONDO TUTELA","INSER",,"SOSTITUTIVA","S","N"
"0166","37","MUTUA SAS","ASSIPARIOLI",,"SOSTITUTIVA","S","S"
"0098","296","FONDO TUTELA","INSER",,"SOSTITUTIVA","S","N"
"0098","300","FONDO TUTELA","INSER",,"SOSTITUTIVA","S","N"
"0098","185","FONDO TUTELA","INSER",,"SOSTITUTIVA","S","N"
"0088","141","MUTUA MITUTELA","INSER",,"SOSTITUTIVA","S","N"
"0217","1","FONDO TUTELA","INSER",,"SOSTITUTIVA","S","N"
"0217","19","FONDO TUTELA","INSER",,"INTEGRATIVA","S","N"
"0166","38","MUTUA SAS","ASSIPARIOLI",,"SOSTITUTIVA","S","S"
"0166","39","MUTUA SAS","ASSIPARIOLI",,"SOSTITUTIVA","S","S"
"0166","40","MUTUA SAS","ASSIPARIOLI",,"SOSTITUTIVA","S","S"
"0166","41","MUTUA SAS","ASSIPARIOLI",,"SOSTITUTIVA","S","S"
"0166","42","MUTUA SAS","ASSIPARIOLI",,"SOSTITUTIVA","S","S"
"0166","44","MUTUA SAS","ASSIPARIOLI",,"SOSTITUTIVA","S","S"
"0166","46","MUTUA SAS","ASSIPARIOLI",,"SOSTITUTIVA","S","S"
"0166","49","MUTUA SAS","ASSIPARIOLI",,"SOSTITUTIVA","S","S"
"0166","51","MUTUA SAS","ASSIPARIOLI",,"SOSTITUTIVA","S","S"
"0166","52","MUTUA SAS","ASSIPARIOLI",,"SOSTITUTIVA","S","S"
"0166","54","MUTUA SAS","ASSIPARIOLI",,"SOSTITUTIVA","S","S"
"0217","155","FONDO TUTELA","INSER",,"INTEGRATIVA","S","N"
"0166","56","MUTUA SAS","ASSIPARIOLI",,"SOSTITUTIVA","S","S"
"0166","57","MUTUA SAS","ASSIPARIOLI",,"SOSTITUTIVA","S","S"
"0217","157","FONDO TUTELA","INSER",,"SOSTITUTIVA","S","N"
"0166","59","MUTUA SAS","ASSIPARIOLI",,"SOSTITUTIVA","S","S"
"0166","60","MUTUA SAS","ASSIPARIOLI",,"SOSTITUTIVA","S","S"
"0166","63","MUTUA SAS","ASSIPARIOLI",,"SOSTITUTIVA","S","S"
"0098","331","FONDO TUTELA","INSER",,"SOSTITUTIVA","S","N"
"0098","285","FONDO TUTELA","INSER",,"SOSTITUTIVA","S","N"
"0217","158","FONDO TUTELA","INSER",,"SOSTITUTIVA","S","N"
"0217","159","FONDO TUTELA","INSER",,"SOSTITUTIVA","S","N"
"0098","70","FONDO TUTELA","INSER",,"SOSTITUTIVA","S","N"
"0128","1","PREVIASS II","WILLIS TOWER WATSON",,"SOSTITUTIVA","S","N"
"0129","1","PREVIASS II","WILLIS TOWER WATSON",,"INTEGRATIVA","S","N"
"0129","2","PREVIASS II","WILLIS TOWER WATSON",,"SOSTITUTIVA","S","N"
"0130","1","PREVIASS II","WILLIS TOWER WATSON",,"INTEGRATIVA","S","N"
"0130","2","PREVIASS II","WILLIS TOWER WATSON",,"SOSTITUTIVA","S","N"
"0125","1","PREVIP","MUNICH RE",,"SOSTITUTIVA","S","N"
"0217","160","FONDO TUTELA","INSER",,"SOSTITUTIVA","S","N"
"0217","161","FONDO TUTELA","INSER",,"SOSTITUTIVA","S","N"
"0217","162","FONDO TUTELA","INSER",,"SOSTITUTIVA","S","N"
"0125","4","PREVIP","MUNICH RE",,"SOSTITUTIVA","S","N"
"0125","10","PREVIP","MUNICH RE",,"SOSTITUTIVA","S","N"
"0125","11","PREVIP","MUNICH RE",,"SOSTITUTIVA","S","N"
"0125","19","PREVIP","MUNICH RE",,"SOSTITUTIVA","S","N"
"0182","1","PREVIP","GCF ASSICURAZIONI",,"SOSTITUTIVA","S","N"
"0182","2","PREVIP","GCF ASSICURAZIONI",,"SOSTITUTIVA","S","N"
"0182","3","PREVIP","GCF ASSICURAZIONI",,"SOSTITUTIVA","S","N"
"0217","163","FONDO TUTELA","INSER",,"SOSTITUTIVA","S","N"
"0217","164","FONDO TUTELA","INSER",,"SOSTITUTIVA","S","N"
"0217","165","FONDO TUTELA","INSER",,"SOSTITUTIVA","S","N"
"0217","173","FONDO TUTELA","INSER",,"SOSTITUTIVA","S","N"
"0075","2","PREVIP","ROMA TRIONFALE",,"SOSTITUTIVA","S","N"
"0217","178","FONDO TUTELA","INSER",,"SOSTITUTIVA","S","N"
"0217","179","FONDO TUTELA","INSER",,"SOSTITUTIVA","S","N"
"0217","180","FONDO TUTELA","INSER",,"SOSTITUTIVA","S","N"
"0217","185","FONDO TUTELA","INSER",,"SOSTITUTIVA","S","N"
"0217","182","FONDO TUTELA","INSER",,"SOSTITUTIVA","S","N"
"0217","183","FONDO TUTELA","INSER",,"SOSTITUTIVA","S","N"
"0217","184","FONDO TUTELA","INSER",,"SOSTITUTIVA","S","N"
"0008","1","AON","AON",,"SOSTITUTIVA","S","N"
"0005","6","AON","AON",,"SOSTITUTIVA","S","N"
"0088","148","MUTUA MITUTELA","INSER",,"SOSTITUTIVA","S","N"
"0098","306","FONDO TUTELA","INSER",,"SOSTITUTIVA","S","N"
"0013","8","PREVIASS II","AGENZIA ROMA MONTE SACRO (WILLIS ITALIA S.P.A.)",,"SOSTITUTIVA","S","N"
"0125","9","PREVIP","MUNICH RE",,"SOSTITUTIVA","S","N"
"0111","2","CASSA PREVILINE ASSISTANCE","AON",,"SOSTITUTIVA","S","N"
"0179","55","C.A.S.S.A.","HOWDEN",,"SOSTITUTIVA","S","N"
"0098","311","FONDO TUTELA","INSER",,"SOSTITUTIVA","S","N"
"0179","56","C.A.S.S.A.","HOWDEN",,"SOSTITUTIVA","S","N"
"0016","1","CASSA DIPENDENTI CASINO","AGENZIA ALLIANZ AOSTA",,"SOSTITUTIVA","S","N"
"0075","3","PREVIP","ROMA TRIONFALE",,"SOSTITUTIVA","S","N"
"0108","1","PALLADINI & PARTNERS","AGENZIA ALBA 90 (PALLADINI & PARTNERS)",,"SOSTITUTIVA","N","N"
"0108","2","PALLADINI & PARTNERS","AGENZIA ALBA 90 (PALLADINI & PARTNERS)",,"SOSTITUTIVA","N","N"
"0108","4","PALLADINI & PARTNERS","AGENZIA ALBA 90 (PALLADINI & PARTNERS)",,"INTEGRATIVA","N","N"
"0108","8","PALLADINI & PARTNERS","AGENZIA ALBA 90 (PALLADINI & PARTNERS)",,"INTEGRATIVA","N","N"
"0108","5","PALLADINI & PARTNERS","AGENZIA ALBA 90 (PALLADINI & PARTNERS)",,"SOSTITUTIVA","N","N"
"0108","6","PALLADINI & PARTNERS","AGENZIA ALBA 90 (PALLADINI & PARTNERS)",,"SOSTITUTIVA","N","N"
"0217","188","FONDO TUTELA","INSER",,"SOSTITUTIVA","S","N"
"0108","9","PALLADINI & PARTNERS","AGENZIA ALBA 90 (PALLADINI & PARTNERS)",,"INTEGRATIVA","N","N"
"0108","10","PALLADINI & PARTNERS","AGENZIA ALBA 90 (PALLADINI & PARTNERS)",,"INTEGRATIVA","N","N"
"0179","57","C.A.S.S.A.","HOWDEN",,"SOSTITUTIVA","S","N"
"0108","12","PALLADINI & PARTNERS","AGENZIA ALBA 90 (PALLADINI & PARTNERS)",,"INTEGRATIVA","N","N"
"0108","17","PALLADINI & PARTNERS","AGENZIA ALBA 90 (PALLADINI & PARTNERS)",,"INTEGRATIVA","N","N"
"0108","13","PALLADINI & PARTNERS","AGENZIA ALBA 90 (PALLADINI & PARTNERS)",,"SOSTITUTIVA","N","N"
"0098","247","FONDO TUTELA","INSER",,"SOSTITUTIVA","S","N"
"0108","15","PALLADINI & PARTNERS","AGENZIA ALBA 90 (PALLADINI & PARTNERS)",,"SOSTITUTIVA","N","N"
"0142","11","ASSIDAI","PRESIDIUM SPA",,"SOSTITUTIVA","S","N"
"0098","107","FONDO TUTELA","INSER",,"SOSTITUTIVA","S","N"
"0108","3","PALLADINI & PARTNERS","AGENZIA ALBA 90 (PALLADINI & PARTNERS)",,"INTEGRATIVA","N","N"
"0098","114","FONDO TUTELA","INSER",,"SOSTITUTIVA","S","N"
"0098","4","FONDO TUTELA","INSER",,"INTEGRATIVA","S","N"
"0098","115","FONDO TUTELA","INSER",,"SOSTITUTIVA","S","N"
"0098","116","FONDO TUTELA","INSER",,"SOSTITUTIVA","S","N"
"0098","149","FONDO TUTELA","INSER",,"SOSTITUTIVA","S","N"
"0098","153","FONDO TUTELA","INSER",,"SOSTITUTIVA","S","N"
"0098","164","FONDO TUTELA","INSER",,"SOSTITUTIVA","S","N"
"0098","169","FONDO TUTELA","INSER",,"SOSTITUTIVA","S","N"
"0098","292","FONDO TUTELA","INSER",,"SOSTITUTIVA","S","N"
"0075","4","PREVIP","ROMA TRIONFALE",,"SOSTITUTIVA","S","N"
"0088","51","MUTUA MITUTELA","INSER",,"SOSTITUTIVA","S","N"
"0166","23","MUTUA SAS","ASSIPARIOLI",,"SOSTITUTIVA","S","S"
"0098","246","FONDO TUTELA","INSER",,"SOSTITUTIVA","S","N"
"0098","248","FONDO TUTELA","INSER",,"SOSTITUTIVA","S","N"
"0179","58","C.A.S.S.A.","HOWDEN",,"SOSTITUTIVA","S","N"
"0098","6","FONDO TUTELA","INSER",,"SOSTITUTIVA","S","N"
"0098","271","FONDO TUTELA","INSER",,"SOSTITUTIVA","S","N"
"0098","7","FONDO TUTELA","INSER",,"SOSTITUTIVA","S","N"
"0179","59","C.A.S.S.A.","HOWDEN",,"SOSTITUTIVA","S","N"
"0179","60","C.A.S.S.A.","HOWDEN",,"INTEGRATIVA","N","N"
"0217","27","FONDO TUTELA","INSER",,"SOSTITUTIVA","S","N"
"0098","269","FONDO TUTELA","INSER",,"SOSTITUTIVA","S","N"
"0098","272","FONDO TUTELA","INSER",,"SOSTITUTIVA","S","N"
"0098","10","FONDO TUTELA","INSER",,"SOSTITUTIVA","S","N"
"0098","11","FONDO TUTELA","INSER",,"INTEGRATIVA","S","N"
"0098","12","FONDO TUTELA","INSER",,"SOSTITUTIVA","S","N"
"0098","13","FONDO TUTELA","INSER",,"SOSTITUTIVA","S","N"
"0098","14","FONDO TUTELA","INSER",,"INTEGRATIVA","S","N"
"0098","15","FONDO TUTELA","INSER",,"INTEGRATIVA","S","N"
"0098","16","FONDO TUTELA","INSER",,"INTEGRATIVA","S","N"
"0098","64","FONDO TUTELA","INSER",,"SOSTITUTIVA","S","N"
"0098","18","FONDO TUTELA","INSER",,"SOSTITUTIVA","S","N"
"0098","23","FONDO TUTELA","INSER",,"SOSTITUTIVA","S","N"
"0098","24","FONDO TUTELA","INSER",,"SOSTITUTIVA","S","N"
"0098","25","FONDO TUTELA","INSER",,"SOSTITUTIVA","S","N"
"0098","28","FONDO TUTELA","INSER",,"SOSTITUTIVA","S","N"
"0179","61","C.A.S.S.A.","HOWDEN",,"SOSTITUTIVA","S","N"
"0075","5","PREVIP","ROMA TRIONFALE",,"SOSTITUTIVA","S","N"
"0179","62","C.A.S.S.A.","HOWDEN",,"INTEGRATIVA","S","N"
"0102","1","PREVIP","MILANO CENTRO",,"SOSTITUTIVA","S","N"
"0179","66","C.A.S.S.A.","HOWDEN",,"SOSTITUTIVA","S","N"
"0088","155","MUTUA MITUTELA","INSER",,"SOSTITUTIVA","S","N"
"0179","63","C.A.S.S.A.","HOWDEN",,"INTEGRATIVA","S","N"
"0179","67","C.A.S.S.A.","HOWDEN",,"INTEGRATIVA","S","N"
"0179","64","C.A.S.S.A.","HOWDEN",,"INTEGRATIVA","S","N"
"0073","1","PREVIP","ROMA TRIONFALE",,"INTEGRATIVA","S","N"
"0187","1","PREVIP","ROMA TRIONFALE",,"INTEGRATIVA","S","N"
"0179","65","C.A.S.S.A.","HOWDEN",,"SOSTITUTIVA","S","N"
"0179","68","C.A.S.S.A.","HOWDEN",,"INTEGRATIVA","S","N"
"0179","69","C.A.S.S.A.","HOWDEN",,"INTEGRATIVA","S","N"
"0179","70","C.A.S.S.A.","HOWDEN",,"SOSTITUTIVA","S","N"
"0179","71","C.A.S.S.A.","HOWDEN",,"INTEGRATIVA","S","N"
"0179","74","C.A.S.S.A.","HOWDEN",,"SOSTITUTIVA","S","N"
"0179","72","C.A.S.S.A.","HOWDEN",,"INTEGRATIVA","S","N"
"0210","3","PREVIP","MILANO CENTRO",,"SOSTITUTIVA","S","N"
"0013","3","PREVIASS II","AGENZIA ROMA MONTE SACRO (WILLIS ITALIA S.P.A.)",,"SOSTITUTIVA","S","N"
"0179","73","C.A.S.S.A.","HOWDEN",,"INTEGRATIVA","S","N"
"0179","75","C.A.S.S.A.","HOWDEN",,"INTEGRATIVA","S","N"
"0179","76","C.A.S.S.A.","HOWDEN",,"INTEGRATIVA","S","N"
"0217","194","FONDO TUTELA","INSER",,"SOSTITUTIVA","S","N"
"0218","95","MUTUA MITUTELA","INSER",,"SOSTITUTIVA","S","N"
"0179","77","C.A.S.S.A.","HOWDEN",,"INTEGRATIVA","S","N"
"0179","80","C.A.S.S.A.","HOWDEN",,"SOSTITUTIVA","S","N"
"0179","78","C.A.S.S.A.","HOWDEN",,"INTEGRATIVA","S","N"
"0218","96","MUTUA MITUTELA","INSER",,"SOSTITUTIVA","S","N"
"0217","195","FONDO TUTELA","INSER",,"SOSTITUTIVA","S","N"
"0217","196","FONDO TUTELA","INSER",,"SOSTITUTIVA","S","N"
"0218","99","MUTUA MITUTELA","INSER",,"SOSTITUTIVA","S","N"
"0218","98","MUTUA MITUTELA","INSER",,"SOSTITUTIVA","S","N"
"0218","97","MUTUA MITUTELA","INSER",,"SOSTITUTIVA","S","N"
"0218","100","MUTUA MITUTELA","INSER",,"SOSTITUTIVA","S","N"
"0205","1","PREVIP","AGENZIA MONTE NERO",,"SOSTITUTIVA","S","N"
"0217","197","FONDO TUTELA","INSER",,"SOSTITUTIVA","S","N"
"0217","198","FONDO TUTELA","INSER",,"SOSTITUTIVA","S","N"
"0217","199","FONDO TUTELA","INSER",,"SOSTITUTIVA","S","N"
"0217","200","FONDO TUTELA","INSER",,"SOSTITUTIVA","S","N"
"0100","1","PREVIP","AGENZIA MONTE NERO",,"SOSTITUTIVA","S","N"
"0082","1","PREVIP","CONNEXT ITALIA",,"SOSTITUTIVA","S","N"
"0206","2","PREVIP","CONNEXT ITALIA",,"SOSTITUTIVA","S","N"
"0082","2","PREVIP","CONNEXT ITALIA",,"SOSTITUTIVA","S","N"
"0166","67","MUTUA SAS","ASSIPARIOLI",,"SOSTITUTIVA","S","S"
"0217","201","FONDO TUTELA","INSER",,"SOSTITUTIVA","S","N"
"0217","202","FONDO TUTELA","INSER",,"SOSTITUTIVA","S","N"
"0217","203","FONDO TUTELA","INSER",,"INTEGRATIVA","S","N"
"0217","204","FONDO TUTELA","INSER",,"SOSTITUTIVA","S","N"
"0179","79","C.A.S.S.A.","HOWDEN",,"INTEGRATIVA","S","N"
"0179","81","C.A.S.S.A.","HOWDEN",,"INTEGRATIVA","S","N"
"0211","1","PREVIP","AGENZIA ALLIANZ MILANO 3",,"SOSTITUTIVA","S","N"
"0179","82","C.A.S.S.A.","HOWDEN",,"SOSTITUTIVA","S","N"
"0179","83","C.A.S.S.A.","HOWDEN",,"INTEGRATIVA","S","N"
"0206","1","PREVIP","CONNEXT ITALIA",,"SOSTITUTIVA","S","N"
"0217","17","FONDO TUTELA","INSER",,"INTEGRATIVA","S","N"
"0213","1","PREVIP","MILANO CENTRO",,"SOSTITUTIVA","S","N"
"0213","2","PREVIP","MILANO CENTRO",,"INTEGRATIVA","N","N"
"0217","205","FONDO TUTELA","INSER",,"INTEGRATIVA","S","N"
"0214","1","PREVIP","MILANO CENTRO",,"SOSTITUTIVA","S","N"
"0214","2","PREVIP","MILANO CENTRO",,"SOSTITUTIVA","S","N"
"0179","84","C.A.S.S.A.","HOWDEN",,"SOSTITUTIVA","S","N"
"0179","85","C.A.S.S.A.","HOWDEN",,"INTEGRATIVA","S","N"
"0179","86","C.A.S.S.A.","HOWDEN",,"INTEGRATIVA","S","N"
"0179","87","C.A.S.S.A.","HOWDEN",,"SOSTITUTIVA","S","N"
"0217","31","FONDO TUTELA","INSER",,"SOSTITUTIVA","S","N"
"0166","45","MUTUA SAS","ASSIPARIOLI",,"SOSTITUTIVA","S","S"
"0166","36","MUTUA SAS","ASSIPARIOLI",,"SOSTITUTIVA","S","S"
"0166","58","MUTUA SAS","ASSIPARIOLI",,"SOSTITUTIVA","S","S"
"0179","38","C.A.S.S.A.","HOWDEN",,"SOSTITUTIVA","S","N"
"0179","6","C.A.S.S.A.","HOWDEN",,"INTEGRATIVA","S","N"
"0179","39","C.A.S.S.A.","HOWDEN",,"SOSTITUTIVA","S","N"
"0179","40","C.A.S.S.A.","HOWDEN",,"SOSTITUTIVA","S","N"
"0179","9","C.A.S.S.A.","HOWDEN",,"INTEGRATIVA","S","N"
"0179","10","C.A.S.S.A.","HOWDEN",,"INTEGRATIVA","S","N"
"0179","11","C.A.S.S.A.","HOWDEN",,"SOSTITUTIVA","S","N"
"0179","41","C.A.S.S.A.","HOWDEN",,"SOSTITUTIVA","S","N"
"0203","4","SAS","PCA",,"SOSTITUTIVA","S","N"
"0180","9","SAS","PCA",,"SOSTITUTIVA","S","N"
"0180","10","SAS","PCA",,"SOSTITUTIVA","S","N"
"0202","9","SAS","PCA",,"SOSTITUTIVA","S","N"
"0202","10","SAS","PCA",,"SOSTITUTIVA","S","N"
"0179","20","C.A.S.S.A.","HOWDEN",,"SOSTITUTIVA","S","N"
"0179","21","C.A.S.S.A.","HOWDEN",,"INTEGRATIVA","S","N"
"0179","22","C.A.S.S.A.","HOWDEN",,"INTEGRATIVA","S","N"
"0179","23","C.A.S.S.A.","HOWDEN",,"SOSTITUTIVA","S","N"
"0217","30","FONDO TUTELA","INSER",,"SOSTITUTIVA","S","N"
"0217","22","FONDO TUTELA","INSER",,"SOSTITUTIVA","S","N"
"0217","34","FONDO TUTELA","INSER",,"SOSTITUTIVA","S","N"
"0217","32","FONDO TUTELA","INSER",,"SOSTITUTIVA","S","N"
"0217","33","FONDO TUTELA","INSER",,"SOSTITUTIVA","S","N"
"0217","41","FONDO TUTELA","INSER",,"SOSTITUTIVA","S","N"
"0161","2","BANCO DI SICILIA","AGENZIA PALERMO EMMEGROUP",,"SOSTITUTIVA","N","N"
"0217","74","FONDO TUTELA","INSER",,"SOSTITUTIVA","S","N"
"0217","60","FONDO TUTELA","INSER",,"SOSTITUTIVA","S","N"
"0108","18","PALLADINI & PARTNERS","AGENZIA ALBA 90 (PALLADINI & PARTNERS)",,"INTEGRATIVA","N","N"
"0210","2","PREVIP","MILANO CENTRO",,"SOSTITUTIVA","S","N"
"0217","75","FONDO TUTELA","INSER",,"SOSTITUTIVA","S","N"
"0185","17","ASSIDAI","PRESIDIUM SPA",,"INTEGRATIVA","S","N"
"0210","1","PREVIP","MILANO CENTRO",,"SOSTITUTIVA","S","N"
"0218","50","MUTUA MITUTELA","INSER",,"SOSTITUTIVA","S","N"
"0203","5","SAS","PCA",,"SOSTITUTIVA","S","N"
"0218","76","MUTUA MITUTELA","INSER",,"SOSTITUTIVA","S","N"
"0217","39","FONDO TUTELA","INSER",,"SOSTITUTIVA","S","N"
"0217","71","FONDO TUTELA","INSER",,"SOSTITUTIVA","S","N"
"0217","70","FONDO TUTELA","INSER",,"SOSTITUTIVA","S","N"
"0217","212","FONDO TUTELA","INSER",,"SOSTITUTIVA","S","N"
"0204","1","SAS","PCA",,"SOSTITUTIVA","S","N"
"0218","49","MUTUA MITUTELA","INSER",,"SOSTITUTIVA","S","N"
"0218","55","MUTUA MITUTELA","INSER",,"SOSTITUTIVA","S","N"
"0218","51","MUTUA MITUTELA","INSER",,"SOSTITUTIVA","S","N"
"0218","57","MUTUA MITUTELA","INSER",,"SOSTITUTIVA","S","N"
"0218","54","MUTUA MITUTELA","INSER",,"SOSTITUTIVA","S","N"
"0218","53","MUTUA MITUTELA","INSER",,"SOSTITUTIVA","S","N"
"0218","56","MUTUA MITUTELA","INSER",,"SOSTITUTIVA","S","N"
"0218","58","MUTUA MITUTELA","INSER",,"SOSTITUTIVA","S","N"
"0218","59","MUTUA MITUTELA","INSER",,"SOSTITUTIVA","S","N"
"0218","60","MUTUA MITUTELA","INSER",,"SOSTITUTIVA","S","N"
"0218","61","MUTUA MITUTELA","INSER",,"SOSTITUTIVA","S","N"
"0218","62","MUTUA MITUTELA","INSER",,"SOSTITUTIVA","S","N"
"0218","63","MUTUA MITUTELA","INSER",,"SOSTITUTIVA","S","N"
"0218","64","MUTUA MITUTELA","INSER",,"SOSTITUTIVA","S","N"
"0218","65","MUTUA MITUTELA","INSER",,"SOSTITUTIVA","S","N"
"0218","68","MUTUA MITUTELA","INSER",,"SOSTITUTIVA","S","N"
"0218","52","MUTUA MITUTELA","INSER",,"SOSTITUTIVA","S","N"
"0218","67","MUTUA MITUTELA","INSER",,"SOSTITUTIVA","S","N"
"0218","69","MUTUA MITUTELA","INSER",,"SOSTITUTIVA","S","N"
"0218","70","MUTUA MITUTELA","INSER",,"SOSTITUTIVA","S","N"
"0218","71","MUTUA MITUTELA","INSER",,"SOSTITUTIVA","S","N"
"0218","72","MUTUA MITUTELA","INSER",,"SOSTITUTIVA","S","N"
"0218","73","MUTUA MITUTELA","INSER",,"SOSTITUTIVA","S","N"
"0218","74","MUTUA MITUTELA","INSER",,"SOSTITUTIVA","S","N"
"0218","75","MUTUA MITUTELA","INSER",,"SOSTITUTIVA","S","N"
"0204","2","SAS","PCA",,"SOSTITUTIVA","S","N"
"0219","1","MUTUA MITUTELA","INSER",,"SOSTITUTIVA","N","N"
"0218","77","MUTUA MITUTELA","INSER",,"SOSTITUTIVA","S","N"
"0218","81","MUTUA MITUTELA","INSER",,"SOSTITUTIVA","S","N"
"0218","78","MUTUA MITUTELA","INSER",,"SOSTITUTIVA","S","N"
"0218","80","MUTUA MITUTELA","INSER",,"SOSTITUTIVA","S","N"
"0217","76","FONDO TUTELA","INSER",,"SOSTITUTIVA","S","N"
"0218","82","MUTUA MITUTELA","INSER",,"SOSTITUTIVA","S","N"
"0218","83","MUTUA MITUTELA","INSER",,"SOSTITUTIVA","S","N"
"0217","77","FONDO TUTELA","INSER",,"SOSTITUTIVA","S","N"
"0217","78","FONDO TUTELA","INSER",,"SOSTITUTIVA","S","N"
"0217","79","FONDO TUTELA","INSER",,"SOSTITUTIVA","S","N"
"0217","88","FONDO TUTELA","INSER",,"SOSTITUTIVA","S","N"
"0217","85","FONDO TUTELA","INSER",,"SOSTITUTIVA","S","N"
"0217","90","FONDO TUTELA","INSER",,"SOSTITUTIVA","S","N"
"0217","112","FONDO TUTELA","INSER",,"SOSTITUTIVA","S","N"
"0217","131","FONDO TUTELA","INSER",,"SOSTITUTIVA","S","N"
"0217","56","FONDO TUTELA","INSER",,"SOSTITUTIVA","S","N"
"0217","57","FONDO TUTELA","INSER",,"SOSTITUTIVA","S","N"
"0217","62","FONDO TUTELA","INSER",,"SOSTITUTIVA","S","N"
"0217","58","FONDO TUTELA","INSER",,"SOSTITUTIVA","S","N"
"0217","59","FONDO TUTELA","INSER",,"SOSTITUTIVA","S","N"
"0218","29","MUTUA MITUTELA","INSER",,"SOSTITUTIVA","S","N"
"0218","27","MUTUA MITUTELA","INSER",,"SOSTITUTIVA","S","N"
"0218","28","MUTUA MITUTELA","INSER",,"SOSTITUTIVA","S","N"
"0217","134","FONDO TUTELA","INSER",,"SOSTITUTIVA","S","N"
"0218","38","MUTUA MITUTELA","INSER",,"SOSTITUTIVA","S","N"
"0221","1","FONDO TUTELA","INSER",,"SOSTITUTIVA","S","N"
"0217","135","FONDO TUTELA","INSER",,"SOSTITUTIVA","S","N"
"0217","73","FONDO TUTELA","INSER",,"SOSTITUTIVA","S","N"
"0217","91","FONDO TUTELA","INSER",,"SOSTITUTIVA","S","N"
"0023","4","ASSIDAI","PRESIDIUM SPA",,"SOSTITUTIVA","S","N"
"0217","68","FONDO TUTELA","INSER",,"SOSTITUTIVA","S","N"
"0217","136","FONDO TUTELA","INSER",,"SOSTITUTIVA","S","N"
"0217","69","FONDO TUTELA","INSER",,"SOSTITUTIVA","S","N"
"0217","87","FONDO TUTELA","INSER",,"SOSTITUTIVA","S","N"
"0217","92","FONDO TUTELA","INSER",,"SOSTITUTIVA","S","N"
"0217","93","FONDO TUTELA","INSER",,"SOSTITUTIVA","S","N"
"0217","94","FONDO TUTELA","INSER",,"SOSTITUTIVA","S","N"
"0218","92","MUTUA MITUTELA","INSER",,"SOSTITUTIVA","S","N"
"0218","91","MUTUA MITUTELA","INSER",,"SOSTITUTIVA","S","N"
"0217","95","FONDO TUTELA","INSER",,"SOSTITUTIVA","S","N"
"0218","93","MUTUA MITUTELA","INSER",,"SOSTITUTIVA","S","N"
"0218","94","MUTUA MITUTELA","INSER",,"SOSTITUTIVA","S","N"
"0217","96","FONDO TUTELA","INSER",,"SOSTITUTIVA","S","N"
"0217","97","FONDO TUTELA","INSER",,"SOSTITUTIVA","S","N"
"0217","98","FONDO TUTELA","INSER",,"SOSTITUTIVA","S","N"
"0217","99","FONDO TUTELA","INSER",,"SOSTITUTIVA","S","N"
"0162","1",,,,"SOSTITUTIVA","N","N"
"0217","137","FONDO TUTELA","INSER",,"SOSTITUTIVA","S","N"
"0217","132","FONDO TUTELA","INSER",,"SOSTITUTIVA","S","N"
"0217","138","FONDO TUTELA","INSER",,"SOSTITUTIVA","S","N"
"0217","139","FONDO TUTELA","INSER",,"SOSTITUTIVA","S","N"
"0217","140","FONDO TUTELA","INSER",,"SOSTITUTIVA","S","N"
"0218","104","MUTUA MITUTELA","INSER",,"SOSTITUTIVA","S","N"
"0013","1","PREVIASS II","AGENZIA ROMA MONTE SACRO (WILLIS ITALIA S.P.A.)",,"SOSTITUTIVA","S","N"
"0174","4","CASSA BISALUS","VERSPIEREN",,"INTEGRATIVA","S","N"
"0007","1","CASSA PREVILINE ASSISTANCE","AON",,"SOSTITUTIVA","S","N"
"0137","1","PREVIP","AGENZIA ALLIANZ MILANO 3",,"SOSTITUTIVA","S","N"
"0137","2","PREVIP","AGENZIA ALLIANZ MILANO 3",,"SOSTITUTIVA","S","N"
"0137","3","PREVIP","AGENZIA ALLIANZ MILANO 3",,"SOSTITUTIVA","S","N"
"0198","1","PREVIP","AGENZIA ALLIANZ MILANO 3",,"SOSTITUTIVA","S","N"
"0198","2","PREVIP","AGENZIA ALLIANZ MILANO 3",,"SOSTITUTIVA","S","N"
"0198","3","PREVIP","AGENZIA ALLIANZ MILANO 3",,"SOSTITUTIVA","S","N"
"0034","1","PREVIP","AGENZIA ALLIANZ MILANO 3",,"SOSTITUTIVA","S","N"
"0034","2","PREVIP","AGENZIA ALLIANZ MILANO 3",,"SOSTITUTIVA","S","N"
"0034","3","PREVIP","AGENZIA ALLIANZ MILANO 3",,"SOSTITUTIVA","S","N"
"0023","1","ASSIDAI","PRESIDIUM SPA",,"SOSTITUTIVA","S","N"
"0023","2","ASSIDAI","PRESIDIUM SPA",,"SOSTITUTIVA","S","N"
"0023","3","ASSIDAI","PRESIDIUM SPA",,"SOSTITUTIVA","S","N"
"0023","5","ASSIDAI","PRESIDIUM SPA",,"SOSTITUTIVA","S","N"
"0023","6","ASSIDAI","PRESIDIUM SPA",,"SOSTITUTIVA","S","N"
"0023","7","ASSIDAI","PRESIDIUM SPA",,"SOSTITUTIVA","S","N"
"0023","8","ASSIDAI","PRESIDIUM SPA",,"SOSTITUTIVA","S","N"
"0023","9","ASSIDAI","PRESIDIUM SPA",,"SOSTITUTIVA","S","N"
"0023","10","ASSIDAI","PRESIDIUM SPA",,"SOSTITUTIVA","S","N"
"0023","11","ASSIDAI","PRESIDIUM SPA",,"SOSTITUTIVA","S","N"
"0023","12","ASSIDAI","PRESIDIUM SPA",,"SOSTITUTIVA","S","N"
"0023","13","ASSIDAI","PRESIDIUM SPA",,"SOSTITUTIVA","S","N"
"0023","14","ASSIDAI","PRESIDIUM SPA",,"SOSTITUTIVA","S","N"
"0023","15","ASSIDAI","PRESIDIUM SPA",,"SOSTITUTIVA","S","N"
"0023","16","ASSIDAI","PRESIDIUM SPA",,"INTEGRATIVA","S","N"
"0023","17","ASSIDAI","PRESIDIUM SPA",,"SOSTITUTIVA","S","N"
"0023","18","ASSIDAI","PRESIDIUM SPA",,"INTEGRATIVA","S","N"
"0028","1","PREVIP","AGENZIA ALLIANZ MILANO 3",,"SOSTITUTIVA","S","N"
"0154","4","PREVIP","AGENZIA ALLIANZ MILANO 3",,"SOSTITUTIVA","S","N"
"0027","1","PREVIP","AGENZIA ALLIANZ MILANO 3",,"SOSTITUTIVA","S","N"
"0027","2","PREVIP","AGENZIA ALLIANZ MILANO 3",,"SOSTITUTIVA","S","N"
"0027","3","PREVIP","AGENZIA ALLIANZ MILANO 3",,"SOSTITUTIVA","N","N"
"0027","4","PREVIP","AGENZIA ALLIANZ MILANO 3",,"SOSTITUTIVA","N","N"
"0154","1","PREVIP","AGENZIA ALLIANZ MILANO 3",,"SOSTITUTIVA","S","N"
"0154","2","PREVIP","AGENZIA ALLIANZ MILANO 3",,"SOSTITUTIVA","S","N"
"0191","1","PREVIP","AGENZIA ALLIANZ MILANO 3",,"SOSTITUTIVA","S","N"
"0191","2","PREVIP","AGENZIA ALLIANZ MILANO 3",,"SOSTITUTIVA","S","N"
"0191","3","PREVIP","AGENZIA ALLIANZ MILANO 3",,"SOSTITUTIVA","S","N"
"0191","4","PREVIP","AGENZIA ALLIANZ MILANO 3",,"SOSTITUTIVA","S","N"
"0196","1","PREVIP","AGENZIA ALLIANZ MILANO 3",,"SOSTITUTIVA","S","N"
"0196","2","PREVIP","AGENZIA ALLIANZ MILANO 3",,"SOSTITUTIVA","S","N"
"0147","1","PREVIP","AGENZIA ALLIANZ MILANO 3",,"SOSTITUTIVA","S","N"
"0147","2","PREVIP","AGENZIA ALLIANZ MILANO 3",,"SOSTITUTIVA","S","N"
"0147","3","PREVIP","AGENZIA ALLIANZ MILANO 3",,"SOSTITUTIVA","S","N"
"0147","4","PREVIP","AGENZIA ALLIANZ MILANO 3",,"SOSTITUTIVA","S","N"
"0152","1","PREVIP","AGENZIA ALLIANZ MILANO 3",,"SOSTITUTIVA","S","N"
"0152","2","PREVIP","AGENZIA ALLIANZ MILANO 3",,"SOSTITUTIVA","S","N"
"0028","2","PREVIP","AGENZIA ALLIANZ MILANO 3",,"SOSTITUTIVA","S","N"
"0154","3","PREVIP","AGENZIA ALLIANZ MILANO 3",,"SOSTITUTIVA","S","N"
"0031","1","PREVIP","AGENZIA ALLIANZ MILANO 3",,"SOSTITUTIVA","S","N"
"0031","2","PREVIP","AGENZIA ALLIANZ MILANO 3",,"SOSTITUTIVA","S","N"
"0026","1","PREVIP","AGENZIA ALLIANZ MILANO 3",,"SOSTITUTIVA","S","N"
"0026","2","PREVIP","AGENZIA ALLIANZ MILANO 3",,"SOSTITUTIVA","S","N"
"0026","3","PREVIP","AGENZIA ALLIANZ MILANO 3",,"SOSTITUTIVA","S","N"
"0026","4","PREVIP","AGENZIA ALLIANZ MILANO 3",,"SOSTITUTIVA","S","N"
"0155","1","PREVIP","AGENZIA ALLIANZ MILANO 3",,"SOSTITUTIVA","S","N"
"0155","2","PREVIP","AGENZIA ALLIANZ MILANO 3",,"SOSTITUTIVA","S","N"
"0155","3","PREVIP","AGENZIA ALLIANZ MILANO 3",,"SOSTITUTIVA","S","N"
"0155","4","PREVIP","AGENZIA ALLIANZ MILANO 3",,"SOSTITUTIVA","S","N"
"0189","1","PREVIP","AGENZIA ALLIANZ MILANO 3",,"SOSTITUTIVA","S","N"
"0189","2","PREVIP","AGENZIA ALLIANZ MILANO 3",,"SOSTITUTIVA","S","N"
"0189","3","PREVIP","AGENZIA ALLIANZ MILANO 3",,"SOSTITUTIVA","S","N"
"0189","4","PREVIP","AGENZIA ALLIANZ MILANO 3",,"SOSTITUTIVA","S","N"
"0190","1","PREVIP","AGENZIA ALLIANZ MILANO 3",,"SOSTITUTIVA","S","N"
"0190","2","PREVIP","AGENZIA ALLIANZ MILANO 3",,"SOSTITUTIVA","S","N"
"0190","3","PREVIP","AGENZIA ALLIANZ MILANO 3",,"SOSTITUTIVA","S","N"
"0190","4","PREVIP","AGENZIA ALLIANZ MILANO 3",,"SOSTITUTIVA","S","N"
"0025","1","PREVIP","AGENZIA ALLIANZ MILANO 3",,"SOSTITUTIVA","S","N"
"0025","2","PREVIP","AGENZIA ALLIANZ MILANO 3",,"SOSTITUTIVA","S","N"
"0152","3","PREVIP","AGENZIA ALLIANZ MILANO 3",,"SOSTITUTIVA","S","N"
"0152","4","PREVIP","AGENZIA ALLIANZ MILANO 3",,"SOSTITUTIVA","S","N"
"0148","1","PREVIP","AGENZIA ALLIANZ MILANO 3",,"SOSTITUTIVA","S","N"
"0148","2","PREVIP","AGENZIA ALLIANZ MILANO 3",,"SOSTITUTIVA","S","N"
"0148","3","PREVIP","AGENZIA ALLIANZ MILANO 3",,"SOSTITUTIVA","S","N"
"0148","4","PREVIP","AGENZIA ALLIANZ MILANO 3",,"SOSTITUTIVA","S","N"
"0150","1","PREVIP","AGENZIA ALLIANZ MILANO 3",,"SOSTITUTIVA","S","N"
"0150","2","PREVIP","AGENZIA ALLIANZ MILANO 3",,"SOSTITUTIVA","S","N"
"0029","1","PREVIP","AGENZIA ALLIANZ MILANO 3",,"SOSTITUTIVA","S","N"
"0029","2","PREVIP","AGENZIA ALLIANZ MILANO 3",,"SOSTITUTIVA","S","N"
"0218","37","MUTUA MITUTELA","INSER",,"SOSTITUTIVA","S","N"
"0218","34","MUTUA MITUTELA","INSER",,"SOSTITUTIVA","S","N"
"0217","67","FONDO TUTELA","INSER",,"SOSTITUTIVA","S","N"
"0218","33","MUTUA MITUTELA","INSER",,"SOSTITUTIVA","S","N"
"0218","35","MUTUA MITUTELA","INSER",,"SOSTITUTIVA","S","N"
"0218","79","MUTUA MITUTELA","INSER",,"SOSTITUTIVA","S","N"
"0218","47","MUTUA MITUTELA","INSER",,"SOSTITUTIVA","S","N"
"0218","84","MUTUA MITUTELA","INSER",,"SOSTITUTIVA","S","N"
"0218","85","MUTUA MITUTELA","INSER",,"SOSTITUTIVA","S","N"
"0218","86","MUTUA MITUTELA","INSER",,"SOSTITUTIVA","S","N"
"0218","87","MUTUA MITUTELA","INSER",,"SOSTITUTIVA","S","N"
"0218","88","MUTUA MITUTELA","INSER",,"SOSTITUTIVA","S","N"
"0218","26","MUTUA MITUTELA","INSER",,"SOSTITUTIVA","S","N"
"0218","89","MUTUA MITUTELA","INSER",,"SOSTITUTIVA","S","N"
"0218","90","MUTUA MITUTELA","INSER",,"SOSTITUTIVA","S","N"
"0177","1","PREVIP","FUNK INTERNATIONAL SPA",,"INTEGRATIVA","S","N"
"0195","4","SANINT","AGENZIA ALLIANZ MILANO 3",,"SOSTITUTIVA","S","N"
"0192","2","SANINT","AGENZIA ALLIANZ MILANO 3",,"SOSTITUTIVA","S","N"
"0227","1","PREVIP","PRESIDIUM SPA",,"SOSTITUTIVA","S","N"
"0192","3","SANINT","AGENZIA ALLIANZ MILANO 3",,"SOSTITUTIVA","S","N"
"0192","4","SANINT",,"AGENZIA ALLIANZ MILANO 3","SOSTITUTIVA","S","N"
"0196","3","SANINT","AGENZIA ALLIANZ MILANO 3",,"SOSTITUTIVA","S","N"
"0196","4","SANINT","AGENZIA ALLIANZ MILANO 3",,"SOSTITUTIVA","S","N"
"0194","1","SANINT","AGENZIA ALLIANZ MILANO 3",,"SOSTITUTIVA","S","N"
"0194","2","SANINT","AGENZIA ALLIANZ MILANO 3",,"SOSTITUTIVA","S","N"
"0194","3","SANINT","AGENZIA ALLIANZ MILANO 3",,"SOSTITUTIVA","S","N"
"0194","4","SANINT","AGENZIA ALLIANZ MILANO 3",,"SOSTITUTIVA","S","N"
"0195","1","SANINT","AGENZIA ALLIANZ MILANO 3",,"SOSTITUTIVA","S","N"
"0195","2","SANINT","AGENZIA ALLIANZ MILANO 3",,"SOSTITUTIVA","S","N"
"0195","3","SANINT","AGENZIA ALLIANZ MILANO 3",,"SOSTITUTIVA","S","N"
"0184","2","PREVIP","ROMA TRIONFALE",,"SOSTITUTIVA","S","N"
"0166","43","MUTUA SAS","ASSIPARIOLI",,"SOSTITUTIVA","S","S"
"0185","8","ASSIDAI","PRESIDIUM SPA",,"SOSTITUTIVA","S","N"
"0231","3",,,,,"S","S"
"0178","2","PREVIASS II","AGENZIA ROMA MONTE SACRO (WILLIS ITALIA S.P.A.)",,"SOSTITUTIVA","S","N"
"0217","227","FONDO TUTELA","INSER",,"INTEGRATIVA","S","N"
"0166","47","MUTUA SAS","ASSIPARIOLI",,"SOSTITUTIVA","S","S"
"0150","3","PREVIP","AGENZIA ALLIANZ MILANO 3",,"SOSTITUTIVA","S","N"
"0218","105","MUTUA MITUTELA","INSER",,"SOSTITUTIVA","S","N"
"0217","113","FONDO TUTELA","INSER",,"SOSTITUTIVA","S","N"
"0150","4","PREVIP","AGENZIA ALLIANZ MILANO 3",,"SOSTITUTIVA","S","N"
"0178","1","PREVIASS II","AGENZIA ROMA MONTE SACRO (WILLIS ITALIA S.P.A.)",,"SOSTITUTIVA","S","N"
"0217","114","FONDO TUTELA","INSER",,"SOSTITUTIVA","S","N"
"0025","3","PREVIP","AGENZIA ALLIANZ MILANO 3",,"SOSTITUTIVA","S","N"
"0217","117","FONDO TUTELA","INSER",,"SOSTITUTIVA","S","N"
"0025","4","PREVIP","AGENZIA ALLIANZ MILANO 3",,"SOSTITUTIVA","S","N"
"0178","3","PREVIASS II","AGENZIA ROMA MONTE SACRO (WILLIS ITALIA S.P.A.)",,"SOSTITUTIVA","S","N"
"0178","4","PREVIASS II","AGENZIA ROMA MONTE SACRO (WILLIS ITALIA S.P.A.)",,"SOSTITUTIVA","S","N"
"0178","5","PREVIASS II","AGENZIA ROMA MONTE SACRO (WILLIS ITALIA S.P.A.)",,"SOSTITUTIVA","S","N"
"0178","8","PREVIASS II","AGENZIA 569",,"SOSTITUTIVA","S","N"
"0184","1","PREVIP","ROMA TRIONFALE",,"SOSTITUTIVA","S","N"
"0184","3","PREVIP","ROMA TRIONFALE",,"SOSTITUTIVA","S","N"
"0184","4","PREVIP","ROMA TRIONFALE",,"SOSTITUTIVA","S","N"
"0184","5","PREVIP","ROMA TRIONFALE",,"SOSTITUTIVA","S","N"
"0165","2","CASPIE","ALLIANZ 004",,"SOSTITUTIVA","S","N"
"0165","1","CASPIE","ALLIANZ 004",,"SOSTITUTIVA","S","N"
"0165","6","CASPIE","ALLIANZ 004",,"SOSTITUTIVA","S","N"
"0218","48","MUTUA MITUTELA","INSER",,"SOSTITUTIVA","S","N"
"0218","25","MUTUA MITUTELA","INSER",,"SOSTITUTIVA","S","N"
"0088","167","MUTUA MITUTELA","INSER",,"SOSTITUTIVA","S","N"
"0084","3","PREVIASS II","AGENZIA ROMA MONTE SACRO (WILLIS ITALIA S.P.A.)",,"SOSTITUTIVA","S","N"
"0217","35","FONDO TUTELA","INSER",,"SOSTITUTIVA","S","N"
"0217","37","FONDO TUTELA","INSER",,"SOSTITUTIVA","S","N"
"0217","36","FONDO TUTELA","INSER",,"SOSTITUTIVA","S","N"
"0217","38","FONDO TUTELA","INSER",,"SOSTITUTIVA","S","N"
"0166","64","MUTUA SAS","ASSIPARIOLI",,"SOSTITUTIVA","S","S"
"0217","2","FONDO TUTELA","INSER",,"SOSTITUTIVA","S","N"
"0223","1","CASSA PREVILINE ASSISTANCE","AON",,"SOSTITUTIVA","S","N"
"0217","4","FONDO TUTELA","INSER",,"SOSTITUTIVA","S","N"
"0217","223","FONDO TUTELA","INSER",,"INTEGRATIVA","S","N"
"0217","6","FONDO TUTELA","INSER",,"SOSTITUTIVA","S","N"
"0218","36","MUTUA MITUTELA","INSER",,"SOSTITUTIVA","S","N"
"0119","2","CASSA PREVILINE ASSISTANCE","AON",,"SOSTITUTIVA","S","N"
"0217","72","FONDO TUTELA","INSER",,"SOSTITUTIVA","S","N"
"0217","10","FONDO TUTELA","INSER",,"SOSTITUTIVA","S","N"
"0217","190","FONDO TUTELA","INSER",,"SOSTITUTIVA","S","N"
"0217","12","FONDO TUTELA","INSER",,"SOSTITUTIVA","S","N"
"0217","80","FONDO TUTELA","INSER",,"SOSTITUTIVA","S","N"
"0217","14","FONDO TUTELA","INSER",,"SOSTITUTIVA","S","N"
"0217","191","FONDO TUTELA","INSER",,"SOSTITUTIVA","S","N"
"0217","16","FONDO TUTELA","INSER",,"SOSTITUTIVA","S","N"
"0073","2","PREVIP","ROMA TRIONFALE",,"SOSTITUTIVA","S","N"
"0217","224","FONDO TUTELA","INSER",,"INTEGRATIVA","S","N"
"0217","63","FONDO TUTELA","INSER",,"SOSTITUTIVA","S","N"
"0217","7","FONDO TUTELA","INSER",,"SOSTITUTIVA","S","N"
"0217","225","FONDO TUTELA","INSER",,"INTEGRATIVA","S","N"
"0217","81","FONDO TUTELA","INSER",,"SOSTITUTIVA","S","N"
"0217","82","FONDO TUTELA","INSER",,"SOSTITUTIVA","S","N"
"0217","83","FONDO TUTELA","INSER",,"SOSTITUTIVA","S","N"
"0217","115","FONDO TUTELA","INSER",,"SOSTITUTIVA","S","N"
"0217","84","FONDO TUTELA","INSER",,"SOSTITUTIVA","S","N"
"0217","86","FONDO TUTELA","INSER",,"SOSTITUTIVA","S","N"
"0142","1","ASSIDAI","PRESIDIUM SPA",,"SOSTITUTIVA","S","N"
"0217","226","FONDO TUTELA","INSER",,"INTEGRATIVA","S","N"
"0226","1",,,,"SOSTITUTIVA","S","N"
"0217","133","FONDO TUTELA","INSER",,"SOSTITUTIVA","S","N"
"0142","16","ASSIDAI","PRESIDIUM SPA",,"SOSTITUTIVA","S","N"
"0161","1","BANCO DI SICILIA","AGENZIA PALERMO EMMEGROUP",,"SOSTITUTIVA","N","N"
"0108","14","PALLADINI & PARTNERS","AGENZIA ALBA 90 (PALLADINI & PARTNERS)",,"SOSTITUTIVA","N","N"
"0108","7","PALLADINI & PARTNERS","AGENZIA ALBA 90 (PALLADINI & PARTNERS)",,"SOSTITUTIVA","N","N"
"0217","169","FONDO TUTELA","INSER",,"SOSTITUTIVA","S","N"
"0114","1","CASSA PREVILINE ASSISTANCE","AON",,"SOSTITUTIVA","S","N"
"0109","1","CASSA PREVILINE ASSISTANCE","AON",,"SOSTITUTIVA","S","N"
"0217","170","FONDO TUTELA","INSER",,"SOSTITUTIVA","S","N"
"0217","171","FONDO TUTELA","INSER",,"SOSTITUTIVA","S","N"
"0166","73","MUTUA SAS","ASSIPARIOLI",,"SOSTITUTIVA","S","N"
"0140","1","CASSA PREVILINE ASSISTANCE","AGENZIA DI CODROIPO",,"SOSTITUTIVA","S","N"
"0223","2","CASSA PREVILINE ASSISTANCE","AON",,"SOSTITUTIVA","S","N"
"0109","2","CASSA PREVILINE ASSISTANCE","AON",,"SOSTITUTIVA","S","N"
"0109","3","CASSA PREVILINE ASSISTANCE","AON",,"SOSTITUTIVA","S","N"
"0109","4","CASSA PREVILINE ASSISTANCE","AON",,"SOSTITUTIVA","S","N"
"0109","5","CASSA PREVILINE ASSISTANCE","AON",,"INTEGRATIVA","S","N"
"0109","6","CASSA PREVILINE ASSISTANCE","AON",,"SOSTITUTIVA","S","N"
"0109","7","CASSA PREVILINE ASSISTANCE","AON",,"SOSTITUTIVA","S","N"
"0109","8","CASSA PREVILINE ASSISTANCE","AON",,"SOSTITUTIVA","S","N"
"0109","9","CASSA PREVILINE ASSISTANCE","AON",,"SOSTITUTIVA","S","N"
"0217","172","FONDO TUTELA","INSER",,"SOSTITUTIVA","S","N"
"0140","2","CASSA PREVILINE ASSISTANCE","AGENZIA DI CODROIPO",,"SOSTITUTIVA","S","N"
"0140","3","CASSA PREVILINE ASSISTANCE","AGENZIA DI CODROIPO",,"SOSTITUTIVA","S","N"
"0140","4","CASSA PREVILINE ASSISTANCE","AGENZIA DI CODROIPO",,"SOSTITUTIVA","S","N"
"0199","2","CASSA PREVILINE ASSISTANCE","AGENZIA DI CODROIPO",,"SOSTITUTIVA","S","N"
"0199","3","CASSA PREVILINE ASSISTANCE","AGENZIA DI CODROIPO",,"SOSTITUTIVA","S","N"
"0199","4","CASSA PREVILINE ASSISTANCE","AGENZIA DI CODROIPO",,"SOSTITUTIVA","S","N"
"0122","1","CASSA PREVILINE ASSISTANCE","AGENZIA DI CODROIPO",,"SOSTITUTIVA","S","N"
"0139","3","PREVIP","AGENZIA DI CODROIPO",,"SOSTITUTIVA","S","N"
"0139","1","PREVIP","AGENZIA DI CODROIPO",,"SOSTITUTIVA","S","N"
"0139","2","PREVIP","AGENZIA DI CODROIPO",,"SOSTITUTIVA","S","N"
"0139","4","PREVIP","AGENZIA DI CODROIPO",,"SOSTITUTIVA","S","N"
"0200","1","PREVIP","AGENZIA DI CODROIPO",,"SOSTITUTIVA","S","N"
"0200","2","PREVIP","AGENZIA DI CODROIPO",,"SOSTITUTIVA","S","N"
"0200","3","PREVIP","AGENZIA DI CODROIPO",,"SOSTITUTIVA","S","N"
"0200","4","PREVIP","AGENZIA DI CODROIPO",,"SOSTITUTIVA","S","N"
"0122","2","CASSA PREVILINE ASSISTANCE","AGENZIA DI CODROIPO",,"SOSTITUTIVA","S","N"
"0201","2","CASSA PREVILINE ASSISTANCE","AGENZIA DI CODROIPO",,"SOSTITUTIVA","S","N"
"0078","1","CASSA PREVILINE ASSISTANCE","AON",,"SOSTITUTIVA","S","N"
"0078","2","CASSA PREVILINE ASSISTANCE","AON",,"SOSTITUTIVA","S","N"
"0114","2","CASSA PREVILINE ASSISTANCE","AON",,"SOSTITUTIVA","S","N"
"0179","42","C.A.S.S.A.","HOWDEN",,"SOSTITUTIVA","S","N"
"0179","43","C.A.S.S.A.","HOWDEN",,"SOSTITUTIVA","S","N"
"0179","54","C.A.S.S.A.","HOWDEN",,"INTEGRATIVA","S","N"
"0179","50","C.A.S.S.A.","HOWDEN",,"SOSTITUTIVA","S","N"
"0179","44","C.A.S.S.A.","HOWDEN",,"SOSTITUTIVA","S","N"
"0179","45","C.A.S.S.A.","HOWDEN",,"INTEGRATIVA","S","N"
"0179","46","C.A.S.S.A.","HOWDEN",,"SOSTITUTIVA","S","N"
"0179","47","C.A.S.S.A.","HOWDEN",,"SOSTITUTIVA","S","N"
"0178","9","PREVIASS II","AGENZIA ROMA MONTE SACRO (WILLIS ITALIA S.P.A.)",,"SOSTITUTIVA","S","N"
"0217","192","FONDO TUTELA","INSER",,"SOSTITUTIVA","S","N"
"0217","193","FONDO TUTELA","INSER",,"SOSTITUTIVA","S","N"
"0179","48","C.A.S.S.A.","HOWDEN",,"SOSTITUTIVA","S","N"
"0179","49","C.A.S.S.A.","HOWDEN",,"SOSTITUTIVA","S","N"
"0179","51","C.A.S.S.A.","HOWDEN",,"SOSTITUTIVA","S","N"
"0179","52","C.A.S.S.A.","HOWDEN",,"SOSTITUTIVA","S","N"
"0179","53","C.A.S.S.A.","HOWDEN",,"SOSTITUTIVA","S","N"
"0173","3","OPBG","PCA",,"SOSTITUTIVA","S","N"
"0015","6","PREVIP","ROMA TRIONFALE",,"SOSTITUTIVA","S","N"
"0166","1","MUTUA SAS","ASSIPARIOLI",,"SOSTITUTIVA","S","S"
"0166","2","MUTUA SAS","ASSIPARIOLI",,"SOSTITUTIVA","S","S"
"0166","3","MUTUA SAS","ASSIPARIOLI",,"SOSTITUTIVA","S","S"
"0166","4","MUTUA SAS","ASSIPARIOLI",,"SOSTITUTIVA","S","S"
"0166","5","MUTUA SAS","ASSIPARIOLI",,"SOSTITUTIVA","S","S"
"0217","210","FONDO TUTELA","INSER",,"INTEGRATIVA","S","N"
"0166","7","MUTUA SAS","ASSIPARIOLI",,"SOSTITUTIVA","S","S"
"0166","6","MUTUA SAS","ASSIPARIOLI",,"SOSTITUTIVA","S","S"
"0185","6","ASSIDAI","PRESIDIUM SPA",,"SOSTITUTIVA","S","N"
"0088","166","MUTUA MITUTELA","INSER",,"SOSTITUTIVA","S","N"
"0217","120","FONDO TUTELA","INSER",,"SOSTITUTIVA","S","N"
"0218","108","MUTUA MITUTELA","INSER",,"SOSTITUTIVA","S","N"
"0187","2","PREVIP","ROMA TRIONFALE",,"SOSTITUTIVA","S","N"
"0217","209","FONDO TUTELA","INSER",,"INTEGRATIVA","S","N"
"0176","1","PREVIP","PRESIDIUM SPA",,"SOSTITUTIVA","S","N"
"0217","211","FONDO TUTELA","INSER",,"SOSTITUTIVA","S","N"
"0217","3","FONDO TUTELA","INSER",,"SOSTITUTIVA","S","N"
"0218","66","MUTUA MITUTELA","INSER",,"SOSTITUTIVA","S","N"
"0217","11","FONDO TUTELA","INSER",,"SOSTITUTIVA","S","N"
"0217","8","FONDO TUTELA","INSER",,"SOSTITUTIVA","S","N"
"0217","9","FONDO TUTELA","INSER",,"SOSTITUTIVA","S","N"
"0217","13","FONDO TUTELA","INSER",,"SOSTITUTIVA","S","N"
"0217","15","FONDO TUTELA","INSER",,"SOSTITUTIVA","S","N"
"0217","64","FONDO TUTELA","INSER",,"SOSTITUTIVA","S","N"
"0173","1","OPBG","PCA",,"SOSTITUTIVA","S","N"
"0181","13","PREVIP","GCF ASSICURAZIONI",,"SOSTITUTIVA","S","N"
"0217","129","FONDO TUTELA","INSER",,"SOSTITUTIVA","S","N"
"0173","2","OPBG","PCA",,"SOSTITUTIVA","S","N"
"0217","128","FONDO TUTELA","INSER",,"SOSTITUTIVA","S","N"
"0217","130","FONDO TUTELA","INSER",,"SOSTITUTIVA","S","N"
"0217","146","FONDO TUTELA","INSER",,"SOSTITUTIVA","S","N"
"0217","147","FONDO TUTELA","INSER",,"SOSTITUTIVA","S","N"
"0217","89","FONDO TUTELA","INSER",,"SOSTITUTIVA","S","N"
"0218","20","MUTUA MITUTELA","INSER",,"SOSTITUTIVA","S","N"
"0217","100","FONDO TUTELA","INSER",,"SOSTITUTIVA","S","N"
"0218","21","MUTUA MITUTELA","INSER",,"SOSTITUTIVA","S","N"
"0203","2","SAS","PCA",,"SOSTITUTIVA","S","N"
"0185","1","ASSIDAI","PRESIDIUM SPA",,"SOSTITUTIVA","S","N"
"0218","23","MUTUA MITUTELA","INSER",,"SOSTITUTIVA","S","N"
"0218","24","MUTUA MITUTELA","INSER",,"SOSTITUTIVA","S","N"
"0217","66","FONDO TUTELA","INSER",,"SOSTITUTIVA","S","N"
"0217","65","FONDO TUTELA","INSER",,"SOSTITUTIVA","S","N"
"0217","111","FONDO TUTELA","INSER",,"SOSTITUTIVA","S","N"
"0217","125","FONDO TUTELA","INSER",,"SOSTITUTIVA","S","N"
"0217","103","FONDO TUTELA","INSER",,"SOSTITUTIVA","S","N"
"0217","101","FONDO TUTELA","INSER",,"SOSTITUTIVA","S","N"
"0217","102","FONDO TUTELA","INSER",,"SOSTITUTIVA","S","N"
"0218","41","MUTUA MITUTELA","INSER",,"SOSTITUTIVA","S","N"
"0218","39","MUTUA MITUTELA","INSER",,"SOSTITUTIVA","S","N"
"0218","40","MUTUA MITUTELA","INSER",,"SOSTITUTIVA","S","N"
"0218","42","MUTUA MITUTELA","INSER",,"SOSTITUTIVA","S","N"
"0218","43","MUTUA MITUTELA","INSER",,"SOSTITUTIVA","S","N"
"0218","45","MUTUA MITUTELA","INSER",,"SOSTITUTIVA","S","N"
"0218","44","MUTUA MITUTELA","INSER",,"SOSTITUTIVA","S","N"
"0202","11","SAS","PCA",,"SOSTITUTIVA","S","N"
"0217","187","FONDO TUTELA","INSER",,"SOSTITUTIVA","S","N"
"0209","1","BANCO DI SICILIA","AGENZIA PALERMO EMMEGROUP",,"SOSTITUTIVA","N","N"
"0203","1","SAS","PCA",,"SOSTITUTIVA","S","N"
"0203","3","SAS","PCA",,"SOSTITUTIVA","S","N"
"0098","260","FONDO TUTELA","INSER",,"SOSTITUTIVA","S","N"
"0098","259","FONDO TUTELA","INSER",,"SOSTITUTIVA","S","N"
"0217","121","FONDO TUTELA","INSER",,"SOSTITUTIVA","S","N"
"0217","123","FONDO TUTELA","INSER",,"SOSTITUTIVA","S","N"
"0217","122","FONDO TUTELA","INSER",,"SOSTITUTIVA","S","N"
"0217","124","FONDO TUTELA","INSER",,"SOSTITUTIVA","S","N"
"0217","52","FONDO TUTELA","INSER",,"SOSTITUTIVA","S","N"
"0217","126","FONDO TUTELA","INSER",,"SOSTITUTIVA","S","N"
"0217","127","FONDO TUTELA","INSER",,"SOSTITUTIVA","S","N"
"0209","2","BANCO DI SICILIA","AGENZIA PALERMO EMMEGROUP",,"SOSTITUTIVA","N","N"
"0080","1","MUTUA MITUTELA","INSER",,"SOSTITUTIVA","S","N"
"0080","2","MUTUA MITUTELA","INSER",,"SOSTITUTIVA","S","N"
"0080","3","MUTUA MITUTELA","INSER",,"SOSTITUTIVA","S","N"
"0080","4","MUTUA MITUTELA","INSER",,"SOSTITUTIVA","S","N"
"0080","5","MUTUA MITUTELA","INSER",,"SOSTITUTIVA","S","N"
"0080","6","MUTUA MITUTELA","INSER",,"SOSTITUTIVA","S","N"
"0076","1","CASSA BISALUS","VERSPIEREN",,"SOSTITUTIVA","S","N"
"0076","2","CASSA BISALUS","VERSPIEREN",,"INTEGRATIVA","S","N"
"0076","3","CASSA BISALUS","VERSPIEREN",,"SOSTITUTIVA","S","N"
"0076","4","CASSA BISALUS","VERSPIEREN",,"INTEGRATIVA","S","N"
"0174","1","CASSA BISALUS","VERSPIEREN",,"SOSTITUTIVA","S","N"
"0174","3","CASSA BISALUS","VERSPIEREN",,"SOSTITUTIVA","S","N"
"0144","1","C.A.S.S.A.","ASSITECA",,"SOSTITUTIVA","S","N"
"0083","1","PREVIP","MILANO CENTRO",,"SOSTITUTIVA","S","N"
"0083","2","PREVIP","MILANO CENTRO",,"SOSTITUTIVA","S","N"
"0083","3","PREVIP","MILANO CENTRO",,"SOSTITUTIVA","S","N"
"0099","1","PREVIP","PRESIDIUM SPA",,"SOSTITUTIVA","S","N"
"0101","2","PREVIP","MILANO CENTRO",,"INTEGRATIVA","S","N"
"0125","8","PREVIP","MUNICH RE",,"SOSTITUTIVA","S","N"
"0105","1","PREVIP","MILANO CENTRO",,"SOSTITUTIVA","S","N"
"0081","1","PREVIP","AGENZIA FAENZA IMOLA BOLOGNA BIEMMEPI COD 403  ALLIANZ 481 SRL",,"SOSTITUTIVA","S","N"
"0102","2","PREVIP","MILANO CENTRO",,"SOSTITUTIVA","S","N"
"0217","29","FONDO TUTELA","INSER",,"SOSTITUTIVA","S","N"
"0098","197","FONDO TUTELA","INSER",,"SOSTITUTIVA","S","N"
"0217","61","FONDO TUTELA","INSER",,"SOSTITUTIVA","S","N"
"0218","13","MUTUA MITUTELA","INSER",,"SOSTITUTIVA","S","N"
"0218","31","MUTUA MITUTELA","INSER",,"SOSTITUTIVA","S","N"
"0217","222","FONDO TUTELA","INSER",,"SOSTITUTIVA","S","N"
"0166","34","MUTUA SAS","ASSIPARIOLI",,"SOSTITUTIVA","S","S"
"0166","50","MUTUA SAS","ASSIPARIOLI",,"SOSTITUTIVA","S","S"
"0218","22","MUTUA MITUTELA","INSER",,"SOSTITUTIVA","S","N"
"0218","30","MUTUA MITUTELA","INSER",,"SOSTITUTIVA","S","N"
"0218","32","MUTUA MITUTELA","INSER",,"SOSTITUTIVA","S","N"
"0217","28","FONDO TUTELA","INSER",,"SOSTITUTIVA","S","N"
"0199","1","CASSA PREVILINE ASSISTANCE","AGENZIA DI CODROIPO",,"SOSTITUTIVA","S","N"
"0217","119","FONDO TUTELA","INSER",,"SOSTITUTIVA","S","N"
"0217","166","FONDO TUTELA","INSER",,"SOSTITUTIVA","S","N"
"0224","1","PREVIP","PRESIDIUM SPA",,"SOSTITUTIVA","S","N"
"0218","46","INSER","MUTUA MITUTELA",,"SOSTITUTIVA","S","N"
"0219","4","MUTUA MITUTELA","INSER",,"SOSTITUTIVA","N","N"
"0219","6","MUTUA MITUTELA","INSER",,"SOSTITUTIVA","N","N"
"0232","1",,,,,"S","S"
