"COD_ACC","PRG_CONV","NUM_POLIZZA","COD_COMP","DES_CONV","PERC_ACCANTONAMENTO","CODICE_POLIZZA_AZIENDA","ACCORDO_NP","PRG_GRUPPO_INVIO","COD_PROVIDER","MAX_GG_PAGAMENTO","FLG_LIQUIDAZIONE_DIRETTA"
"0001","1","0000000000","0003","DIPENDENTI SILVER","0",,"A","12","CONV","60","N"
"0003","1","0000000000","0003","ISCRITTI FONDO MAX=3","0",,"A","12","CONV","0","N"
"0002","2","0000000000","0003","PIANO SANITARIO AGGIUNTIVO","0",,"A","12","CONV","60","N"
"0005","2","501049446","0001","AON SPA QUADRI","0",,"A","1","CONV","30","S"
"0011","1","501049444","0001","MUTUA MED IMPIEGATI","0",,"A","1","CONV","30","N"
"0012","1","501049438","0001","PREVILINE IMPIEGATI","0",,"A","1","CONV","30","N"
"0013","1","732957564","0073","OPZ. 1","0",,"A","4","CONV","30","N"
"0014","1","0000000000","0003","PIANO SANITARIO SILVER","0",,"A","12","CONV","60","N"
"0014","2","00000000001","0002","PIANO SANITARIO AGGIUNTIVO","0",,"A","2","CONV","60","N"
"0013","6","732957562","0073","OPZ. 6","0",,"A","4","CONV","30","N"
"0013","7","732957561","0073","OPZ. 7","0",,"A","4","CONV","30","N"
"0010","1","501049436","0001","GLOBAL SAFE IMPIEGATI","0",,"A","1","CONV","30","N"
"0003","2","0000000000","0003","ISCRITTI FONDO MAX ILLIMITATO","0",,"A","12","CONV","0","N"
"0004","1","0000000000","0003","ISCRITTI FONDO MAX=3","0",,"A","12","CONV","0","N"
"0004","2","0000000000","0003","ISCRITTI FONDO MAX ILLIMITATO","0",,"A","12","CONV","0","N"
"0005","1","501049448","0001","AON SPA IMPIEGATI","0",,"A","1","CONV","30","S"
"0013","2","732957560","0073","OPZ. 2","0",,"A","4","CONV","30","N"
"0013","3","732957563","0073","OPZ. 3","0",,"A","4","CONV","30","N"
"0007","1","501049450","0001","AON HEWITT IMPIEGATI","0",,"A","1","CONV","30","N"
"0007","2","501049452","0001","AON HEWITT QUADRI","0",,"A","1","CONV","30","N"
"0008","2","501049434","0001","AON ITALIA QUADRI","0",,"A","1","CONV","30","N"
"0009","1","501049440","0001","US IMPIEGATI","0",,"A","1","CONV","30","N"
"0009","2","501049442","0001","US QUADRI","0",,"A","1","CONV","30","N"
"0013","4","732957557","0073","OPZ. 4","0",,"A","4","CONV","30","N"
"0013","5","732957558","0073","OPZ. 5","0",,"A","4","CONV","30","N"
"0013","8","730952849","0073","OPZ. 8","0",,"A","4","CONV","30","N"
"0002","1","0000000000","0003","PIANO SANITARIO SILVER","0",,"A","12","CONV","60","N"
"0166","1","506188042","0001","SOCI 0/10 ANNI","0",,"A","1","CONV","30","N"
"0172","1","0000000000","0003","PIANO SANITARIO SILVER","0",,"A","12","CONV","60","N"
"0172","2","0000000000","0003","PIANO SANITARIO AGGIUNTIVO","0",,"A","12","CONV","60","N"
"0176","1","501225933","0001","NEXO AMMINISTRATORI TITOLARE","0",,"A","1","CONV","0","N"
"0179","58","505798988","0001","OPZ AC/4CK BAD FREIGHT SYSTEMS","0",,"A","1","CONV","0","N"
"0179","59","505798993","0001","OPZ AC/4CK BAD EXVI","0",,"A","1","CONV","0","N"
"0217","214","72908465","0001","FT4 LA GHIANDAIA","0",,"A","1","CONV","30","N"
"0217","215","72908332","0001","FT3 D&E","0",,"A","1","CONV","30","N"
"0217","216","72908224","0001","FT3 AUTOMOTIVE PROJECT","0",,"A","1","CONV","30","N"
"0028","1","501258058","0001","SENIOR TITOLARI","0",,"A","1","CONV","30","N"
"0019","75","72908225","0001","FONDO TUTELA 12_002","0",,"A","1","CONV","30","N"
"0019","76","72908315","0001","FONDO TUTELA 12_003","0",,"A","1","CONV","30","N"
"0098","242","501049235","0001","FDO TUTELA 01 BLU ICE SRL","0",,"A","1","CONV","30","N"
"0168","1","506270818","0001","DIRIGENTI NUCLEO 3 PERSONE","0",,"A","1","CONV","0","N"
"0179","1","501671850","0001","OPZ A FIBRO SPA","0",,"A","1","CONV","0","N"
"0179","2","501671843","0001","OPZ B PM&PARTNERS SPA","0",,"A","1","CONV","0","N"
"0179","3","501049079","0001","OPZ C SPEZIA RISORSE SPA","0",,"A","1","CONV","0","N"
"0179","4","501049080","0001","OPZ A INT CHECKPOINT SRL","0",,"A","1","CONV","0","N"
"0179","5","501671445","0001","OPZ C INT DECIPHERA SRL","0",,"A","1","CONV","0","N"
"0179","6","501150937","0001","OPZ D INT INTEGRAL AD","0",,"A","1","CONV","0","N"
"0179","7","501671844","0001","OPZ B INT Q TIT UTOPUS","0",,"A","1","CONV","0","N"
"0179","8","501671844","0001","OPZ B INT Q FAM UTOPUS","0",,"A","1","CONV","0","N"
"0179","9","501671845","0001","OPZ D INT Q TIT INSPEREX","0",,"A","1","CONV","0","N"
"0179","10","501671845","0001","OPZ D INT Q FAM INSPEREX","0",,"A","1","CONV","0","N"
"0179","11","502088942","0001","OPZ A HAMILTON LANE SRL","0",,"A","1","CONV","0","N"
"0179","12","505134332","0001","OPZ A VI-GRADE SRL","0",,"A","1","CONV","0","N"
"0179","13","505134323","0001","OPZ B BLUEBACK GLOBAL","0",,"A","1","CONV","0","N"
"0179","14","501049081","0001","OPZ C CHECKPOINT SRL","0",,"A","1","CONV","0","N"
"0179","15","501049555","0001","OPZ C FIBRO SPA","0",,"A","1","CONV","0","N"
"0179","16","501671934","0001","OPZ C ANGUS CHEMIE GMBH","0",,"A","1","CONV","0","N"
"0179","17","501049327","0001","OPZ A INT AB INITIO","0",,"A","1","CONV","0","N"
"0179","18","501049515","0001","OPZ A INT SGH SRL","0",,"A","1","CONV","0","N"
"0179","19","501049516","0001","OPZ A INT FIBRO SPA","0",,"A","1","CONV","0","N"
"0179","20","502088058","0001","OPZ A INT AB INITIO","0",,"A","1","CONV","0","N"
"0179","21","501049327","0001","OPZ A INT Q TIT AB INITI","0",,"A","1","CONV","0","N"
"0179","22","501049327","0001","OPZ A INT Q FAM AB INITI","0",,"A","1","CONV","0","N"
"0179","23","505798103","0001","OPZ A AB INITIO","0",,"A","1","CONV","0","N"
"0218","18","72908362","0001","MT MEDIUM UNDER 70_ALLODOLI","0",,"A","1","CONV","0","N"
"0218","19","72908337","0001","MT MEDIUM UNDER 70_CALO'","0",,"A","1","CONV","0","N"
"0217","43","500881932","0001","FT4 ALIMEDE","0",,"A","1","CONV","30","N"
"0026","1","501258060","0001","JUNIOR TITOLARI","0",,"A","1","CONV","30","N"
"0026","2","501258060","0001","JUNIOR FAMILIARI","0",,"A","1","CONV","30","N"
"0026","3","501258060","0001","SENIOR TITOLARI","0",,"A","1","CONV","30","N"
"0026","4","501258060","0001","SENIOR FAMILIARI","0",,"A","1","CONV","30","N"
"0027","1","501258016","0001","JUNIOR TITOLARI","0",,"A","1","CONV","30","N"
"0027","2","501258016","0001","JUNIOR FAMILIARI","0",,"A","1","CONV","30","N"
"0027","3","501258016","0001","SENIOR TITOLARI","0",,"A","1","CONV","30","N"
"0027","4","501258016","0001","SENIOR FAMILIARI","0",,"A","1","CONV","30","N"
"0034","3","79268089","0001","MODIS OPZ. 2 INDIRETTE","0",,"A","1","CONV","30","N"
"0005","5","73624568","0001","AON OPZ III BIS INT FASDAC","0",,"A","1","CONV","30","S"
"0098","202","79244413","0001","FDO TUTELA 14 CONSORZIO BONIFI","0",,"A","1","CONV","30","N"
"0098","3","72908178","0001","FDO TUTELA 01INT HITACHI ZOSEN","0",,"A","1","CONV","30","N"
"0098","4","79267282","0001","FDO TUTELA 02INT INVEL REAL","0",,"A","1","CONV","30","N"
"0098","5","72908106","0001","FDO TUTELA 04 BOLDARINO SPA","0",,"A","1","CONV","30","N"
"0098","6","72908071","0001","FDO TUTELA 10 DRINK SYSTEM SRL","0",,"A","1","CONV","30","N"
"0098","7","72908100","0001","FDO TUTELA 11 S.T.A. SRL","0",,"A","1","CONV","30","N"
"0098","191","79244370","0001","FDO TUTELA 01 INT AGS SPA","0",,"A","1","CONV","30","N"
"0098","198","79244403","0001","FDO TUTELA 11 WATER CONSULTING","0",,"A","1","CONV","30","N"
"0154","1","501258058","0001","SENIOR TITOLARI","0",,"A","1","CONV","30","N"
"0154","2","501258058","0001","SENIOR FAMILIARI","0",,"A","1","CONV","30","N"
"0155","1","501258069","0001","JUNIOR TITOLARI","0",,"A","1","CONV","30","N"
"0155","2","501258069","0001","JUNIOR FAMILIARI","0",,"A","1","CONV","30","N"
"0155","3","501258069","0001","SENIOR TITOLARI","0",,"A","1","CONV","30","N"
"0155","4","501258069","0001","SENIOR FAMILIARI","0",,"A","1","CONV","30","N"
"0157","1","501258086","0001","SENIOR TITOLARI","0",,"A","1","CONV","30","N"
"0157","2","501258086","0001","SENIOR FAMILIARI","0",,"A","1","CONV","30","N"
"0166","25","506188042","0001","SOCI 34 ANNI","0",,"A","1","CONV","30","N"
"0217","74","72908446","0001","FT4 SAFLER","0",,"A","1","CONV","30","N"
"0022","1","114403083","0005","FONDO SOLIDARIETA C.R.LUCCA","0",,"A","3","CONV","30","N"
"0038","47","72908154","0001","MITUTELA MEDIUM 022","0",,"A","1","CONV","0","N"
"0019","107","72908155","0001","FDO TUTELA 10 LA RISANAUTO SRL","0",,"A","1","CONV","30","N"
"0019","108","72908161","0001","FDO TUTELA 10 NUOVA CIVES SRL","0",,"A","1","CONV","30","N"
"0019","109","72908162","0001","FDO TUTELA 10 VEGAPROGETTI SNC","0",,"A","1","CONV","30","N"
"0038","48","72908164","0001","MITUTELA MEDIUM 023","0",,"A","1","CONV","0","N"
"0019","110","72908166","0001","FDO TUTELA 11 OFFICINA EDILE","0",,"A","1","CONV","30","N"
"0019","111","72908168","0001","FDO TUTELA 12 INERTECO SRL","0",,"A","1","CONV","30","N"
"0098","82","72908286","0001","FDO TUTELA 14 OTTO SRL BENEFIT","0",,"A","1","CONV","30","N"
"0088","129","72908505","0001","MITUTELA BASE 059","0",,"A","1","CONV","0","N"
"0098","285","72908427","0001","FDO TUTELA 10 BOVE","0",,"A","1","CONV","30","N"
"0098","288","72908434","0001","FDO TUTELA 10 EDIL PETRUCCI SN","0",,"A","1","CONV","30","N"
"0098","61","72908205","0001","FDO TUTELA 11 ABITRANS SRL","0",,"A","1","CONV","30","N"
"0098","303","72908423","0001","FDO TUTELA 01BIS SEAC FIN SPA","0",,"A","1","CONV","30","N"
"0217","212","72908388","0001","FT4 EDIL MERELLO PORTOFINO","0",,"A","1","CONV","30","N"
"0008","1","501049432","0001","AON ITALIA IMPIEGATI","0",,"A","1","CONV","30","S"
"0217","36","72908424","0001","FT4 VUEMME","0",,"A","1","CONV","30","N"
"0217","37","72908424","0001","FT4 >70 VUEMME","0",,"A","1","CONV","30","N"
"0217","38","72908409","0001","FT3 HANSECOM ITALIA","0",,"A","1","CONV","30","N"
"0217","134","72908226","0001","FT3 BRC SPA","0",,"A","1","CONV","30","N"
"0056","14","253742119","0002","P&P AZIENDE COMPLETA 2P","0",,"A","2","CONV","60","N"
"0185","1","501225799","0001","FASDAPI AMMINISTRATORI","0",,"A","1","CONV","30","N"
"0185","2","501225799","0001","AMM. DENTARIE IN CONVENZIONE","0",,"A","1","CONV","30","N"
"0185","3","501225799","0001","AMM. DENTARIE NON CONVENZIONE","0",,"A","1","CONV","30","N"
"0185","4","501225799","0001","AMM. DENT. CONV. II SEMESTRE","0",,"A","1","CONV","30","N"
"0185","5","501225799","0001","AMM. DENT NO CONV. II SEMESTRE","0",,"A","1","CONV","30","N"
"0185","6","501225799","0001","FASDAPI DIRIGENTI","0",,"A","1","CONV","30","N"
"0185","7","501225799","0001","DIR. DENTARIE IN CONVENZIONE","0",,"A","1","CONV","30","N"
"0185","8","501225799","0001","DIR. DENTARIE NON CONVENZIONE","0",,"A","1","CONV","30","N"
"0185","9","501225799","0001","DIR. DENT. CONV. II SEMESTRE","0",,"A","1","CONV","30","N"
"0185","10","501225799","0001","DIR. DENT NO CONV. II SEMESTRE","0",,"A","1","CONV","30","N"
"0185","11","501225799","0001","FASDAPI QUADRI","0",,"A","1","CONV","30","N"
"0185","12","501225799","0001","QUADRI DENTARIE IN CONVENZIONE","0",,"A","1","CONV","30","N"
"0185","13","501225799","0001","QUAD. DENTARIE NON CONVENZIONE","0",,"A","1","CONV","30","N"
"0185","14","501225799","0001","QUADRI DENT. CONV. II SEMESTRE","0",,"A","1","CONV","30","N"
"0185","15","501225799","0001","QUA. DENT NO CONV. II SEMESTRE","0",,"A","1","CONV","30","N"
"0185","16","501225800","0001","FASDAPI INTEGRATIVA DIRIGENTI","0",,"A","1","CONV","30","N"
"0185","17","501225800","0001","DENTARIE INTEGRATIVA DIRIGENTI","0",,"A","1","CONV","30","N"
"0185","18","501225800","0001","DENTARIE INTEGR. DIR. II SEMES","0",,"A","1","CONV","30","N"
"0189","1","501258069","0001","JUNIOR TITOLARI","0",,"A","1","CONV","30","N"
"0189","2","501258069","0001","JUNIOR FAMILIARI","0",,"A","1","CONV","30","N"
"0189","3","501258069","0001","SENIOR TITOLARI","0",,"A","1","CONV","30","N"
"0189","4","501258069","0001","SENIOR FAMILIARI","0",,"A","1","CONV","30","N"
"0190","1","501258060","0001","JUNIOR TITOLARI","0",,"A","1","CONV","30","N"
"0190","2","501258060","0001","JUNIOR FAMILIARI","0",,"A","1","CONV","30","N"
"0190","3","501258060","0001","SENIOR TITOLARI","0",,"A","1","CONV","30","N"
"0190","4","501258060","0001","SENIOR FAMILIARI","0",,"A","1","CONV","30","N"
"0191","1","501258016","0001","JUNIOR TITOLARI","0",,"A","1","CONV","30","N"
"0191","2","501258016","0001","JUNIOR FAMILIARI","0",,"A","1","CONV","30","N"
"0191","3","501258016","0001","SENIOR TITOLARI","0",,"A","1","CONV","30","N"
"0191","4","501258016","0001","SENIOR FAMILIARI","0",,"A","1","CONV","30","N"
"0192","1","506447020","0001","SENIOR TITOLARI","0",,"A","1","CONV","30","N"
"0192","2","506447020","0001","SENIOR FAMILIARI","0",,"A","1","CONV","30","N"
"0192","3","506447020","0001","JUNIOR TITOLARI","0",,"A","1","CONV","30","N"
"0192","4","506447020","0001","JUNIOR FAMILIARI","0",,"A","1","CONV","30","N"
"0179","83","506601126","0001","OPZ AI/QUAS/5 BASE SPEZIALFOND","0",,"A","1","CONV","0","N"
"0040","2","500881464","0001","ASCOM RICOVERO 2000,01-5000,00","0",,"A","1","CONV","0","N"
"0038","46","72908149","0001","MITUTELA BASE 020","0",,"A","1","CONV","0","N"
"0038","94","72908380","0001","MITUTELA MEDIUM 041","0",,"A","1","CONV","0","N"
"0108","1","253742117","0002","P&P BASE COMPLETA","0",,"A","2","CONV","60","N"
"0108","2","253742117","0002","P&P BASE COMPLETA > 80","0",,"A","2","CONV","60","N"
"0108","3","253742117","0002","P&P BASE INTEGRATIVA","0",,"A","2","CONV","60","N"
"0108","4","253742117","0002","P&P BASE INTEGRATIVA > 80","0",,"A","2","CONV","60","N"
"0108","5","253742118","0002","P&P PLUS COMPLETA 1P","0",,"A","2","CONV","60","N"
"0108","6","253742118","0002","P&P PLUS COMPLETA 2P","0",,"A","2","CONV","60","N"
"0108","7","253742118","0002","P&P PLUS COMPLETA 2P > 80","0",,"A","2","CONV","60","N"
"0108","8","253742118","0002","P&P PLUS INTEGRATIVA 1P","0",,"A","2","CONV","60","N"
"0108","9","253742118","0002","P&P PLUS INTEGRATIVA 1P > 80","0",,"A","2","CONV","60","N"
"0108","10","253742118","0002","P&P PLUS INTEGRATIVA 2P","0",,"A","2","CONV","60","N"
"0108","11","253742118","0002","P&P PLUS INTEGRATIVA 2P > 80","0",,"A","2","CONV","60","N"
"0108","12","253742118","0002","P&P PLUS INTEGRATIVA 3P","0",,"A","2","CONV","60","N"
"0108","13","253742119","0002","P&P AZIENDE COMPLETA 1P","0",,"A","2","CONV","60","N"
"0108","14","253742119","0002","P&P AZIENDE COMPLETA 2P","0",,"A","2","CONV","60","N"
"0108","15","253742119","0002","P&P AZIENDE COMPLETA 3P","0",,"A","2","CONV","60","N"
"0108","16","253742119","0002","P&P AZIENDE COMPLETA 4+P","0",,"A","2","CONV","60","N"
"0108","17","253742119","0002","P&P AZIENDE INTEGRATIVA 4+P","0",,"A","2","CONV","60","N"
"0137","1","79268089","0001","MODIS OPZ. 1","0",,"A","1","CONV","30","N"
"0137","2","79268089","0001","MODIS OPZ. 2 DIRETTE","0",,"A","1","CONV","30","N"
"0137","3","79268089","0001","MODIS OPZ. 2 INDIRETTE","0",,"A","1","CONV","30","N"
"0098","120","72908208","0001","FDO TUTELA 10 COMUNIAN ZANETTI","0",,"A","1","CONV","30","N"
"0098","121","72908209","0001","FDO TUTELA 10 CORDIOLI SRL","0",,"A","1","CONV","30","N"
"0098","262","501049260","0001","FDO TUTELA 14 D.T.E. SRL","0",,"A","1","CONV","30","N"
"0098","301","72908446","0001","FDO TUTELA 11 SAFLER SRL","0",,"A","1","CONV","30","N"
"0146","23","505798103","0001","CASSA OPZ A AB INITIO","0",,"A","1","CONV","0","N"
"0165","1","505586238","0001","SPORT E SALUTE BASE DIP","0",,"A","1","CONV","20","N"
"0098","315","72908482","0001","FDO TUTELA 06 ZELGER ALBERT SR","0",,"A","1","CONV","0","N"
"0166","64","506188042","0001","SOCI 73 ANNI","0",,"A","1","CONV","30","N"
"0169","1","0000000000","0003","ISCRITTI FONDO MAX ILLIMITATO","0",,"A","12","CONV","0","N"
"0170","1","0000000000","0003","ISCRITTI FONDO MAX ILLIMITATO","0",,"A","12","CONV","0","N"
"0203","3","506552236","0001","QUADRI NUCLEO 3 ASSICURATI","0",,"A","1","CONV","30","N"
"0203","4","506552236","0001","DIPENDENTI SINGLE","0",,"A","1","CONV","30","N"
"0203","5","506552236","0001","DIPENDENTI CON NUCLEO","0",,"A","1","CONV","30","N"
"0204","1","506552233","0001","DIPENDENTI SINGLE","0",,"A","1","CONV","30","N"
"0204","2","506552233","0001","DIPENDENTI CON NUCLEO","0",,"A","1","CONV","30","N"
"0204","3","506552233","0001","QUADRI SINGLE","0",,"A","1","CONV","30","N"
"0019","70","500881932","0001","FONDO TUTELA 11_014","0",,"A","1","CONV","30","N"
"0019","71","501049072","0001","FONDO TUTELA 11_015","0",,"A","1","CONV","30","N"
"0038","114","500881479","0001","MITUTELA BASE 055","0",,"A","1","CONV","0","N"
"0098","91","72908082","0001","FDO TUTELA 01 KREION RE SRL","0",,"A","1","CONV","30","N"
"0179","30","506601079","0001","OPZ KAPPA/EST S BASE WL GORE","0",,"A","1","CONV","0","N"
"0204","7","506552233","0001","QUADRI NUCLEO 2 ASSICURATI","0",,"A","1","CONV","30","N"
"0025","1","501258069","0001","JUNIOR TITOLARI","0",,"A","1","CONV","30","N"
"0041","4","501049080","0001","CASSA OPZIONE A INT 001","0",,"A","1","CONV","0","N"
"0060","2","501595790","0001","JDS RE HOLDING QUADRI","0",,"A","1","CONV","0","N"
"0179","33","505798915","0001","OPZ AI/QUAS/6 BAD COCKROACH","0",,"A","1","CONV","0","N"
"0036","1","72908203","0001","TINABA SRL IMPIEGATI","0",,"A","1","CONV","30","N"
"0038","2","72908088","0001","MITUTELA MEDIUM 001","0",,"A","1","CONV","0","N"
"0048","2","79903163","0001","QUADRI","0",,"A","1","CONV","30","N"
"0038","70","72908305","0001","MITUTELA BASE 034","0",,"A","1","CONV","0","N"
"0038","71","72908307","0001","MITUTELA BASE 035","0",,"A","1","CONV","0","N"
"0038","72","72908311","0001","MITUTELA BASE 036","0",,"A","1","CONV","0","N"
"0038","84","72908356","0001","MITUTELA BASE 042","0",,"A","1","CONV","0","N"
"0038","85","72908357","0001","MITUTELA BASE 043","0",,"A","1","CONV","0","N"
"0038","86","72908358","0001","MITUTELA MEDIUM 037","0",,"A","1","CONV","0","N"
"0038","87","72908362","0001","MITUTELA MEDIUM 038","0",,"A","1","CONV","0","N"
"0038","89","72908368","0001","MITUTELA MEDIUM 039","0",,"A","1","CONV","0","N"
"0038","93","72908375","0001","MITUTELA BASE 047","0",,"A","1","CONV","0","N"
"0078","1","501671729","0001","DIPENDENTI COMUNE BOLOGNA","0",,"A","1","CONV","30","N"
"0162","2","0000000000","0003","AGGIUNTIVA","0",,"A","12","CONV","30","N"
"0098","270","72908409","0001","FDO TUTELA 04 HANSECOM ITALIA","0",,"A","1","CONV","30","N"
"0098","308","72908465","0001","FDO TUTELA 11 GHIANDAIA SRL","0",,"A","1","CONV","30","N"
"0179","25","505798989","0001","OPZ AC2SCK BAD INTERSYSTEMS","0",,"A","1","CONV","0","N"
"0179","26","505798990","0001","OPZ AI2NCK BASE INTERSYSTEMS","0",,"A","1","CONV","0","N"
"0179","40","505798995","0001","OPZ GAMMA PLUS AUTOPROFF ITALY","0",,"A","1","CONV","0","N"
"0056","1","253742117","0002","P&P BASE COMPLETA","0",,"A","2","CONV","60","N"
"0041","21","501049327","0001","CASSA OPZIONE A INT Q TIT 001","0",,"A","1","CONV","0","N"
"0041","22","501049327","0001","CASSA OPZIONE A INT Q FAM 001","0",,"A","1","CONV","0","N"
"0019","201","79244412","0001","FDO TUTELA 10 STUDIO GARULLI","0",,"A","1","CONV","30","N"
"0019","202","79244413","0001","FDO TUTELA 14 CONSORZIO BONIFI","0",,"A","1","CONV","30","N"
"0019","203","79244419","0001","FDO TUTELA 04 M.E.P. SRL","0",,"A","1","CONV","30","N"
"0098","103","72908133","0001","FDO TUTELA 13 SIRIO 2002 SRL","0",,"A","1","CONV","30","N"
"0098","106","72908146","0001","FDO TUTELA 15 INT COGEI SRL","0",,"A","1","CONV","30","N"
"0098","107","72908155","0001","FDO TUTELA 10 LA RISANAUTO SRL","0",,"A","1","CONV","30","N"
"0098","158","72908323","0001","FDO TUTELA 10 SAM SRL","0",,"A","1","CONV","30","N"
"0098","159","72908324","0001","FDO TUTELA 10 SE.DI. SRL","0",,"A","1","CONV","30","N"
"0098","163","72908329","0001","FDO TUTELA 10 MO19 Srl","0",,"A","1","CONV","30","N"
"0098","269","72908416","0001","FDO TUTELA 11 IRQ10 SRL","0",,"A","1","CONV","30","N"
"0166","20","506188042","0001","SOCI 29 ANNI","0",,"A","1","CONV","30","N"
"0088","166","72908080","0001","MITUTELA BASE 069","0",,"A","1","CONV","0","N"
"0171","1","0000000000","0003","DIPENDENTI SILVER","0",,"A","12","CONV","60","N"
"0217","109","501049255","0001","FT3 SCOPELLO CERAMICHE","0",,"A","1","CONV","30","N"
"0179","77","505798978","0001","OPZ AI/QUAS/5 BASE PROGRESS SW","0",,"A","1","CONV","0","N"
"0056","8","253742118","0002","P&P PLUS INTEGRATIVA 1P","0",,"A","2","CONV","60","N"
"0098","25","72908183","0001","FDO TUTELA 10 BASSOLI E MARINO","0",,"A","1","CONV","30","N"
"0088","154","72908480","0001","MITUTELA MEDIUM 070","0",,"A","1","CONV","0","N"
"0098","314","72908466","0001","FDO TUTELA 10 ASS FAM VITTIME","0",,"A","1","CONV","30","N"
"0217","110","72908182","0001","FT3 RIMINI ASSICURA SAS","0",,"A","1","CONV","30","N"
"0217","111","72908162","0001","FT3 VEGA PROGETTI SNC","0",,"A","1","CONV","30","N"
"0217","119","500881454","0001","FT6 PROFILATI LONATESI SRL","0",,"A","1","CONV","30","N"
"0179","84","506601126","0001","OPZ AC/2 BASE SPEZIALFOND","0",,"A","1","CONV","0","N"
"0017","2","505071243","0001","SIGEMI DIPENDENTI","0",,"A","1","CONV","30","N"
"0025","2","501258069","0001","JUNIOR FAMILIARI","0",,"A","1","CONV","30","N"
"0019","12","72908309","0001","FONDO TUTELA 01_002","0",,"A","1","CONV","30","N"
"0019","13","79244502","0001","FONDO TUTELA 01_003","0",,"A","1","CONV","30","N"
"0066","1","501225608","0001","DCH AMMINISTRATORI","0",,"A","1","CONV","0","N"
"0067","1","501225933","0001","NEXO AMMINISTRATORI","0",,"A","1","CONV","0","N"
"0098","1","72908135","0001","FDO TUTELA 01 EURASIA MOTOR CO","0",,"A","1","CONV","30","N"
"0098","2","79244383","0001","FDO TUTELA 01BIS ISA SPA","0",,"A","1","CONV","30","N"
"0005","8","73624573","0001","AON OPZ VI 73624573","0",,"A","1","CONV","30","S"
"0005","9","73624589","0001","AON OPZ VI 73624589","0",,"A","1","CONV","30","S"
"0098","10","72908211","0001","FDO TUTELA 14 PREDARI VETRI","0",,"A","1","CONV","30","N"
"0098","11","501049264","0001","FDO TUTELA 16INT LUCAPRINT SPA","0",,"A","1","CONV","30","N"
"0098","12","72908309","0001","FDO TUTELA 01 INSER SPA","0",,"A","1","CONV","30","N"
"0098","13","79244502","0001","FDO TUTELA 01 SANDALJ","0",,"A","1","CONV","30","N"
"0098","14","79244374","0001","FDO TUTELA 01INT CONSORZIO ITA","0",,"A","1","CONV","30","N"
"0098","15","79244381","0001","FDO TUTELA 01INT DOLOMITI SPA","0",,"A","1","CONV","30","N"
"0098","16","79244382","0001","FDO TUTELA 01INT NOVARETI SPA","0",,"A","1","CONV","30","N"
"0098","17","79244506","0001","FDO TUTELA 01INT DIAMALTERIA","0",,"A","1","CONV","30","N"
"0098","18","72908072","0001","FDO TUTELA 10 PRIMATOUR ITALIA","0",,"A","1","CONV","30","N"
"0098","23","72908131","0001","FDO TUTELA 10 LINDBERGH SPA","0",,"A","1","CONV","30","N"
"0098","24","72908182","0001","FDO TUTELA 10 RIMINI ASSICURA","0",,"A","1","CONV","30","N"
"0098","29","72908234","0001","FDO TUTELA 10 EFFEBI SAS","0",,"A","1","CONV","30","N"
"0098","36","72908322","0001","FDO TUTELA 10 HOTEL GARDEN SNC","0",,"A","1","CONV","30","N"
"0098","37","72908331","0001","FDO TUTELA 10 MECCANOTESSILE","0",,"A","1","CONV","30","N"
"0098","39","500881419","0001","FDO TUTELA 10 SHERIDAN SRL","0",,"A","1","CONV","30","N"
"0098","40","500881421","0001","FDO TUTELA 10 PIFFERI BRUNO &C","0",,"A","1","CONV","30","N"
"0098","48","500881499","0001","FDO TUTELA 10 SANDRETTO &C SAS","0",,"A","1","CONV","30","N"
"0098","49","500881500","0001","FDO TUTELA 10 STAR EUROPA SRL","0",,"A","1","CONV","30","N"
"0098","51","501049260","0001","FDO TUTELA 10 D.T.E. SRL","0",,"A","1","CONV","30","N"
"0098","209","79267281","0001","FDO TUTELA 02 INT INVEL REAL E","0",,"A","1","CONV","30","N"
"0098","210","79267286","0001","FDO TUTELA 10 ITIB SRL","0",,"A","1","CONV","30","N"
"0098","211","79267287","0001","FDO TUTELA 14 ITIB SRL","0",,"A","1","CONV","30","N"
"0098","212","500881406","0001","FDO TUTELA 10 G.M.O. SRL","0",,"A","1","CONV","30","N"
"0098","213","500881409","0001","FDO TUTELA 10 PUATO & ZOTTA","0",,"A","1","CONV","30","N"
"0098","214","500881410","0001","FDO TUTELA 10 I.Q.S. SRL","0",,"A","1","CONV","30","N"
"0098","215","500881411","0001","FDO TUTELA 10 STAMPERIA DEL SE","0",,"A","1","CONV","30","N"
"0098","216","500881413","0001","FDO TUTELA 10 LIVI SRL","0",,"A","1","CONV","30","N"
"0098","217","500881422","0001","FDO TUTELA 10 EDIL NICO IANNIZ","0",,"A","1","CONV","30","N"
"0098","219","500881426","0001","FDO TUTELA 10 ALKAFF SRL","0",,"A","1","CONV","30","N"
"0098","220","500881427","0001","FDO TUTELA 10 LA FENICE SRL","0",,"A","1","CONV","30","N"
"0098","221","500881430","0001","FDO TUTELA 12 I & ME SRL","0",,"A","1","CONV","30","N"
"0098","222","500881431","0001","FDO TUTELA 10 BELLUCCI SPA","0",,"A","1","CONV","30","N"
"0098","257","500881473","0001","FDO TUTELA 09 DITTA MINELLE","0",,"A","1","CONV","30","N"
"0098","258","500881476","0001","FDO TUTELA CDG INT CARTIERE","0",,"A","1","CONV","30","N"
"0164","2","52236279","0001","GI&BI SRL QUADRI","0",,"A","1","CONV","30","N"
"0098","324","72908472","0001","FDO TUTELA 12 JULIET SRL","0",,"A","1","CONV","30","N"
"0098","325","72908474","0001","FDO TUTELA 10 GUIDI SAS","0",,"A","1","CONV","30","N"
"0098","326","72908473","0001","FDO TUTELA 10 ROCCABILLY SNC","0",,"A","1","CONV","30","N"
"0098","327","72908475","0001","FDO TUTELA 13 ITEMI SRL","0",,"A","1","CONV","30","N"
"0166","4","506188042","0001","SOCI 13 ANNI","0",,"A","1","CONV","30","N"
"0166","65","506188042","0001","SOCI 74 ANNI","0",,"A","1","CONV","30","N"
"0166","66","506188042","0001","SOCI 75 ANNI","0",,"A","1","CONV","30","N"
"0166","67","506188042","0001","SOCI 76 ANNI","0",,"A","1","CONV","30","N"
"0166","68","506188042","0001","SOCI 77 ANNI","0",,"A","1","CONV","30","N"
"0166","69","506188042","0001","SOCI 78 ANNI","0",,"A","1","CONV","30","N"
"0166","70","506188042","0001","SOCI 79 ANNI","0",,"A","1","CONV","30","N"
"0166","71","506188042","0001","SOCI 80 ANNI","0",,"A","1","CONV","30","N"
"0166","72","506188042","0001","SOCI ULTRA 80 ANNI","0",,"A","1","CONV","30","N"
"0166","73","506188042","0001","TITOLARE SENZA PRESTAZIONI","0",,"A","1","CONV","30","N"
"0166","74","506188042","0001","FIGLI GARANZIA GRATUITA","0",,"A","1","CONV","30","N"
"0193","1","501049338","0001","STUDIO DIANA COMPLETA","0",,"A","1","CONV","0","N"
"0194","1","506447021","0001","SENIOR TITOLARI","0",,"A","1","CONV","30","N"
"0194","2","506447021","0001","SENIOR FAMILIARI","0",,"A","1","CONV","30","N"
"0194","3","506447021","0001","JUNIOR TITOLARI","0",,"A","1","CONV","30","N"
"0194","4","506447021","0001","JUNIOR FAMILIARI","0",,"A","1","CONV","30","N"
"0195","1","506447027","0001","SENIOR TITOLARI","0",,"A","1","CONV","30","N"
"0195","2","506447027","0001","SENIOR FAMILIARI","0",,"A","1","CONV","30","N"
"0195","3","506447027","0001","JUNIOR TITOLARI","0",,"A","1","CONV","30","N"
"0195","4","506447027","0001","JUNIOR FAMILIARI","0",,"A","1","CONV","30","N"
"0196","1","501258055","0001","SENIOR TITOLARI","0",,"A","1","CONV","30","N"
"0196","2","501258055","0001","SENIOR FAMILIARI","0",,"A","1","CONV","30","N"
"0196","3","506447021","0001","JUNIOR TITOLARI","0",,"A","1","CONV","30","N"
"0196","4","506447021","0001","JUNIOR FAMILIARI","0",,"A","1","CONV","30","N"
"0197","1","501258075","0001","SENIOR TITOLARI","0",,"A","1","CONV","30","N"
"0197","2","501258075","0001","SENIOR FAMILIARI","0",,"A","1","CONV","30","N"
"0198","1","79268089","0001","MODIS OPZ. 1","0",,"A","1","CONV","30","N"
"0198","2","79268089","0001","MODIS OPZ. 2 DIRETTE","0",,"A","1","CONV","30","N"
"0198","3","79268089","0001","MODIS OPZ. 2 INDIRETTE","0",,"A","1","CONV","30","N"
"0199","1","731472975","0073","HETA DIRIGENTI","0",,"A","4","CONV","0","N"
"0199","2","731472975","0073","HETA QUADRI DIRETTIVI 3/4","0",,"A","4","CONV","0","N"
"0199","3","731472971","0073","HETA IPOTESI A 1/2","0",,"A","4","CONV","0","N"
"0199","4","731472971","0073","HETA IPOTESI B 1/2","0",,"A","4","CONV","0","N"
"0200","1","731253343","0073","HYPO IPOTESI A 1/2","0",,"A","4","CONV","0","N"
"0200","2","731253343","0073","HYPO IPOTESI B 1/2","0",,"A","4","CONV","0","N"
"0200","3","731253344","0073","HYPO DIRIGENTI","0",,"A","4","CONV","0","N"
"0200","4","731253344","0073","HYPO QUADRI DIRETTIVI 3/4","0",,"A","4","CONV","0","N"
"0205","1","78556572","0001","QUADRI","0",,"A","1","CONV","30","N"
"0201","2","733029605","0073","NATISSA IPOTESI A 1/2","0",,"A","4","CONV","0","N"
"0206","1","500010368","0001","AUBAY QUADRI","0",,"A","1","CONV","0","N"
"0206","2","500010175","0001","AUBAY VENTURINI","0",,"A","1","CONV","0","N"
"0207","1","53655174","0001","DIRIGENTI INTEGRATIVA","0",,"A","1","CONV","0","N"
"0207","2","53655175","0001","QUADRI/IMPIEGATI COMPLETA","0",,"A","1","CONV","0","N"
"0209","1","506489003","0001","BDS STANDARD","0",,"A","1","CONV","30","N"
"0209","2","506489003","0001","BDS STANDARD + GAR. AGGIUNTIVE","0",,"A","1","CONV","30","N"
"0211","1","79268540","0001","MTX QUADRI","0",,"A","1","CONV","0","N"
"0212","1","501049334","0001","STEDAN INTEGRATIVA FASI","0",,"A","1","CONV","0","N"
"0217","3",,"0001","FT2","0",,"A","1","CONV","30","N"
"0217","10",,"0001","FT5 >70","0",,"A","1","CONV","30","N"
"0218","17","72908160","0001","MT BASE UNDER 70_FORNAROLI MIC","0",,"A","1","CONV","0","N"
"0217","44","79244402","0001","FT4 >70 ING. G. LUPI","0",,"A","1","CONV","30","N"
"0217","45","79244432","0001","FT8 AUTOTRASPORTI DI A.C.G.","0",,"A","1","CONV","30","N"
"0217","46","72908498","0001","FT4 F.M. HOLDING INVESTMENTS","0",,"A","1","CONV","30","N"
"0179","39","505798994","0001","OPZ GAMMA PLUS AUTOSCOUT24 GMB","0",,"A","1","CONV","0","N"
"0179","56","506601047","0001","OPZ AC/2 BAD CHIMET","0",,"A","1","CONV","0","N"
"0217","175",,"0001","FT3 LIBRA SRL","0",,"A","1","CONV","30","N"
"0217","176","500881422","0001","FT3 EDIL NICO DI IANNIZZI NICO","0",,"A","1","CONV","30","N"
"0217","177","501049077","0001","FT3 PIANO G ENGINEERING SRL","0",,"A","1","CONV","30","N"
"0217","178","72908436","0001","FT3 CREATIVE ART SRL","0",,"A","1","CONV","30","N"
"0217","179","72908457","0001","FT4 OTTICA MASNAGHETTI SRL","0",,"A","1","CONV","30","N"
"0217","180","72908502","0001","FT3 ASIA AFRICA MARKET DI CHEN","0",,"A","1","CONV","30","N"
"0217","181","72908435","0001","FT4 L. & T. SRL","0",,"A","1","CONV","30","N"
"0023","1","501225799","0001","FASDAPI AMMINISTRATORI","0",,"A","1","CONV","30","N"
"0019","5","72908106","0001","FONDO TUTELA 04_001","0",,"A","1","CONV","30","N"
"0024","1","502493025","0001","BDS STANDARD","0",,"A","1","CONV","30","N"
"0042","1","0000000000","0003","DIPENDENTI SILVER","0",,"A","12","CONV","60","N"
"0098","299","72908451","0001","FDO TUTELA 11 CHIAMA E CENA","0",,"A","1","CONV","30","N"
"0098","300","72908452","0001","FDO TUTELA 10 MELOGRANO HOLDIN","0",,"A","1","CONV","30","N"
"0203","1","506552236","0001","QUADRI SINGLE","0",,"A","1","CONV","30","N"
"0203","2","506552236","0001","QUADRI NUCLEO 2 ASSICURATI","0",,"A","1","CONV","30","N"
"0218","22","500881414","0001","MT TOP UNDER 70_DE JAEGHER","0",,"A","1","CONV","0","N"
"0217","188","72908414","0001","FT3 S.I.R.E. ELETTRONICA","0",,"A","1","CONV","30","N"
"0217","210","79244409","0001","FT3 INT ATLANTICA TRASPORTI","0",,"A","1","CONV","30","N"
"0039","1","501049326","0001","DIRIGENTI","0",,"A","1","CONV","30","N"
"0058","1","52268035","0001","DKV OPZ. 6 EXTRA","0",,"A","1","CONV","30","N"
"0152","3","501258104","0001","JUNIOR TITOLARI","0",,"A","1","CONV","30","N"
"0152","4","501258104","0001","JUNIOR FAMILIARI","0",,"A","1","CONV","30","N"
"0217","223","72908510","0001","FT1 INT TOP DOLOMITI HOLDING","0",,"A","1","CONV","30","N"
"0036","2","72908204","0001","TINABA SRL QUADRI","0",,"A","1","CONV","30","N"
"0036","3","72908202","0001","TINABA SRL DIRIGENTI","0",,"A","1","CONV","30","N"
"0019","112","500881455","0001","FDO TUTELA 10 GELATERIA VENETA","0",,"A","1","CONV","30","N"
"0069","1","73624581","0001","AON ACCURACY Opz. III","0",,"A","1","CONV","30","N"
"0098","57","501049414","0001","FDO TUTELA 10 TRONCHINI SRL","0",,"A","1","CONV","30","N"
"0098","58","72908137","0001","FDO TUTELA 11 GENERAL TRASPORT","0",,"A","1","CONV","30","N"
"0098","59","72908156","0001","FDO TUTELA 11 TELA DI DREW SAS","0",,"A","1","CONV","30","N"
"0217","88","72908372","0001","FT4 SDM SRL","0",,"A","1","CONV","30","N"
"0217","89","72908372","0001","FT4 >70 SDM SRL","0",,"A","1","CONV","30","N"
"0218","91","72908148","0001","MT BASE UNDER 70_BRACCO","0",,"A","1","CONV","0","N"
"0218","92","72908212","0001","MT MEDIUM UNDER 70_GAGGIOLI","0",,"A","1","CONV","0","N"
"0018","1","502019510","0001","Q8 QUASER DIPENDENTI","0",,"A","1","CONV","30","N"
"0019","4","79267282","0001","FONDO TUTELA 02_001INTEGRATIVA","0",,"A","1","CONV","30","N"
"0023","2","501225799","0001","AMM. DENTARIE IN CONVENZIONE","0",,"A","1","CONV","30","N"
"0023","3","501225799","0001","AMM. DENTARIE NON CONVENZIONE","0",,"A","1","CONV","30","N"
"0023","4","501225799","0001","AMM. DENT. CONV. II SEMESTRE","0",,"A","1","CONV","30","N"
"0023","5","501225799","0001","AMM. DENT NO CONV. II SEMESTRE","0",,"A","1","CONV","30","N"
"0023","6","501225799","0001","FASDAPI DIRIGENTI","0",,"A","1","CONV","30","N"
"0023","7","501225799","0001","DIR. DENTARIE IN CONVENZIONE","0",,"A","1","CONV","30","N"
"0023","8","501225799","0001","DIR. DENTARIE NON CONVENZIONE","0",,"A","1","CONV","30","N"
"0023","9","501225799","0001","DIR. DENT. CONV. II SEMESTRE","0",,"A","1","CONV","30","N"
"0023","10","501225799","0001","DIR. DENT NO CONV. II SEMESTRE","0",,"A","1","CONV","30","N"
"0023","11","501225799","0001","FASDAPI QUADRI","0",,"A","1","CONV","30","N"
"0023","12","501225799","0001","QUADRI DENTARIE IN CONVENZIONE","0",,"A","1","CONV","30","N"
"0023","13","501225799","0001","QUAD. DENTARIE NON CONVENZIONE","0",,"A","1","CONV","30","N"
"0023","14","501225799","0001","QUADRI DENT. CONV. II SEMESTRE","0",,"A","1","CONV","30","N"
"0023","15","501225799","0001","QUA. DENT NO CONV. II SEMESTRE","0",,"A","1","CONV","30","N"
"0062","1","79903489","0001","CAMINADA COMPLETA","0",,"A","1","CONV","0","N"
"0089","1","79244418","0001","SATOR SPA","0",,"A","1","CONV","30","N"
"0089","2","79244418","0001","SATOR SPA AMMINISTRATORI","0",,"A","1","CONV","30","N"
"0090","1","72908203","0001","TINABA SRL IMPIEGATI","0",,"A","1","CONV","30","N"
"0090","2","72908204","0001","TINABA SRL QUADRI","0",,"A","1","CONV","30","N"
"0090","3","72908202","0001","TINABA SRL DIRIGENTI","0",,"A","1","CONV","30","N"
"0090","4","72908200","0001","TINABA SRL AMMINISTRATORI","0",,"A","1","CONV","30","N"
"0098","93","72908091","0001","FDO TUTELA 10 G.CONSUL SRLS","0",,"A","1","CONV","30","N"
"0098","96","72908094","0001","FDO TUTELA 10 BM IMMOBILIARE","0",,"A","1","CONV","30","N"
"0098","97","72908094","0001","FDO TUTELA 10 FINDODICI SRL","0",,"A","1","CONV","30","N"
"0098","111","72908168","0001","FDO TUTELA 12 INERTECO SRL","0",,"A","1","CONV","30","N"
"0098","124","72908215","0001","FDO TUTELA 10 AIELLO SICUSER","0",,"A","1","CONV","30","N"
"0098","125","72908222","0001","FDO TUTELA 10 FRINZI SRL","0",,"A","1","CONV","30","N"
"0098","127","72908224","0001","FDO TUTELA 10 AUTOMOTIVE SAS","0",,"A","1","CONV","30","N"
"0098","128","72908226","0001","FDO TUTELA 10 BRC SPA","0",,"A","1","CONV","30","N"
"0098","131","72908237","0001","FDO TUTELA 12 TRANSFILMS SRL","0",,"A","1","CONV","30","N"
"0098","132","72908238","0001","FDO TUTELA 10 F.LLI ROTA SRL","0",,"A","1","CONV","30","N"
"0098","140","72908266","0001","FDO TUTELA 10 OCEM SRL","0",,"A","1","CONV","30","N"
"0098","141","72908268","0001","FDO TUTELA 11 NAI SRL","0",,"A","1","CONV","30","N"
"0098","143","72908277","0001","FDO TUTELA 01 MUSIC CENTER SRL","0",,"A","1","CONV","30","N"
"0098","146","72908282","0001","FDO TUTELA 10 EUROPA SERVICE","0",,"A","1","CONV","30","N"
"0098","147","72908284","0001","FDO TUTELA 12 CROMODORA WHEELS","0",,"A","1","CONV","30","N"
"0098","148","72908287","0001","FDO TUTELA 02 INT INSER SPA","0",,"A","1","CONV","30","N"
"0098","149","72908288","0001","FDO TUTELA 10 NOVA TEK SRL","0",,"A","1","CONV","30","N"
"0098","290","72908433","0001","FDO TUTELA 11 VAMS INGEGNERIA","0",,"A","1","CONV","30","N"
"0178","1","732957564","0073","OPZ. 1","0",,"A","4","CONV","30","N"
"0178","2","732957560","0073","OPZ. 2","0",,"A","4","CONV","30","N"
"0178","3","732957563","0073","OPZ. 3","0",,"A","4","CONV","30","N"
"0178","4","732957557","0073","OPZ. 4","0",,"A","4","CONV","30","N"
"0178","5","732957558","0073","OPZ. 5","0",,"A","4","CONV","30","N"
"0178","6","732957562","0073","OPZ. 6","0",,"A","4","CONV","30","N"
"0178","7","732957561","0073","OPZ. 7","0",,"A","4","CONV","30","N"
"0178","8","730952849","0073","OPZ. 8 ITALY CLUB","0",,"A","4","CONV","30","N"
"0180","3","506552235","0001","DIRIGENTI NUCLEO 3 ASSICURATI","0",,"A","1","CONV","30","N"
"0180","4","506552235","0001","DIRIGENTI NUCLEO 4 ASSICURATI","0",,"A","1","CONV","30","N"
"0180","5","506552235","0001","DIRIGENTI NUCLEO 5 ASSICURATI","0",,"A","1","CONV","30","N"
"0180","6","506552235","0001","QUADRI SINGLE","0",,"A","1","CONV","30","N"
"0180","7","506552235","0001","QUADRI NUCLEO 2 ASSICURATI","0",,"A","1","CONV","30","N"
"0180","8","506552235","0001","QUADRI NUCLEO 3 ASSICURATI","0",,"A","1","CONV","30","N"
"0180","9","506552235","0001","DIPENDENTI SINGLE","0",,"A","1","CONV","30","N"
"0180","10","506552235","0001","DIPENDENTI CON NUCLEO","0",,"A","1","CONV","30","N"
"0178","9","553591741","0073","OPZ. 9","0",,"A","4","CONV","30","N"
"0218","34","72908469","0001","MT TOP UNDER 70_BARCELLA","0",,"A","1","CONV","0","N"
"0218","35","72908495","0001","MT BASE UNDER 70_BARESI","0",,"A","1","CONV","0","N"
"0217","87","72908391","0001","FT3 BELLAVISTA RELAX S.R.L.","0",,"A","1","CONV","30","N"
"0218","105",,"0001","MT BASE UNDER 70_FANTATO","0",,"A","1","CONV","0","N"
"0218","106",,"0001","MT BASE OVER 70_FANTATO","0",,"A","1","CONV","0","N"
"0049","1","731472975","0073","HETA DIRIGENTI","0",,"A","4","CONV","0","N"
"0056","2","253742117","0002","P&P BASE COMPLETA > 80","0",,"A","2","CONV","60","N"
"0088","146","72908456","0001","MITUTELA BASE 064","0",,"A","1","CONV","0","N"
"0178","10","553591759","0073","OPZ. 10","0",,"A","4","CONV","30","N"
"0179","31","506601079","0001","OPZ ZETA N BASE WL GORE","0",,"A","1","CONV","0","N"
"0217","42","72908427","0001","FT3 BOVE","0",,"A","1","CONV","30","N"
"0218","54","72908410","0001","MT BASE UNDER 70_VITALE","0",,"A","1","CONV","0","N"
"0217","206","501049264","0001","FT3 INT LUCAPRINT","0",,"A","1","CONV","30","N"
"0218","101","72908103","0001","MT BASE UNDER 70_PARIS","0",,"A","1","CONV","0","N"
"0217","207","79244502","0001","FT7 SANDALJ TRADING COMPANY","0",,"A","1","CONV","30","N"
"0217","208","79244379","0001","FT3 INT SANDALJ TRADINGCOMPANY","0",,"A","1","CONV","30","N"
"0217","209","79244370","0001","FT3 INT ALTO GARDA SERVIZI","0",,"A","1","CONV","30","N"
"0015","6","502019458","0001","Q8 I SEMESTRE","0",,"A","1","CONV","30","N"
"0038","74","72908320","0001","MITUTELA BASE 037","0",,"A","1","CONV","0","N"
"0098","175","72908354","0001","FDO TUTELA 12 A.M.A.N. SCPA","0",,"A","1","CONV","30","N"
"0147","1","501258016","0001","JUNIOR TITOLARI","0",,"A","1","CONV","30","N"
"0147","2","501258016","0001","JUNIOR FAMILIARI","0",,"A","1","CONV","30","N"
"0147","3","501258016","0001","SENIOR TITOLARI","0",,"A","1","CONV","30","N"
"0147","4","501258016","0001","SENIOR FAMILIARI","0",,"A","1","CONV","30","N"
"0148","1","501258060","0001","JUNIOR TITOLARI","0",,"A","1","CONV","30","N"
"0148","2","501258060","0001","JUNIOR FAMILIARI","0",,"A","1","CONV","30","N"
"0148","3","501258060","0001","SENIOR TITOLARI","0",,"A","1","CONV","30","N"
"0148","4","501258060","0001","SENIOR FAMILIARI","0",,"A","1","CONV","30","N"
"0150","1","501258104","0001","SENIOR TITOLARI","0",,"A","1","CONV","30","N"
"0150","2","501258104","0001","SENIOR FAMILIARI","0",,"A","1","CONV","30","N"
"0152","1","501258055","0001","SENIOR TITOLARI","0",,"A","1","CONV","30","N"
"0152","2","501258055","0001","SENIOR FAMILIARI","0",,"A","1","CONV","30","N"
"0098","253","72908278","0001","FDO TUTELA 05 INVEL REAL ESTAT","0",,"A","1","CONV","30","N"
"0098","318",,"0001","FDO TUTELA 06 DA UTILIZZARE","0",,"A","1","CONV","0","N"
"0098","255","79244415","0001","FDO TUTELA 08 INT INSER SPA","0",,"A","1","CONV","30","N"
"0098","256","500881471","0001","FDO TUTELA 09 MINELLE SNC","0",,"A","1","CONV","30","N"
"0177","1","52268035","0001","DKV OPZ. 6 EXTRA","0",,"A","1","CONV","30","N"
"0177","2","52268037","0001","DKV OPZ. 3 BASE","0",,"A","1","CONV","0","N"
"0217","31","79244493","0001","FT4 RIVA","0",,"A","1","CONV","30","N"
"0217","32","79244396","0001","FT3 FONTANA ERMES","0",,"A","1","CONV","30","N"
"0217","33","72908091","0001","FT3 G. CONSUL","0",,"A","1","CONV","30","N"
"0217","34","72908091","0001","FT3 >70 G. CONSUL","0",,"A","1","CONV","30","N"
"0217","35","72908405","0001","FT5 PLANETEL","0",,"A","1","CONV","30","N"
"0218","78","72908483","0001","MT BASE UNDER 70_LIBERI","0",,"A","1","CONV","0","N"
"0015","2","502019458","0001","Q8 APPARECCHIO ACUSTICO","0",,"A","1","CONV","30","N"
"0015","3","502019458","0001","Q8 NO MAX FISIOTERAPIA","0",,"A","1","CONV","30","N"
"0015","4","502019458","0001","Q8 NO MAX PSICOANALISI","0",,"A","1","CONV","30","N"
"0015","5","502019458","0001","Q8 COLON E GASTRO","0",,"A","1","CONV","30","N"
"0041","2","501671843","0001","CASSA OPZIONE B 001","0",,"A","1","CONV","0","N"
"0048","1","79903161","0001","DIRIGENTI","0",,"A","1","CONV","30","N"
"0127","1","53655174","0001","DIRIGENTI INTEGRATIVA","0",,"A","1","CONV","0","N"
"0127","2","53655175","0001","QUADRI/IMPIEGATI COMPLETA","0",,"A","1","CONV","0","N"
"0128","1","501049627","0001","QUADRI","0",,"A","1","CONV","30","N"
"0129","1","501049326","0001","DIRIGENTI","0",,"A","1","CONV","30","N"
"0129","2","501049325","0001","QUADRI","0",,"A","1","CONV","30","N"
"0130","1","501049324","0001","DIRIGENTI","0",,"A","1","CONV","30","N"
"0130","2","501049323","0001","QUADRI","0",,"A","1","CONV","30","N"
"0131","1","501049705","0001","DIRIGENTI","0",,"A","1","CONV","30","N"
"0131","2","501049710","0001","QUADRI","0",,"A","1","CONV","30","N"
"0133","1","501049334","0001","STEDAN INTEGRATIVA FASI","0",,"A","1","CONV","0","N"
"0134","1","501049338","0001","STUDIO DIANA COMPLETA","0",,"A","1","CONV","0","N"
"0098","291","72908436","0001","FDO TUTELA 10 CREATIVE ART SRL","0",,"A","1","CONV","30","N"
"0098","292","72908437","0001","FDO TUTELA 10 LI.SI SRLS","0",,"A","1","CONV","30","N"
"0166","49","506188042","0001","SOCI 58 ANNI","0",,"A","1","CONV","30","N"
"0179","47","505798909","0001","OPZ AC/4CK BAD GRANDHOTEL DINO","0",,"A","1","CONV","0","N"
"0217","94","72908193","0001","FT6 ALLROUND SRL","0",,"A","1","CONV","30","N"
"0217","95","501049274","0001","FT7 SPALENZA SRL","0",,"A","1","CONV","30","N"
"0217","96","79244434","0001","FT7 EUROTERMO SRL","0",,"A","1","CONV","30","N"
"0217","97","72908448","0001","FT5 SANDRA B SPA","0",,"A","1","CONV","30","N"
"0217","98","501049346","0001","FT4 ZECCHINI G. SRL","0",,"A","1","CONV","30","N"
"0217","99","500881451","0001","FT3 PARMA MET SPA","0",,"A","1","CONV","30","N"
"0217","135","72908112","0001","FT5 >70 ATET AZ.TORINESE ELETT","0",,"A","1","CONV","30","N"
"0217","136","500881406","0001","FT3 G.M.O. SRL","0",,"A","1","CONV","30","N"
"0217","137","500881406","0001","FT3 >70 G.M.O. SRL","0",,"A","1","CONV","30","N"
"0217","138","72908499","0001","FT4 AIRCOMP SRL","0",,"A","1","CONV","30","N"
"0217","139","501049260","0001","FT8 D.T.E. DESIGN TECNOLOGY EN","0",,"A","1","CONV","30","N"
"0217","140","72908092","0001","FT3 >70 TITANOX SRL","0",,"A","1","CONV","30","N"
"0217","141","72908335","0001","FT4 >70 DI PROSPERO ING. VALTE","0",,"A","1","CONV","30","N"
"0217","142","72908299","0001","FT3 SFE SRL","0",,"A","1","CONV","30","N"
"0217","143","72908113","0001","FT3 RAGGIO SRL","0",,"A","1","CONV","30","N"
"0217","144","72908364","0001","FT3 EVIMERIA SRL","0",,"A","1","CONV","30","N"
"0217","145","72908474","0001","FT3 GUIDI SAS","0",,"A","1","CONV","30","N"
"0217","169","500881471","0001","FT1 >70 MINELLE ARREDAMENTI SN","0",,"A","1","CONV","30","N"
"0217","195","72908336","0001","FT3 TEA ENERGIE","0",,"A","1","CONV","30","N"
"0217","196","72908336","0001","FT3 >70 TEA ENERGIE","0",,"A","1","CONV","30","N"
"0218","97","72908393","0001","MT MEDIUM UNDER 70_FROSINA","0",,"A","1","CONV","0","N"
"0218","98","500881446","0001","MT BASE UNDER 70_STERZA","0",,"A","1","CONV","0","N"
"0218","99","72908357","0001","MT BASE UNDER 70_VAGLIENTI","0",,"A","1","CONV","0","N"
"0218","100","72908260","0001","MT BASE UNDER 70_LEGRENZI","0",,"A","1","CONV","0","N"
"0217","197","72908360","0001","FT3 TECNO SALD","0",,"A","1","CONV","30","N"
"0217","198","500881413","0001","FT3 >70 LIVI","0",,"A","1","CONV","30","N"
"0217","199","72908222","0001","FT3 FRINZI","0",,"A","1","CONV","30","N"
"0217","200","501049419","0001","FT4 IMPERIA SUITE ROME","0",,"A","1","CONV","30","N"
"0217","201","72908418","0001","FT3 INSIDE TRAVEL","0",,"A","1","CONV","30","N"
"0217","202","72908177","0001","FT3 TGM INTERNATIONAL","0",,"A","1","CONV","30","N"
"0217","203","79244506","0001","FT3 INT DIAMALTERIA ITALIANA","0",,"A","1","CONV","30","N"
"0217","204","72908309","0001","FT7 INSER","0",,"A","1","CONV","30","N"
"0019","3","72908178","0001","FONDO TUTELA 01_001INTEGRATIVA","0",,"A","1","CONV","30","N"
"0053","7","66312902","0001","FUNZIONARI NUCLEO 2 PERSONE","0",,"A","1","CONV","0","N"
"0053","8","66312902","0001","FUNZIONARI NUCLEO 3 PERSONE","0",,"A","1","CONV","0","N"
"0053","9","66312902","0001","FUNZIONARI NUCLEO 4 PERSONE","0",,"A","1","CONV","0","N"
"0053","10","66312902","0001","FUNZIONARI NUCLEO 5 PERSONE","0",,"A","1","CONV","0","N"
"0005","6","73624569","0001","AON OPZ III Bis 73624569","0",,"A","1","CONV","30","S"
"0166","30","506188042","0001","SOCI 39 ANNI","0",,"A","1","CONV","30","N"
"0166","31","506188042","0001","SOCI 40 ANNI","0",,"A","1","CONV","30","N"
"0166","32","506188042","0001","SOCI 41 ANNI","0",,"A","1","CONV","30","N"
"0217","1",,"0001","FT1","0",,"A","1","CONV","30","N"
"0217","2",,"0001","FT1 >70","0",,"A","1","CONV","30","N"
"0218","11","72908216","0001","MT MEDIUM UNDER 70_ACETI","0",,"A","1","CONV","0","N"
"0218","26","500881497","0001","MT MEDIUM UNDER 70_BIAGINI","0",,"A","1","CONV","0","N"
"0218","27","72908484","0001","MT MEDIUM UNDER 70_ALBERTINI","0",,"A","1","CONV","0","N"
"0179","74","506601127","0001","OPZ GKNQ GKN HYDROGEN","0",,"A","1","CONV","0","N"
"0182","4","506270817","0001","FUNZIONARI NUCLEO 3 PERSONE","0",,"A","1","CONV","0","N"
"0217","221","72908450","0001","FT3 MAGGIONI TYPE","0",,"A","1","CONV","30","N"
"0217","222","72908492","0001","FT4 PENELOPE","0",,"A","1","CONV","30","N"
"0019","10","72908211","0001","FONDO TUTELA 14_001","0",,"A","1","CONV","30","N"
"0098","307","72908464","0001","FDO TUTELA 10 GEREVINI SRL","0",,"A","1","CONV","30","N"
"0218","47","72908384","0001","MT MEDIUM UNDER 70_DE CAPRIO","0",,"A","1","CONV","0","N"
"0179","52","505798889","0001","OPZ AC/4 BAD PELLETTERIE MILAN","0",,"A","1","CONV","0","N"
"0179","53","506601008","0001","OPZ AC/3 BAD IN PROGRESS","0",,"A","1","CONV","0","N"
"0179","54","505798888","0001","OPZ AI/3 BAD IMPULSE DYNAMICS","0",,"A","1","CONV","0","N"
"0019","77","72908317","0001","FONDO TUTELA 12_004","0",,"A","1","CONV","30","N"
"0019","78","72908065","0001","FONDO TUTELA 12_005","0",,"A","1","CONV","30","N"
"0019","84","79244481","0001","FONDO TUTELA 14_005","0",,"A","1","CONV","30","N"
"0019","85","500881416","0001","FONDO TUTELA 14_006","0",,"A","1","CONV","30","N"
"0088","157","72908484","0001","MITUTELA MEDIUM 073","0",,"A","1","CONV","0","N"
"0088","158","72908487","0001","MITUTELA BASE 065","0",,"A","1","CONV","0","N"
"0041","13","505134323","0001","CASSA OPZIONE B 002","0",,"A","1","CONV","0","N"
"0041","14","501049081","0001","CASSA OPZIONE C 002","0",,"A","1","CONV","0","N"
"0041","15","501049555","0001","CASSA OPZIONE C 003","0",,"A","1","CONV","0","N"
"0041","16","501671934","0001","CASSA OPZIONE C 004","0",,"A","1","CONV","0","N"
"0041","17","501049327","0001","CASSA OPZIONE A INT 002","0",,"A","1","CONV","0","N"
"0041","18","501049515","0001","CASSA OPZIONE A INT 003","0",,"A","1","CONV","0","N"
"0049","3","731472971","0073","HETA IPOTESI A 1/2","0",,"A","4","CONV","0","N"
"0055","1","500910615","0001","DIPENDENTI","0",,"A","1","CONV","30","N"
"0056","13","253742119","0002","P&P AZIENDE COMPLETA 1P","0",,"A","2","CONV","60","N"
"0056","12","253742118","0002","P&P PLUS INTEGRATIVA 3P","0",,"A","2","CONV","60","N"
"0019","128","72908226","0001","FDO TUTELA 10 BRC SPA","0",,"A","1","CONV","30","N"
"0019","129","72908228","0001","FDO TUTELA 10 R&F SRL","0",,"A","1","CONV","30","N"
"0019","130","72908231","0001","FDO TUTELA 10 ECOTERM SRL","0",,"A","1","CONV","30","N"
"0038","56","72908232","0001","MITUTELA MEDIUM 029","0",,"A","1","CONV","0","N"
"0019","131","72908237","0001","FDO TUTELA 12 TRANSFILMS SNC","0",,"A","1","CONV","30","N"
"0019","132","72908238","0001","FDO TUTELA 10 F.LLI ROTA SRL","0",,"A","1","CONV","30","N"
"0019","133","72908240","0001","FDO TUTELA 10 CENTRO RIPARAZIO","0",,"A","1","CONV","30","N"
"0019","134","72908241","0001","FDO TUTELA 13 MONTAGNA2000 SPA","0",,"A","1","CONV","30","N"
"0019","135","72908243","0001","FDO TUTELA 10 SYSMA ELETTRONIC","0",,"A","1","CONV","30","N"
"0038","58","72908255","0001","MITUTELA BASE 024","0",,"A","1","CONV","0","N"
"0038","59","72908258","0001","MITUTELA MEDIUM 030","0",,"A","1","CONV","0","N"
"0038","60","72908259","0001","MITUTELA BASE 025","0",,"A","1","CONV","0","N"
"0038","61","72908260","0001","MITUTELA BASE 026","0",,"A","1","CONV","0","N"
"0038","62","72908261","0001","MITUTELA BASE 027","0",,"A","1","CONV","0","N"
"0038","63","72908262","0001","MITUTELA MEDIUM 031","0",,"A","1","CONV","0","N"
"0019","138","72908264","0001","FDO TUTELA 10 IMM.RE MI.S.TO","0",,"A","1","CONV","30","N"
"0019","139","72908265","0001","FDO TUTELA 11 TUSCODI SRL","0",,"A","1","CONV","30","N"
"0019","140","72908266","0001","FDO TUTELA 10 OCEM SRL","0",,"A","1","CONV","30","N"
"0019","141","72908268","0001","FDO TUTELA 11 NAI SRL","0",,"A","1","CONV","30","N"
"0019","142","72908269","0001","FDO TUTELA 11 EEN 22 SRL","0",,"A","1","CONV","30","N"
"0038","64","72908271","0001","MITUTELA BASE 028","0",,"A","1","CONV","0","N"
"0038","65","72908275","0001","MITUTELA BASE 029","0",,"A","1","CONV","0","N"
"0019","143","72908277","0001","FDO TUTELA 01 MUSIC CENTER SRL","0",,"A","1","CONV","30","N"
"0019","144","72908280","0001","FDO TUTELA 10 LEGGERE E VIAGGI","0",,"A","1","CONV","30","N"
"0019","145","72908281","0001","FDO TUTELA 10 T ERRE SRL","0",,"A","1","CONV","30","N"
"0019","146","72908282","0001","FDO TUTELA 10 EUROPA SERVICE","0",,"A","1","CONV","30","N"
"0098","63","72908244","0001","FDO TUTELA 11 CESAG SRL","0",,"A","1","CONV","30","N"
"0098","64","72908267","0001","FDO TUTELA 11 BORGARELLI SAS","0",,"A","1","CONV","30","N"
"0114","1","73624581","0001","ACCURACY Opz. III","0",,"A","1","CONV","30","N"
"0114","2","73624580","0001","ACCURACY Opz. III Bis","0",,"A","1","CONV","30","N"
"0116","1","501049436","0001","GLOBAL SAFE IMPIEGATI","0",,"A","1","CONV","30","N"
"0118","1","501049438","0001","PREVILINE IMPIEGATI","0",,"A","1","CONV","30","N"
"0119","1","501049440","0001","US IMPIEGATI","0",,"A","1","CONV","30","N"
"0119","2","501049442","0001","US QUADRI","0",,"A","1","CONV","30","N"
"0120","1","501049444","0001","MUTUA MED IMPIEGATI","0",,"A","1","CONV","30","N"
"0122","1","733029602","0073","NATISSA QUADRI DIRETTIVI 3/4","0",,"A","4","CONV","0","N"
"0122","2","733029605","0073","NATISSA IPOTESI A 1/2","0",,"A","4","CONV","0","N"
"0123","1","501595790","0001","JDS RE HOLDING IMPIEGATI","0",,"A","1","CONV","0","N"
"0123","2","501595790","0001","JDS RE HOLDING QUADRI","0",,"A","1","CONV","0","N"
"0144","1","501049088","0001","DENTONS","0",,"A","1","CONV","0","N"
"0088","126","72908333","0001","MITUTELA MEDIUM 054","0",,"A","1","CONV","0","N"
"0098","294","72908442","0001","FDO TUTELA 04 PROGETTO SRL","0",,"A","1","CONV","30","N"
"0098","322","72908500","0001","FDO TUTELA 10 PROMO POWER 24","0",,"A","1","CONV","30","N"
"0098","323","72908502","0001","FDO TUTELA 10 ASIA AFRICA MARK","0",,"A","1","CONV","30","N"
"0166","19","506188042","0001","SOCI 28 ANNI","0",,"A","1","CONV","30","N"
"0023","17","501225800","0001","DENTARIE INTEGRATIVA DIRIGENTI","0",,"A","1","CONV","30","N"
"0028","2","501258058","0001","SENIOR FAMILIARI","0",,"A","1","CONV","30","N"
"0029","1","501258104","0001","SENIOR TITOLARI","0",,"A","1","CONV","30","N"
"0029","2","501258104","0001","SENIOR FAMILIARI","0",,"A","1","CONV","30","N"
"0037","2","501671700","0001","POLIZIA LOCALE BOLOGNA","0",,"A","1","CONV","30","N"
"0040","4","500881464","0001","SOLO TIT. RICOVERO < 2.000,01","0",,"A","1","CONV","0","N"
"0040","5","500881464","0001","SOLO TIT. RICO 2000,01-5000,00","0",,"A","1","CONV","0","N"
"0040","6","500881464","0001","SOLO TIT. RICOVERO > 5.000,00","0",,"A","1","CONV","0","N"
"0038","107","500881447","0001","MITUTELA BASE 054","0",,"A","1","CONV","0","N"
"0098","80","72908181","0001","FDO TUTELA 13 OMEGA SOC. COOP.","0",,"A","1","CONV","30","N"
"0098","260","72908414","0001","FDO TUTELA 10 SIRE ELETTRONICA","0",,"A","1","CONV","30","N"
"0098","281","72908422","0001","FDO TUTELA 10 BRT HOTELS","0",,"A","1","CONV","30","N"
"0098","282","72908424","0001","FDO TUTELA 11 VUEMME SRL","0",,"A","1","CONV","30","N"
"0098","311","72908467","0001","FDO TUTELA 11 LOLLI CERES SRL","0",,"A","1","CONV","30","N"
"0174","1","74680257","0001","DIOR DIPENDENTI COMPLETA","0",,"A","1","CONV","30","N"
"0174","2","74680257","0001","DIOR DIPENDENTI INTEGRATIVA","0",,"A","1","CONV","30","N"
"0174","3","74680263","0001","DIOR DIRIGENTI","0",,"A","1","CONV","30","N"
"0174","4","74680257","0001","DIOR QUADRI INTEGRATIVA","0",,"A","1","CONV","30","N"
"0218","1","72908160","0001","MITUTELA BASE UNDER 70","0",,"A","1","CONV","0","N"
"0218","9","72908195","0001","MT MEDIUM UNDER 70_CURIEL","0",,"A","1","CONV","0","N"
"0218","10","72908355","0001","MT BASE UNDER 70_FEDELI","0",,"A","1","CONV","0","N"
"0218","12","72908194","0001","MT MEDIUM OVER 70_MARINI","0",,"A","1","CONV","0","N"
"0179","24","505798989","0001","OPZ AC2NCK BAD INTERSYSTEMS","0",,"A","1","CONV","0","N"
"0217","146","72908119","0001","FT3 MILAGRI SRL","0",,"A","1","CONV","30","N"
"0217","147","72908416","0001","FT3 IRQ10 SRL","0",,"A","1","CONV","30","N"
"0217","148","500881410","0001","FT3 I.Q.S. SRL","0",,"A","1","CONV","30","N"
"0217","224","72908510","0001","FT1 INT TOP DOLOMITI ENERGIA","0",,"A","1","CONV","30","N"
"0019","1","72908135","0001","FDO TUTELA 01 EURASIA MOTOR CO","0",,"A","1","CONV","30","N"
"0045","1","501049627","0001","QUADRI","0",,"A","1","CONV","30","N"
"0098","74","501049353","0001","FDO TUTELA 11 P.F.B. SRL","0",,"A","1","CONV","30","N"
"0098","75","72908225","0001","FDO TUTELA 12 COMMI SRL","0",,"A","1","CONV","30","N"
"0098","77","72908317","0001","FDO TUTELA 12 ELANGRILL SRL","0",,"A","1","CONV","30","N"
"0098","78","72908065","0001","FDO TUTELA 12 INVEL REAL ESTAT","0",,"A","1","CONV","30","N"
"0098","81","72908274","0001","FDO TUTELA 14 DELTAINFORMATICA","0",,"A","1","CONV","30","N"
"0098","164","72908330","0001","FDO TUTELA 10 MADAMA OLIVA SRL","0",,"A","1","CONV","30","N"
"0154","3","501258058","0001","JUNIOR TITOLARI","0",,"A","1","CONV","30","N"
"0154","4","501258058","0001","JUNIOR FAMILIARI","0",,"A","1","CONV","30","N"
"0150","3","501258104","0001","JUNIOR TITOLARI","0",,"A","1","CONV","30","N"
"0150","4","501258104","0001","JUNIOR FAMILIARI","0",,"A","1","CONV","30","N"
"0098","142","72908269","0001","FDO TUTELA 11 EEN 22 SRL","0",,"A","1","CONV","30","N"
"0098","145","72908281","0001","FDO TUTELA 10 T ERRE SRL","0",,"A","1","CONV","30","N"
"0098","284","72908418","0001","FDO TUTELA 10 INSIDE TRAVEL","0",,"A","1","CONV","30","N"
"0184","1","505280678","0001","Q8","0",,"A","1","CONV","30","N"
"0184","2","505280678","0001","Q8 APPARECCHIO ACUSTICO","0",,"A","1","CONV","30","N"
"0184","3","505280678","0001","Q8 NO MAX FISIOTERAPIA","0",,"A","1","CONV","30","N"
"0184","4","505280678","0001","Q8 NO MAX PSICOANALISI","0",,"A","1","CONV","30","N"
"0184","5","505280678","0001","Q8 COLON E GASTRO","0",,"A","1","CONV","30","N"
"0208","1","500910615","0001","DIPENDENTI","0",,"A","1","CONV","30","N"
"0210","1","506528314","0001","J INVEST IMPIEGATI","0",,"A","1","CONV","0","N"
"0210","2","506528314","0001","J INVEST QUADRI","0",,"A","1","CONV","0","N"
"0213","1","79903489","0001","CAMINADA COMPLETA","0",,"A","1","CONV","0","N"
"0213","2","79903489","0001","CAMINADA INTEGRATIVA","0",,"A","1","CONV","0","N"
"0214","1","501595790","0001","JDS RE HOLDING IMPIEGATI","0",,"A","1","CONV","0","N"
"0214","2","501595790","0001","JDS RE HOLDING QUADRI","0",,"A","1","CONV","0","N"
"0217","27","79244403","0001","FT4 WATER CONSULTING MGMT","0",,"A","1","CONV","30","N"
"0218","16","72908368","0001","MT BASE UNDER 70_BERLUCCHI ROB","0",,"A","1","CONV","0","N"
"0179","37","505798892","0001","OPZ AI/EST/4CK BASE PALO ALTO","0",,"A","1","CONV","0","N"
"0217","72","79244389","0001","FT7 NUMMUS.INFO","0",,"A","1","CONV","30","N"
"0217","73","72908423","0001","FT7 SEAC FIN","0",,"A","1","CONV","30","N"
"0217","133","500881411","0001","FT3 >70 STAMPERIA DEL SEMPIONE","0",,"A","1","CONV","30","N"
"0217","174","500881409","0001","FT3 PUATO & ZOTTA SNC","0",,"A","1","CONV","30","N"
"0088","2","72908088","0001","MITUTELA MEDIUM 001","0",,"A","1","CONV","0","N"
"0088","3","72908163","0001","MITUTELA TOP 001","0",,"A","1","CONV","0","N"
"0088","4","72908085","0001","MITUTELA VIP 001","0",,"A","1","CONV","0","N"
"0088","5","500881414","0001","MITUTELA 12 001","0",,"A","1","CONV","0","N"
"0088","6","72908160","0001","MITUTELA BASE 002","0",,"A","1","CONV","0","N"
"0088","7","72908167","0001","MITUTELA BASE 003","0",,"A","1","CONV","0","N"
"0088","8","72908253","0001","MITUTELA BASE 004","0",,"A","1","CONV","0","N"
"0088","9","72908257","0001","MITUTELA BASE 005","0",,"A","1","CONV","0","N"
"0088","10","72908321","0001","MITUTELA BASE 006","0",,"A","1","CONV","0","N"
"0088","11","500881474","0001","MITUTELA BASE 007","0",,"A","1","CONV","0","N"
"0088","12","500881488","0001","MITUTELA BASE 008","0",,"A","1","CONV","0","N"
"0088","13","72908151","0001","MITUTELA MEDIUM 002","0",,"A","1","CONV","0","N"
"0088","14","72908159","0001","MITUTELA MEDIUM 003","0",,"A","1","CONV","0","N"
"0088","15","72908165","0001","MITUTELA MEDIUM 004","0",,"A","1","CONV","0","N"
"0088","16","72908216","0001","MITUTELA MEDIUM 005","0",,"A","1","CONV","0","N"
"0088","17","72908220","0001","MITUTELA MEDIUM 006","0",,"A","1","CONV","0","N"
"0088","18","72908263","0001","MITUTELA MEDIUM 007","0",,"A","1","CONV","0","N"
"0088","19","72908294","0001","MITUTELA MEDIUM 008","0",,"A","1","CONV","0","N"
"0088","20","72908310","0001","MITUTELA MEDIUM 009","0",,"A","1","CONV","0","N"
"0088","22","72908314","0001","MITUTELA MEDIUM 011","0",,"A","1","CONV","0","N"
"0088","23","72908334","0001","MITUTELA MEDIUM 012","0",,"A","1","CONV","0","N"
"0088","24","72908337","0001","MITUTELA MEDIUM 013","0",,"A","1","CONV","0","N"
"0088","25","72908343","0001","MITUTELA MEDIUM 014","0",,"A","1","CONV","0","N"
"0088","26","500881449","0001","MITUTELA MEDIUM 015","0",,"A","1","CONV","0","N"
"0088","27","72908251","0001","MITUTELA VIP 002","0",,"A","1","CONV","0","N"
"0088","28","72908074","0001","MITUTELA BASE 009","0",,"A","1","CONV","0","N"
"0088","29","72908075","0001","MITUTELA MEDIUM 016","0",,"A","1","CONV","0","N"
"0088","30","72908076","0001","MITUTELA BASE 010","0",,"A","1","CONV","0","N"
"0088","31","72908078","0001","MITUTELA TOP 002","0",,"A","1","CONV","0","N"
"0088","32","72908086","0001","MITUTELA MEDIUM 017","0",,"A","1","CONV","0","N"
"0088","33","72908087","0001","MITUTELA MEDIUM 018","0",,"A","1","CONV","0","N"
"0088","34","72908098","0001","MITUTELA BASE 011","0",,"A","1","CONV","0","N"
"0088","36","72908102","0001","MITUTELA BASE 013","0",,"A","1","CONV","0","N"
"0088","37","72908103","0001","MITUTELA BASE 014","0",,"A","1","CONV","0","N"
"0088","38","72908114","0001","MITUTELA MEDIUM 019","0",,"A","1","CONV","0","N"
"0088","39","72908115","0001","MITUTELA BASE 015","0",,"A","1","CONV","0","N"
"0088","40","72908126","0001","MITUTELA MEDIUM 020","0",,"A","1","CONV","0","N"
"0088","41","72908129","0001","MITUTELA BASE 016","0",,"A","1","CONV","0","N"
"0088","42","72908130","0001","MITUTELA BASE 017","0",,"A","1","CONV","0","N"
"0088","44","72908144","0001","MITUTELA BASE 018","0",,"A","1","CONV","0","N"
"0088","45","72908148","0001","MITUTELA BASE 019","0",,"A","1","CONV","0","N"
"0088","46","72908149","0001","MITUTELA BASE 020","0",,"A","1","CONV","0","N"
"0088","47","72908154","0001","MITUTELA MEDIUM 022","0",,"A","1","CONV","0","N"
"0088","48","72908164","0001","MITUTELA MEDIUM 023","0",,"A","1","CONV","0","N"
"0088","50","72908194","0001","MITUTELA MEDIUM 024","0",,"A","1","CONV","0","N"
"0088","51","72908195","0001","MITUTELA MEDIUM 025","0",,"A","1","CONV","0","N"
"0088","52","72908201","0001","MITUTELA MEDIUM 026","0",,"A","1","CONV","0","N"
"0088","53","72908212","0001","MITUTELA MEDIUM 027","0",,"A","1","CONV","0","N"
"0088","54","72908218","0001","MITUTELA BASE 022","0",,"A","1","CONV","0","N"
"0088","55","72908221","0001","MITUTELA MEDIUM 028","0",,"A","1","CONV","0","N"
"0088","56","72908232","0001","MITUTELA MEDIUM 029","0",,"A","1","CONV","0","N"
"0088","57","72908250","0001","MITUTELA BASE 023","0",,"A","1","CONV","0","N"
"0088","58","72908255","0001","MITUTELA BASE 024","0",,"A","1","CONV","0","N"
"0088","59","72908258","0001","MITUTELA MEDIUM 030","0",,"A","1","CONV","0","N"
"0088","60","72908259","0001","MITUTELA BASE 025","0",,"A","1","CONV","0","N"
"0088","61","72908260","0001","MITUTELA BASE 026","0",,"A","1","CONV","0","N"
"0088","62","72908261","0001","MITUTELA BASE 027","0",,"A","1","CONV","0","N"
"0088","63","72908262","0001","MITUTELA MEDIUM 031","0",,"A","1","CONV","0","N"
"0088","64","72908271","0001","MITUTELA BASE 028","0",,"A","1","CONV","0","N"
"0088","66","72908293","0001","MITUTELA BASE 030","0",,"A","1","CONV","0","N"
"0088","67","72908295","0001","MITUTELA BASE 031","0",,"A","1","CONV","0","N"
"0088","68","72908296","0001","MITUTELA BASE 032","0",,"A","1","CONV","0","N"
"0088","69","72908298","0001","MITUTELA BASE 033","0",,"A","1","CONV","0","N"
"0088","70","72908305","0001","MITUTELA BASE 034","0",,"A","1","CONV","0","N"
"0088","71","72908307","0001","MITUTELA BASE 035","0",,"A","1","CONV","0","N"
"0088","72","72908311","0001","MITUTELA BASE 036","0",,"A","1","CONV","0","N"
"0088","73","72908312","0001","MITUTELA TOP 003","0",,"A","1","CONV","0","N"
"0088","74","72908320","0001","MITUTELA BASE 037","0",,"A","1","CONV","0","N"
"0088","75","72908333","0001","MITUTELA BASE 038","0",,"A","1","CONV","0","N"
"0088","76","72908338","0001","MITUTELA MEDIUM 032","0",,"A","1","CONV","0","N"
"0088","77","72908345","0001","MITUTELA BASE 039","0",,"A","1","CONV","0","N"
"0088","78","72908347","0001","MITUTELA BASE 040","0",,"A","1","CONV","0","N"
"0088","79","72908348","0001","MITUTELA MEDIUM 033","0",,"A","1","CONV","0","N"
"0088","80","72908349","0001","MITUTELA MEDIUM 034","0",,"A","1","CONV","0","N"
"0088","81","72908350","0001","MITUTELA MEDIUM 035","0",,"A","1","CONV","0","N"
"0088","82","72908353","0001","MITUTELA MEDIUM 036","0",,"A","1","CONV","0","N"
"0088","83","72908355","0001","MITUTELA BASE 041","0",,"A","1","CONV","0","N"
"0088","84","72908356","0001","MITUTELA BASE 042","0",,"A","1","CONV","0","N"
"0088","85","72908357","0001","MITUTELA BASE 043","0",,"A","1","CONV","0","N"
"0088","86","72908358","0001","MITUTELA MEDIUM 037","0",,"A","1","CONV","0","N"
"0088","87","72908362","0001","MITUTELA MEDIUM 038","0",,"A","1","CONV","0","N"
"0088","88","72908363","0001","MITUTELA BASE 044","0",,"A","1","CONV","0","N"
"0088","89","72908368","0001","MITUTELA MEDIUM 039","0",,"A","1","CONV","0","N"
"0088","90","72908369","0001","MITUTELA BASE 045","0",,"A","1","CONV","0","N"
"0088","91","72908370","0001","MITUTELA BASE 046","0",,"A","1","CONV","0","N"
"0088","92","72908373","0001","MITUTELA MEDIUM 040","0",,"A","1","CONV","0","N"
"0088","93","72908375","0001","MITUTELA BASE 047","0",,"A","1","CONV","0","N"
"0088","94","72908380","0001","MITUTELA MEDIUM 041","0",,"A","1","CONV","0","N"
"0088","95","72908383","0001","MITUTELA MEDIUM 042","0",,"A","1","CONV","0","N"
"0088","96","72908384","0001","MITUTELA MEDIUM 043","0",,"A","1","CONV","0","N"
"0088","97","72908385","0001","MITUTELA BASE 048","0",,"A","1","CONV","0","N"
"0088","98","72908392","0001","MITUTELA BASE 049","0",,"A","1","CONV","0","N"
"0088","99","72908393","0001","MITUTELA MEDIUM 044","0",,"A","1","CONV","0","N"
"0088","100","72908339","0001","MITUTELA VIP 003","0",,"A","1","CONV","0","N"
"0088","101","500881439","0001","MITUTELA MEDIUM 045","0",,"A","1","CONV","0","N"
"0088","102","500881440","0001","MITUTELA VIP 004","0",,"A","1","CONV","0","N"
"0088","103","500881443","0001","MITUTELA BASE 050","0",,"A","1","CONV","0","N"
"0088","104","500881444","0001","MITUTELA BASE 051","0",,"A","1","CONV","0","N"
"0088","105","500881445","0001","MITUTELA BASE 052","0",,"A","1","CONV","0","N"
"0088","106","500881446","0001","MITUTELA BASE 053","0",,"A","1","CONV","0","N"
"0088","107","500881447","0001","MITUTELA BASE 054","0",,"A","1","CONV","0","N"
"0088","108","500881450","0001","MITUTELA TOP 004","0",,"A","1","CONV","0","N"
"0088","110","500881884","0001","MITUTELA TOP 006","0",,"A","1","CONV","0","N"
"0088","111","501049273","0001","MITUTELA TOP 007","0",,"A","1","CONV","0","N"
"0088","112","501049349","0001","MITUTELA TOP 008","0",,"A","1","CONV","0","N"
"0088","113","501049269","0001","MITUTELA VIP 005","0",,"A","1","CONV","0","N"
"0088","114","500881479","0001","MITUTELA BASE 055","0",,"A","1","CONV","0","N"
"0088","115","500881492","0001","MITUTELA BASE 056","0",,"A","1","CONV","0","N"
"0088","116","500881493","0001","MITUTELA BASE 057","0",,"A","1","CONV","0","N"
"0088","117","500881883","0001","MITUTELA BASE 058","0",,"A","1","CONV","0","N"
"0088","118","500881497","0001","MITUTELA MEDIUM 046","0",,"A","1","CONV","0","N"
"0088","119","500881885","0001","MITUTELA MEDIUM 047","0",,"A","1","CONV","0","N"
"0088","120","500881886","0001","MITUTELA MEDIUM 048","0",,"A","1","CONV","0","N"
"0088","121","501049078","0001","MITUTELA MEDIUM 049","0",,"A","1","CONV","0","N"
"0088","122","501049176","0001","MITUTELA MEDIUM 050","0",,"A","1","CONV","0","N"
"0088","123","501049270","0001","MITUTELA MEDIUM 051","0",,"A","1","CONV","0","N"
"0088","124","501049272","0001","MITUTELA MEDIUM 052","0",,"A","1","CONV","0","N"
"0088","125","501049276","0001","MITUTELA MEDIUM 053","0",,"A","1","CONV","0","N"
"0098","306","72908461","0001","FDO TUTELA 10 MARMI VRECH SRL","0",,"A","1","CONV","30","N"
"0049","4","731472971","0073","HETA IPOTESI B 1/2","0",,"A","4","CONV","0","N"
"0056","6","253742118","0002","P&P PLUS COMPLETA 2P","0",,"A","2","CONV","60","N"
"0088","156","72908484","0001","MITUTELA MEDIUM 072","0",,"A","1","CONV","0","N"
"0217","128","72908266","0001","FT3 OCEM SRL","0",,"A","1","CONV","30","N"
"0020","1","74680257","0001","DIOR DIPENDENTI COMPLETA","0",,"A","1","CONV","30","N"
"0030","1","501258086","0001","SENIOR TITOLARI","0",,"A","1","CONV","30","N"
"0030","2","501258086","0001","SENIOR FAMILIARI","0",,"A","1","CONV","30","N"
"0031","1","501258055","0001","SENIOR TITOLARI","0",,"A","1","CONV","30","N"
"0031","2","501258055","0001","SENIOR FAMILIARI","0",,"A","1","CONV","30","N"
"0032","1","0000000000","0003","DIPENDENTI","0",,"A","12","CONV","30","N"
"0033","1","501258075","0001","SENIOR TITOLARI","0",,"A","1","CONV","30","N"
"0033","2","501258075","0001","SENIOR FAMILIARI","0",,"A","1","CONV","30","N"
"0038","4","72908085","0001","MITUTELA VIP 001","0",,"A","1","CONV","0","N"
"0038","22","72908314","0001","MITUTELA MEDIUM 011","0",,"A","1","CONV","0","N"
"0038","23","72908334","0001","MITUTELA MEDIUM 012","0",,"A","1","CONV","0","N"
"0038","24","72908337","0001","MITUTELA MEDIUM 013","0",,"A","1","CONV","0","N"
"0038","25","72908343","0001","MITUTELA MEDIUM 014","0",,"A","1","CONV","0","N"
"0038","26","500881449","0001","MITUTELA MEDIUM 015","0",,"A","1","CONV","0","N"
"0038","27","72908251","0001","MITUTELA VIP 002","0",,"A","1","CONV","0","N"
"0019","136","72908248","0001","FDO TUTELA 13 BAICAR SRL","0",,"A","1","CONV","30","N"
"0038","57","72908250","0001","MITUTELA BASE 023","0",,"A","1","CONV","0","N"
"0019","137","72908254","0001","FDO TUTELA 11 ROMA FOOD SRL","0",,"A","1","CONV","30","N"
"0038","67","72908295","0001","MITUTELA BASE 031","0",,"A","1","CONV","0","N"
"0038","68","72908296","0001","MITUTELA BASE 032","0",,"A","1","CONV","0","N"
"0038","69","72908298","0001","MITUTELA BASE 033","0",,"A","1","CONV","0","N"
"0038","95","72908383","0001","MITUTELA MEDIUM 042","0",,"A","1","CONV","0","N"
"0038","96","72908384","0001","MITUTELA MEDIUM 043","0",,"A","1","CONV","0","N"
"0038","97","72908385","0001","MITUTELA BASE 048","0",,"A","1","CONV","0","N"
"0038","98","72908392","0001","MITUTELA BASE 049","0",,"A","1","CONV","0","N"
"0038","99","72908393","0001","MITUTELA MEDIUM 044","0",,"A","1","CONV","0","N"
"0038","100","72908339","0001","MITUTELA VIP 003","0",,"A","1","CONV","0","N"
"0038","101","500881439","0001","MITUTELA MEDIUM 045","0",,"A","1","CONV","0","N"
"0038","102","500881440","0001","MITUTELA VIP 004","0",,"A","1","CONV","0","N"
"0019","204","79244432","0001","FDO TUTELA 13 AUTOTRASPORTI SR","0",,"A","1","CONV","30","N"
"0019","205","79244434","0001","FDO TUTELA 01 EUROTERMO","0",,"A","1","CONV","30","N"
"0019","206","79244437","0001","FDO TUTELA 01 INT SET DISTRIBU","0",,"A","1","CONV","30","N"
"0019","207","79244438","0001","FDO TUTELA 01 INT DOLOMITI ENE","0",,"A","1","CONV","30","N"
"0019","208","79244493","0001","FDO TUTELA 11 RIVA SRL","0",,"A","1","CONV","30","N"
"0019","209","79267281","0001","FDO TUTELA 02 INT INVEL REAL E","0",,"A","1","CONV","30","N"
"0019","210","79267286","0001","FDO TUTELA 10 ITIB SRL","0",,"A","1","CONV","30","N"
"0019","211","79267287","0001","FDO TUTELA 14 ITIB SRL","0",,"A","1","CONV","30","N"
"0019","212","500881406","0001","FDO TUTELA 10 G.M.O. SRL","0",,"A","1","CONV","30","N"
"0019","213","500881409","0001","FDO TUTELA 10 PUATO & ZOTTA","0",,"A","1","CONV","30","N"
"0019","214","500881410","0001","FDO TUTELA 10 I.Q.S. SRL","0",,"A","1","CONV","30","N"
"0019","215","500881411","0001","FDO TUTELA 10 STAMPERIA DEL SE","0",,"A","1","CONV","30","N"
"0019","216","500881413","0001","FDO TUTELA 10 LIVI SRL","0",,"A","1","CONV","30","N"
"0019","217","500881422","0001","FDO TUTELA 10 EDIL NICO IANNIZ","0",,"A","1","CONV","30","N"
"0019","218","500881424","0001","FDO TUTELA 10 MINZONI SRL","0",,"A","1","CONV","30","N"
"0019","219","500881426","0001","FDO TUTELA 10 ALKAFF SRL","0",,"A","1","CONV","30","N"
"0019","220","500881427","0001","FDO TUTELA 10 LA FENICE SRL","0",,"A","1","CONV","30","N"
"0019","221","500881430","0001","FDO TUTELA 12 I & ME SRL","0",,"A","1","CONV","30","N"
"0019","222","500881431","0001","FDO TUTELA 10 BELLUCCI SPA","0",,"A","1","CONV","30","N"
"0019","223","500881432","0001","FDO TUTELA 10 MORANGE","0",,"A","1","CONV","30","N"
"0019","224","500881433","0001","FDO TUTELA 10 SELCA SRL","0",,"A","1","CONV","30","N"
"0019","225","500881436","0001","FDO TUTELA 12 BRUGHIERA SRL","0",,"A","1","CONV","30","N"
"0019","226","500881437","0001","FDO TUTELA 11 LA PANTASTAMPI","0",,"A","1","CONV","30","N"
"0019","227","500881451","0001","FDO TUTELA 10 PARMA MET SRL","0",,"A","1","CONV","30","N"
"0019","228","500881453","0001","FDO TUTELA 01 INT HYDRO DOLOMI","0",,"A","1","CONV","30","N"
"0019","229","500881454","0001","FDO TUTELA 10 PROFILATI LONATE","0",,"A","1","CONV","30","N"
"0019","230","500881457","0001","FDO TUTELA 14 FERT SRL","0",,"A","1","CONV","30","N"
"0019","231","500881458","0001","FDO TUTELA 10 PERCORSI ASSICUR","0",,"A","1","CONV","30","N"
"0019","232","500881459","0001","FDO TUTELA 11 SIRAMVIN SRL","0",,"A","1","CONV","30","N"
"0019","233","500881461","0001","FDO TUTELA 12 DADI SRL","0",,"A","1","CONV","30","N"
"0019","234","500881463","0001","FDO TUTELA 11 DELLA TORRE SNC","0",,"A","1","CONV","30","N"
"0019","235","500881465","0001","FDO TUTELA 12 C.R. APPALTI SRL","0",,"A","1","CONV","30","N"
"0098","101","72908121","0001","FDO TUTELA 10 BIGFIVE SRL","0",,"A","1","CONV","30","N"
"0098","109","72908162","0001","FDO TUTELA 10 VEGAPROGETTI SNC","0",,"A","1","CONV","30","N"
"0098","110","72908166","0001","FDO TUTELA 11 OFFICINA EDILE","0",,"A","1","CONV","30","N"
"0098","165","72908332","0001","FDO TUTELA 10 D&E SRL","0",,"A","1","CONV","30","N"
"0098","289","72908435","0001","FDO TUTELA 11 L. & T. SRL","0",,"A","1","CONV","30","N"
"0098","321","72908499","0001","FDO TUTELA 11 AIRCOMP SRL","0",,"A","1","CONV","30","N"
"0173","3","506552226","0001","OPBG COMPARTO","0",,"A","1","CONV","30","N"
"0218","3","72908088","0001","MITUTELA MEDIUM UNDER 70","0",,"A","1","CONV","0","N"
"0179","35","505798892","0001","OPZ AI/3CK BASE PALO ALTO","0",,"A","1","CONV","0","N"
"0179","36","505798892","0001","OPZ AI/QUAS/6CK BAD PALO ALTO","0",,"A","1","CONV","0","N"
"0218","24","72908400","0001","MT MEDIUM UNDER 70_ZOTTI","0",,"A","1","CONV","0","N"
"0218","25","72908441","0001","MT MEDIUM UNDER 70_STEFANI","0",,"A","1","CONV","0","N"
"0218","39","72908339","0001","MT BASE UNDER 70_MANARA","0",,"A","1","CONV","0","N"
"0218","40","501049273","0001","MT TOP UNDER 70_GREGORINI","0",,"A","1","CONV","0","N"
"0218","41","500881886","0001","MT MEDIUM OVER 70_NANI","0",,"A","1","CONV","0","N"
"0218","42","72908080","0001","MT BASE UNDER 70_GOZIO","0",,"A","1","CONV","0","N"
"0218","43","72908088","0001","MT MEDIUM UNDER 70_SCALIA","0",,"A","1","CONV","0","N"
"0218","44","72908074","0001","MT BASE OVER 70_REITANO","0",,"A","1","CONV","0","N"
"0218","45","72908383","0001","MT MEDIUM UNDER 70_PADERNO","0",,"A","1","CONV","0","N"
"0218","46","72908087","0001","MT MEDIUM UNDER 70_DE PIAZZI","0",,"A","1","CONV","0","N"
"0217","106","72908121","0001","FT3 BIG FIVE SRL","0",,"A","1","CONV","30","N"
"0217","120","500881431","0001","FT3 >70 BELLUCCI SPA","0",,"A","1","CONV","30","N"
"0217","125","72908137","0001","FT4 GENERAL TRASPORTI SRL","0",,"A","1","CONV","30","N"
"0217","126","72908341","0001","FT3 GALLUS SPA","0",,"A","1","CONV","30","N"
"0217","127","72908341","0001","FT3 >70 GALLUS SPA","0",,"A","1","CONV","30","N"
"0179","75","506601127","0001","OPZ GKND GKN HYDROGEN","0",,"A","1","CONV","0","N"
"0217","153","72908467","0001","FT4 LOLLI CERES SRL","0",,"A","1","CONV","30","N"
"0217","154","72908415","0001","FT6 ORLANDI SPA","0",,"A","1","CONV","30","N"
"0217","156","72908327","0001","FT8 POVOLO SRL","0",,"A","1","CONV","30","N"
"0217","157","72908327","0001","FT8 >70 POVOLO SRL","0",,"A","1","CONV","30","N"
"0217","158","72908288","0001","FT3 NOVA TEK SRL","0",,"A","1","CONV","30","N"
"0098","272","72908405","0001","FDO TUTELA 13 PLANETEL SPA","0",,"A","1","CONV","30","N"
"0163","1","501988932","0001","ASSOCIATI EBIPRO 2024","0",,"A","13","CONV","0","N"
"0218","4","72908088","0001","MITUTELA MEDIUM OVER 70","0",,"A","1","CONV","0","N"
"0221","1","72908203","0001","TINABA SRL IMPIEGATI","0",,"A","1","CONV","30","N"
"0221","2","72908204","0001","TINABA SRL QUADRI","0",,"A","1","CONV","30","N"
"0221","3","72908202","0001","TINABA SRL DIRIGENTI","0",,"A","1","CONV","30","N"
"0221","4","72908200","0001","TINABA SRL AMMINISTRATORI","0",,"A","1","CONV","30","N"
"0218","93","72908458","0001","MT TOP UNDER 70_CASALI","0",,"A","1","CONV","0","N"
"0218","94","72908149","0001","MT BASE UNDER 70_DAL CIELO","0",,"A","1","CONV","0","N"
"0218","107",,"0001","MT BASE UNDER 70_COROLETCHI","0",,"A","1","CONV","0","N"
"0037","1","501671729","0001","DIPENDENTI COMUNE BOLOGNA","0",,"A","1","CONV","30","N"
"0038","90","72908369","0001","MITUTELA BASE 045","0",,"A","1","CONV","0","N"
"0098","271","72908406","0001","FDO TUTELA 10 MASCA S.A.S","0",,"A","1","CONV","30","N"
"0217","191","72908389","0001","FT3 ERIMAT","0",,"A","1","CONV","30","N"
"0217","192","72908143","0001","FT3 2G DI GAMBILLARE & C.","0",,"A","1","CONV","30","N"
"0217","193","72908155","0001","FT3 >70 LA RISANAUTO","0",,"A","1","CONV","30","N"
"0217","194","72908302","0001","FT4 >70 AMBRO LOGISTICA","0",,"A","1","CONV","30","N"
"0056","7","253742118","0002","P&P PLUS COMPLETA 2P > 80","0",,"A","2","CONV","60","N"
"0179","27","506601079","0001","OPZ AI/QUAS/4 N BASE WL GORE","0",,"A","1","CONV","0","N"
"0179","28","506601079","0001","OPZ AI/QUAS/4 S BASE WL GORE","0",,"A","1","CONV","0","N"
"0041","3","501049079","0001","CASSA OPZIONE C 001","0",,"A","1","CONV","0","N"
"0057","1","500349752","0001","QUADRI IN SERVIZIO","0",,"A","1","CONV","30","N"
"0019","236","500881481","0001","FDO TUTELA 11 LOGART PRESS","0",,"A","1","CONV","30","N"
"0019","237","500881494","0001","FDO TUTELA 10 BONINI SRL","0",,"A","1","CONV","30","N"
"0019","238","500881496","0001","FDO TUTELA 10 ERRECI IMPIANTI","0",,"A","1","CONV","30","N"
"0019","239","501049073","0001","FDO TUTELA 10 DATA RAPPRESENTA","0",,"A","1","CONV","30","N"
"0019","240","501049076","0001","FDO TUTELA 10 OTTICA RICHETTI","0",,"A","1","CONV","30","N"
"0019","241","501049077","0001","FDO TUTELA 10 TECNO LOGIC SRL","0",,"A","1","CONV","30","N"
"0019","242","501049235","0001","FDO TUTELA 01 BLU ICE SRL","0",,"A","1","CONV","30","N"
"0019","243","501049255","0001","FDO TUTELA 10 SCOPELLO CERAMIC","0",,"A","1","CONV","30","N"
"0019","244","501049261","0001","FDO TUTELA 10 S.T.A. SRL","0",,"A","1","CONV","30","N"
"0019","245","501049274","0001","FDO TUTELA 01 SPALENZA SRL","0",,"A","1","CONV","30","N"
"0019","246","501049275","0001","FDO TUTELA 10 GALVAMET SRL","0",,"A","1","CONV","30","N"
"0019","247","501049346","0001","FDO TUTELA 04 ZECCHINI G. SRL","0",,"A","1","CONV","30","N"
"0019","248","501049347","0001","FDO TUTELA 10 LOVING LUDO SRL","0",,"A","1","CONV","30","N"
"0098","108","72908161","0001","FDO TUTELA 10 NUOVA CIVES SRL","0",,"A","1","CONV","30","N"
"0098","247","501049346","0001","FDO TUTELA 04 ZECCHINI G. SRL","0",,"A","1","CONV","30","N"
"0098","248","501049347","0001","FDO TUTELA 10 LOVING LUDO SRL","0",,"A","1","CONV","30","N"
"0088","148","72908460","0001","MITUTELA MEDIUM 065","0",,"A","1","CONV","0","N"
"0088","153","72908479","0001","MITUTELA MEDIUM 069","0",,"A","1","CONV","0","N"
"0166","23","506188042","0001","SOCI 32 ANNI","0",,"A","1","CONV","30","N"
"0166","24","506188042","0001","SOCI 33 ANNI","0",,"A","1","CONV","30","N"
"0173","2","506552225","0001","OPBG AMMINISTRATIVI","0",,"A","1","CONV","30","N"
"0179","41","505798992","0001","OPZ GAMMA PLUS AUTOSCOUT24 ITA","0",,"A","1","CONV","0","N"
"0217","85","72908503","0001","FT5 C.N.S. SRL","0",,"A","1","CONV","30","N"
"0217","86","72908504","0001","FT6 SWEDEN & MARTINA SPA","0",,"A","1","CONV","30","N"
"0217","220","72908205","0001","FT4 ABITRANS","0",,"A","1","CONV","30","N"
"0217","225","72908510","0001","FT1 INT TOP NOVARETI","0",,"A","1","CONV","30","N"
"0217","226","72908510","0001","FT1 INT TOP SET DISTRIBUZIONE","0",,"A","1","CONV","30","N"
"0179","85",,"0001","OPZ EPSILON BASE FINELDO","0",,"A","1","CONV","0","N"
"0023","16","501225800","0001","FASDAPI INTEGRATIVA DIRIGENTI","0",,"A","1","CONV","30","N"
"0019","15","79244381","0001","FONDO TUTELA 01_003INTEGRATIVA","0",,"A","1","CONV","30","N"
"0038","3","72908163","0001","MITUTELA TOP 001","0",,"A","1","CONV","0","N"
"0098","266","72908417","0001","FDO TUTELA 13 SEED DIGITAL SRL","0",,"A","1","CONV","30","N"
"0157","4","501258086","0001","JUNIOR FAMILIARI","0",,"A","1","CONV","30","N"
"0180","1","506552235","0001","DIRIGENTI SINGLE","0",,"A","1","CONV","30","N"
"0180","2","506552235","0001","DIRIGENTI NUCLEO 2 ASSICURATI","0",,"A","1","CONV","30","N"
"0188","1","79903922","0001","FLEXTRONICS","0",,"A","1","CONV","0","N"
"0224","1","505756047","0001","TORRISI AMMINISTRATORI","0",,"A","1","CONV","0","N"
"0098","310","72908466","0001","FDO TUTELA 10 DLN SRL","0",,"A","1","CONV","30","N"
"0179","46","505798894","0001","OPZ AC/4CK BAD ZACCHERA","0",,"A","1","CONV","0","N"
"0217","116","72908365","0001","FT4 SISTEMI OPEN SRL","0",,"A","1","CONV","30","N"
"0217","117","500881461","0001","FT5 DADI SRL","0",,"A","1","CONV","30","N"
"0019","11","501049264","0001","FONDO TUTELA 16_001INTEGRATIVA","0",,"A","1","CONV","30","N"
"0056","5","253742118","0002","P&P PLUS COMPLETA 1P","0",,"A","2","CONV","60","N"
"0088","162","72908495","0001","MITUTELA BASE 067","0",,"A","1","CONV","0","N"
"0218","31","72908429","0001","MT MEDIUM UNDER 70_CAPANNA","0",,"A","1","CONV","0","N"
"0218","32","72908494","0001","MT MEDIUM UNDER 70_FRANCHINI","0",,"A","1","CONV","0","N"
"0218","33","72908305","0001","MT BASE UNDER 70_PASCUCCI","0",,"A","1","CONV","0","N"
"0217","68","72908227","0001","FT1 ASSICATANIA","0",,"A","1","CONV","30","N"
"0020","3","74680263","0001","DIOR DIRIGENTI","0",,"A","1","CONV","30","N"
"0098","70","500881932","0001","FDO TUTELA 11 ALIMEDE SRL","0",,"A","1","CONV","30","N"
"0161","1","505890006","0001","BDS STANDARD","0",,"A","1","CONV","30","N"
"0161","2","505890006","0001","BDS STANDARD + GAR. AGGIUNTIVE","0",,"A","1","CONV","30","N"
"0125","17","66312900","0001","FUNZIONARI Q NUCLEO 4 PERSONE","0",,"A","1","CONV","0","N"
"0125","18","66312901","0001","DIRIGENTI Q NUCLEO > 3 PERSONE","0",,"A","1","CONV","0","N"
"0165","5","505586238","0001","SPORT E SALUTE INT DIR","0",,"A","1","CONV","20","N"
"0166","5","506188042","0001","SOCI 14 ANNI","0",,"A","1","CONV","30","N"
"0166","18","506188042","0001","SOCI 27 ANNI","0",,"A","1","CONV","30","N"
"0168","2","506270817","0001","FUNZIONARI NUCLEO 2 PERSONE","0",,"A","1","CONV","0","N"
"0202","11","506552234","0001","QUADRI NUCLEO 4 ASSICURATI","0",,"A","1","CONV","30","N"
"0217","41","501049263","0001","FT3 BEOCOM","0",,"A","1","CONV","30","N"
"0217","90","72908277","0001","FT6 MUSIC CENTER SRL","0",,"A","1","CONV","30","N"
"0217","91","72908237","0001","FT5 TRANSFILMS SRL","0",,"A","1","CONV","30","N"
"0217","92","72908237","0001","FT5 >70 TRANSFILMS SRL","0",,"A","1","CONV","30","N"
"0217","105","72908069","0001","FT3 I.L.S.E.T. SRL","0",,"A","1","CONV","30","N"
"0217","108","72908401","0001","FT4 VANIA","0",,"A","1","CONV","30","N"
"0179","76","505798890","0001","OPZ AI/QUAS/7 BAD ISEO CAPITAL","0",,"A","1","CONV","0","N"
"0047","1","79903922","0001","FLEXTRONICS","0",,"A","1","CONV","0","N"
"0098","249","501049356","0001","FDO TUTELA 01 INT IHC SPA","0",,"A","1","CONV","30","N"
"0098","250","501049413","0001","FDO TUTELA 11 CENTRO METEO ITA","0",,"A","1","CONV","30","N"
"0088","127","72908398","0001","MITUTELA MEDIUM 055","0",,"A","1","CONV","0","N"
"0088","132","72908410","0001","MITUTELA BASE 060","0",,"A","1","CONV","0","N"
"0098","66","72908302","0001","FDO TUTELA 11 AMBRO LOGISTICA","0",,"A","1","CONV","30","N"
"0088","151","72908476","0001","MITUTELA MEDIUM 067","0",,"A","1","CONV","0","N"
"0215","1","501988932","0001","ASSOCIATI EBIPRO 2025","0",,"A","13","CONV","0","N"
"0219","1","500881464","0001","ASCOM RICOVERO < 2.000,01","0",,"A","1","CONV","0","N"
"0219","2","500881464","0001","ASCOM RICOVERO 2000,01-5000,00","0",,"A","1","CONV","0","N"
"0219","3","500881464","0001","ASCOM RICOVERO > 5.000,00","0",,"A","1","CONV","0","N"
"0219","4","500881464","0001","SOLO TIT. RICOVERO < 2.000,01","0",,"A","1","CONV","0","N"
"0219","5","500881464","0001","SOLO TIT. RICO 2000,01-5000,00","0",,"A","1","CONV","0","N"
"0219","6","500881464","0001","SOLO TIT. RICOVERO > 5.000,00","0",,"A","1","CONV","0","N"
"0218","2","72908160","0001","MITUTELA BASE OVER 70","0",,"A","1","CONV","0","N"
"0217","28","79244383","0001","FT7 ISA","0",,"A","1","CONV","30","N"
"0218","14","500881450","0001","MT MEDIUM UNDER 70_CHIAPPA","0",,"A","1","CONV","0","N"
"0179","51","506601004","0001","OPZ AC/4 BAD YELLOWKNIFE","0",,"A","1","CONV","0","N"
"0217","112","72908162","0001","FT3 >70 VEGA PROGETTI SNC","0",,"A","1","CONV","30","N"
"0179","86",,"0001","OPZ EPSILON BASE FINELDO FAM","0",,"A","1","CONV","0","N"
"0179","87",,"0001","OPZ ALFA BASE FINELDO","0",,"A","1","CONV","0","N"
"0076","4","74680257","0001","DIOR QUADRI INTEGRATIVA","0",,"A","1","CONV","30","N"
"0125","16","66312900","0001","FUNZIONARI Q NUCLEO 3 PERSONE","0",,"A","1","CONV","0","N"
"0217","101",,"0001","FT3 BE. DESIGN AMBASSADOR SRL","0",,"A","1","CONV","30","N"
"0056","3","253742117","0002","P&P BASE INTEGRATIVA","0",,"A","2","CONV","60","N"
"0218","30","72908363","0001","MT BASE UNDER 70_MARTINO","0",,"A","1","CONV","0","N"
"0218","75",,"0001","MT BASE UNDER 70_CLIVIO","0",,"A","1","CONV","0","N"
"0217","132","72908207","0001","FT3 GEMMA RAGOGNA SRL","0",,"A","1","CONV","30","N"
"0053","5","66312901","0001","DIRIGENTI Q NUCLEO 2 PERSONE","0",,"A","1","CONV","0","N"
"0038","49","72908173","0001","MITUTELA BASE 021","0",,"A","1","CONV","0","N"
"0019","113","72908174","0001","FDO TUTELA 11 AELLE CARGO","0",,"A","1","CONV","30","N"
"0019","114","72908177","0001","FDO TUTELA 10 TGM SRL","0",,"A","1","CONV","30","N"
"0019","115","72908180","0001","FDO TUTELA 10 BIHOS SRL","0",,"A","1","CONV","30","N"
"0019","116","72908193","0001","FDO TUTELA 13 ALLROUND SRL","0",,"A","1","CONV","30","N"
"0038","50","72908194","0001","MITUTELA MEDIUM 024","0",,"A","1","CONV","0","N"
"0038","51","72908195","0001","MITUTELA MEDIUM 025","0",,"A","1","CONV","0","N"
"0019","117","72908199","0001","FDO TUTELA 10 OTRA SNC","0",,"A","1","CONV","30","N"
"0038","52","72908201","0001","MITUTELA MEDIUM 026","0",,"A","1","CONV","0","N"
"0019","118","72908206","0001","FDO TUTELA 10 STELAR SRL","0",,"A","1","CONV","30","N"
"0019","119","72908207","0001","FDO TUTELA 10 GEMMA RAGOGNA","0",,"A","1","CONV","30","N"
"0019","120","72908208","0001","FDO TUTELA 10 COMUNIAN ZANETTI","0",,"A","1","CONV","30","N"
"0019","121","72908209","0001","FDO TUTELA 10 CORDIOLI SRL","0",,"A","1","CONV","30","N"
"0038","53","72908212","0001","MITUTELA MEDIUM 027","0",,"A","1","CONV","0","N"
"0019","122","72908213","0001","FDO TUTELA 10 TRA-FIL SRL","0",,"A","1","CONV","30","N"
"0019","123","72908214","0001","FDO TUTELA 11 ILOP SRL","0",,"A","1","CONV","30","N"
"0019","124","72908215","0001","FDO TUTELA 10 AIELLO SICUSER","0",,"A","1","CONV","30","N"
"0038","54","72908218","0001","MITUTELA BASE 022","0",,"A","1","CONV","0","N"
"0038","55","72908221","0001","MITUTELA MEDIUM 028","0",,"A","1","CONV","0","N"
"0019","125","72908222","0001","FDO TUTELA 10 FRINZI SRL","0",,"A","1","CONV","30","N"
"0019","126","72908223","0001","FDO TUTELA 14 SOGEMONT RAE SRL","0",,"A","1","CONV","30","N"
"0019","127","72908224","0001","FDO TUTELA 10 AUTOMOTIVE SAS","0",,"A","1","CONV","30","N"
"0038","88","72908363","0001","MITUTELA BASE 044","0",,"A","1","CONV","0","N"
"0038","91","72908370","0001","MITUTELA BASE 046","0",,"A","1","CONV","0","N"
"0038","92","72908373","0001","MITUTELA MEDIUM 040","0",,"A","1","CONV","0","N"
"0078","2","501671700","0001","POLIZIA LOCALE BOLOGNA","0",,"A","1","CONV","30","N"
"0164","1","52236278","0001","GI&BI SRL IMPIEGATI","0",,"A","1","CONV","30","N"
"0098","313","72908498","0001","FDO TUTELA 11 FM HOLDING SRL","0",,"A","1","CONV","30","N"
"0166","26","506188042","0001","SOCI 35 ANNI","0",,"A","1","CONV","30","N"
"0166","27","506188042","0001","SOCI 36 ANNI","0",,"A","1","CONV","30","N"
"0166","28","506188042","0001","SOCI 37 ANNI","0",,"A","1","CONV","30","N"
"0166","29","506188042","0001","SOCI 38 ANNI","0",,"A","1","CONV","30","N"
"0218","13","72908455","0001","MITUTELA VIP UNDER 70_CAPONIGR","0",,"A","1","CONV","0","N"
"0217","57","72908317","0001","FT5 ELANGRILL","0",,"A","1","CONV","30","N"
"0217","58","72908292","0001","FT3 DE MARCHI GIOVANNI","0",,"A","1","CONV","30","N"
"0217","59","500881500","0001","FT3 STAR EUROPA","0",,"A","1","CONV","30","N"
"0217","60","72908094","0001","FT3 >70 BM IMMOBILIARE","0",,"A","1","CONV","30","N"
"0217","63","72908225","0001","FT4 COMMI","0",,"A","1","CONV","30","N"
"0179","38","506601051","0001","OPZ AC/3 BAD STUDIO CENTORE","0",,"A","1","CONV","0","N"
"0217","71","72908180","0001","FT3 BIHOS","0",,"A","1","CONV","30","N"
"0217","118","72908183","0001","FT3 >70 BASSOLI E MARINO SAS","0",,"A","1","CONV","30","N"
"0019","14","79244374","0001","FONDO TUTELA 01_002INTEGRATIVA","0",,"A","1","CONV","30","N"
"0125","1","66312903","0001","DIRIGENTI NUCLEO 2 PERSONE","0",,"A","1","CONV","0","N"
"0125","2","66312903","0001","DIRIGENTI NUCLEO 3 PERSONE","0",,"A","1","CONV","0","N"
"0125","3","66312903","0001","DIRIGENTI NUCLEO > 3 PERSONE","0",,"A","1","CONV","0","N"
"0125","4","66312901","0001","DIRIGENTI Q NUCLEO 1 PERSONA","0",,"A","1","CONV","0","N"
"0125","5","66312901","0001","DIRIGENTI Q NUCLEO 2 PERSONE","0",,"A","1","CONV","0","N"
"0125","6","66312902","0001","FUNZIONARI NUCLEO 1 PERSONA","0",,"A","1","CONV","0","N"
"0125","7","66312902","0001","FUNZIONARI NUCLEO 2 PERSONE","0",,"A","1","CONV","0","N"
"0125","8","66312902","0001","FUNZIONARI NUCLEO 3 PERSONE","0",,"A","1","CONV","0","N"
"0125","9","66312902","0001","FUNZIONARI NUCLEO 4 PERSONE","0",,"A","1","CONV","0","N"
"0125","10","66312902","0001","FUNZIONARI NUCLEO 5 PERSONE","0",,"A","1","CONV","0","N"
"0125","11","66312902","0001","FUNZIONARI NUCLEO > 5 PERSONE","0",,"A","1","CONV","0","N"
"0125","12","66312900","0001","FUNZIONARI Q NUCLEO 2 PERSONE","0",,"A","1","CONV","0","N"
"0125","13","66312899","0001","IMPIEGATI NUCLEO 1 PERSONA","0",,"A","1","CONV","0","N"
"0125","14","502088983","0001","IMPIEGATI Q NUCLEO 1 PERSONA","0",,"A","1","CONV","0","N"
"0125","15","502088983","0001","IMPIEGATI Q NUCLEO 2 PERSONE","0",,"A","1","CONV","0","N"
"0098","251","501049419","0001","FDO TUTELA 11 IMPERIA SUITE","0",,"A","1","CONV","30","N"
"0098","252","72908227","0001","FDO TUTELA 09 ASSICATANIA SRL","0",,"A","1","CONV","30","N"
"0098","259","72908414","0001","FDO TUTELA 11 SIRE ELETTRONICA","0",,"A","1","CONV","30","N"
"0088","139","72908432","0001","MITUTELA MEDIUM 060","0",,"A","1","CONV","0","N"
"0217","13",,"0001","FT7","0",,"A","1","CONV","30","N"
"0217","14",,"0001","FT7 >70","0",,"A","1","CONV","30","N"
"0217","15",,"0001","FT8","0",,"A","1","CONV","30","N"
"0217","129","72908268","0001","FT4 NAI NUOVI ALBERGHI ITALIAN","0",,"A","1","CONV","30","N"
"0217","130","72908281","0001","FT3 T ERRE SRL","0",,"A","1","CONV","30","N"
"0217","131","72908206","0001","FT3 STELAR SRL","0",,"A","1","CONV","30","N"
"0218","96","72908167","0001","MT BASE UNDER 70_GENTILE","0",,"A","1","CONV","0","N"
"0019","7","72908100","0001","FONDO TUTELA 11_001","0",,"A","1","CONV","30","N"
"0019","63","72908244","0001","FONDO TUTELA 11_007","0",,"A","1","CONV","30","N"
"0019","64","72908267","0001","FONDO TUTELA 11_008","0",,"A","1","CONV","30","N"
"0019","65","72908291","0001","FONDO TUTELA 11_009","0",,"A","1","CONV","30","N"
"0035","1","79244418","0001","SATOR SPA","0",,"A","1","CONV","30","N"
"0043","1","501049324","0001","DIRIGENTI","0",,"A","1","CONV","30","N"
"0043","2","501049323","0001","QUADRI","0",,"A","1","CONV","30","N"
"0044","1","501049705","0001","DIRIGENTI","0",,"A","1","CONV","30","N"
"0044","2","501049710","0001","QUADRI","0",,"A","1","CONV","30","N"
"0054","1","78556572","0001","QUADRI","0",,"A","1","CONV","30","N"
"0053","11","66312902","0001","FUNZIONARI NUCLEO > 5 PERSONE","0",,"A","1","CONV","0","N"
"0053","12","66312900","0001","FUNZIONARI Q NUCLEO 2 PERSONE","0",,"A","1","CONV","0","N"
"0053","13","66312899","0001","IMPIEGATI NUCLEO 1 PERSONA","0",,"A","1","CONV","0","N"
"0056","17","253742119","0002","P&P AZIENDE INTEGRATIVA 4+P","0",,"A","2","CONV","60","N"
"0038","40","72908126","0001","MITUTELA MEDIUM 020","0",,"A","1","CONV","0","N"
"0019","102","72908128","0001","FDO TUTELA 11 ATLANTICA SRL","0",,"A","1","CONV","30","N"
"0038","41","72908129","0001","MITUTELA BASE 016","0",,"A","1","CONV","0","N"
"0038","42","72908130","0001","MITUTELA BASE 017","0",,"A","1","CONV","0","N"
"0019","103","72908133","0001","FDO TUTELA 13 SIRIO 2002 SRL","0",,"A","1","CONV","30","N"
"0019","104","72908134","0001","FDO TUTELA 10 ALMAR SRLS","0",,"A","1","CONV","30","N"
"0038","43","72908138","0001","MITUTELA MEDIUM 021","0",,"A","1","CONV","0","N"
"0019","105","72908143","0001","FDO TUTELA 10 2G DI GAMBILLARE","0",,"A","1","CONV","30","N"
"0038","44","72908144","0001","MITUTELA BASE 018","0",,"A","1","CONV","0","N"
"0019","106","72908146","0001","FDO TUTELA 15 INT COGEI SRL","0",,"A","1","CONV","30","N"
"0038","45","72908148","0001","MITUTELA BASE 019","0",,"A","1","CONV","0","N"
"0098","42","500881452","0001","FDO TUTELA 10 OSSITAGLIO SPA","0",,"A","1","CONV","30","N"
"0098","45","500881462","0001","FDO TUTELA 10 S07 SRL","0",,"A","1","CONV","30","N"
"0109","1","501049448","0001","AON SPA IMPIEGATI","0",,"A","1","CONV","30","N"
"0109","2","501049446","0001","AON SPA QUADRI","0",,"A","1","CONV","30","N"
"0109","3","73624566","0001","AON SPA OPZ VI 73624566","0",,"A","1","CONV","30","N"
"0109","4","73624567","0001","AON OPZ III INT CASAGIT","0",,"A","1","CONV","30","N"
"0109","5","73624568","0001","AON OPZ III BIS INT FASDAC","0",,"A","1","CONV","30","N"
"0109","6","73624569","0001","AON OPZ III Bis 73624569","0",,"A","1","CONV","30","N"
"0109","7","73624570","0001","AON OPZ VI 73624570","0",,"A","1","CONV","30","N"
"0109","8","73624573","0001","AON OPZ VI 73624573","0",,"A","1","CONV","30","N"
"0109","9","73624589","0001","AON OPZ VI 73624589","0",,"A","1","CONV","30","N"
"0110","1","501049450","0001","AON HEWITT IMPIEGATI","0",,"A","1","CONV","30","N"
"0110","2","501049452","0001","AON HEWITT QUADRI","0",,"A","1","CONV","30","N"
"0111","1","501049432","0001","AON ITALIA IMPIEGATI","0",,"A","1","CONV","30","N"
"0111","2","501049434","0001","AON ITALIA QUADRI","0",,"A","1","CONV","30","N"
"0098","69","79244435","0001","FDO TUTELA 11 OLEODINAMICA SRL","0",,"A","1","CONV","30","N"
"0098","225","500881436","0001","FDO TUTELA 12 BRUGHIERA SRL","0",,"A","1","CONV","30","N"
"0098","226","500881437","0001","FDO TUTELA 11 LA PANTASTAMPI","0",,"A","1","CONV","30","N"
"0098","227","500881451","0001","FDO TUTELA 10 PARMA MET SRL","0",,"A","1","CONV","30","N"
"0098","228","500881453","0001","FDO TUTELA 01 INT HYDRO DOLOMI","0",,"A","1","CONV","30","N"
"0098","229","500881454","0001","FDO TUTELA 10 PROFILATI LONATE","0",,"A","1","CONV","30","N"
"0098","233","500881461","0001","FDO TUTELA 12 DADI SRL","0",,"A","1","CONV","30","N"
"0098","234","500881463","0001","FDO TUTELA 11 DELLA TORRE SNC","0",,"A","1","CONV","30","N"
"0098","235","500881465","0001","FDO TUTELA 12 C.R. APPALTI SRL","0",,"A","1","CONV","30","N"
"0098","237","500881494","0001","FDO TUTELA 10 BONINI SRL","0",,"A","1","CONV","30","N"
"0098","238","500881496","0001","FDO TUTELA 10 ERRECI IMPIANTI","0",,"A","1","CONV","30","N"
"0098","240","501049076","0001","FDO TUTELA 10 OTTICA RICHETTI","0",,"A","1","CONV","30","N"
"0098","241","501049077","0001","FDO TUTELA 10 PIANO G ENGINEER","0",,"A","1","CONV","30","N"
"0098","243","501049255","0001","FDO TUTELA 10 SCOPELLO CERAMIC","0",,"A","1","CONV","30","N"
"0098","244","501049261","0001","FDO TUTELA 10 S.T.A. SRL","0",,"A","1","CONV","30","N"
"0098","245","501049274","0001","FDO TUTELA 01 SPALENZA SRL","0",,"A","1","CONV","30","N"
"0098","246","501049275","0001","FDO TUTELA 10 GALVAMET SRL","0",,"A","1","CONV","30","N"
"0088","134","72908420","0001","MITUTELA BASE 061","0",,"A","1","CONV","0","N"
"0098","309","72908462","0001","FDO TUTELA 10 ALPHA CONSULTA","0",,"A","1","CONV","30","N"
"0098","316","72908485","0001","FDO TUTELA 10 ELETTRODIESEL EM","0",,"A","1","CONV","30","N"
"0166","11","506188042","0001","SOCI 20 ANNI","0",,"A","1","CONV","30","N"
"0166","12","506188042","0001","SOCI 21 ANNI","0",,"A","1","CONV","30","N"
"0166","13","506188042","0001","SOCI 22 ANNI","0",,"A","1","CONV","30","N"
"0166","14","506188042","0001","SOCI 23 ANNI","0",,"A","1","CONV","30","N"
"0166","15","506188042","0001","SOCI 24 ANNI","0",,"A","1","CONV","30","N"
"0166","16","506188042","0001","SOCI 25 ANNI","0",,"A","1","CONV","30","N"
"0166","17","506188042","0001","SOCI 26 ANNI","0",,"A","1","CONV","30","N"
"0166","21","506188042","0001","SOCI 30 ANNI","0",,"A","1","CONV","30","N"
"0166","22","506188042","0001","SOCI 31 ANNI","0",,"A","1","CONV","30","N"
"0166","33","506188042","0001","SOCI 42 ANNI","0",,"A","1","CONV","30","N"
"0166","34","506188042","0001","SOCI 43 ANNI","0",,"A","1","CONV","30","N"
"0166","35","506188042","0001","SOCI 44 ANNI","0",,"A","1","CONV","30","N"
"0166","36","506188042","0001","SOCI 45 ANNI","0",,"A","1","CONV","30","N"
"0175","1","74680259","0001","MANUFACTURES DIOR DIPENDENTI","0",,"A","1","CONV","30","N"
"0175","2","74680258","0001","MANUFACTURES DIOR DIRIGENTI","0",,"A","1","CONV","30","N"
"0217","9",,"0001","FT5","0",,"A","1","CONV","30","N"
"0202","12","506552234","0001","QUADRI NUCLEO 5 ASSICURATI","0",,"A","1","CONV","30","N"
"0180","12","506552235","0001","QUADRI NUCLEO 5 ASSICURATI","0",,"A","1","CONV","30","N"
"0180","13","506552235","0001","QUADRI NUCLEO 6 ASSICURATI","0",,"A","1","CONV","30","N"
"0202","13","506552234","0001","QUADRI NUCLEO 6 ASSICURATI","0",,"A","1","CONV","30","N"
"0217","24","79244435","0001","FT4 >70 OLEODINAMICA GASPARINI","0",,"A","1","CONV","30","N"
"0218","49","72908294","0001","MT BASE UNDER 70_CAPERNA","0",,"A","1","CONV","0","N"
"0217","151","72908120","0001","FT3 >70 MEPRAG SRL","0",,"A","1","CONV","30","N"
"0217","152","72908359","0001","FT3 ERGA SI SRL","0",,"A","1","CONV","30","N"
"0218","102","500881443","0001","MT BASE UNDER 70_GENNAZZANI","0",,"A","1","CONV","0","N"
"0179","80","506601078","0001","OPZ EPSILON BASE ENERQOS FAM","0",,"A","1","CONV","0","N"
"0025","3","501258069","0001","SENIOR TITOLARI","0",,"A","1","CONV","30","N"
"0036","4","72908200","0001","TINABA SRL AMMINISTRATORI","0",,"A","1","CONV","30","N"
"0038","7","72908167","0001","MITUTELA BASE 003","0",,"A","1","CONV","0","N"
"0038","8","72908253","0001","MITUTELA BASE 004","0",,"A","1","CONV","0","N"
"0038","9","72908257","0001","MITUTELA BASE 005","0",,"A","1","CONV","0","N"
"0038","10","72908321","0001","MITUTELA BASE 006","0",,"A","1","CONV","0","N"
"0038","11","500881474","0001","MITUTELA BASE 007","0",,"A","1","CONV","0","N"
"0038","12","500881488","0001","MITUTELA BASE 008","0",,"A","1","CONV","0","N"
"0098","53","501049263","0001","FDO TUTELA 10 BEOCOM SRL","0",,"A","1","CONV","30","N"
"0088","142","72908438","0001","MITUTELA BASE 064","0",,"A","1","CONV","0","N"
"0088","163","72908496","0001","MITUTELA MEDIUM 076","0",,"A","1","CONV","0","N"
"0088","164","72908497","0001","MITUTELA MEDIUM 077","0",,"A","1","CONV","0","N"
"0088","165","72908493","0001","MITUTELA BASE 068","0",,"A","1","CONV","0","N"
"0223","1","73624581","0001","ACCURACY Opz. III","0",,"A","1","CONV","30","N"
"0223","2","73624580","0001","ACCURACY Opz. III Bis","0",,"A","1","CONV","30","N"
"0088","167","72908477","0001","MITUTELA MEDIUM 078","0",,"A","1","CONV","0","N"
"0179","48","506601048","0001","OPZ AC/4CK BAD HOTEL BRISTOL","0",,"A","1","CONV","0","N"
"0179","49","505798893","0001","OPZ AC/4CK BAD VISCANIA HOTELS","0",,"A","1","CONV","0","N"
"0218","71","72908320","0001","MT BASE UNDER 70_FALASCA","0",,"A","1","CONV","0","N"
"0218","72","72908261","0001","MT BASE UNDER 70_GALIAZZO","0",,"A","1","CONV","0","N"
"0218","73","500881479","0001","MT BASE OVER 70_SEREN GAY","0",,"A","1","CONV","0","N"
"0218","74","72908271","0001","MT BASE UNDER 70_LENZI","0",,"A","1","CONV","0","N"
"0218","76","72908420","0001","MT BASE UNDER 70_PANERAI","0",,"A","1","CONV","0","N"
"0218","77","72908075","0001","MT MEDIUM UNDER 70_TEZZA","0",,"A","1","CONV","0","N"
"0179","60","505798949","0001","OPZ AI/4CK BAD DEUTSCHE TLK","0",,"A","1","CONV","0","N"
"0179","61","505798949","0001","OPZ SPRING QI DEUTSCHE TLK","0",,"A","1","CONV","0","N"
"0217","182","501049275","0001","FT3 GALVAMET SRL","0",,"A","1","CONV","30","N"
"0217","183","72908422","0001","FT3 BRT HOTELS SRL","0",,"A","1","CONV","30","N"
"0217","184","72908168","0001","FT5 >70 INERTECO SRL","0",,"A","1","CONV","30","N"
"0217","185",,"0001","FT4 AMI SRL","0",,"A","1","CONV","30","N"
"0217","186","72908511","0001","FT3 AMBIENTE E TERRITORIO SRL","0",,"A","1","CONV","30","N"
"0217","187","501049347","0001","FT3 LOVING LUDO SRL","0",,"A","1","CONV","30","N"
"0016","1","731587949","0073","DIPENDENTI CASINO DE LA VALLEE","0",,"A","4","CONV","30","N"
"0019","72","501049254","0001","FONDO TUTELA 11_016","0",,"A","1","CONV","30","N"
"0019","73","501049265","0001","FONDO TUTELA 11_017","0",,"A","1","CONV","30","N"
"0019","74","501049353","0001","FONDO TUTELA 11_018","0",,"A","1","CONV","30","N"
"0053","2","66312903","0001","DIRIGENTI NUCLEO 3 PERSONE","0",,"A","1","CONV","0","N"
"0053","3","66312903","0001","DIRIGENTI NUCLEO > 3 PERSONE","0",,"A","1","CONV","0","N"
"0053","4","66312901","0001","DIRIGENTI Q NUCLEO 1 PERSONA","0",,"A","1","CONV","0","N"
"0019","86","72908069","0001","FDO TUTELA 10 ILSET SRL","0",,"A","1","CONV","30","N"
"0019","87","72908070","0001","FDO TUTELA 10 GIARDI TESSILE","0",,"A","1","CONV","30","N"
"0019","88","72908072","0001","FDO TUTELA 11 PRIMATOUR ITALIA","0",,"A","1","CONV","30","N"
"0019","89","72908072","0001","FDO TUTELA 10 PRIMATOUR ITALIA","0",,"A","1","CONV","30","N"
"0038","28","72908074","0001","MITUTELA BASE 009","0",,"A","1","CONV","0","N"
"0038","29","72908075","0001","MITUTELA MEDIUM 016","0",,"A","1","CONV","0","N"
"0038","30","72908076","0001","MITUTELA BASE 010","0",,"A","1","CONV","0","N"
"0038","31","72908078","0001","MITUTELA TOP 002","0",,"A","1","CONV","0","N"
"0019","90","72908081","0001","FDO TUTELA 10 CASARIN GROUP","0",,"A","1","CONV","30","N"
"0019","91","72908082","0001","FDO TUTELA 01 KREION RE SRL","0",,"A","1","CONV","30","N"
"0038","32","72908086","0001","MITUTELA MEDIUM 017","0",,"A","1","CONV","0","N"
"0038","33","72908087","0001","MITUTELA MEDIUM 018","0",,"A","1","CONV","0","N"
"0019","92","72908090","0001","FDO TUTELA 10 NIFED SRL","0",,"A","1","CONV","30","N"
"0019","93","72908091","0001","FDO TUTELA 10 G.CONSUL SRLS","0",,"A","1","CONV","30","N"
"0019","94","72908092","0001","FDO TUTELA 10 TITANOX SRL","0",,"A","1","CONV","30","N"
"0019","95","72908093","0001","FDO TUTELA 10 F.LLI MANDRINI","0",,"A","1","CONV","30","N"
"0019","96","72908094","0001","FDO TUTELA 10 BM IMMOBILIARE","0",,"A","1","CONV","30","N"
"0038","34","72908098","0001","MITUTELA BASE 011","0",,"A","1","CONV","0","N"
"0038","35","72908099","0001","MITUTELA BASE 012","0",,"A","1","CONV","0","N"
"0038","36","72908102","0001","MITUTELA BASE 013","0",,"A","1","CONV","0","N"
"0038","37","72908103","0001","MITUTELA BASE 014","0",,"A","1","CONV","0","N"
"0019","97","72908094","0001","FDO TUTELA 10 FULL SERVICES","0",,"A","1","CONV","30","N"
"0019","98","72908113","0001","FDO TUTELA 10 RAGGIO SRL","0",,"A","1","CONV","30","N"
"0038","38","72908114","0001","MITUTELA MEDIUM 019","0",,"A","1","CONV","0","N"
"0038","39","72908115","0001","MITUTELA BASE 015","0",,"A","1","CONV","0","N"
"0019","99","72908119","0001","FDO TUTELA 10 MILAGRI SRL","0",,"A","1","CONV","30","N"
"0019","100","72908120","0001","FDO TUTELA 10 MEPRAG SRL","0",,"A","1","CONV","30","N"
"0019","101","72908121","0001","FDO TUTELA 10 BIGFIVE SRL","0",,"A","1","CONV","30","N"
"0038","73","72908312","0001","MITUTELA TOP 003","0",,"A","1","CONV","0","N"
"0019","169","72908341","0001","FDO TUTELA 11 GALLUS SPA","0",,"A","1","CONV","30","N"
"0142","1","501225799","0001","FASDAPI AMMINISTRATORI","0",,"A","1","CONV","30","N"
"0142","2","501225799","0001","AMM. DENTARIE IN CONVENZIONE","0",,"A","1","CONV","30","N"
"0142","3","501225799","0001","AMM. DENTARIE NON CONVENZIONE","0",,"A","1","CONV","30","N"
"0142","4","501225799","0001","AMM. DENT. CONV. II SEMESTRE","0",,"A","1","CONV","30","N"
"0142","5","501225799","0001","AMM. DENT NO CONV. II SEMESTRE","0",,"A","1","CONV","30","N"
"0142","6","501225799","0001","FASDAPI DIRIGENTI","0",,"A","1","CONV","30","N"
"0142","7","501225799","0001","DIR. DENTARIE IN CONVENZIONE","0",,"A","1","CONV","30","N"
"0142","8","501225799","0001","DIR. DENTARIE NON CONVENZIONE","0",,"A","1","CONV","30","N"
"0142","9","501225799","0001","DIR. DENT. CONV. II SEMESTRE","0",,"A","1","CONV","30","N"
"0142","10","501225799","0001","DIR. DENT NO CONV. II SEMESTRE","0",,"A","1","CONV","30","N"
"0142","11","501225799","0001","FASDAPI QUADRI","0",,"A","1","CONV","30","N"
"0142","12","501225799","0001","QUADRI DENTARIE IN CONVENZIONE","0",,"A","1","CONV","30","N"
"0142","13","501225799","0001","QUAD. DENTARIE NON CONVENZIONE","0",,"A","1","CONV","30","N"
"0142","14","501225799","0001","QUADRI DENT. CONV. II SEMESTRE","0",,"A","1","CONV","30","N"
"0142","15","501225799","0001","QUA. DENT NO CONV. II SEMESTRE","0",,"A","1","CONV","30","N"
"0142","16","501225800","0001","FASDAPI INTEGRATIVA DIRIGENTI","0",,"A","1","CONV","30","N"
"0142","17","501225800","0001","DENTARIE INTEGRATIVA DIRIGENTI","0",,"A","1","CONV","30","N"
"0142","18","501225800","0001","DENTARIE INTEGR. DIR. II SEMES","0",,"A","1","CONV","30","N"
"0098","268","72908404","0001","FDO TUTELA 10 ECO EDILIZIA FWF","0",,"A","1","CONV","30","N"
"0098","274","72908401","0001","FDO TUTELA 11 VANIA SRL","0",,"A","1","CONV","30","N"
"0098","275","72908425","0001","FDO TUTELA 10 PAPA LUCIEN","0",,"A","1","CONV","30","N"
"0098","276","72908426","0001","FDO TUTELA 11 OLDANI CONS. HUB","0",,"A","1","CONV","30","N"
"0217","25","72908330","0001","FT3 MADAMA OLIVA","0",,"A","1","CONV","30","N"
"0217","26","72908330","0001","FT3 >70 MADAMA OLIVA","0",,"A","1","CONV","30","N"
"0218","95","500881492","0001","MT BASE OVER 70_BRACHETTI","0",,"A","1","CONV","0","N"
"0061","2","500010175","0001","AUBAY VENTURINI","0",,"A","1","CONV","0","N"
"0098","283","72908421","0001","FDO TUTELA 10 BARATELLA RAPPR.","0",,"A","1","CONV","30","N"
"0098","317",,"0001","FDO TUTELA 01 INT DA UTILIZZAR","0",,"A","1","CONV","30","N"
"0218","20","72908221","0001","MT MEDIUM UNDER 70_FARONI","0",,"A","1","CONV","0","N"
"0218","21","72908486","0001","MT MEDIUM UNDER 70_BOSCARDIN","0",,"A","1","CONV","0","N"
"0179","50","506601009","0001","OPZ AC/4CK BAD ENEA ROSSI","0",,"A","1","CONV","0","N"
"0179","81","506601185","0001","OPZ SKY HOWDEN EX DIR","0",,"A","1","CONV","0","N"
"0179","82","506601185","0001","OPZ SKY HOWDEN EX DIR FAM","0",,"A","1","CONV","0","N"
"0073","1","501356024","0001","SIGEMI INTEGRATIVA DIRIGENTI","0",,"A","1","CONV","30","N"
"0073","2","505071243","0001","SIGEMI DIPENDENTI","0",,"A","1","CONV","30","N"
"0074","1","502019510","0001","Q8 QUASER DIPENDENTI","0",,"A","1","CONV","30","N"
"0075","1","505280678","0001","Q8","0",,"A","1","CONV","30","N"
"0075","2","505280678","0001","Q8 APPARECCHIO ACUSTICO","0",,"A","1","CONV","30","N"
"0075","3","505280678","0001","Q8 NO MAX FISIOTERAPIA","0",,"A","1","CONV","30","N"
"0075","4","505280678","0001","Q8 NO MAX PSICOANALISI","0",,"A","1","CONV","30","N"
"0075","5","505280678","0001","Q8 COLON E GASTRO","0",,"A","1","CONV","30","N"
"0076","1","74680257","0001","DIOR DIPENDENTI COMPLETA","0",,"A","1","CONV","30","N"
"0076","2","74680257","0001","DIOR DIPENDENTI INTEGRATIVA","0",,"A","1","CONV","30","N"
"0076","3","74680263","0001","DIOR DIRIGENTI","0",,"A","1","CONV","30","N"
"0077","1","74680259","0001","MANUFACTURES DIOR DIPENDENTI","0",,"A","1","CONV","30","N"
"0077","2","74680258","0001","MANUFACTURES DIOR DIRIGENTI","0",,"A","1","CONV","30","N"
"0079","1","114403083","0005","FONDO SOLIDARIETA C.R.LUCCA","0",,"A","3","CONV","30","N"
"0098","265","72908399","0001","FDO TUTELA 10 CRISTED STONE","0",,"A","1","CONV","30","N"
"0088","128","72908400","0001","MITUTELA MEDIUM 056","0",,"A","1","CONV","0","N"
"0217","213","72908406","0001","FT3 MASCA & C.","0",,"A","1","CONV","30","N"
"0024","2","502493025","0001","BDS STANDARD + GAR. AGGIUNTIVE","0",,"A","1","CONV","30","N"
"0019","8","72908112","0001","FONDO TUTELA 12_001","0",,"A","1","CONV","30","N"
"0019","66","72908302","0001","FONDO TUTELA 11_010","0",,"A","1","CONV","30","N"
"0019","67","72908325","0001","FONDO TUTELA 11_011","0",,"A","1","CONV","30","N"
"0019","68","79244433","0001","FONDO TUTELA 11_012","0",,"A","1","CONV","30","N"
"0019","69","79244435","0001","FONDO TUTELA 11_013","0",,"A","1","CONV","30","N"
"0040","1","500881464","0001","ASCOM RICOVERO < 2.000,01","0",,"A","1","CONV","0","N"
"0060","1","501595790","0001","JDS RE HOLDING IMPIEGATI","0",,"A","1","CONV","0","N"
"0061","1","500010368","0001","AUBAY QUADRI","0",,"A","1","CONV","0","N"
"0098","192","79244379","0001","FDO TUTELA 01 INT SANDALJ","0",,"A","1","CONV","30","N"
"0098","193","79244380","0001","FDO TUTELA 01 INT DOLOMITI ENE","0",,"A","1","CONV","30","N"
"0098","194","79244387","0001","FDO TUTELA 01BIS BOTZEN INVEST","0",,"A","1","CONV","30","N"
"0098","195","79244389","0001","FDO TUTELA 01BIS NUMMUS INFO","0",,"A","1","CONV","30","N"
"0098","196","79244396","0001","FDO TUTELA 10 FONTANA ERMES","0",,"A","1","CONV","30","N"
"0098","197","79244402","0001","FDO TUTELA 11 ING. G. LUPI","0",,"A","1","CONV","30","N"
"0098","200","79244412","0001","FDO TUTELA 10 INSER SPA","0",,"A","1","CONV","30","N"
"0098","201","79244412","0001","FDO TUTELA 10 STUDIO GARULLI","0",,"A","1","CONV","30","N"
"0098","203","79244419","0001","FDO TUTELA 04 M.E.P. SRL","0",,"A","1","CONV","30","N"
"0098","273","72908403","0001","FDO TUTELA 11 DIEMMEDUE SERVIZ","0",,"A","1","CONV","30","N"
"0098","302","72908448","0001","FDO TUTELA 10 SANDRA B SPA","0",,"A","1","CONV","30","N"
"0098","304","72908457","0001","FDO TUTELA 11 MASNAGHETTI SRL","0",,"A","1","CONV","30","N"
"0217","39","72908509","0001","FT3 FALLINI FORMAGGI","0",,"A","1","CONV","30","N"
"0218","28","72908468","0001","MT MEDIUM UNDER 70_BERTANI","0",,"A","1","CONV","0","N"
"0218","29","500881883","0001","MT BASE UNDER 70_CANCELLARO","0",,"A","1","CONV","0","N"
"0179","42","505798997","0001","OPZ AC/2 BAD ELECTRALINE","0",,"A","1","CONV","0","N"
"0179","43","506601002","0001","OPZ AC/4CK BAD MOLINO PAGANI","0",,"A","1","CONV","0","N"
"0179","44","505798895","0001","OPZ AC/3 BAD VENDING","0",,"A","1","CONV","0","N"
"0179","45","506601000","0001","OPZ AI/1 BAD SGE SYSCOM","0",,"A","1","CONV","0","N"
"0217","190","72908443","0001","FT6 I&P DI AIRAGHI MAURO & C","0",,"A","1","CONV","30","N"
"0217","219","500881476","0001","FT2 INT CARTIERE DEL GARDA","0",,"A","1","CONV","30","N"
"0019","2","79244383","0001","FONDO TUTELA 01_001BIS","0",,"A","1","CONV","30","N"
"0019","9","72908111","0001","FONDO TUTELA 13_001","0",,"A","1","CONV","30","N"
"0038","21","72908313","0001","MITUTELA MEDIUM 010","0",,"A","1","CONV","0","N"
"0065","1","79268540","0001","MTX QUADRI","0",,"A","1","CONV","0","N"
"0159","1","501258075","0001","SENIOR TITOLARI","0",,"A","1","CONV","30","N"
"0159","2","501258075","0001","SENIOR FAMILIARI","0",,"A","1","CONV","30","N"
"0088","141","72908440","0001","MITUTELA MEDIUM 062","0",,"A","1","CONV","0","N"
"0098","293","72908445","0001","FDO TUTELA 11 IL FONTANONE SRL","0",,"A","1","CONV","30","N"
"0165","2","505586238","0001","SPORT E SALUTE BASE DIP FAM","0",,"A","1","CONV","20","N"
"0165","3","505586238","0001","SPORT E SALUTE BASE DIR","0",,"A","1","CONV","20","N"
"0088","159","72908491","0001","MITUTELA MEDIUM 074","0",,"A","1","CONV","0","N"
"0088","160","72908490","0001","MITUTELA BASE 066","0",,"A","1","CONV","0","N"
"0088","161","72908494","0001","MITUTELA MEDIUM 075","0",,"A","1","CONV","0","N"
"0218","15","500881439","0001","MT BASE OVER 70_BERLUCCHI ANDR","0",,"A","1","CONV","0","N"
"0179","71","505798939","0001","OPZ AI/4CK BAD BOLDROCCHI","0",,"A","1","CONV","0","N"
"0179","73","505798965","0001","OPZ AI/QUAS/5CK BASE ZSCALER","0",,"A","1","CONV","0","N"
"0217","115","72908481","0001","FT3 ASS. FAMILIARI E VITTIME","0",,"A","1","CONV","30","N"
"0099","1","500349752","0001","QUADRI IN SERVIZIO","0",,"A","1","CONV","30","N"
"0100","1","78556572","0001","QUADRI","0",,"A","1","CONV","30","N"
"0101","1","79903489","0001","CAMINADA COMPLETA","0",,"A","1","CONV","0","N"
"0101","2","79903489","0001","CAMINADA INTEGRATIVA","0",,"A","1","CONV","0","N"
"0102","1","79903437","0001","J INVEST IMPIEGATI","0",,"A","1","CONV","0","N"
"0102","2","79903437","0001","J INVEST QUADRI","0",,"A","1","CONV","0","N"
"0103","1","79268540","0001","MTX QUADRI","0",,"A","1","CONV","0","N"
"0104","1","501225933","0001","NEXO AMMINISTRATORI TITOLARE","0",,"A","1","CONV","0","N"
"0105","1","79903922","0001","FLEXTRONICS","0",,"A","1","CONV","0","N"
"0106","1","553075026","0073","DIPENDENTI CASINO DE LA VALLEE","0",,"A","4","CONV","30","N"
"0098","94","72908092","0001","FDO TUTELA 10 TITANOX SRL","0",,"A","1","CONV","30","N"
"0098","95","72908093","0001","FDO TUTELA 10 F.LLI MANDRINI","0",,"A","1","CONV","30","N"
"0098","98","72908113","0001","FDO TUTELA 10 RAGGIO SRL","0",,"A","1","CONV","30","N"
"0098","99","72908119","0001","FDO TUTELA 10 MILAGRI SRL","0",,"A","1","CONV","30","N"
"0217","62","500881494","0001","FT3 BONINI","0",,"A","1","CONV","30","N"
"0217","107","72908500","0001","FT3 PROMO POWER 24","0",,"A","1","CONV","30","N"
"0019","27","72908197","0001","FONDO TUTELA 10_011","0",,"A","1","CONV","30","N"
"0019","28","72908229","0001","FONDO TUTELA 10_012","0",,"A","1","CONV","30","N"
"0019","29","72908234","0001","FONDO TUTELA 10_013","0",,"A","1","CONV","30","N"
"0019","30","72908246","0001","FONDO TUTELA 10_014","0",,"A","1","CONV","30","N"
"0019","31","72908247","0001","FONDO TUTELA 10_015","0",,"A","1","CONV","30","N"
"0019","32","72908272","0001","FONDO TUTELA 10_016","0",,"A","1","CONV","30","N"
"0019","33","72908276","0001","FONDO TUTELA 10_017","0",,"A","1","CONV","30","N"
"0019","34","72908285","0001","FONDO TUTELA 10_018","0",,"A","1","CONV","30","N"
"0019","35","72908316","0001","FONDO TUTELA 10_019","0",,"A","1","CONV","30","N"
"0019","36","72908322","0001","FONDO TUTELA 10_020","0",,"A","1","CONV","30","N"
"0019","37","72908331","0001","FONDO TUTELA 10_021","0",,"A","1","CONV","30","N"
"0019","38","500881405","0001","FONDO TUTELA 10_022","0",,"A","1","CONV","30","N"
"0019","39","500881419","0001","FONDO TUTELA 10_023","0",,"A","1","CONV","30","N"
"0019","40","500881421","0001","FONDO TUTELA 10_024","0",,"A","1","CONV","30","N"
"0019","41","500881428","0001","FONDO TUTELA 10_025","0",,"A","1","CONV","30","N"
"0019","42","500881452","0001","FONDO TUTELA 10_026","0",,"A","1","CONV","30","N"
"0019","43","500881456","0001","FONDO TUTELA 10_027","0",,"A","1","CONV","30","N"
"0019","44","500881460","0001","FONDO TUTELA 10_028","0",,"A","1","CONV","30","N"
"0019","45","500881462","0001","FONDO TUTELA 10_029","0",,"A","1","CONV","30","N"
"0019","46","500881470","0001","FONDO TUTELA 10_030","0",,"A","1","CONV","30","N"
"0019","47","500881484","0001","FONDO TUTELA 10_031","0",,"A","1","CONV","30","N"
"0019","48","500881499","0001","FONDO TUTELA 10_032","0",,"A","1","CONV","30","N"
"0019","49","500881500","0001","FONDO TUTELA 10_033","0",,"A","1","CONV","30","N"
"0019","50","500881843","0001","FONDO TUTELA 10_034","0",,"A","1","CONV","30","N"
"0019","51","501049260","0001","FONDO TUTELA 10_035","0",,"A","1","CONV","30","N"
"0019","52","501049262","0001","FONDO TUTELA 10_036","0",,"A","1","CONV","30","N"
"0019","53","501049263","0001","FONDO TUTELA 10_037","0",,"A","1","CONV","30","N"
"0019","54","501049268","0001","FONDO TUTELA 10_038","0",,"A","1","CONV","30","N"
"0019","55","501049348","0001","FONDO TUTELA 10_039","0",,"A","1","CONV","30","N"
"0019","56","501049359","0001","FONDO TUTELA 10_040","0",,"A","1","CONV","30","N"
"0019","57","501049414","0001","FONDO TUTELA 10_041","0",,"A","1","CONV","30","N"
"0019","58","72908137","0001","FONDO TUTELA 11_002","0",,"A","1","CONV","30","N"
"0019","59","72908156","0001","FONDO TUTELA 11_003","0",,"A","1","CONV","30","N"
"0019","60","72908175","0001","FONDO TUTELA 11_004","0",,"A","1","CONV","30","N"
"0019","61","72908205","0001","FONDO TUTELA 11_005","0",,"A","1","CONV","30","N"
"0019","62","72908239","0001","FONDO TUTELA 11_006","0",,"A","1","CONV","30","N"
"0041","5","501671445","0001","CASSA OPZIONE C INT 001","0",,"A","1","CONV","0","N"
"0041","6","501150937","0001","CASSA OPZIONE D INT 001","0",,"A","1","CONV","0","N"
"0041","7","501671844","0001","CASSA OPZIONE B INT Q TIT 001","0",,"A","1","CONV","0","N"
"0041","8","501671844","0001","CASSA OPZIONE B INT Q FAM 001","0",,"A","1","CONV","0","N"
"0041","9","501671845","0001","CASSA OPZIONE D INT Q TIT 001","0",,"A","1","CONV","0","N"
"0041","10","501671845","0001","CASSA OPZIONE D INT Q FAM 001","0",,"A","1","CONV","0","N"
"0041","11","502088942","0001","CASSA OPZIONE A 002","0",,"A","1","CONV","0","N"
"0041","12","505134332","0001","CASSA OPZIONE A 003","0",,"A","1","CONV","0","N"
"0041","19","501049516","0001","CASSA OPZIONE A INT 004","0",,"A","1","CONV","0","N"
"0041","20","502088058","0001","CASSA OPZIONE A INT 005","0",,"A","1","CONV","0","N"
"0046","1","501049088","0001","DENTONS","0",,"A","1","CONV","0","N"
"0052","1","53655174","0001","DIRIGENTI INTEGRATIVA","0",,"A","1","CONV","0","N"
"0052","2","53655175","0001","QUADRI/IMPIEGATI COMPLETA","0",,"A","1","CONV","0","N"
"0058","2","52268037","0001","DKV OPZ. 3 BASE","0",,"A","1","CONV","0","N"
"0019","147","72908284","0001","FDO TUTELA 12 CROMODORA WHEELS","0",,"A","1","CONV","30","N"
"0019","148","72908287","0001","FDO TUTELA 02 INT INSER SPA","0",,"A","1","CONV","30","N"
"0019","149","72908288","0001","FDO TUTELA 10 NOVA TEK SRL","0",,"A","1","CONV","30","N"
"0019","150","72908289","0001","FDO TUTELA 10 CO.RI.P. SRL","0",,"A","1","CONV","30","N"
"0019","151","72908290","0001","FDO TUTELA 10 MASTROMAURO SAS","0",,"A","1","CONV","30","N"
"0019","152","72908292","0001","FDO TUTELA 10 DE MARCHI SRL","0",,"A","1","CONV","30","N"
"0019","153","72908299","0001","FDO TUTELA 10 SFE SRL","0",,"A","1","CONV","30","N"
"0019","154","72908301","0001","FDO TUTELA 10 MILANILABITARE","0",,"A","1","CONV","30","N"
"0019","155","72908303","0001","FDO TUTELA 12 NUOVA EUROPA SRL","0",,"A","1","CONV","30","N"
"0019","156","72908304","0001","FDO TUTELA 10 ALLE GRAZIE SNC","0",,"A","1","CONV","30","N"
"0019","157","72908306","0001","FDO TUTELA 11 ICT IDEAS SRL","0",,"A","1","CONV","30","N"
"0019","158","72908323","0001","FDO TUTELA 10 SAM SRL","0",,"A","1","CONV","30","N"
"0019","159","72908324","0001","FDO TUTELA 10 SE.DI. SRL","0",,"A","1","CONV","30","N"
"0019","160","72908326","0001","FDO TUTELA 11 PUNTO GAS SRL","0",,"A","1","CONV","30","N"
"0019","161","72908327","0001","FDO TUTELA 14 POVOLO SRL","0",,"A","1","CONV","30","N"
"0019","162","72908328","0001","FDO TUTELA 10 MADAMA OLIVA IMM","0",,"A","1","CONV","30","N"
"0019","163","72908329","0001","FDO TUTELA 10 MO19 Srl","0",,"A","1","CONV","30","N"
"0019","164","72908330","0001","FDO TUTELA 10 MADAMA OLIVA SRL","0",,"A","1","CONV","30","N"
"0019","165","72908332","0001","FDO TUTELA 10 D&E SRL","0",,"A","1","CONV","30","N"
"0019","166","72908335","0001","FDO TUTELA 11 DI PROSPERO SRL","0",,"A","1","CONV","30","N"
"0019","167","72908336","0001","FDO TUTELA 10 TEA ENERGIE SRL","0",,"A","1","CONV","30","N"
"0019","168","72908340","0001","FDO TUTELA 10 APRISYSTEM SRL","0",,"A","1","CONV","30","N"
"0038","75","72908333","0001","MITUTELA BASE 038","0",,"A","1","CONV","0","N"
"0038","76","72908338","0001","MITUTELA MEDIUM 032","0",,"A","1","CONV","0","N"
"0038","77","72908345","0001","MITUTELA BASE 039","0",,"A","1","CONV","0","N"
"0038","78","72908347","0001","MITUTELA BASE 040","0",,"A","1","CONV","0","N"
"0038","79","72908348","0001","MITUTELA MEDIUM 033","0",,"A","1","CONV","0","N"
"0038","80","72908349","0001","MITUTELA MEDIUM 034","0",,"A","1","CONV","0","N"
"0038","81","72908350","0001","MITUTELA MEDIUM 035","0",,"A","1","CONV","0","N"
"0038","82","72908353","0001","MITUTELA MEDIUM 036","0",,"A","1","CONV","0","N"
"0019","170","72908342","0001","FDO TUTELA 11 AMICO MIO SRL","0",,"A","1","CONV","30","N"
"0019","171","72908344","0001","FDO TUTELA 10 MASK SRL","0",,"A","1","CONV","30","N"
"0019","172","72908346","0001","FDO TUTELA 11 DASSORI SRL","0",,"A","1","CONV","30","N"
"0019","173","72908351","0001","FDO TUTELA 10 MITO IMMOBILIARE","0",,"A","1","CONV","30","N"
"0019","174","72908352","0001","FDO TUTELA 10 BARRIO DE TANGO","0",,"A","1","CONV","30","N"
"0019","175","72908354","0001","FDO TUTELA 12 A.M.A.N. SCPA","0",,"A","1","CONV","30","N"
"0019","176","72908359","0001","FDO TUTELA 10 ERGA SI SRL","0",,"A","1","CONV","30","N"
"0019","177","72908360","0001","FDO TUTELA 10 TECNO SALD SAS","0",,"A","1","CONV","30","N"
"0019","178","72908361","0001","FDO TUTELA 10 K IMMOBILIARE 2","0",,"A","1","CONV","30","N"
"0019","179","72908364","0001","FDO TUTELA 10 EVIMERIA SRL","0",,"A","1","CONV","30","N"
"0019","180","72908365","0001","FDO TUTELA 11 SISTEMI OPEN SRL","0",,"A","1","CONV","30","N"
"0019","181","72908371","0001","FDO TUTELA 11 COIMAR SRL","0",,"A","1","CONV","30","N"
"0019","182","72908372","0001","FDO TUTELA 11 SDM SRL","0",,"A","1","CONV","30","N"
"0019","183","72908374","0001","FDO TUTELA 11 TRANCERIA CVR","0",,"A","1","CONV","30","N"
"0019","184","72908376","0001","FDO TUTELA 11 OTTICA MODERNA","0",,"A","1","CONV","30","N"
"0019","185","72908382","0001","FDO TUTELA 11 DIMO SRL","0",,"A","1","CONV","30","N"
"0019","186","72908386","0001","FDO TUTELA 10 STUDIO BALDUINA","0",,"A","1","CONV","30","N"
"0019","187","72908387","0001","FDO TUTELA 11 GENERAL TRASPORT","0",,"A","1","CONV","30","N"
"0019","188","72908388","0001","FDO TUTELA 11 EDIL MERELLO SRL","0",,"A","1","CONV","30","N"
"0019","189","72908389","0001","FDO TUTELA 10 ERIMAT SRL","0",,"A","1","CONV","30","N"
"0019","190","72908390","0001","FDO TUTELA 11 AT ASSOCIATI SRL","0",,"A","1","CONV","30","N"
"0019","191","79244370","0001","FDO TUTELA 01 INT AGS SPA","0",,"A","1","CONV","30","N"
"0019","192","79244379","0001","FDO TUTELA 01 INT SANDALJ","0",,"A","1","CONV","30","N"
"0019","193","79244380","0001","FDO TUTELA 01 INT DOLOMITI ENE","0",,"A","1","CONV","30","N"
"0019","194","79244387","0001","FDO TUTELA 01BIS BOTZEN INVEST","0",,"A","1","CONV","30","N"
"0019","195","79244389","0001","FDO TUTELA 01BIS NUMMUS INFO","0",,"A","1","CONV","30","N"
"0019","196","79244396","0001","FDO TUTELA 10 FONTANA ERMES","0",,"A","1","CONV","30","N"
"0019","197","79244402","0001","FDO TUTELA 11 ING. G. LUPI","0",,"A","1","CONV","30","N"
"0019","198","79244403","0001","FDO TUTELA 11 WATER CONSULTING","0",,"A","1","CONV","30","N"
"0019","199","79244409","0001","FDO TUTELA 16 INT ATLANTICA TR","0",,"A","1","CONV","30","N"
"0019","200","79244412","0001","FDO TUTELA 10 INSER SPA","0",,"A","1","CONV","30","N"
"0038","103","500881443","0001","MITUTELA BASE 050","0",,"A","1","CONV","0","N"
"0038","104","500881444","0001","MITUTELA BASE 051","0",,"A","1","CONV","0","N"
"0038","105","500881445","0001","MITUTELA BASE 052","0",,"A","1","CONV","0","N"
"0038","106","500881446","0001","MITUTELA BASE 053","0",,"A","1","CONV","0","N"
"0038","108","500881450","0001","MITUTELA TOP 004","0",,"A","1","CONV","0","N"
"0038","109","500881489","0001","MITUTELA TOP 005","0",,"A","1","CONV","0","N"
"0038","110","500881884","0001","MITUTELA TOP 006","0",,"A","1","CONV","0","N"
"0038","111","501049273","0001","MITUTELA TOP 007","0",,"A","1","CONV","0","N"
"0038","112","501049349","0001","MITUTELA TOP 008","0",,"A","1","CONV","0","N"
"0038","113","501049269","0001","MITUTELA VIP 005","0",,"A","1","CONV","0","N"
"0038","115","500881492","0001","MITUTELA BASE 056","0",,"A","1","CONV","0","N"
"0038","116","500881493","0001","MITUTELA BASE 057","0",,"A","1","CONV","0","N"
"0038","117","500881883","0001","MITUTELA BASE 058","0",,"A","1","CONV","0","N"
"0038","118","500881497","0001","MITUTELA MEDIUM 046","0",,"A","1","CONV","0","N"
"0038","120","500881886","0001","MITUTELA MEDIUM 048","0",,"A","1","CONV","0","N"
"0038","121","501049078","0001","MITUTELA MEDIUM 049","0",,"A","1","CONV","0","N"
"0038","122","501049176","0001","MITUTELA MEDIUM 050","0",,"A","1","CONV","0","N"
"0038","123","501049270","0001","MITUTELA MEDIUM 051","0",,"A","1","CONV","0","N"
"0038","124","501049272","0001","MITUTELA MEDIUM 052","0",,"A","1","CONV","0","N"
"0038","125","501049276","0001","MITUTELA MEDIUM 053","0",,"A","1","CONV","0","N"
"0019","249","501049356","0001","FDO TUTELA 01 INT IHC SPA","0",,"A","1","CONV","30","N"
"0019","250","501049413","0001","FDO TUTELA 11 CENTRO METEO ITA","0",,"A","1","CONV","30","N"
"0019","251","501049419","0001","FDO TUTELA 11 IMPERIA SUITE","0",,"A","1","CONV","30","N"
"0019","252","72908227","0001","FDO TUTELA 09 ASSICATANIA SRL","0",,"A","1","CONV","30","N"
"0019","253","72908278","0001","FDO TUTELA 05 INVEL REAL ESTAT","0",,"A","1","CONV","30","N"
"0019","254","72908300","0001","FDO TUTELA 09 MILANILABITARE","0",,"A","1","CONV","30","N"
"0019","255","79244415","0001","FDO TUTELA 08 INT INSER SPA","0",,"A","1","CONV","30","N"
"0019","256","500881471","0001","FDO TUTELA 09 MINELLE SNC","0",,"A","1","CONV","30","N"
"0019","257","500881473","0001","FDO TUTELA 09 DITTA MINELLE","0",,"A","1","CONV","30","N"
"0019","258","500881476","0001","FDO TUTELA CDG INT CARTIERE","0",,"A","1","CONV","30","N"
"0080","1","500881464","0001","ASCOM RICOVERO < 2.000,01","0",,"A","1","CONV","0","N"
"0080","2","500881464","0001","ASCOM RICOVERO 2000,01-5000,00","0",,"A","1","CONV","0","N"
"0080","3","500881464","0001","ASCOM RICOVERO > 5.000,00","0",,"A","1","CONV","0","N"
"0080","4","500881464","0001","SOLO TIT. RICOVERO < 2.000,01","0",,"A","1","CONV","0","N"
"0080","5","500881464","0001","SOLO TIT. RICO 2000,01-5000,00","0",,"A","1","CONV","0","N"
"0080","6","500881464","0001","SOLO TIT. RICOVERO > 5.000,00","0",,"A","1","CONV","0","N"
"0081","1","500910615","0001","DIPENDENTI","0",,"A","1","CONV","30","N"
"0082","1","500010368","0001","AUBAY QUADRI","0",,"A","1","CONV","0","N"
"0082","2","500010175","0001","AUBAY VENTURINI","0",,"A","1","CONV","0","N"
"0083","1","79903161","0001","DIRIGENTI","0",,"A","1","CONV","30","N"
"0083","2","79903163","0001","QUADRI","0",,"A","1","CONV","30","N"
"0083","3","79903162","0001","IMPIEGATI","0",,"A","1","CONV","30","N"
"0084","1","732957564","0073","OPZ. 1","0",,"A","4","CONV","30","N"
"0084","2","732957560","0073","OPZ. 2","0",,"A","4","CONV","30","N"
"0084","3","732957563","0073","OPZ. 3","0",,"A","4","CONV","30","N"
"0084","4","732957557","0073","OPZ. 4","0",,"A","4","CONV","30","N"
"0084","5","732957558","0073","OPZ. 5","0",,"A","4","CONV","30","N"
"0084","6","732957562","0073","OPZ. 6","0",,"A","4","CONV","30","N"
"0084","7","732957561","0073","OPZ. 7","0",,"A","4","CONV","30","N"
"0084","8","730952849","0073","OPZ. 8 ITALY CLUB","0",,"A","4","CONV","30","N"
"0085","1","52268035","0001","DKV OPZ. 6 EXTRA","0",,"A","1","CONV","30","N"
"0085","2","52268037","0001","DKV OPZ. 3 BASE","0",,"A","1","CONV","0","N"
"0098","67","72908325","0001","FDO TUTELA 11 MANUTENTOIL SRL","0",,"A","1","CONV","30","N"
"0098","68","79244433","0001","FDO TUTELA 11 ABBATI SNC","0",,"A","1","CONV","30","N"
"0098","261","72908391","0001","FDO TUTELA 10 BELLAVISTA RELAX","0",,"A","1","CONV","30","N"
"0098","295","72908443","0001","FDO TUTELA 13 I&P AIRAGHI SNC","0",,"A","1","CONV","30","N"
"0098","329","72908245","0001","FDO TUTELA 12 CIGIM SRL","0",,"A","1","CONV","30","N"
"0098","330","72908504","0001","FDO TUTELA 13 SWEDEN & MARTINA","0",,"A","1","CONV","30","N"
"0166","6","506188042","0001","SOCI 15 ANNI","0",,"A","1","CONV","30","N"
"0166","7","506188042","0001","SOCI 16 ANNI","0",,"A","1","CONV","30","N"
"0166","8","506188042","0001","SOCI 17 ANNI","0",,"A","1","CONV","30","N"
"0166","9","506188042","0001","SOCI 18 ANNI","0",,"A","1","CONV","30","N"
"0166","10","506188042","0001","SOCI 19 ANNI","0",,"A","1","CONV","30","N"
"0179","29","506601079","0001","OPZ KAPPA/EST N BASE WL GORE","0",,"A","1","CONV","0","N"
"0217","47","72908354","0001","FT5 A.M.A.N.","0",,"A","1","CONV","30","N"
"0217","48","72908462","0001","FT3 ALPHA CONSULTA","0",,"A","1","CONV","30","N"
"0217","49","72908082","0001","FT8 KREION RE","0",,"A","1","CONV","30","N"
"0217","50","501049235","0001","FT7 BLU ICE","0",,"A","1","CONV","30","N"
"0217","51","500881463","0001","FT3 DELLA TORRE E SIGNORI","0",,"A","1","CONV","30","N"
"0217","52","72908451","0001","FT4 CHIAMA E CENA","0",,"A","1","CONV","30","N"
"0217","53","72908445","0001","FT4 IL FONTANONE","0",,"A","1","CONV","30","N"
"0217","54","500881499","0001","FT3 SANDRETTO","0",,"A","1","CONV","30","N"
"0217","55","72908425","0001","FT3 PAPA' LUCIEN DI AUDISIO","0",,"A","1","CONV","30","N"
"0218","50","72908255","0001","MT BASE UNDER 70_DI CERBO","0",,"A","1","CONV","0","N"
"0218","51","72908144","0001","MT BASE OVER 70_BUDELLI","0",,"A","1","CONV","0","N"
"0218","52","500881474","0001","MT BASE OVER 70_BORDIN","0",,"A","1","CONV","0","N"
"0218","55","72908076","0001","MT BASE UNDER 70_MURATORE","0",,"A","1","CONV","0","N"
"0218","56","72908373","0001","MT MEDIUM UNDER 70_CIUCCI","0",,"A","1","CONV","0","N"
"0218","57","72908262","0001","MT MEDIUM UNDER 70_MOSELE","0",,"A","1","CONV","0","N"
"0218","58","72908314","0001","MT MEDIUM UNDER 70_DAPEI","0",,"A","1","CONV","0","N"
"0218","59","72908476","0001","MT MEDIUM UNDER 70_CARDIN","0",,"A","1","CONV","0","N"
"0218","60","72908398","0001","MT MEDIUM UNDER 70_MAINARDI","0",,"A","1","CONV","0","N"
"0218","61","501049272","0001","MT MEDIUM UNDER 70_LUCIOLLI","0",,"A","1","CONV","0","N"
"0218","62","72908164","0001","MT MEDIUM UNDER 70_CERIANI","0",,"A","1","CONV","0","N"
"0218","63","72908321","0001","MT BASE UNDER 70_MANTIONE","0",,"A","1","CONV","0","N"
"0218","64","72908392","0001","MT BASE UNDER 70_GREGORIS","0",,"A","1","CONV","0","N"
"0218","65","72908086","0001","MT BASE UNDER 70_EDERLE","0",,"A","1","CONV","0","N"
"0218","66","500881447","0001","MT BASE OVER 70_TESTA","0",,"A","1","CONV","0","N"
"0218","67","72908163","0001","MT TOP OVER 70_DOMINICI","0",,"A","1","CONV","0","N"
"0217","189","72908414","0001","FT4 S.I.R.E. ELETTRONICA","0",,"A","1","CONV","30","N"
"0217","205","79244415","0001","FT1 INT INSER","0",,"A","1","CONV","30","N"
"0021","1","74680259","0001","MANUFACTURES DIOR DIPENDENTI","0",,"A","1","CONV","30","N"
"0021","2","74680258","0001","MANUFACTURES DIOR DIRIGENTI","0",,"A","1","CONV","30","N"
"0023","18","501225800","0001","DENTARIE INTEGR. DIR. II SEMES","0",,"A","1","CONV","30","N"
"0025","4","501258069","0001","SENIOR FAMILIARI","0",,"A","1","CONV","30","N"
"0068","1","0000000000","0003","ISCRITTI FONDO MAX ILLIMITATO","0",,"A","12","CONV","0","N"
"0146","1","501671850","0001","CASSA OPZ A FIBRO SPA","0",,"A","1","CONV","0","N"
"0146","2","501671843","0001","CASSA OPZ B PM&PARTNERS SPA","0",,"A","1","CONV","0","N"
"0146","3","501049079","0001","CASSA OPZ C SPEZIA RISORSE SPA","0",,"A","1","CONV","0","N"
"0146","4","501049080","0001","CASSA OPZ A INT CHECKPOINT SRL","0",,"A","1","CONV","0","N"
"0146","5","501671445","0001","CASSA OPZ C INT DECIPHERA SRL","0",,"A","1","CONV","0","N"
"0146","6","501150937","0001","CASSA OPZ D INT INTEGRAL AD","0",,"A","1","CONV","0","N"
"0146","7","501671844","0001","CASSA OPZ B INT Q TIT UTOPUS","0",,"A","1","CONV","0","N"
"0146","8","501671844","0001","CASSA OPZ B INT Q FAM UTOPUS","0",,"A","1","CONV","0","N"
"0146","9","501671845","0001","CASSA OPZ D INT Q TIT INSPEREX","0",,"A","1","CONV","0","N"
"0146","10","501671845","0001","CASSA OPZ D INT Q FAM INSPEREX","0",,"A","1","CONV","0","N"
"0146","11","502088942","0001","CASSA OPZ A HAMILTON LANE SRL","0",,"A","1","CONV","0","N"
"0146","12","505134332","0001","CASSA OPZ A VI-GRADE SRL","0",,"A","1","CONV","0","N"
"0146","13","505134323","0001","CASSA OPZ B BLUEBACK GLOBAL","0",,"A","1","CONV","0","N"
"0146","14","501049081","0001","CASSA OPZ C CHECKPOINT SRL","0",,"A","1","CONV","0","N"
"0146","15","501049555","0001","CASSA OPZ C FIBRO SPA","0",,"A","1","CONV","0","N"
"0146","16","501671934","0001","CASSA OPZ C ANGUS CHEMIE GMBH","0",,"A","1","CONV","0","N"
"0146","17","501049327","0001","CASSA OPZ A INT AB INITIO","0",,"A","1","CONV","0","N"
"0146","18","501049515","0001","CASSA OPZ A INT SGH SRL","0",,"A","1","CONV","0","N"
"0146","19","501049516","0001","CASSA OPZ A INT FIBRO SPA","0",,"A","1","CONV","0","N"
"0146","20","502088058","0001","CASSA OPZ A INT AB INITIO","0",,"A","1","CONV","0","N"
"0146","21","501049327","0001","CASSA OPZ A INT Q TIT AB INITI","0",,"A","1","CONV","0","N"
"0146","22","501049327","0001","CASSA OPZ A INT Q FAM AB INITI","0",,"A","1","CONV","0","N"
"0098","176","72908359","0001","FDO TUTELA 10 ERGA SI SRL","0",,"A","1","CONV","30","N"
"0098","180","72908365","0001","FDO TUTELA 11 SISTEMI OPEN SRL","0",,"A","1","CONV","30","N"
"0098","182","72908372","0001","FDO TUTELA 11 SDM SRL","0",,"A","1","CONV","30","N"
"0098","184","72908376","0001","FDO TUTELA 11 OTTICA MODERNA","0",,"A","1","CONV","30","N"
"0098","185","72908382","0001","FDO TUTELA 11 DIMO SRL","0",,"A","1","CONV","30","N"
"0098","187","72908387","0001","FDO TUTELA 11 GENERAL TRASPORT","0",,"A","1","CONV","30","N"
"0098","267","72908417","0001","FDO TUTELA 11 SEED DIGITAL SRL","0",,"A","1","CONV","30","N"
"0098","305","72908459","0001","FDO TUTELA 11 CAVE BONINI SPA","0",,"A","1","CONV","30","N"
"0088","149","72908469","0001","MITUTELA TOP 011","0",,"A","1","CONV","0","N"
"0088","150","72908468","0001","MITUTELA MEDIUM 066","0",,"A","1","CONV","0","N"
"0217","17",,"0001","FT1 INT","0",,"A","1","CONV","30","N"
"0217","18",,"0001","FT2 INT","0",,"A","1","CONV","30","N"
"0217","19",,"0001","FT3 INT","0",,"A","1","CONV","30","N"
"0217","20",,"0001","FT4 INT","0",,"A","1","CONV","30","N"
"0217","21","79244433","0001","FT4 ABBATI SNC","0",,"A","1","CONV","30","N"
"0217","22","79244433","0001","FT4 >70 ABBATI SNC","0",,"A","1","CONV","30","N"
"0217","23","79244435","0001","FT4 OLEODINAMICA GASPARINI","0",,"A","1","CONV","30","N"
"0218","85","72908201","0001","MT BASE UNDER 70_MORETTI","0",,"A","1","CONV","0","N"
"0218","86","72908129","0001","MT BASE UNDER 70_QUAINI","0",,"A","1","CONV","0","N"
"0218","87","72908349","0001","MT MEDIUM UNDER 70_TRONCHINI","0",,"A","1","CONV","0","N"
"0218","88","72908078","0001","MT TOP UNDER 70_FERRARI","0",,"A","1","CONV","0","N"
"0218","89","72908358","0001","MT BASE UNDER 70_NIELSEN","0",,"A","1","CONV","0","N"
"0218","90",,"0001","MT BASE UNDER 70_RICHETTI","0",,"A","1","CONV","0","N"
"0217","149","500881496","0001","FT3 ERRECI IMPIANTI SRL","0",,"A","1","CONV","30","N"
"0217","150","501049414","0001","FT3 TRONCHINI SERVIZI ASSICUR.","0",,"A","1","CONV","30","N"
"0217","227","72908287","0001","FT4 INT INSER","0",,"A","1","CONV","30","N"
"0019","6","72908071","0001","FONDO TUTELA 10_001","0",,"A","1","CONV","30","N"
"0050","1","731253343","0073","HYPO IPOTESI A 1/2","0",,"A","4","CONV","0","N"
"0053","1","66312903","0001","DIRIGENTI NUCLEO 2 PERSONE","0",,"A","1","CONV","0","N"
"0062","2","79903489","0001","CAMINADA INTEGRATIVA","0",,"A","1","CONV","0","N"
"0063","1","501049338","0001","STUDIO DIANA COMPLETA","0",,"A","1","CONV","0","N"
"0098","89","72908072","0001","FDO TUTELA 10 PRIMATOUR ITALIA","0",,"A","1","CONV","30","N"
"0098","90","72908081","0001","FDO TUTELA 10 CASARIN GROUP","0",,"A","1","CONV","30","N"
"0157","3","501258086","0001","JUNIOR TITOLARI","0",,"A","1","CONV","30","N"
"0098","298","72908450","0001","FDO TUTELA 10 MAGGIONI TYPE","0",,"A","1","CONV","30","N"
"0168","3","506396178","0001","IMPIEGATI NUCLEO 1 PERSONA","0",,"A","1","CONV","0","N"
"0181","1","66312903","0001","DIRIGENTI NUCLEO 2 PERSONE","0",,"A","1","CONV","0","N"
"0181","2","66312903","0001","DIRIGENTI NUCLEO 3 PERSONE","0",,"A","1","CONV","0","N"
"0181","3","66312903","0001","DIRIGENTI NUCLEO > 3 PERSONE","0",,"A","1","CONV","0","N"
"0181","4","66312901","0001","DIRIGENTI Q NUCLEO 1 PERSONA","0",,"A","1","CONV","0","N"
"0181","5","66312901","0001","DIRIGENTI Q NUCLEO 2 PERSONE","0",,"A","1","CONV","0","N"
"0181","6","66312902","0001","FUNZIONARI NUCLEO 1 PERSONA","0",,"A","1","CONV","0","N"
"0181","7","66312902","0001","FUNZIONARI NUCLEO 2 PERSONE","0",,"A","1","CONV","0","N"
"0181","8","66312902","0001","FUNZIONARI NUCLEO 3 PERSONE","0",,"A","1","CONV","0","N"
"0181","9","66312902","0001","FUNZIONARI NUCLEO 4 PERSONE","0",,"A","1","CONV","0","N"
"0181","10","66312902","0001","FUNZIONARI NUCLEO 5 PERSONE","0",,"A","1","CONV","0","N"
"0181","11","66312902","0001","FUNZIONARI NUCLEO > 5 PERSONE","0",,"A","1","CONV","0","N"
"0181","12","66312900","0001","FUNZIONARI Q NUCLEO 2 PERSONE","0",,"A","1","CONV","0","N"
"0181","13","66312899","0001","IMPIEGATI NUCLEO 1 PERSONA","0",,"A","1","CONV","0","N"
"0181","14","502088983","0001","IMPIEGATI Q NUCLEO 1 PERSONA","0",,"A","1","CONV","0","N"
"0181","15","502088983","0001","IMPIEGATI Q NUCLEO 2 PERSONE","0",,"A","1","CONV","0","N"
"0181","16","66312900","0001","FUNZIONARI Q NUCLEO 3 PERSONE","0",,"A","1","CONV","0","N"
"0181","17","66312900","0001","FUNZIONARI Q NUCLEO 4 PERSONE","0",,"A","1","CONV","0","N"
"0181","18","66312901","0001","DIRIGENTI Q NUCLEO > 3 PERSONE","0",,"A","1","CONV","0","N"
"0181","19","66312903","0001","DIRIGENTI NUCLEO 1 PERSONA","0",,"A","1","CONV","0","N"
"0217","16",,"0001","FT8 >70","0",,"A","1","CONV","30","N"
"0218","5","72908163","0001","MITUTELA TOP UNDER 70","0",,"A","1","CONV","0","N"
"0218","6","72908163","0001","MITUTELA TOP OVER 70","0",,"A","1","CONV","0","N"
"0218","7","72908085","0001","MITUTELA VIP UNDER 70","0",,"A","1","CONV","0","N"
"0218","8","72908085","0001","MITUTELA VIP OVER 70","0",,"A","1","CONV","0","N"
"0217","56","72908128","0001","FT4 ATLANTICA TRASPORTI","0",,"A","1","CONV","30","N"
"0218","38","72908343","0001","MT MEDIUM UNDER 70_LOMBARDI","0",,"A","1","CONV","0","N"
"0179","62","506601005","0001","OPZ AI/2 BAD LESDA","0",,"A","1","CONV","0","N"
"0179","63","506601003","0001","OPZ AI/2 BASE DZS ITALY","0",,"A","1","CONV","0","N"
"0179","64","505798991","0001","OPZ AI/2 BASE FLUIDRA COM","0",,"A","1","CONV","0","N"
"0179","65","506601054","0001","OPZ AC/4 BAD LA BELLOTTA","0",,"A","1","CONV","0","N"
"0179","66","506601054","0001","OPZ AC/1 BAD LA BELLOTTA","0",,"A","1","CONV","0","N"
"0228","1","505280678","0001","Q8","0",,"A","1","CONV","30","N"
"0228","2","502019458","0001","Q8 APPARECCHIO ACUSTICO","0",,"A","1","CONV","30","N"
"0228","3","502019458","0001","Q8 NO MAX FISIOTERAPIA","0",,"A","1","CONV","30","N"
"0228","4","502019458","0001","Q8 NO MAX PSICOANALISI","0",,"A","1","CONV","30","N"
"0228","5","502019458","0001","Q8 COLON E GASTRO","0",,"A","1","CONV","30","N"
"0229","1","500010368","0001","AUBAY QUADRI","0",,"A","1","CONV","0","N"
"0229","2","500010175","0001","AUBAY VENTURINI","0",,"A","1","CONV","0","N"
"0041","1","501671850","0001","CASSA OPZIONE A 001","0",,"A","1","CONV","0","N"
"0053","14","502088983","0001","IMPIEGATI Q NUCLEO 1 PERSONA","0",,"A","1","CONV","0","N"
"0053","15","502088983","0001","IMPIEGATI Q NUCLEO 2 PERSONE","0",,"A","1","CONV","0","N"
"0064","1","501049334","0001","STEDAN INTEGRATIVA FASI","0",,"A","1","CONV","0","N"
"0098","112","500881455","0001","FDO TUTELA 10 GELATERIA VENETA","0",,"A","1","CONV","30","N"
"0098","47","500881484","0001","FDO TUTELA 10 TECNO SRL","0",,"A","1","CONV","30","N"
"0088","131","72908408","0001","MITUTELA VIP 006","0",,"A","1","CONV","0","N"
"0098","287","72908049","0001","FDO TUTELA 11 FM SERVICES SRL","0",,"A","1","CONV","30","N"
"0088","138","500881423","0001","MITUTELA MEDIUM 059","0",,"A","1","CONV","0","N"
"0182","1","506270818","0001","DIRIGENTI NUCLEO 3 PERSONE","0",,"A","1","CONV","0","N"
"0182","2","506270817","0001","FUNZIONARI NUCLEO 2 PERSONE","0",,"A","1","CONV","0","N"
"0182","3","506396178","0001","IMPIEGATI NUCLEO 1 PERSONA","0",,"A","1","CONV","0","N"
"0202","1","506552234","0001","DIRIGENTI SINGLE","0",,"A","1","CONV","30","N"
"0202","2","506552234","0001","DIRIGENTI NUCLEO 2 ASSICURATI","0",,"A","1","CONV","30","N"
"0202","3","506552234","0001","DIRIGENTI NUCLEO 3 ASSICURATI","0",,"A","1","CONV","30","N"
"0202","4","506552234","0001","DIRIGENTI NUCLEO 4 ASSICURATI","0",,"A","1","CONV","30","N"
"0202","5","506552234","0001","DIRIGENTI NUCLEO 5 ASSICURATI","0",,"A","1","CONV","30","N"
"0202","6","506552234","0001","QUADRI SINGLE","0",,"A","1","CONV","30","N"
"0202","7","506552234","0001","QUADRI NUCLEO 2 ASSICURATI","0",,"A","1","CONV","30","N"
"0202","8","506552234","0001","QUADRI NUCLEO 3 ASSICURATI","0",,"A","1","CONV","30","N"
"0202","9","506552234","0001","DIPENDENTI SINGLE","0",,"A","1","CONV","30","N"
"0202","10","506552234","0001","DIPENDENTI CON NUCLEO","0",,"A","1","CONV","30","N"
"0217","61","72908070","0001","FT3 GIARDI TESSILE","0",,"A","1","CONV","30","N"
"0173","1","506552224","0001","OPBG MEDICI E NON","0",,"A","1","CONV","30","N"
"0217","65","72908426","0001","FT4 OLDANI CONSULTING HUB","0",,"A","1","CONV","30","N"
"0217","70","72908208","0001","FT3 COMUNIAN ZANETTI ASSICURA","0",,"A","1","CONV","30","N"
"0218","69","72908419","0001","MT MEDIUM UNDER 70_RAVIZZINI","0",,"A","1","CONV","0","N"
"0218","70","72908478","0001","MT MEDIUM UNDER 70_INNOCENTI","0",,"A","1","CONV","0","N"
"0218","79","72908293","0001","MT BASE UNDER 70_SALVI","0",,"A","1","CONV","0","N"
"0218","80","72908507","0001","MT TOP UNDER 70_BRUNI","0",,"A","1","CONV","0","N"
"0218","81","501049176","0001","MT MEDIUM OVER 70_GIORDANI","0",,"A","1","CONV","0","N"
"0218","82","72908505","0001","MT BASE UNDER 70_ANNOSCIA","0",,"A","1","CONV","0","N"
"0218","83","72908250","0001","MT BASE OVER 70_MOBRICI","0",,"A","1","CONV","0","N"
"0218","84","72908307","0001","MT BASE UNDER 70_MORE'","0",,"A","1","CONV","0","N"
"0217","100","72908442","0001","FT4 PROGETTO SRL","0",,"A","1","CONV","30","N"
"0069","2","73624580","0001","AON ACCURACY Opz. III Bis","0",,"A","1","CONV","30","N"
"0098","277","72908411","0001","FDO TUTELA 04 NTS S.P.A.","0",,"A","1","CONV","30","N"
"0183","1","553075026","0073","DIPENDENTI CASINO DE LA VALLEE","0",,"A","4","CONV","30","N"
"0183","2","553075026","0073","PENSIONATI CASINO DE LA VALLEE","0",,"A","4","CONV","30","N"
"0088","147","72908458","0001","MITUTELA TOP 010","0",,"A","1","CONV","0","N"
"0165","4","505586238","0001","SPORT E SALUTE BASE DIR FAM","0",,"A","1","CONV","20","N"
"0098","312","72908471","0001","FDO TUTELA 11 ECOPANDA SRL","0",,"A","1","CONV","30","N"
"0098","328","72908503","0001","FDO TUTELA 12 CNS SRL","0",,"A","1","CONV","30","N"
"0218","36","72908477","0001","MT MEDIUM UNDER 70_PAPAZZONI","0",,"A","1","CONV","0","N"
"0179","55","506601007","0001","OPZ ALFA BAD INS. BUSINESS","0",,"A","1","CONV","0","N"
"0217","81","79267287","0001","FT8 ITIB MACHINERY","0",,"A","1","CONV","30","N"
"0217","82","500881452","0001","FT3 OSSITAGLIO","0",,"A","1","CONV","30","N"
"0217","83","72908211","0001","FT8 PREDARI VETRI","0",,"A","1","CONV","30","N"
"0217","84","72908267","0001","FT4 FARMACIA BORGARELLI","0",,"A","1","CONV","30","N"
"0217","168","72908452","0001","FT3 MELOGRANO HOLDING SRL","0",,"A","1","CONV","30","N"
"0217","170","72908386","0001","FT3 STUDIO BALDUINA SRL","0",,"A","1","CONV","30","N"
"0217","171","72908374","0001","FT1 TRANCERIA CVR SRL","0",,"A","1","CONV","30","N"
"0217","172","500881473","0001","FT1 DITTA MINELLE GABRIELE","0",,"A","1","CONV","30","N"
"0217","173","72908430","0001","FT3 BRUNO BASSO SRL","0",,"A","1","CONV","30","N"
"0218","104",,"0001","MT BASE UNDER 70_MENICUCCI","0",,"A","1","CONV","0","N"
"0019","16","79244382","0001","FONDO TUTELA 01_004INTEGRATIVA","0",,"A","1","CONV","30","N"
"0019","17","79244506","0001","FONDO TUTELA 01_005INTEGRATIVA","0",,"A","1","CONV","30","N"
"0019","18","72908072","0001","FONDO TUTELA 10_002","0",,"A","1","CONV","30","N"
"0019","19","72908073","0001","FONDO TUTELA 10_003","0",,"A","1","CONV","30","N"
"0019","20","72908108","0001","FONDO TUTELA 10_004","0",,"A","1","CONV","30","N"
"0019","21","72908109","0001","FONDO TUTELA 10_005","0",,"A","1","CONV","30","N"
"0019","22","72908110","0001","FONDO TUTELA 10_006","0",,"A","1","CONV","30","N"
"0019","23","72908131","0001","FONDO TUTELA 10_007","0",,"A","1","CONV","30","N"
"0019","24","72908182","0001","FONDO TUTELA 10_008","0",,"A","1","CONV","30","N"
"0019","25","72908183","0001","FONDO TUTELA 10_009","0",,"A","1","CONV","30","N"
"0019","26","72908191","0001","FONDO TUTELA 10_010","0",,"A","1","CONV","30","N"
"0034","1","79268089","0001","MODIS OPZ. 1","0",,"A","1","CONV","30","N"
"0050","3","731253344","0073","HYPO DIRIGENTI","0",,"A","4","CONV","0","N"
"0050","4","731253344","0073","HYPO QUADRI DIRETTIVI 3/4","0",,"A","4","CONV","0","N"
"0051","2","733029605","0073","NATISSA IPOTESI A 1/2","0",,"A","4","CONV","0","N"
"0059","1","79903437","0001","J INVEST IMPIEGATI","0",,"A","1","CONV","0","N"
"0059","2","79903437","0001","J INVEST QUADRI","0",,"A","1","CONV","0","N"
"0139","1","731253343","0073","HYPO IPOTESI A 1/2","0",,"A","4","CONV","0","N"
"0139","2","731253343","0073","HYPO IPOTESI B 1/2","0",,"A","4","CONV","0","N"
"0139","3","731253344","0073","HYPO DIRIGENTI","0",,"A","4","CONV","0","N"
"0139","4","731253344","0073","HYPO QUADRI DIRETTIVI 3/4","0",,"A","4","CONV","0","N"
"0140","1","731472975","0073","HETA DIRIGENTI","0",,"A","4","CONV","0","N"
"0140","2","731472975","0073","HETA QUADRI DIRETTIVI 3/4","0",,"A","4","CONV","0","N"
"0140","3","731472971","0073","HETA IPOTESI A 1/2","0",,"A","4","CONV","0","N"
"0140","4","731472971","0073","HETA IPOTESI B 1/2","0",,"A","4","CONV","0","N"
"0098","204","79244432","0001","FDO TUTELA 13 AUTOTRASPORTI SR","0",,"A","1","CONV","30","N"
"0162","1","0000000000","0003","DIPENDENTI","0",,"A","12","CONV","30","N"
"0088","135","72908428","0001","MITUTELA BASE 062","0",,"A","1","CONV","0","N"
"0088","144","72908454","0001","MITUTELA MEDIUM 064","0",,"A","1","CONV","0","N"
"0179","32","505798916","0001","OPZ AI/4CK BAD COCKROACH","0",,"A","1","CONV","0","N"
"0217","67","72908417","0001","FT4 SEED DIGITAL SRL","0",,"A","1","CONV","30","N"
"0217","69","79244413","0001","FT8 BONIFICA PARMENSE","0",,"A","1","CONV","30","N"
"0179","69","505798980","0001","OPZ AI/3CK BASE SUMITOMO","0",,"A","1","CONV","0","N"
"0179","70","505798981","0001","OPZ AC/3CK BAD SUMITOMO","0",,"A","1","CONV","0","N"
"0217","102","72908072","0001","FT3 PRIMATOUR ITALIA SRL","0",,"A","1","CONV","30","N"
"0217","103","72908072","0001","FT4 PRIMATOUR ITALIA SRL","0",,"A","1","CONV","30","N"
"0217","104","500881430","0001","FT5 I & ME SRL","0",,"A","1","CONV","30","N"
"0217","121","500881431","0001","FT3 BELLUCCI SPA","0",,"A","1","CONV","30","N"
"0217","122","72908161","0001","FT3 NUOVA CIVES SRL","0",,"A","1","CONV","30","N"
"0217","123","72908238","0001","FT3 F.LLI ROTA SRL","0",,"A","1","CONV","30","N"
"0217","124","72908340","0001","FT3 APRISYSTEM SRL","0",,"A","1","CONV","30","N"
"0179","78","505798979","0001","OPZ AI/2CK BASE RENOLIT ITALIA","0",,"A","1","CONV","0","N"
"0217","211",,"0001","FT2 DOLOMITI SPORTCLINIC","0",,"A","1","CONV","30","N"
"0056","4","253742117","0002","P&P BASE INTEGRATIVA > 80","0",,"A","2","CONV","60","N"
"0038","83","72908355","0001","MITUTELA BASE 041","0",,"A","1","CONV","0","N"
"0098","28","72908229","0001","FDO TUTELA 10 BRUNO TRAS FERR","0",,"A","1","CONV","30","N"
"0179","57","506601001","0001","OPZ AC/2 BAD DIGITALMOKA","0",,"A","1","CONV","0","N"
"0226","1","0000000000","0003","DIPENDENTI","0",,"A","12","CONV","30","N"
"0226","2","0000000000","0003","AGGIUNTIVA","0",,"A","12","CONV","30","N"
"0019","79","500881480","0001","FONDO TUTELA 12_006","0",,"A","1","CONV","30","N"
"0019","80","72908181","0001","FONDO TUTELA 13_002","0",,"A","1","CONV","30","N"
"0019","81","72908274","0001","FONDO TUTELA 14_002","0",,"A","1","CONV","30","N"
"0019","82","72908286","0001","FONDO TUTELA 14_003","0",,"A","1","CONV","30","N"
"0019","83","79244431","0001","FONDO TUTELA 14_004","0",,"A","1","CONV","30","N"
"0056","9","253742118","0002","P&P PLUS INTEGRATIVA 1P > 80","0",,"A","2","CONV","60","N"
"0056","10","253742118","0002","P&P PLUS INTEGRATIVA 2P","0",,"A","2","CONV","60","N"
"0056","11","253742118","0002","P&P PLUS INTEGRATIVA 2P > 80","0",,"A","2","CONV","60","N"
"0038","119","500881885","0001","MITUTELA MEDIUM 047","0",,"A","1","CONV","0","N"
"0098","86","72908069","0001","FDO TUTELA 10 ILSET SRL","0",,"A","1","CONV","30","N"
"0098","87","72908070","0001","FDO TUTELA 10 GIARDI TESSILE","0",,"A","1","CONV","30","N"
"0098","88","72908072","0001","FDO TUTELA 11 PRIMATOUR ITALIA","0",,"A","1","CONV","30","N"
"0098","100","72908120","0001","FDO TUTELA 10 MEPRAG SRL","0",,"A","1","CONV","30","N"
"0098","102","72908128","0001","FDO TUTELA 11 ATLANTICA SRL","0",,"A","1","CONV","30","N"
"0098","105","72908143","0001","FDO TUTELA 10 2G DI GAMBILLARE","0",,"A","1","CONV","30","N"
"0098","118","72908206","0001","FDO TUTELA 10 STELAR SRL","0",,"A","1","CONV","30","N"
"0098","126","72908223","0001","FDO TUTELA 14 SOGEMONT RAE SRL","0",,"A","1","CONV","30","N"
"0098","133","72908240","0001","FDO TUTELA 10 CENTRO RIPARAZIO","0",,"A","1","CONV","30","N"
"0098","134","72908241","0001","FDO TUTELA 13 MONTAGNA2000 SPA","0",,"A","1","CONV","30","N"
"0098","136","72908248","0001","FDO TUTELA 13 BAICAR SRL","0",,"A","1","CONV","30","N"
"0098","137","72908254","0001","FDO TUTELA 11 ROMA FOOD SRL","0",,"A","1","CONV","30","N"
"0098","139","72908265","0001","FDO TUTELA 11 TUSCODI SRL","0",,"A","1","CONV","30","N"
"0098","152","72908292","0001","FDO TUTELA 10 DE MARCHI SRL","0",,"A","1","CONV","30","N"
"0098","154","72908301","0001","FDO TUTELA 10 MILANILABITARE","0",,"A","1","CONV","30","N"
"0098","279","72908413","0001","FDO TUTELA 10 SIGESA SRL","0",,"A","1","CONV","30","N"
"0098","280","72908415","0001","FDO TUTELA 13 ORLANDI SPA","0",,"A","1","CONV","30","N"
"0088","133","72908419","0001","MITUTELA MEDIUM 057","0",,"A","1","CONV","0","N"
"0088","136","72908429","0001","MITUTELA MEDIUM 058","0",,"A","1","CONV","0","N"
"0098","286","72908430","0001","FDO TUTELA 10 BRUNO BASSO SRL","0",,"A","1","CONV","30","N"
"0088","137","72908431","0001","MITUTELA BASE 063","0",,"A","1","CONV","0","N"
"0166","2","506188042","0001","SOCI 11 ANNI","0",,"A","1","CONV","30","N"
"0166","3","506188042","0001","SOCI 12 ANNI","0",,"A","1","CONV","30","N"
"0166","37","506188042","0001","SOCI 46 ANNI","0",,"A","1","CONV","30","N"
"0166","38","506188042","0001","SOCI 47 ANNI","0",,"A","1","CONV","30","N"
"0166","39","506188042","0001","SOCI 48 ANNI","0",,"A","1","CONV","30","N"
"0166","40","506188042","0001","SOCI 49 ANNI","0",,"A","1","CONV","30","N"
"0166","41","506188042","0001","SOCI 50 ANNI","0",,"A","1","CONV","30","N"
"0166","42","506188042","0001","SOCI 51 ANNI","0",,"A","1","CONV","30","N"
"0166","43","506188042","0001","SOCI 52 ANNI","0",,"A","1","CONV","30","N"
"0166","44","506188042","0001","SOCI 53 ANNI","0",,"A","1","CONV","30","N"
"0166","45","506188042","0001","SOCI 54 ANNI","0",,"A","1","CONV","30","N"
"0166","46","506188042","0001","SOCI 55 ANNI","0",,"A","1","CONV","30","N"
"0166","47","506188042","0001","SOCI 56 ANNI","0",,"A","1","CONV","30","N"
"0166","48","506188042","0001","SOCI 57 ANNI","0",,"A","1","CONV","30","N"
"0166","50","506188042","0001","SOCI 59 ANNI","0",,"A","1","CONV","30","N"
"0166","51","506188042","0001","SOCI 60 ANNI","0",,"A","1","CONV","30","N"
"0166","52","506188042","0001","SOCI 61 ANNI","0",,"A","1","CONV","30","N"
"0166","53","506188042","0001","SOCI 62 ANNI","0",,"A","1","CONV","30","N"
"0166","54","506188042","0001","SOCI 63 ANNI","0",,"A","1","CONV","30","N"
"0166","55","506188042","0001","SOCI 64 ANNI","0",,"A","1","CONV","30","N"
"0166","56","506188042","0001","SOCI 65 ANNI","0",,"A","1","CONV","30","N"
"0166","57","506188042","0001","SOCI 66 ANNI","0",,"A","1","CONV","30","N"
"0166","58","506188042","0001","SOCI 67 ANNI","0",,"A","1","CONV","30","N"
"0166","59","506188042","0001","SOCI 68 ANNI","0",,"A","1","CONV","30","N"
"0166","60","506188042","0001","SOCI 69 ANNI","0",,"A","1","CONV","30","N"
"0166","61","506188042","0001","SOCI 70 ANNI","0",,"A","1","CONV","30","N"
"0166","62","506188042","0001","SOCI 71 ANNI","0",,"A","1","CONV","30","N"
"0166","63","506188042","0001","SOCI 72 ANNI","0",,"A","1","CONV","30","N"
"0098","331","72908506","0001","FDO TUTELA 13 LINDBERGH SPA","0",,"A","1","CONV","30","N"
"0186","1","502019510","0001","Q8 QUASER DIPENDENTI","0",,"A","1","CONV","30","N"
"0187","1","501356024","0001","SIGEMI INTEGRATIVA DIRIGENTI","0",,"A","1","CONV","30","N"
"0187","2","505071243","0001","SIGEMI DIPENDENTI","0",,"A","1","CONV","30","N"
"0217","4",,"0001","FT2 >70","0",,"A","1","CONV","30","N"
"0217","5",,"0001","FT3","0",,"A","1","CONV","30","N"
"0217","6",,"0001","FT3 >70","0",,"A","1","CONV","30","N"
"0217","7",,"0001","FT4","0",,"A","1","CONV","30","N"
"0217","8",,"0001","FT4 >70","0",,"A","1","CONV","30","N"
"0218","48","72908369","0001","MT BASE UNDER 70_CIPOLLONE","0",,"A","1","CONV","0","N"
"0179","67","506601077","0001","OPZ AI/EST/2CK BASE AIB","0",,"A","1","CONV","0","N"
"0179","68","506601052","0001","OPZ AI/3CK BASE POLIFILM ITA","0",,"A","1","CONV","0","N"
"0217","155","79244374","0001","FT3 INT ITALIA DEL GUSTO","0",,"A","1","CONV","30","N"
"0217","159","72908288","0001","FT3 >70 NOVA TEK SRL","0",,"A","1","CONV","30","N"
"0217","160","72908459","0001","FT4 CAVE BONINI CALCESTRUZZI","0",,"A","1","CONV","30","N"
"0217","161","72908269","0001","FT4 EEN 22 SRL","0",,"A","1","CONV","30","N"
"0217","162","72908471","0001","FT4 ECOPANDA SRL","0",,"A","1","CONV","30","N"
"0217","163","72908444","0001","FT3 L.F.G. DI LOMBARDI FRANCES","0",,"A","1","CONV","30","N"
"0217","164","72908473","0001","FT3 ROCCABILLY SNC","0",,"A","1","CONV","30","N"
"0217","165","72908325","0001","FT4 MANUTENTOIL SRL","0",,"A","1","CONV","30","N"
"0217","217","72908421","0001","FT3 BARATELLA RAPPRESENTANZE","0",,"A","1","CONV","30","N"
"0217","218","72908244","0001","FT4 CESAG","0",,"A","1","CONV","30","N"
"0218","103","500881445","0001","MT BASE UNDER 70_GENNAZZANI","0",,"A","1","CONV","0","N"
"0217","228",,"0001","FT3 ELETTRODIESEL EMILIA","0",,"A","1","CONV","30","N"
"0038","5","500881414","0001","MITUTELA 12 001","0",,"A","1","CONV","0","N"
"0039","2","501049325","0001","QUADRI","0",,"A","1","CONV","30","N"
"0049","2","731472975","0073","HETA QUADRI DIRETTIVI 3/4","0",,"A","4","CONV","0","N"
"0053","6","66312902","0001","FUNZIONARI NUCLEO 1 PERSONA","0",,"A","1","CONV","0","N"
"0088","130","72908507","0001","MITUTELA TOP 009","0",,"A","1","CONV","0","N"
"0098","278","72908508","0001","FDO TUTELA 10 DANIELE PROMOZIO","0",,"A","1","CONV","30","N"
"0098","296","72908444","0001","FDO TUTELA 10 L.F.G. SNC","0",,"A","1","CONV","30","N"
"0217","64","72908366","0001","FT4 SI.EL.CO.","0",,"A","1","CONV","30","N"
"0217","66","72908247","0001","FT3 >70 SO.LA.SPE. SRL","0",,"A","1","CONV","30","N"
"0210","3","506528314","0001","J INVEST DIRIGENTI","0",,"A","1","CONV","0","N"
"0218","53","72908356","0001","MT BASE UNDER 70_DI DONATO","0",,"A","1","CONV","0","N"
"0179","79","506601078","0001","OPZ EPSILON BASE ENERQOS","0",,"A","1","CONV","0","N"
"0050","2","731253343","0073","HYPO IPOTESI B 1/2","0",,"A","4","CONV","0","N"
"0051","1","733029602","0073","NATISSA QUADRI DIRETTIVI 3/4","0",,"A","4","CONV","0","N"
"0038","66","72908293","0001","MITUTELA BASE 030","0",,"A","1","CONV","0","N"
"0098","166","72908335","0001","FDO TUTELA 11 DI PROSPERO SRL","0",,"A","1","CONV","30","N"
"0098","167","72908336","0001","FDO TUTELA 10 TEA ENERGIE SRL","0",,"A","1","CONV","30","N"
"0098","168","72908340","0001","FDO TUTELA 10 APRISYSTEM SRL","0",,"A","1","CONV","30","N"
"0098","170","72908342","0001","FDO TUTELA 11 AMICO MIO SRL","0",,"A","1","CONV","30","N"
"0098","172","72908346","0001","FDO TUTELA 11 DASSORI SRL","0",,"A","1","CONV","30","N"
"0098","171","72908344","0001","FDO TUTELA 10 MASK SRL","0",,"A","1","CONV","30","N"
"0098","174","72908352","0001","FDO TUTELA 10 BARRIO DE TANGO","0",,"A","1","CONV","30","N"
"0098","177","72908360","0001","FDO TUTELA 10 TECNO SALD SAS","0",,"A","1","CONV","30","N"
"0098","178","72908361","0001","FDO TUTELA 10 K IMMOBILIARE 2","0",,"A","1","CONV","30","N"
"0098","179","72908364","0001","FDO TUTELA 10 EVIMERIA SRL","0",,"A","1","CONV","30","N"
"0098","181","72908371","0001","FDO TUTELA 11 COIMAR SRL","0",,"A","1","CONV","30","N"
"0098","183","72908374","0001","FDO TUTELA 11 TRANCERIA CVR","0",,"A","1","CONV","30","N"
"0098","186","72908386","0001","FDO TUTELA 10 STUDIO BALDUINA","0",,"A","1","CONV","30","N"
"0098","188","72908388","0001","FDO TUTELA 11 EDIL MERELLO SRL","0",,"A","1","CONV","30","N"
"0098","189","72908389","0001","FDO TUTELA 10 ERIMAT SRL","0",,"A","1","CONV","30","N"
"0098","190","72908390","0001","FDO TUTELA 11 AT ASSOCIATI SRL","0",,"A","1","CONV","30","N"
"0098","199","79244409","0001","FDO TUTELA 16 INT ATLANTICA TR","0",,"A","1","CONV","30","N"
"0098","205","79244434","0001","FDO TUTELA 01 EUROTERMO","0",,"A","1","CONV","30","N"
"0098","206","79244437","0001","FDO TUTELA 01 INT SET DISTRIBU","0",,"A","1","CONV","30","N"
"0098","207","79244438","0001","FDO TUTELA 01 INT DOLOMITI ENE","0",,"A","1","CONV","30","N"
"0098","208","79244493","0001","FDO TUTELA 11 RIVA SRL","0",,"A","1","CONV","30","N"
"0098","297","72908449","0001","FDO TUTELA 11 ELMAM SRL","0",,"A","1","CONV","30","N"
"0088","143","72908453","0001","MITUTELA MEDIUM 063","0",,"A","1","CONV","0","N"
"0098","8","72908112","0001","FDO TUTELA 12 ATET SRL","0",,"A","1","CONV","30","N"
"0165","6","505586238","0001","SPORT E SALUTE INT DIR FAM","0",,"A","1","CONV","20","N"
"0088","152","72908478","0001","MITUTELA MEDIUM 068","0",,"A","1","CONV","0","N"
"0098","319","72908488","0001","FDO TUTELA 10 ESSEPI INVEST","0",,"A","1","CONV","30","N"
"0098","320","72908492","0001","FDO TUTELA 11 PENELOPE SRL","0",,"A","1","CONV","30","N"
"0217","40","79244412","0001","FT3 INSER","0",,"A","1","CONV","30","N"
"0218","23","500881885","0001","MT MEDIUM UNDER 70_LIBORI","0",,"A","1","CONV","0","N"
"0225","1","505756047","0001","TORRISI AMMINISTRATORI","0",,"A","1","CONV","0","N"
"0217","93","72908286","0001","FT8 OTTO SRL","0",,"A","1","CONV","30","N"
"0179","72","505798965","0001","OPZ AI/2CK BASE ZSCALER","0",,"A","1","CONV","0","N"
"0108","18","253742119","0002","P&P AZIENDE INTEGRATIVA 1P","0",,"A","2","CONV","60","N"
"0015","1","505280678","0001","Q8","0",,"A","1","CONV","30","N"
"0034","2","79268089","0001","MODIS OPZ. 2 DIRETTE","0",,"A","1","CONV","30","N"
"0038","6","72908160","0001","MITUTELA BASE 002","0",,"A","1","CONV","0","N"
"0038","13","72908151","0001","MITUTELA MEDIUM 002","0",,"A","1","CONV","0","N"
"0038","14","72908159","0001","MITUTELA MEDIUM 003","0",,"A","1","CONV","0","N"
"0038","15","72908165","0001","MITUTELA MEDIUM 004","0",,"A","1","CONV","0","N"
"0038","16","72908216","0001","MITUTELA MEDIUM 005","0",,"A","1","CONV","0","N"
"0038","17","72908220","0001","MITUTELA MEDIUM 006","0",,"A","1","CONV","0","N"
"0038","18","72908263","0001","MITUTELA MEDIUM 007","0",,"A","1","CONV","0","N"
"0038","19","72908294","0001","MITUTELA MEDIUM 008","0",,"A","1","CONV","0","N"
"0038","20","72908310","0001","MITUTELA MEDIUM 009","0",,"A","1","CONV","0","N"
"0005","3","73624566","0001","AON SPA OPZ VI 73624566","0",,"A","1","CONV","30","S"
"0005","4","73624567","0001","AON OPZ III INT CASAGIT","0",,"A","1","CONV","30","S"
"0005","7","73624570","0001","AON OPZ VI 73624570","0",,"A","1","CONV","30","S"
"0098","30","72908246","0001","FDO TUTELA 10 JEKO SRL","0",,"A","1","CONV","30","N"
"0098","31","72908247","0001","FDO TUTELA 10 SO.LA.SPE. SRL","0",,"A","1","CONV","30","N"
"0098","32","72908272","0001","FDO TUTELA 10 ASSICONSUL SRL","0",,"A","1","CONV","30","N"
"0098","34","72908285","0001","FDO TUTELA 10 AMICALE SRL","0",,"A","1","CONV","30","N"
"0098","35","72908316","0001","FDO TUTELA 10 IMPRESA MILICI","0",,"A","1","CONV","30","N"
"0098","114","72908177","0001","FDO TUTELA 10 TGM SRL","0",,"A","1","CONV","30","N"
"0098","115","72908180","0001","FDO TUTELA 10 BIHOS SRL","0",,"A","1","CONV","30","N"
"0098","116","72908193","0001","FDO TUTELA 13 ALLROUND SRL","0",,"A","1","CONV","30","N"
"0098","119","72908207","0001","FDO TUTELA 10 GEMMA RAGOGNA","0",,"A","1","CONV","30","N"
"0098","264","72908396","0001","FDO TUTELA 14 DADDATO MANIFATT","0",,"A","1","CONV","30","N"
"0216","1","74680275","0001","DIOR CREATION DIPENDENTI","0",,"A","1","CONV","30","N"
"0216","2","74680276","0001","DIOR CREATOIN DIRIGENTI","0",,"A","1","CONV","30","N"
"0179","34","505798996","0001","OPZ BETA PLUS ROLAND","0",,"A","1","CONV","0","N"
"0218","108",,"0001","MT BASE UNDER 70_GHIARONI","0",,"A","1","CONV","0","N"
"0020","2","74680257","0001","DIOR DIPENDENTI INTEGRATIVA","0",,"A","1","CONV","30","N"
"0035","2","79244418","0001","SATOR SPA AMMINISTRATORI","0",,"A","1","CONV","30","N"
"0038","1","72908141","0001","MITUTELA BASE 001","0",,"A","1","CONV","0","N"
"0048","3","79903162","0001","IMPIEGATI","0",,"A","1","CONV","30","N"
"0056","15","253742119","0002","P&P AZIENDE COMPLETA 3P","0",,"A","2","CONV","60","N"
"0056","16","253742119","0002","P&P AZIENDE COMPLETA 4+P","0",,"A","2","CONV","60","N"
"0098","83","79244431","0001","FDO TUTELA 14 FINACTA","0",,"A","1","CONV","30","N"
"0098","84","79244481","0001","FDO TUTELA 14 PLASTOBLOK","0",,"A","1","CONV","30","N"
"0098","153","72908299","0001","FDO TUTELA 10 SFE SRL","0",,"A","1","CONV","30","N"
"0098","161","72908327","0001","FDO TUTELA 14 POVOLO SRL","0",,"A","1","CONV","30","N"
"0098","162","72908328","0001","FDO TUTELA 10 MADAMA OLIVA IMM","0",,"A","1","CONV","30","N"
"0098","169","72908341","0001","FDO TUTELA 11 GALLUS SPA","0",,"A","1","CONV","30","N"
"0098","173","72908351","0001","FDO TUTELA 10 MITO IMMOBILIARE","0",,"A","1","CONV","30","N"
"0098","263","79244419","0001","FDO TUTELA 12 M.E.P. SRL","0",,"A","1","CONV","30","N"
"0088","140","72908441","0001","MITUTELA MEDIUM 061","0",,"A","1","CONV","0","N"
"0088","145","72908455","0001","MITUTELA VIP 007","0",,"A","1","CONV","0","N"
"0088","155","72908483","0001","MITUTELA MEDIUM 071","0",,"A","1","CONV","0","N"
"0217","11",,"0001","FT6","0",,"A","1","CONV","30","N"
"0217","12",,"0001","FT6 >70","0",,"A","1","CONV","30","N"
"0217","29","72908181","0001","FT6 OMEGA SOC.COOP","0",,"A","1","CONV","30","N"
"0217","30","72908328","0001","FT3 MADAMA OLIVA IMMOBILIARE","0",,"A","1","CONV","30","N"
"0227","1","500349752","0001","QUADRI IN SERVIZIO","0",,"A","1","CONV","30","N"
"0217","166","72908508","0001","FT3 DANIELE PROMOZIONI SRL","0",,"A","1","CONV","30","N"
"0217","167","72908399","0001","FT3 CRISTED STONE SRL","0",,"A","1","CONV","30","N"
"0017","1","501356024","0001","SIGEMI INTEGRATIVA DIRIGENTI","0",,"A","1","CONV","30","N"
"0040","3","500881464","0001","ASCOM RICOVERO > 5.000,00","0",,"A","1","CONV","0","N"
"0106","2","553075026","0073","PENSIONATI CASINO DE LA VALLEE","0",,"A","4","CONV","30","N"
"0125","19","66312903","0001","DIRIGENTI NUCLEO 1 PERSONA","0",,"A","1","CONV","0","N"
"0098","332","72908366","0001","FDO TUTELA 11 SI.EL.CO. SRL","0",,"A","1","CONV","30","N"
"0222","1","79244418","0001","SATOR SPA","0",,"A","1","CONV","30","N"
"0222","2","79244418","0001","SATOR SPA AMMINISTRATORI","0",,"A","1","CONV","30","N"
"0180","11","506552235","0001","QUADRI NUCLEO 4 ASSICURATI","0",,"A","1","CONV","30","N"
"0218","37","72908220","0001","MT MEDIUM UNDER 70_SALA","0",,"A","1","CONV","0","N"
"0218","68","72908232","0001","MT MEDIUM UNDER 70_BERRUTI","0",,"A","1","CONV","0","N"
"0217","75","72908446","0001","FT4 >70 SAFLER","0",,"A","1","CONV","30","N"
"0217","76","72908475","0001","FT6 I.T.E.MI.","0",,"A","1","CONV","30","N"
"0217","77","72908240","0001","FT3 CENTRO RIPARAZIONE VEICOLI","0",,"A","1","CONV","30","N"
"0217","78","72908411","0001","FT3 NTS","0",,"A","1","CONV","30","N"
"0217","79","79244387","0001","FT7 BOTZEN INVEST EUREGIO","0",,"A","1","CONV","30","N"
"0217","80","72908485","0001","FT4 ELETTRODIESEL EMILIA","0",,"A","1","CONV","30","N"
"0217","113","79244419","0001","FT5 M.E.P.","0",,"A","1","CONV","30","N"
"0217","114","79244419","0001","FT5 >70 M.E.P.","0",,"A","1","CONV","30","N"
"0231","1","0000000000","0003","PIANO SANITARIO SILVER","0",,"A","12","CONV","60","N"
"0231","2","0000000000","0003","PIANO SANITARIO AGGIUNTIVO","0",,"A","12","CONV","60","N"
"0231","3","0000000000","0003","SOCIO FONDATORE","0",,"A","12","CONV","0","N"
"0232","1","500010175","0001","IMPIEGATI","0",,"A","1","CONV","0","N"
