"ISTAT","COMUNE","REGIONE","PROVINCIA","PREFISSO","COD_FISCO","SUPERFICIE","NUM_RESIDENTI"
"69023","CIVITALUPARELLA","ABRUZZO","CH","0872","C768","23","297"
"77005","CIRIGLIANO","BASILICATA","MT","0835","C723","15","297"
"4030","BRIAGLIA","PIEMONTE","CN","0174","B167","6","298"
"7006","AVISE","VALLE D'AOSTA","AO","0165","A521","53","298"
"22060","CIS","TRENTINO-ALTO ADIGE","TN","0463","C727","6","298"
"66027","CASTEL DI IERI","ABRUZZO","AQ","0864","C090","19","298"
"19027","CASTELVISCONTI","LOMBARDIA","CR","0374","C290","10","299"
"4219","SERRAVALLE LANGHE","PIEMONTE","CN","0173","I659","9","300"
"19040","DEROVERE","LOMBARDIA","CR","0372","D278","10","300"
"66001","ACCIANO","ABRUZZO","AQ","0864","A018","32","300"
"6137","POZZOL GROPPO","PIEMONTE","AL","0131","G960","14","301"
"6058","CERRETO GRUE","PIEMONTE","AL","0131","C507","5","302"
"6086","GUAZZORA","PIEMONTE","AL","0131","E255","3","302"
"95071","VILLANOVA TRUSCHEDU","SARDEGNA","OR","0783","L991","17","302"
"103021","CEPPO MORELLI","PIEMONTE","VB","0324","C478","40","302"
"13195","REZZAGO","LOMBARDIA","CO","031","H255","4","303"
"60091","VITICUSO","LAZIO","FR","0776","M083","21","303"
"8051","ROCCHETTA NERVINA","LIGURIA","IM","0184","H460","15","304"
"6069","FRACONALTO","PIEMONTE","AL","010","D559","16","305"
"30045","GRIMACCO","FRIULI-VENEZIA GIULIA","UD","0432","E179","16","305"
"6105","MONTECASTELLO","PIEMONTE","AL","0131","F455","8","306"
"103078","BORGOMEZZAVALLE","PIEMONTE","VB","0324","M370","19","306"
"12100","MASCIAGO PRIMO","LOMBARDIA","VA","0332","F007","2","307"
"111024","GENURI","SARDEGNA","SU","070","D970","8","307"
"18108","PANCARANA","LOMBARDIA","PV","0383","G304","6","308"
"60061","SAN BIAGIO SARACINISCO","LAZIO","FR","0776","H779","31","308"
"2003","ALBANO VERCELLESE","PIEMONTE","VC","0161","A130","14","309"
"4050","CASTELLETTO UZZONE","PIEMONTE","CN","0173","C167","15","309"
"6108","MONTEMARZINO","PIEMONTE","AL","0131","F562","10","309"
"91104","LODINE","SARDEGNA","NU","0784","E649","8","309"
"94036","PIZZONE","MOLISE","IS","0865","G727","33","309"
"4231","TREZZO TINELLA","PIEMONTE","CN","0173","L410","10","310"
"5045","CORTANDONE","PIEMONTE","AT","0141","D050","5","310"
"9020","CASTELBIANCO","LIGURIA","SV","0182","C063","15","310"
"8049","REZZO","LIGURIA","IM","0183","H257","37","311"
"12099","MARZIO","LOMBARDIA","VA","0332","F002","2","311"
"60077","TERELLE","LAZIO","FR","0776","L105","32","311"
"1091","COLLERETTO CASTELNUOVO","PIEMONTE","TO","0124","C867","6","312"
"5008","BELVEGLIO","PIEMONTE","AT","0141","A770","5","312"
"69007","BORRELLO","ABRUZZO","CH","0872","B057","14","313"
"70045","MONTEMITRO","MOLISE","CB","0874","F569","16","314"
"94009","CASTEL DEL GIUDICE","MOLISE","IS","0865","C082","15","314"
"95077","CURCURIS","SARDEGNA","OR","0783","D214","8","314"
"96009","CAMANDONA","PIEMONTE","BI","015","B457","10","314"
"18158","TORRE DE' NEGRI","LOMBARDIA","PV","0382","L262","4","315"
"57058","POZZAGLIA SABINA","LAZIO","RI","0765","G951","25","315"
"4221","SOMANO","PIEMONTE","CN","0173","I817","12","316"
"58019","CAPRANICA PRENESTINA","LAZIO","RM","06","B687","20","316"
"30111","STREGNA","FRIULI-VENEZIA GIULIA","UD","0432","I974","20","317"
"95009","ASUNI","SARDEGNA","OR","0783","A480","21","317"
"3042","CASTELLAZZO NOVARESE","PIEMONTE","NO","0321","C149","11","318"
"4164","PEZZOLO VALLE UZZONE","PIEMONTE","CN","0173","G532","27","318"
"66004","ANVERSA DEGLI ABRUZZI","ABRUZZO","AQ","0864","A318","32","318"
"78090","PANETTIERI","CALABRIA","CS","0968","G307","15","318"
"5060","LOAZZOLO","PIEMONTE","AT","0144","E633","15","319"
"96001","AILOCHE","PIEMONTE","BI","015","A107","10","319"
"6023","BOZZOLE","PIEMONTE","AL","0142","B109","9","320"
"7061","SAINT-NICOLAS","VALLE D'AOSTA","AO","0165","H672","15","320"
"1085","CINZANO","PIEMONTE","TO","011","C715","6","321"
"5019","CAPRIGLIO","PIEMONTE","AT","0141","B707","5","321"
"8007","BAJARDO","LIGURIA","IM","0184","A581","25","321"
"13021","BENE LARIO","LOMBARDIA","CO","0344","A778","6","321"
"7032","GRESSONEY-LA-TRINITÈ","VALLE D'AOSTA","AO","0125","E167","66","322"
"97032","DORIO","LOMBARDIA","LC","0341","D346","13","322"
"1278","TRAVERSELLA","PIEMONTE","TO","0125","L345","40","323"
"6062","COSTA VESCOVATO","PIEMONTE","AL","0131","D102","8","323"
"69029","DOGLIOLA","ABRUZZO","CH","0873","D315","12","323"
"70019","CIVITACAMPOMARANO","MOLISE","CB","0874","C764","39","323"
"31004","DOLEGNA DEL COLLIO","FRIULI-VENEZIA GIULIA","GO","0481","D321","12","325"
"69048","LETTOPALENA","ABRUZZO","CH","0872","E559","21","325"
"70044","MONTELONGO","MOLISE","CB","0874","F548","13","325"
"6135","PONZANO MONFERRATO","PIEMONTE","AL","0141","G872","12","326"
"1208","QUAGLIUZZO","PIEMONTE","TO","0125","H100","2","327"
"5072","MONTABONE","PIEMONTE","AT","0141","F386","9","327"
"69019","CASTELGUIDONE","ABRUZZO","CH","0873","C123","15","327"
"6131","POMARO MONFERRATO","PIEMONTE","AL","0142","G807","14","328"
"70073","SANT'ANGELO LIMOSANO","MOLISE","CB","0874","I289","17","328"
"109021","MONTE RINALDO","MARCHE","FM","0734","F599","8","328"
"66097","SECINARO","ABRUZZO","AQ","0864","I558","32","329"
"95036","NURECI","SARDEGNA","OR","0783","F985","13","329"
"1155","MONASTERO DI LANZO","PIEMONTE","TO","0123","F327","18","331"
"80080","SANT'ALESSIO IN ASPROMONTE","CALABRIA","RC","0965","I214","4","332"
"6031","CARENTINO","PIEMONTE","AL","0131","B765","10","333"
"7064","SAINT-RHÉMY-EN-BOSSES","VALLE D'AOSTA","AO","0165","H675","65","333"
"14021","CINO","LOMBARDIA","SO","0342","C709","5","333"
"109039","SMERILLO","MARCHE","FM","0734","I774","11","333"
"95048","VILLA SANT'ANTONIO","SARDEGNA","OR","0783","I298","19","334"
"96078","VILLA DEL BOSCO","PIEMONTE","BI","0163","L933","4","334"
"13030","BRIENNO","LOMBARDIA","CO","031","B172","9","335"
"21043","LAUREGNO","TRENTINO-ALTO ADIGE","BZ","0463","E481","14","337"
"97063","PAGNONA","LOMBARDIA","LC","0341","G241","9","337"
"1209","QUASSOLO","PIEMONTE","TO","0125","H120","4","338"
"4018","BELVEDERE LANGHE","PIEMONTE","CN","0173","A774","5","338"
"8005","AURIGO","LIGURIA","IM","0183","A499","9","338"
"19115","VOLTIDO","LOMBARDIA","CR","0375","M127","12","338"
"2066","GUARDABOSONE","PIEMONTE","VC","015","E237","7","339"
"6150","SALA MONFERRATO","PIEMONTE","AL","0142","H677","8","339"
"2065","GREGGIO","PIEMONTE","VC","0161","E163","12","340"
"4094","GAMBASCA","PIEMONTE","CN","0175","D894","6","341"
"22090","FRASSILONGO","TRENTINO-ALTO ADIGE","TN","0461","D775","17","342"
"69089","TARANTA PELIGNA","ABRUZZO","CH","0872","L047","22","343"
"78086","NOCARA","CALABRIA","CS","0981","F907","34","343"
"18089","MENCONICO","LOMBARDIA","PV","0383","F122","28","344"
"57045","MORRO REATINO","LAZIO","RI","0746","F746","16","344"
"94046","SANT'ANGELO DEL PESCO","MOLISE","IS","0865","I282","15","344"
"17036","CAPOVALLE","LOMBARDIA","BS","0365","B676","23","346"
"17083","INCUDINE","LOMBARDIA","BS","0364","E297","20","346"
"93046","TRAMONTI DI SOTTO","FRIULI-VENEZIA GIULIA","PN","0427","L325","85","346"
"22059","CINTE TESINO","TRENTINO-ALTO ADIGE","TN","0461","C712","26","348"
"83031","GALLODORO","SICILIA","ME","0942","D885","7","348"
"95063","SORRADILE","SARDEGNA","OR","0783","I861","28","348"
"95076","SIAPICCIA","SARDEGNA","OR","0783","I721","18","348"
"58017","CANTERANO","LAZIO","RM","0774","B635","7","349"
"54058","VALLO DI NERA","UMBRIA","PG","0743","L627","36","350"
"30108","SAVOGNA","FRIULI-VENEZIA GIULIA","UD","0432","I478","22","351"
"5095","ROCCHETTA PALAFEA","PIEMONTE","AT","0141","H466","8","352"
"93014","CIMOLAIS","FRIULI-VENEZIA GIULIA","PN","0427","C699","101","352"
"1075","CHIALAMBERTO","PIEMONTE","TO","0123","C604","35","353"
"4149","NEVIGLIE","PIEMONTE","CN","0173","F883","8","353"
"95005","ALLAI","SARDEGNA","OR","0783","A204","27","353"
"25014","COLLE SANTA LUCIA","VENETO","BL","0437","C872","15","355"
"58048","JENNE","LAZIO","RM","0774","E382","32","355"
"58085","ROCCA DI CAVE","LAZIO","RM","06","H401","11","355"
"95008","ASSOLO","SARDEGNA","OR","0783","A477","16","355"
"4150","NIELLA BELBO","PIEMONTE","CN","0173","F894","11","356"
"18064","FORTUNAGO","LOMBARDIA","PV","0383","D732","18","356"
"9014","BORMIDA","LIGURIA","SV","019","B048","22","357"
"64051","MONTAGUTO","CAMPANIA","AV","0825","F397","18","357"
"6008","ALZANO SCRIVIA","PIEMONTE","AL","0131","A245","2","358"
"4198","RUFFIA","PIEMONTE","CN","0172","H633","8","359"
"4249","VIOLA","PIEMONTE","CN","0174","M063","21","359"
"57019","COLLE DI TORA","LAZIO","RI","0765","C857","14","359"
"65023","CAMPORA","CAMPANIA","SA","0974","B555","29","359"
"1083","CICONIO","PIEMONTE","TO","0124","C679","3","360"
"8061","TRIORA","LIGURIA","IM","0184","L430","68","360"
"14058","SAN GIACOMO FILIPPO","LOMBARDIA","SO","0343","H868","62","360"
"79025","CENTRACHE","CALABRIA","CZ","0967","C472","8","360"
"16159","PARZANICA","LOMBARDIA","BG","035","G350","11","361"
"25013","CIBIANA DI CADORE","VENETO","BL","0435","C672","22","361"
"76016","CALVERA","BASILICATA","PZ","0973","B443","16","361"
"1238","SAN COLOMBANO BELMONTE","PIEMONTE","TO","0124","H804","3","362"
"66055","MOLINA ATERNO","ABRUZZO","AQ","0864","M255","12","362"
"66090","SANT'EUSANIO FORCONESE","ABRUZZO","AQ","0862","I336","8","362"
"6166","SPINETO SCRIVIA","PIEMONTE","AL","0131","I911","4","363"
"6038","CASALEGGIO BOIRO","PIEMONTE","AL","0143","B882","12","364"
"9066","VENDONE","LIGURIA","SV","0182","L730","10","364"
"22173","SFRUZ","TRENTINO-ALTO ADIGE","TN","0463","I714","12","364"
"68001","ABBATEGGIO","ABRUZZO","PE","085","A008","16","365"
"109019","MONTELEONE DI FERMO","MARCHE","FM","0734","F536","8","365"
"2135","SCOPELLO","PIEMONTE","VC","0163","I545","19","366"
"5037","CESSOLE","PIEMONTE","AT","0144","C583","11","366"
"7059","SAINT-DENIS","VALLE D'AOSTA","AO","0166","H670","11","366"
"25057","SOVERZENE","VENETO","BL","0437","I876","15","366"
"103045","MIAZZINA","PIEMONTE","VB","0323","F192","22","366"
"18079","LANGOSCO","LOMBARDIA","PV","0384","E439","16","367"
"25037","PERAROLO DI CADORE","VENETO","BL","0435","G442","43","367"
"6156","SANT'AGATA FOSSILI","PIEMONTE","AL","0131","I190","8","368"
"5091","ROATTO","PIEMONTE","AT","0141","H366","6","369"
"18059","COZZO","LOMBARDIA","PV","0384","D127","17","369"
"5119","VILLA SAN SECONDO","PIEMONTE","AT","0141","M019","6","370"
"10066","VOBBIA","LIGURIA","GE","010","M105","33","370"
"69097","TUFILLO","ABRUZZO","CH","0873","L459","22","370"
"1123","ISOLABELLA","PIEMONTE","TO","011","E345","5","371"
"18174","VERRETTO","LOMBARDIA","PV","0383","L784","3","372"
"93019","ERTO E CASSO","FRIULI-VENEZIA GIULIA","PN","0427","D426","52","372"
"2134","SCOPA","PIEMONTE","VC","0163","I544","23","373"
"25046","SAN NICOLÒ DI COMELICO","VENETO","BL","0435","I063","24","373"
"4076","CRAVANZANA","PIEMONTE","CN","0173","D133","8","374"
"10044","PORTOFINO","LIGURIA","GE","0185","G913","3","374"
"77019","OLIVETO LUCANO","BASILICATA","MT","0835","G037","31","374"
"57032","LABRO","LAZIO","RI","0746","E393","11","375"
"66061","OPI","ABRUZZO","AQ","0863","G079","49","375"
"78007","ALESSANDRIA DEL CARRETTO","CALABRIA","CS","0981","A183","39","375"
"91058","ONANÌ","SARDEGNA","NU","0784","G064","72","375"
"5094","ROCCAVERANO","PIEMONTE","AT","0144","H451","30","376"
"8001","AIROLE","LIGURIA","IM","0184","A111","15","376"
"90028","ESPORLATU","SARDEGNA","SS","079","D441","18","376"
"99021","CASTELDELCI","EMILIA-ROMAGNA","RN","0541","C080","49","376"
"103059","QUARNA SOTTO","PIEMONTE","VB","0323","H107","16","376"
"16017","AZZONE","LOMBARDIA","BG","0346","A533","17","377"
"17095","LOZIO","LOMBARDIA","BS","0364","E706","24","377"
"80041","LAGANADI","CALABRIA","RC","0965","E402","8","378"
"97047","MARGNO","LOMBARDIA","LC","0341","E947","4","379"
"7018","CHAMPORCHER","VALLE D'AOSTA","AO","0125","B540","68","380"
"5062","MARETTO","PIEMONTE","AT","0141","E944","5","381"
"18058","COSTA DE' NOBILI","LOMBARDIA","PV","0382","D109","12","381"
"43056","USSITA","MARCHE","MC","0737","L517","55","381"
"66042","FAGNANO ALTO","ABRUZZO","AQ","0862","D465","24","381"
"68045","VICOLI","ABRUZZO","PE","085","L846","9","381"
"96030","MAGNANO","PIEMONTE","BI","015","E821","10","381"
"5006","AZZANO D'ASTI","PIEMONTE","AT","0141","A527","6","382"
"57039","MONTASOLA","LAZIO","RI","0746","F430","13","382"
"61030","CIORLANO","CAMPANIA","CE","0823","C716","28","382"
"1153","MOMBELLO DI TORINO","PIEMONTE","TO","011","F315","4","383"
"70047","MONTORIO NEI FRENTANI","MOLISE","CB","0874","F689","32","383"
"109014","MONTEFALCONE APPENNINO","MARCHE","FM","0734","F493","16","383"
"6157","SARDIGLIANO","PIEMONTE","AL","0143","I429","13","384"
"16165","PIAZZATORRE","LOMBARDIA","BG","0345","G583","24","384"
"93016","CLAUZETTO","FRIULI-VENEZIA GIULIA","PN","0427","C791","29","384"
"103070","VANZONE CON SAN CARLO","PIEMONTE","VB","0324","L666","16","384"
"4024","BORGOMALE","PIEMONTE","CN","0173","B018","8","385"
"18006","BADIA PAVESE","LOMBARDIA","PV","0382","A538","5","385"
"30094","RIGOLATO","FRIULI-VENEZIA GIULIA","UD","0433","H289","30","385"
"65110","ROMAGNANO AL MONTE","CAMPANIA","SA","0828","H503","10","385"
"3044","CAVAGLIETTO","PIEMONTE","NO","0322","C364","7","386"
"8064","VASIA","LIGURIA","IM","0183","L693","11","386"
"103047","MONTESCHENO","PIEMONTE","VB","0324","F639","23","386"
"80066","ROCCAFORTE DEL GRECO","CALABRIA","RC","0965","H408","54","387"
"82069","SCLAFANI BAGNI","SICILIA","PA","0921","I541","135","388"
"6145","RIVARONE","PIEMONTE","AL","0131","H343","6","389"
"21014","CAINES","TRENTINO-ALTO ADIGE","BZ","0473","B364","2","389"
"71061","VOLTURARA APPULA","PUGLIA","FG","0881","M131","52","389"
"22138","PELUGO","TRENTINO-ALTO ADIGE","TN","0465","G429","23","390"
"57047","ORVINIO","LAZIO","RI","0765","B595","25","390"
"6054","CASTELSPINA","PIEMONTE","AL","0131","C274","5","391"
"6057","CERESETO","PIEMONTE","AL","0142","C503","10","391"
"49005","CAPRAIA ISOLA","TOSCANA","LI","0586","B685","19","391"
"96081","ZIMONE","PIEMONTE","BI","015","M179","3","392"
"103040","MADONNA DEL SASSO","PIEMONTE","VB","0322","E795","15","392"
"7036","ISSIME","VALLE D'AOSTA","AO","0125","E369","35","393"
"19091","SAN MARTINO DEL LAGO","LOMBARDIA","CR","0375","I007","10","393"
"22091","GARNIGA TERME","TRENTINO-ALTO ADIGE","TN","0461","D928","13","393"
"30107","SAURIS","FRIULI-VENEZIA GIULIA","UD","0433","I464","42","393"
"96014","CASAPINTA","PIEMONTE","BI","015","B933","3","393"
"2052","CROVA","PIEMONTE","VC","0161","D187","14","394"
"5032","CASTEL ROCCHERO","PIEMONTE","AT","0141","C253","6","394"
"18188","ZERBO","LOMBARDIA","PV","0382","M166","6","394"
"103002","ANZOLA D'OSSOLA","PIEMONTE","VB","0323","A325","14","394"
"2108","QUINTO VERCELLESE","PIEMONTE","VC","0161","H132","11","395"
"57018","COLLALTO SABINO","LAZIO","RI","0765","C841","22","395"
"70022","DURONIA","MOLISE","CB","0874","C772","22","395"
"94001","ACQUAVIVA D'ISERNIA","MOLISE","IS","0865","A051","14","395"
"103001","ANTRONA SCHIERANCO","PIEMONTE","VB","0324","A317","100","395"
"22018","BOCENAGO","TRENTINO-ALTO ADIGE","TN","0465","A916","8","396"
"6046","CASTELLAR GUIDOBONO","PIEMONTE","AL","0131","C142","2","397"
"2163","VILLARBOIT","PIEMONTE","VC","0161","M003","25","398"
"90010","BESSUDE","SARDEGNA","SS","079","A827","27","398"
"109025","MONTE VIDON COMBATTE","MARCHE","FM","0734","F664","11","398"
"111092","TURRI","SARDEGNA","SU","0783","L473","10","398"
"21003","ANTERIVO","TRENTINO-ALTO ADIGE","BZ","0471","A306","11","399"
"1036","BROSSO","PIEMONTE","TO","0125","B205","11","402"
"4153","NUCETTO","PIEMONTE","CN","0174","F972","8","402"
"18119","REA","LOMBARDIA","PV","0385","H204","3","402"
"80011","BOVA","CALABRIA","RC","0965","B097","47","402"
"8009","BORGHETTO D'ARROSCIA","LIGURIA","IM","0183","A993","26","403"
"58014","CAMERATA NUOVA","LAZIO","RM","0774","B472","40","403"
"79071","MARCEDUSA","CALABRIA","CZ","0961","E923","15","403"
"5016","CAMERANO CASASCO","PIEMONTE","AT","0141","B469","7","405"
"65131","SANTOMENNA","CAMPANIA","SA","0828","I260","9","405"
"6116","ODALENGO GRANDE","PIEMONTE","AL","0142","F997","16","406"
"9032","GIUSVALLA","LIGURIA","SV","019","E066","19","406"
"4207","SAN DAMIANO MACRA","PIEMONTE","CN","0171","H812","54","407"
"5009","BERZANO DI SAN PIETRO","PIEMONTE","AT","011","A812","7","407"
"22162","RUFFRÈ-MENDOLA","TRENTINO-ALTO ADIGE","TN","0463","H634","7","407"
"6119","ORSARA BORMIDA","PIEMONTE","AL","0144","G124","5","408"
"90024","CHEREMULE","SARDEGNA","SS","079","C600","24","408"
"103066","TRAREGO VIGGIONA","PIEMONTE","VB","0323","L333","19","408"
"1124","ISSIGLIO","PIEMONTE","TO","0125","E368","6","409"
"18017","BORGORATTO MORMOROLO","LOMBARDIA","PV","0383","B030","16","409"
"4063","CERRETTO LANGHE","PIEMONTE","CN","0173","C530","10","410"
"4178","PRUNETTO","PIEMONTE","CN","0174","H085","15","411"
"95002","AIDOMAGGIORE","SARDEGNA","OR","0785","A097","41","411"
"6007","ALTAVILLA MONFERRATO","PIEMONTE","AL","0142","A227","11","412"
"1143","MAGLIONE","PIEMONTE","TO","0161","E817","6","413"
"16184","RONCOBELLO","LOMBARDIA","BG","0345","H535","26","413"
"19014","CAPPELLA DE' PICENARDI","LOMBARDIA","CR","0372","B680","14","413"
"4195","RODDINO","PIEMONTE","CN","0173","H473","10","415"
"19039","CUMIGNANO SUL NAVIGLIO","LOMBARDIA","CR","0374","D203","7","415"
"19104","TICENGO","LOMBARDIA","CR","0374","L164","8","415"
"57017","CITTAREALE","LAZIO","RI","0746","C749","59","415"
"1067","CASTELNUOVO NIGRA","PIEMONTE","TO","0124","C241","29","416"
"12001","AGRA","LOMBARDIA","VA","0332","A085","3","416"
"43050","SEFRO","MARCHE","MC","0737","I569","42","416"
"10030","LORSICA","LIGURIA","GE","0185","E695","18","417"
"69044","GUILMI","ABRUZZO","CH","0872","E266","13","417"
"6110","MORBELLO","PIEMONTE","AL","0144","F713","23","418"
"80019","CANDIDONI","CALABRIA","RC","0966","B591","27","418"
"1179","PARELLA","PIEMONTE","TO","0125","G330","3","419"
"18097","MONTESCANO","LOMBARDIA","PV","0385","F638","2","419"
"95028","MOGORELLA","SARDEGNA","OR","0783","F270","17","419"
"5082","PASSERANO MARMORITO","PIEMONTE","AT","0141","G358","12","420"
"97055","MORTERONE","LOMBARDIA","LC","0341","F758","13","29"
"14047","PEDESINA","LOMBARDIA","SO","0342","G410","6","36"
"1157","MONCENISIO","PIEMONTE","TO","0122","D553","4","41"
"4031","BRIGA ALTA","PIEMONTE","CN","0174","B175","54","41"
"1121","INGRIA","PIEMONTE","TO","0124","E301","15","45"
"4112","MACRA","PIEMONTE","CN","0171","E789","25","46"
"4229","TORRESINA","PIEMONTE","CN","0174","L281","4","47"
"1212","RIBORDONE","PIEMONTE","TO","0124","H270","43","48"
"2041","CERVATTO","PIEMONTE","VC","0163","C548","9","52"
"4119","MARMORA","PIEMONTE","CN","0171","E963","41","53"
"4021","BERGOLO","PIEMONTE","CN","0173","A798","3","54"
"1145","MASSELLO","PIEMONTE","TO","0121","F041","39","56"
"4053","CASTELMAGNO","PIEMONTE","CN","0171","C205","49","59"
"10050","RONDANINA","LIGURIA","GE","010","H546","13","59"
"18178","VILLA BISCOSSI","LOMBARDIA","PV","0384","L917","5","63"
"4102","IGLIANO","PIEMONTE","CN","0174","E282","3","64"
"98033","MACCASTORNA","LOMBARDIA","LO","0377","E777","6","65"
"2110","RASSA","PIEMONTE","VC","0163","H188","43","67"
"18125","ROCCA DE' GIORGI","LOMBARDIA","PV","0385","H396","11","68"
"5081","OLMO GENTILE","PIEMONTE","AT","0144","G048","5","70"
"10022","FASCIA","LIGURIA","GE","010","D509","11","70"
"33047","ZERBA","EMILIA-ROMAGNA","PC","0523","M165","25","70"
"2029","CARCOFORO","PIEMONTE","VC","0163","B752","23","73"
"4167","PIETRAPORZIO","PIEMONTE","CN","0171","G625","55","74"
"1234","SALZA DI PINEROLO","PIEMONTE","TO","0121","H734","15","75"
"4103","ISASCA","PIEMONTE","CN","0175","E327","5","75"
"16027","BLELLO","LOMBARDIA","BG","0345","A903","2","75"
"69009","MONTEBELLO SUL SANGRO","ABRUZZO","CH","0872","B268","5","75"
"57036","MARCETELLI","LAZIO","RI","0765","E927","11","76"
"4006","ARGENTERA","PIEMONTE","CN","0171","A394","77","78"
"4038","CANOSIO","PIEMONTE","CN","0171","B621","49","79"
"14062","SPRIANA","LOMBARDIA","SO","0342","I928","8","80"
"69053","MONTELAPIANO","ABRUZZO","CH","0872","F535","8","80"
"95010","BARADILI","SARDEGNA","OR","0783","A614","6","80"
"4127","MONASTEROLO CASOTTO","PIEMONTE","CN","0174","F329","8","81"
"4060","CELLE DI MACRA","PIEMONTE","CN","0171","C441","31","82"
"4070","CISSONE","PIEMONTE","CN","0173","C738","6","82"
"6090","MALVICINO","PIEMONTE","AL","0144","E870","9","83"
"7055","RHEMES-NOTRE-DAME","VALLE D'AOSTA","AO","0165","H262","87","83"
"66024","CARAPELLE CALVISIO","ABRUZZO","AQ","0862","B725","14","83"
"4156","OSTANA","PIEMONTE","CN","0175","G183","17","84"
"4154","ONCINO","PIEMONTE","CN","0175","G066","48","85"
"4204","SAMBUCO","PIEMONTE","CN","0171","H746","47","85"
"6045","CASTELLANIA COPPI","PIEMONTE","AL","0131","C137","8","85"
"2045","COLLOBIANO","PIEMONTE","VC","0161","C884","9","86"
"4083","ELVA","PIEMONTE","CN","0171","D401","26","87"
"16166","PIAZZOLO","LOMBARDIA","BG","0345","G588","4","87"
"6034","CARREGA LIGURE","PIEMONTE","AL","0143","B836","55","88"
"10026","GORRETO","LIGURIA","GE","010","E109","19","90"
"4184","ROASCIO","PIEMONTE","CN","0174","H363","7","91"
"66104","VILLA SANTA LUCIA DEGLI ABRUZZI","ABRUZZO","AQ","0862","M021","28","92"
"1288","VALPRATO SOANA","PIEMONTE","TO","0124","B510","72","93"
"54042","POGGIODOMO","UMBRIA","PG","0743","G758","40","94"
"2078","MOLLIA","PIEMONTE","VC","0163","F297","14","95"
"69077","ROIO DEL SANGRO","ABRUZZO","CH","0872","H495","12","95"
"4023","BONVICINO","PIEMONTE","CN","0173","A979","7","96"
"4039","CAPRAUNA","PIEMONTE","CN","0174","B692","11","96"
"18172","VELEZZO LOMELLINA","LOMBARDIA","PV","0384","L716","9","96"
"4017","BELLINO","PIEMONTE","CN","0175","A750","62","97"
"66086","SAN BENEDETTO IN PERILLIS","ABRUZZO","AQ","0862","H773","19","97"
"2127","SALI VERCELLESE","PIEMONTE","VC","0161","H707","9","98"
"4183","ROASCHIA","PIEMONTE","CN","0171","H362","24","98"
"4224","STROPPO","PIEMONTE","CN","0171","I985","28","98"
"4235","VALLORIATE","PIEMONTE","CN","0171","L631","17","99"
"30034","DRENCHIA","FRIULI-VENEZIA GIULIA","UD","0432","D366","13","99"
"4054","CASTELNUOVO DI CEVA","PIEMONTE","CN","0174","C214","6","100"
"5098","SAN GIORGIO SCARAMPI","PIEMONTE","AT","0144","H899","6","100"
"94013","CASTELVERRINO","MOLISE","IS","0865","C200","6","101"
"9037","MASSIMINO","LIGURIA","SV","019","F046","8","104"
"96055","ROSAZZA","PIEMONTE","BI","015","H561","9","104"
"70056","PROVVIDENTI","MOLISE","CB","0874","H083","14","105"
"103005","AURANO","PIEMONTE","VB","0323","A497","21","105"
"17098","MAGASA","LOMBARDIA","BS","0365","E800","19","106"
"1165","NOASCA","PIEMONTE","TO","0124","F906","78","107"
"5104","SEROLE","PIEMONTE","AT","0144","I637","12","107"
"90040","MONTELEONE ROCCA DORIA","SARDEGNA","SS","079","F542","13","107"
"4162","PERLO","PIEMONTE","CN","0174","G458","12","108"
"4182","RITTANA","PIEMONTE","CN","0171","H326","11","108"
"7016","CHAMOIS","VALLE D'AOSTA","AO","0166","B491","14","108"
"7039","LA MAGDELEINE","VALLE D'AOSTA","AO","0166","A308","9","108"
"43027","MONTE CAVALLO","MARCHE","MC","0737","F460","39","108"
"103037","INTRAGNA","PIEMONTE","VB","0323","E304","10","108"
"1019","BALME","PIEMONTE","TO","0123","A599","61","110"
"18025","CALVIGNANO","LOMBARDIA","PV","0383","B447","7","110"
"96027","GIFFLENGA","PIEMONTE","BI","0161","E024","2","110"
"7009","BARD","VALLE D'AOSTA","AO","0125","A643","3","112"
"16061","CASSIGLIO","LOMBARDIA","BG","0345","C007","14","112"
"16041","BRUMANO","LOMBARDIA","BG","035","B217","8","114"
"57037","MICIGLIANO","LAZIO","RI","0746","F193","37","114"
"6118","OLIVOLA","PIEMONTE","AL","0142","G042","3","115"
"6041","CASASCO","PIEMONTE","AL","0131","B941","9","116"
"8004","ARMO","LIGURIA","IM","0183","A418","9","116"
"66091","SANTO STEFANO DI SESSANIO","ABRUZZO","AQ","0862","I360","33","116"
"2008","BALMUCCIA","PIEMONTE","VC","0163","A600","10","117"
"14006","BEMA","LOMBARDIA","SO","0342","A777","20","119"
"33015","CERIGNALE","EMILIA-ROMAGNA","PC","0523","C513","32","119"
"69052","MONTEFERRANTE","ABRUZZO","CH","0872","F498","15","119"
"103043","MASSIOLA","PIEMONTE","VB","0323","F048","8","120"
"69104","FALLO","ABRUZZO","CH","0872","D480","6","121"
"95078","SODDÌ","SARDEGNA","OR","0785","I778","5","121"
"8037","MONTEGROSSO PIAN LATTE","LIGURIA","IM","0183","F528","10","122"
"4098","GOTTASECCA","PIEMONTE","CN","0174","E115","13","124"
"10045","PROPATA","LIGURIA","GE","010","H073","17","125"
"18183","VOLPARA","LOMBARDIA","PV","0385","M119","4","125"
"24049","LAGHI","VENETO","VI","0445","E403","22","125"
"4188","ROCCA CIGLIÈ","PIEMONTE","CN","0174","H391","7","126"
"6146","ROCCAFORTE LIGURE","PIEMONTE","AL","0143","H406","21","126"
"2113","RIMELLA","PIEMONTE","VC","0163","H293","29","128"
"66014","CALASCIO","ABRUZZO","AQ","0862","B382","40","128"
"66030","CASTELVECCHIO CALVISIO","ABRUZZO","AQ","0862","C278","15","128"
"90066","SEMESTENE","SARDEGNA","SS","079","I598","40","129"
"18082","LIRIO","LOMBARDIA","PV","0385","E608","2","130"
"69103","PIETRAFERRAZZANA","ABRUZZO","CH","0872","G613","4","131"
"9021","CASTELVECCHIO DI ROCCA BARBENA","LIGURIA","SV","0182","C276","17","132"
"17084","IRMA","LOMBARDIA","BS","030","E325","5","132"
"97064","PARLASCO","LOMBARDIA","LC","0341","G336","3","132"
"6189","VOLPEGLINO","PIEMONTE","AL","0131","M121","3","134"
"16226","VALLEVE","LOMBARDIA","BG","0345","L623","15","134"
"95014","BIDONÌ","SARDEGNA","OR","0783","A856","12","134"
"57020","COLLEGIOVE","LAZIO","RI","0765","C859","11","135"
"111080","SETZU","SARDEGNA","SU","070","I705","8","136"
"12066","DUNO","LOMBARDIA","VA","0332","D385","3","137"
"2096","PILA","PIEMONTE","VC","0163","G666","9","138"
"4005","ALTO","PIEMONTE","CN","0174","A238","8","139"
"96008","CALLABIANA","PIEMONTE","BI","015","B417","7","139"
"5027","CASTELLETTO MOLINA","PIEMONTE","AT","0141","C161","3","140"
"6048","CASTELLETTO D'ERRO","PIEMONTE","AL","0144","C156","5","143"
"16151","ORNICA","LOMBARDIA","BG","0345","G118","14","144"
"22112","MASSIMENO","TRENTINO-ALTO ADIGE","TN","0465","F045","21","144"
"97077","SUEGLIO","LOMBARDIA","LC","0341","I994","4","145"
"95064","TADASUNI","SARDEGNA","OR","0785","L023","5","146"
"16147","OLTRESSENDA ALTA","LOMBARDIA","BG","0346","G054","17","147"
"2170","ALTO SERMENZA","PIEMONTE","VC","0163","M389","60","149"
"8003","AQUILA D'ARROSCIA","LIGURIA","IM","0183","A344","10","149"
"69080","SAN GIOVANNI LIPIONI","ABRUZZO","CH","0873","H923","9","149"
"6100","MONGIARDINO LIGURE","PIEMONTE","AL","0143","F365","29","150"
"70063","SAN BIASE","MOLISE","CB","0874","H782","12","150"
"4047","CASTELDELFINO","PIEMONTE","CN","0175","C081","33","152"
"71019","CELLE DI SAN VITO","PUGLIA","FG","0881","C442","18","152"
"4001","ACCEGLIO","PIEMONTE","CN","0171","A016","152","153"
"4206","SAN BENEDETTO BELBO","PIEMONTE","CN","0173","H770","5","153"
"43005","BOLOGNOLA","MARCHE","MC","0737","A947","26","153"
"94011","CASTELPIZZUTO","MOLISE","IS","0865","C247","15","153"
"4077","CRISSOLO","PIEMONTE","CN","0175","D172","49","154"
"4193","ROCCHETTA BELBO","PIEMONTE","CN","0141","H462","5","154"
"57048","PAGANICO SABINO","LAZIO","RI","0765","G232","9","155"
"95084","MODOLO","SARDEGNA","OR","0785","F261","3","155"
"5107","SOGLIO","PIEMONTE","AT","0141","I781","4","156"
"12061","CURIGLIA CON MONTEVIASCO","LOMBARDIA","VA","0332","D217","11","156"
"30033","DOGNA","FRIULI-VENEZIA GIULIA","UD","0428","D316","69","156"
"2166","VOCCA","PIEMONTE","VC","0163","M106","20","158"
"6016","BERZANO DI TORTONA","PIEMONTE","AL","0131","A813","3","158"
"5088","QUARANTI","PIEMONTE","AT","0141","H102","3","159"
"14031","GEROLA ALTA","LOMBARDIA","SO","0342","D990","38","159"
"95016","BORONEDDU","SARDEGNA","OR","0785","B055","5","159"
"95055","SENNARIOLO","SARDEGNA","OR","0785","I613","16","159"
"2014","BOCCIOLETO","PIEMONTE","VC","0163","A914","34","160"
"4200","SALE SAN GIOVANNI","PIEMONTE","CN","0174","H704","8","161"
"7046","OLLOMONT","VALLE D'AOSTA","AO","0165","G045","54","161"
"70039","MOLISE","MOLISE","CB","0874","F294","5","161"
"18105","OLIVA GESSI","LOMBARDIA","PV","0383","G032","4","163"
"13130","LIVO","LOMBARDIA","CO","0344","E623","33","164"
"13233","VAL REZZO","LOMBARDIA","CO","0344","H259","7","164"
"16134","MEZZOLDO","LOMBARDIA","BG","0345","F186","19","164"
"22106","LIVO","TRENTINO-ALTO ADIGE","TN","0463","E624","15","164"
"4226","TORRE BORMIDA","PIEMONTE","CN","0173","L252","8","165"
"22133","PALÙ DEL FERSINA","TRENTINO-ALTO ADIGE","TN","0461","G296","17","165"
"44056","PALMIANO","MARCHE","AP","0736","G289","13","165"
"58113","VIVARO ROMANO","LAZIO","RM","0774","M095","12","165"
"16121","ISOLA DI FONDRA","LOMBARDIA","BG","0345","E353","13","166"
"69025","COLLEDIMACINE","ABRUZZO","CH","0872","C855","11","166"
"1073","CERESOLE REALE","PIEMONTE","TO","0124","C505","100","167"
"7070","VALSAVARENCHE","VALLE D'AOSTA","AO","0165","L647","139","168"
"7050","PONTBOSET","VALLE D'AOSTA","AO","0125","G545","34","170"
"16014","AVERARA","LOMBARDIA","BG","0345","A511","11","170"
"94018","CONCA CASALE","MOLISE","IS","0865","C941","15","170"
"4044","CARTIGNANO","PIEMONTE","CN","0171","B845","7","171"
"4174","PRAZZO","PIEMONTE","CN","0171","H011","52","171"
"8034","MENDATICA","LIGURIA","IM","0183","F123","31","171"
"17194","VALVESTINO","LOMBARDIA","BS","0365","L468","31","171"
"58101","SARACINESCO","LAZIO","RM","0774","I424","11","171"
"103018","CAPREZZO","PIEMONTE","VB","0323","B694","7","171"
"6065","DENICE","PIEMONTE","AL","0144","D272","7","172"
"7056","RHEMES-SAINT-GEORGES","VALLE D'AOSTA","AO","0165","H263","37","172"
"16103","FOPPOLO","LOMBARDIA","BG","0345","D688","16","172"
"9041","NASINO","LIGURIA","SV","0182","F847","22","173"
"17131","PAISCO LOVENO","LOMBARDIA","BS","0364","G247","36","173"
"4026","BOSIA","PIEMONTE","CN","0173","B079","6","174"
"103067","TRASQUERA","PIEMONTE","VB","0324","L336","39","174"
"4172","PONTECHIANALE","PIEMONTE","CN","0175","G837","96","175"
"18066","GALLIAVOLA","LOMBARDIA","PV","0384","D873","9","176"
"4216","SCAGNELLO","PIEMONTE","CN","0174","I484","9","177"
"57073","VARCO SABINO","LAZIO","RI","0765","L676","25","177"
"9060","TESTICO","LIGURIA","SV","0182","L152","10","178"
"18044","CERETTO LOMELLINA","LOMBARDIA","PV","0384","C508","7","178"
"96044","PIEDICAVALLO","PIEMONTE","BI","015","G594","18","178"
"8023","COSIO D'ARROSCIA","LIGURIA","IM","0183","D087","41","179"
"22164","SAGRON MIS","TRENTINO-ALTO ADIGE","TN","0439","H666","11","179"
"1281","USSEAUX","PIEMONTE","TO","0121","L515","38","180"
"6066","DERNICE","PIEMONTE","AL","0131","D277","18","180"
"6093","MERANA","PIEMONTE","AL","0144","F131","9","180"
"22216","VIGNOLA-FALESINA","TRENTINO-ALTO ADIGE","TN","0461","L886","12","180"
"66083","ROCCA PIA","ABRUZZO","AQ","0864","H429","45","181"
"18074","GOLFERENZO","LOMBARDIA","PV","0385","E081","4","182"
"83071","ROCCAFIORITA","SICILIA","ME","0942","H405","1","182"
"2121","ROSSA","PIEMONTE","VC","0163","H577","12","183"
"24050","LASTEBASSE","VENETO","VI","0445","E465","19","184"
"58084","ROCCA CANTERANO","LAZIO","RM","0774","H387","16","184"
"1131","LEMIE","PIEMONTE","TO","0123","E520","46","185"
"2057","FOBELLO","PIEMONTE","VC","0163","D641","29","185"
"4069","CIGLIÈ","PIEMONTE","CN","0174","C681","6","185"
"2097","PIODE","PIEMONTE","VC","0163","G685","14","186"
"5079","MORANSENGO","PIEMONTE","AT","0141","F709","5","186"
"13246","ZELBIO","LOMBARDIA","CO","031","M156","5","186"
"96013","CAPRILE","PIEMONTE","BI","015","B708","11","186"
"103012","BOGNANCO","PIEMONTE","VB","0324","A925","58","186"
"16230","VEDESETA","LOMBARDIA","BG","0345","L707","20","188"
"103032","GERMAGNO","PIEMONTE","VB","0323","D984","3","188"
"4111","LISIO","PIEMONTE","CN","0174","E615","9","189"
"13178","PEGLIO","LOMBARDIA","CO","0344","G415","11","189"
"41041","PEGLIO","MARCHE","PU","0722","G416","20","189"
"103036","GURRO","PIEMONTE","VB","0323","E269","13","190"
"13062","CAVARGNA","LOMBARDIA","CO","0344","C381","15","191"
"25069","ZOPPÈ DI CADORE","VENETO","BL","0437","M189","4","191"
"57046","NESPOLO","LAZIO","RI","0765","F876","9","191"
"96079","VILLANOVA BIELLESE","PIEMONTE","BI","0161","L978","8","191"
"7068","VALGRISENCHE","VALLE D'AOSTA","AO","0165","L582","113","192"
"1118","GROSCAVALLO","PIEMONTE","TO","0123","E199","93","194"
"7062","SAINT-OYEN","VALLE D'AOSTA","AO","0165","H673","9","194"
"95086","SAGAMA","SARDEGNA","OR","0785","H661","12","194"
"4007","ARGUELLO","PIEMONTE","CN","0173","A396","5","196"
"14064","TARTANO","LOMBARDIA","SO","0342","L056","47","196"
"6099","MONCESTINO","PIEMONTE","AL","0142","F337","6","197"
"4160","PAROLDO","PIEMONTE","CN","0174","G339","13","198"
"5064","MOMBALDONE","PIEMONTE","AT","0144","F308","12","198"
"8038","OLIVETTA SAN MICHELE","LIGURIA","IM","0184","G041","14","199"
"18167","VALEGGIO","LOMBARDIA","PV","0384","L568","10","199"
"1282","USSEGLIO","PIEMONTE","TO","0123","L516","98","200"
"6164","SOLONGHELLO","PIEMONTE","AL","0142","I808","5","200"
"2126","SALASCO","PIEMONTE","VC","0161","H690","12","201"
"4109","LEVICE","PIEMONTE","CN","0173","E564","15","201"
"5044","CORSIONE","PIEMONTE","AT","0141","D046","5","201"
"13236","VELESO","LOMBARDIA","CO","031","L715","6","201"
"21065","PONTE GARDENA","TRENTINO-ALTO ADIGE","BZ","0471","G830","2","201"
"80090","STAITI","CALABRIA","RC","0964","I936","16","201"
"1087","CLAVIERE","PIEMONTE","TO","0122","C793","3","202"
"66022","CAPORCIANO","ABRUZZO","AQ","0862","B672","18","202"
"69078","ROSELLO","ABRUZZO","CH","0872","H566","19","202"
"98023","CORNOVECCHIO","LOMBARDIA","LO","0377","D029","7","202"
"6098","MOMPERONE","PIEMONTE","AL","0131","F320","9","203"
"16136","MOIO DE' CALVI","LOMBARDIA","BG","0345","F276","6","203"
"18067","GAMBARANA","LOMBARDIA","PV","0384","D892","12","203"
"6124","PADERNA","PIEMONTE","AL","0131","G215","4","204"
"94015","CHIAUCI","MOLISE","IS","0865","C620","16","204"
"16106","FUIPIANO VALLE IMAGNA","LOMBARDIA","BG","035","D817","4","206"
"18148","SEMIANA","LOMBARDIA","PV","0384","I599","10","206"
"96072","VALLANZENGO","PIEMONTE","BI","015","L586","4","206"
"16227","VALNEGRA","LOMBARDIA","BG","0345","L642","2","207"
"96069","TORRAZZO","PIEMONTE","BI","015","L239","6","207"
"7001","ALLEIN","VALLE D'AOSTA","AO","0165","A205","8","208"
"18126","ROCCA SUSELLA","LOMBARDIA","PV","0383","H450","13","208"
"66011","BISEGNA","ABRUZZO","AQ","0863","A884","46","208"
"4015","BATTIFOLLO","PIEMONTE","CN","0174","A716","11","209"
"5085","PINO D'ASTI","PIEMONTE","AT","011","G676","4","209"
"7047","OYACE","VALLE D'AOSTA","AO","0165","G012","31","209"
"14076","VERVIO","LOMBARDIA","SO","0342","L799","13","209"
"4002","AISONE","PIEMONTE","CN","0171","A113","37","210"
"9043","ONZO","LIGURIA","SV","0182","G076","8","211"
"10038","MONTEBRUNO","LIGURIA","GE","010","F445","18","211"
"2089","OLDENICO","PIEMONTE","VC","0161","G018","6","213"
"4120","MARSAGLIA","PIEMONTE","CN","0174","E973","13","213"
"5110","TONENGO","PIEMONTE","AT","0141","L204","6","213"
"57004","ASCREA","LAZIO","RI","0765","A464","14","213"
"2025","CAMPERTOGNO","PIEMONTE","VC","0163","B505","34","214"
"4138","MONTEMALE DI CUNEO","PIEMONTE","CN","0171","F558","12","214"
"13085","CUSINO","LOMBARDIA","CO","0344","D232","10","214"
"78027","CARPANZANO","CALABRIA","CS","0984","B813","14","214"
"16090","CUSIO","LOMBARDIA","BG","0345","D233","9","216"
"70054","PIETRACUPA","MOLISE","CB","0874","G610","10","216"
"58076","PERCILE","LAZIO","RM","0774","G444","18","217"
"66037","COCULLO","ABRUZZO","AQ","0864","C811","32","217"
"66040","COLLEPIETRO","ABRUZZO","AQ","0862","C866","15","217"
"7010","BIONAZ","VALLE D'AOSTA","AO","0165","A877","143","218"
"68016","CORVARA","ABRUZZO","PE","085","D078","14","218"
"4123","MOIOLA","PIEMONTE","CN","0171","F279","15","219"
"12129","TRONZANO LAGO MAGGIORE","LOMBARDIA","VA","0332","A705","11","219"
"22045","CASTEL CONDINO","TRENTINO-ALTO ADIGE","TN","0465","C183","11","219"
"55027","POLINO","UMBRIA","TR","0744","G790","19","219"
"69063","PENNADOMO","ABRUZZO","CH","0872","G434","11","219"
"111037","LAS PLASSAS","SARDEGNA","SU","070","E464","11","219"
"2009","BALOCCO","PIEMONTE","VC","0161","A601","17","220"
"7025","EMARÈSE","VALLE D'AOSTA","AO","0166","D402","10","220"
"43040","POGGIO SAN VICINO","MARCHE","MC","0733","D566","13","221"
"66018","CANSANO","ABRUZZO","AQ","0864","B624","40","221"
"6148","ROCCHETTA LIGURE","PIEMONTE","AL","0143","H465","10","222"
"9028","ERLI","LIGURIA","SV","0182","D424","17","222"
"1204","PRAMOLLO","PIEMONTE","TO","0121","G982","22","223"
"2033","CASANOVA ELVO","PIEMONTE","VC","0161","B928","16","223"
"5035","CERRETO D'ASTI","PIEMONTE","AT","0141","C528","4","223"
"91068","OSIDDA","SARDEGNA","NU","079","G154","26","223"
"3090","MANDELLO VITTA","PIEMONTE","NO","0321","E880","6","224"
"13155","MONTEMEZZO","LOMBARDIA","CO","0344","F564","9","224"
"65153","VALLE DELL'ANGELO","CAMPANIA","SA","0974","G540","37","224"
"57072","VACONE","LAZIO","RI","0746","L525","9","226"
"76020","SAN PAOLO ALBANESE","BASILICATA","PZ","0973","B906","30","226"
"95061","SIRIS","SARDEGNA","OR","0783","I757","6","226"
"103038","LOREGLIA","PIEMONTE","VB","0323","E685","9","226"
"67034","PIETRACAMELA","ABRUZZO","TE","0861","G608","44","227"
"1226","RORÀ","PIEMONTE","TO","0121","H554","12","228"
"5038","CHIUSANO D'ASTI","PIEMONTE","AT","0141","C658","2","228"
"57071","TURANIA","LAZIO","RI","0765","G507","9","228"
"95042","POMPU","SARDEGNA","OR","0783","G817","5","228"
"18042","CECIMA","LOMBARDIA","PV","0383","C414","10","229"
"4173","PRADLEVES","PIEMONTE","CN","0171","G970","19","231"
"13187","PONNA","LOMBARDIA","CO","031","G821","6","231"
"1079","CHIESANUOVA","PIEMONTE","TO","0124","C629","4","233"
"5061","MARANZANA","PIEMONTE","AT","0141","E917","5","233"
"22054","CAVIZZANA","TRENTINO-ALTO ADIGE","TN","0463","C400","3","233"
"4004","ALBARETTO DELLA TORRE","PIEMONTE","CN","0173","A139","4","234"
"13226","TREZZONE","LOMBARDIA","CO","0344","L413","4","234"
"93006","BARCIS","FRIULI-VENEZIA GIULIA","PN","0427","A640","103","234"
"1007","ALPETTE","PIEMONTE","TO","0124","A221","6","235"
"13092","DOSSO DEL LIRO","LOMBARDIA","CO","0344","D355","23","236"
"18002","ALBAREDO ARNABOLDI","LOMBARDIA","PV","0385","A134","9","236"
"4141","MONTEZEMOLO","PIEMONTE","CN","0174","F666","7","237"
"8060","TERZORIO","LIGURIA","IM","0184","L146","2","237"
"103004","AROLA","PIEMONTE","VB","0323","A427","7","238"
"2043","CIVIASCO","PIEMONTE","VC","0163","C757","7","239"
"95088","TINNURA","SARDEGNA","OR","0785","L172","4","239"
"6117","ODALENGO PICCOLO","PIEMONTE","AL","0141","F998","8","240"
"6084","GROGNARDO","PIEMONTE","AL","0144","E188","9","241"
"43010","CASTELSANTANGELO SUL NERA","MARCHE","MC","0737","C267","71","241"
"1084","CINTANO","PIEMONTE","TO","0124","C711","5","242"
"1296","VIALFRÈ","PIEMONTE","TO","0125","L830","4","242"
"6102","MONTACUTO","PIEMONTE","AL","0131","F387","24","242"
"6103","MONTALDEO","PIEMONTE","AL","0143","F403","5","243"
"95003","ALBAGIARA","SARDEGNA","OR","0783","A126","9","243"
"1100","EXILLES","PIEMONTE","TO","0122","D433","44","244"
"66045","GAGLIANO ATERNO","ABRUZZO","AQ","0864","D850","33","244"
"94033","PESCOPENNATARO","MOLISE","IS","0865","G497","19","244"
"5114","VIALE","PIEMONTE","AT","0141","L829","4","245"
"13184","PIGRA","LOMBARDIA","CO","031","G665","4","245"
"78032","CASTROREGIO","CALABRIA","CS","0981","C348","39","246"
"5105","SESSAME","PIEMONTE","AT","0144","I678","8","249"
"1258","SAUZE DI CESANA","PIEMONTE","TO","0122","I465","79","250"
"22026","BRESIMO","TRENTINO-ALTO ADIGE","TN","0463","B158","41","250"
"23034","FERRARA DI MONTE BALDO","VENETO","VR","045","D549","27","250"
"103058","QUARNA SOPRA","PIEMONTE","VB","0323","H106","10","250"
"16229","VALTORTA","LOMBARDIA","BG","0345","L655","31","251"
"58087","ROCCAGIOVINE","LAZIO","RM","0774","H411","9","251"
"58108","VALLEPIETRA","LAZIO","RM","0774","L611","52","251"
"1202","PRALI","PIEMONTE","TO","0121","G978","73","252"
"2048","CRAVAGLIANA","PIEMONTE","VC","0163","D132","35","252"
"21069","PROVES","TRENTINO-ALTO ADIGE","BZ","0463","H081","19","252"
"8012","CARAVONICA","LIGURIA","IM","0183","B734","5","254"
"8066","VESSALICO","LIGURIA","IM","0183","L809","10","254"
"1251","SAN PONSO","PIEMONTE","TO","0124","I126","2","257"
"4097","GORZEGNO","PIEMONTE","CN","0173","E111","14","257"
"6010","AVOLASCA","PIEMONTE","AL","0131","A523","12","257"
"6055","CAVATORE","PIEMONTE","AL","0144","C387","10","257"
"10024","FONTANIGORDA","LIGURIA","GE","010","D677","17","258"
"18098","MONTESEGALE","LOMBARDIA","PV","0383","F644","15","258"
"68037","SANT'EUFEMIA A MAIELLA","ABRUZZO","PE","085","I332","40","258"
"30084","PREONE","FRIULI-VENEZIA GIULIA","UD","0433","H038","23","260"
"67024","FANO ADRIANO","ABRUZZO","TE","0861","D489","35","261"
"70013","CASTELBOTTACCIO","MOLISE","CB","0874","C066","11","261"
"90015","BORUTTA","SARDEGNA","SS","079","B064","5","262"
"93001","ANDREIS","FRIULI-VENEZIA GIULIA","PN","0427","A283","27","262"
"4032","BRONDELLO","PIEMONTE","CN","0175","B200","10","263"
"4124","MOMBARCARO","PIEMONTE","CN","0174","F309","20","263"
"8015","CASTEL VITTORIO","LIGURIA","IM","0184","C110","26","263"
"4092","FRASSINO","PIEMONTE","CN","0175","D782","17","264"
"4161","PERLETTO","PIEMONTE","CN","0173","G457","11","264"
"68004","BRITTOLI","ABRUZZO","PE","085","B193","16","264"
"1268","STRAMBINELLO","PIEMONTE","TO","0125","I969","2","266"
"10019","COREGLIA LIGURE","LIGURIA","GE","0185","C995","8","267"
"57013","CASTEL DI TORA","LAZIO","RI","0765","C098","16","267"
"6175","TREVILLE","PIEMONTE","AL","0142","L403","5","268"
"22109","LUSERNA","TRENTINO-ALTO ADIGE","TN","0464","E757","8","268"
"68036","SALLE","ABRUZZO","PE","085","H715","22","268"
"25035","OSPITALE DI CADORE","VENETO","BL","0437","G169","40","269"
"96067","TERNENGO","PIEMONTE","BI","015","L116","2","270"
"2091","PERTENGO","PIEMONTE","VC","0161","G471","8","272"
"30093","RESIUTTA","FRIULI-VENEZIA GIULIA","UD","0433","H244","20","272"
"97027","CRANDOLA VALSASSINA","LOMBARDIA","LC","0341","D131","9","272"
"5046","CORTANZE","PIEMONTE","AT","0141","D051","4","273"
"8018","CESIO","LIGURIA","IM","0183","C578","9","273"
"103076","VILLETTE","PIEMONTE","VB","0324","M042","7","273"
"1108","FRASSINETTO","PIEMONTE","TO","0124","D781","25","274"
"8033","LUCINASCO","LIGURIA","IM","0183","E719","8","275"
"66100","TIONE DEGLI ABRUZZI","ABRUZZO","AQ","0862","L173","40","275"
"94047","SANT'ELENA SANNITA","MOLISE","IS","0874","B466","14","275"
"1052","CANISCHIO","PIEMONTE","TO","0124","B605","12","277"
"4159","PAMPARATO","PIEMONTE","CN","0174","G302","35","278"
"57042","MONTENERO SABINO","LAZIO","RI","0765","F579","23","278"
"60001","ACQUAFONDATA","LAZIO","FR","0776","A032","26","280"
"69034","FRAINE","ABRUZZO","CH","0873","D757","16","280"
"8057","SEBORGA","LIGURIA","IM","0184","I556","5","281"
"13207","SAN NAZZARO VAL CAVARGNA","LOMBARDIA","CO","0344","I051","13","281"
"64013","CAIRANO","CAMPANIA","AV","0827","B367","14","281"
"57023","CONCERVIANO","LAZIO","RI","0765","C946","21","282"
"95040","PAU","SARDEGNA","OR","0783","G379","14","282"
"98001","ABBADIA CERRETO","LOMBARDIA","LO","0371","A004","6","282"
"5111","VAGLIO SERRA","PIEMONTE","AT","0141","L531","5","283"
"5041","COAZZOLO","PIEMONTE","AT","0141","C804","4","285"
"66035","CIVITELLA ALFEDENA","ABRUZZO","AQ","0864","C778","30","285"
"4052","CASTELLINO TANARO","PIEMONTE","CN","0174","C176","12","286"
"6107","MONTEGIOCO","PIEMONTE","AL","0131","F518","5","286"
"93045","TRAMONTI DI SOPRA","FRIULI-VENEZIA GIULIA","PN","0427","L324","125","286"
"13025","BLESSAGNO","LOMBARDIA","CO","031","A904","4","287"
"14001","ALBAREDO PER SAN MARCO","LOMBARDIA","SO","0342","A135","18","288"
"64071","PETRURO IRPINO","CAMPANIA","AV","0825","G519","3","288"
"16056","CARONA","LOMBARDIA","BG","0345","B803","44","289"
"65139","SERRAMEZZANA","CAMPANIA","SA","0974","I648","7","289"
"69039","GAMBERALE","ABRUZZO","CH","0872","D898","16","289"
"95073","VILLA VERDE","SARDEGNA","OR","0783","A609","17","289"
"14055","RASURA","LOMBARDIA","SO","0342","H192","6","290"
"16249","CORNALBA","LOMBARDIA","BG","0345","D016","9","290"
"58109","VALLINFREDA","LAZIO","RM","0774","L625","17","290"
"1167","NOMAGLIO","PIEMONTE","TO","0125","F927","3","291"
"9069","ZUCCARELLO","LIGURIA","SV","0182","M197","11","291"
"41017","FRONTINO","MARCHE","PU","0722","D807","11","291"
"2035","SAN GIACOMO VERCELLESE","PIEMONTE","VC","0161","B952","10","292"
"4122","MELLE","PIEMONTE","CN","0175","F114","28","292"
"66043","FONTECCHIO","ABRUZZO","AQ","0862","D681","17","293"
"5026","CASTELLERO","PIEMONTE","AT","0141","C154","4","294"
"91050","NORAGUGUME","SARDEGNA","NU","0785","F933","27","294"
"6083","GREMIASCO","PIEMONTE","AL","0131","E164","17","295"
"6184","VILLAMIROGLIO","PIEMONTE","AL","0142","L970","10","295"
"1224","RONCO CANAVESE","PIEMONTE","TO","0124","H539","97","296"
"18103","NICORVO","LOMBARDIA","PV","0384","F891","8","296"
"56051","TESSENNANO","LAZIO","VT","0761","L150","15","296"
"95058","SIMALA","SARDEGNA","OR","0783","I742","13","296"
"4088","FEISOGLIO","PIEMONTE","CN","0173","D523","7","297"
"5010","BRUNO","PIEMONTE","AT","0141","B221","9","297"
"6002","ALBERA LIGURE","PIEMONTE","AL","0143","A146","21","297"
"94005","CANTALUPO NEL SANNIO","MOLISE","IS","0865","B630","16","733"
"62006","ARPAISE","CAMPANIA","BN","0824","A432","7","734"
"64060","MONTEVERDE","CAMPANIA","AV","0827","F660","39","734"
"65015","BELLOSGUARDO","CAMPANIA","SA","0828","A756","17","734"
"69070","QUADRI","ABRUZZO","CH","0872","H098","7","734"
"111064","SAN NICOLÒ GERREI","SARDEGNA","SU","070","G383","63","734"
"83040","LIMINA","SICILIA","ME","0942","E594","10","735"
"7013","CHALLAND-SAINT-ANSELME","VALLE D'AOSTA","AO","0125","C593","28","736"
"43021","GUALDO","MARCHE","MC","0733","E228","22","736"
"59033","VENTOTENE","LAZIO","LT","0771","L742","2","736"
"90014","BORTIGIADAS","SARDEGNA","SS","079","B063","77","737"
"1206","PRASCORSANO","PIEMONTE","TO","0124","G988","6","738"
"2082","MOTTA DE' CONTI","PIEMONTE","VC","0161","F774","12","738"
"1057","CAREMA","PIEMONTE","TO","0125","B762","10","739"
"4191","ROCCASPARVERA","PIEMONTE","CN","0171","H447","11","739"
"26060","PORTOBUFFOLÈ","VENETO","TV","0422","G909","5","739"
"58077","PISONIANO","LAZIO","RM","06","G704","13","739"
"76023","CASTELLUCCIO SUPERIORE","BASILICATA","PZ","0973","C201","32","739"
"91069","OSINI","SARDEGNA","NU","0782","G158","40","740"
"111003","BALLAO","SARDEGNA","SU","070","A597","47","740"
"97084","VARENNA","LOMBARDIA","LC","0341","L680","11","741"
"6004","ALFIANO NATTA","PIEMONTE","AL","0141","A189","13","742"
"80070","SAMO","CALABRIA","RC","0964","H013","50","742"
"4090","FRABOSA SOPRANA","PIEMONTE","CN","0174","D751","48","743"
"21064","PLAUS","TRENTINO-ALTO ADIGE","BZ","0473","G299","5","743"
"60086","VICALVI","LAZIO","FR","0776","L836","8","743"
"76024","CASTELMEZZANO","BASILICATA","PZ","0971","C209","34","744"
"3134","SAN NAZZARO SESIA","PIEMONTE","NO","0321","I052","11","745"
"40031","PORTICO E SAN BENEDETTO","EMILIA-ROMAGNA","FC","0543","G904","61","745"
"4107","LEQUIO TANARO","PIEMONTE","CN","0172","E539","12","746"
"69093","TORREBRUNA","ABRUZZO","CH","0873","L253","24","746"
"76017","CAMPOMAGGIORE","BASILICATA","PZ","0971","B549","12","746"
"1187","PERTUSIO","PIEMONTE","TO","0124","G477","4","747"
"3012","BARENGO","PIEMONTE","NO","0321","A653","19","747"
"17030","BRIONE","LOMBARDIA","BS","030","B184","7","747"
"31019","SAN FLORIANO DEL COLLIO","FRIULI-VENEZIA GIULIA","GO","0481","H845","11","747"
"50021","MONTEVERDI MARITTIMO","TOSCANA","PI","0565","F661","98","747"
"2047","COSTANZANA","PIEMONTE","VC","0161","D113","21","748"
"68009","CASTIGLIONE A CASAURIA","ABRUZZO","PE","085","C308","17","748"
"78072","MALITO","CALABRIA","CS","0984","E859","17","748"
"4246","VILLANOVA SOLARO","PIEMONTE","CN","0172","L990","15","749"
"22093","GIUSTINO","TRENTINO-ALTO ADIGE","TN","0465","E065","40","749"
"83012","CASALVECCHIO SICULO","SICILIA","ME","0942","B918","33","749"
"102045","VALLELONGA","CALABRIA","VV","0963","L607","18","749"
"13239","VERCANA","LOMBARDIA","CO","0344","L748","15","750"
"41005","BELFORTE ALL'ISAURO","MARCHE","PU","0722","A740","12","750"
"96064","SOSTEGNO","PIEMONTE","BI","015","I868","18","750"
"1105","FIORANO CANAVESE","PIEMONTE","TO","0125","D608","4","751"
"5090","REVIGLIASCO D'ASTI","PIEMONTE","AT","0141","H250","9","751"
"46036","FABBRICHE DI VERGEMOLI","TOSCANA","LU","0583","M319","43","751"
"103013","BROVELLO-CARPUGNINO","PIEMONTE","VB","0323","B207","8","751"
"14039","MANTELLO","LOMBARDIA","SO","0342","E896","4","752"
"12007","AZZIO","LOMBARDIA","VA","0332","A532","2","753"
"70020","COLLE D'ANCHISE","MOLISE","CB","0874","C854","16","753"
"69006","BOMBA","ABRUZZO","CH","0872","A956","18","755"
"14067","TORRE DI SANTA MARIA","LOMBARDIA","SO","0342","L244","45","756"
"90005","ARDARA","SARDEGNA","SS","079","A379","38","757"
"9009","BARDINETO","LIGURIA","SV","019","A647","30","758"
"10065","VALBREVENNA","LIGURIA","GE","010","L546","35","759"
"23090","VELO VERONESE","VENETO","VR","045","L722","19","759"
"70026","GILDONE","MOLISE","CB","0874","E030","30","759"
"103024","CRAVEGGIA","PIEMONTE","VB","0324","D134","36","759"
"109016","MONTE GIBERTO","MARCHE","FM","0734","F517","13","759"
"1152","MEZZENILE","PIEMONTE","TO","0123","F182","29","760"
"18117","PONTE NIZZA","LOMBARDIA","PV","0383","G851","23","760"
"9054","ROCCAVIGNALE","LIGURIA","SV","019","H452","17","761"
"64085","SAN NICOLA BARONIA","CAMPANIA","AV","0827","I061","7","761"
"101026","UMBRIATICO","CALABRIA","KR","0962","L492","73","761"
"1201","PRAGELATO","PIEMONTE","TO","0122","G973","89","762"
"18054","CORANA","LOMBARDIA","PV","0383","C982","13","762"
"64098","SENERCHIA","CAMPANIA","AV","0827","I606","36","762"
"78096","PEDIVIGLIANO","CALABRIA","CS","0984","G411","17","763"
"1172","ORIO CANAVESE","PIEMONTE","TO","011","G109","7","764"
"97035","ESINO LARIO","LOMBARDIA","LC","0341","D436","19","764"
"1295","VESTIGNÈ","PIEMONTE","TO","0125","L811","12","765"
"2032","CARISIO","PIEMONTE","VC","0161","B782","30","766"
"8043","PIGNA","LIGURIA","IM","0184","G660","54","766"
"11030","VERNAZZA","LIGURIA","SP","0187","L774","12","766"
"76082","SASSO DI CASTALDA","BASILICATA","PZ","0975","I457","45","766"
"61034","FONTEGRECA","CAMPANIA","CE","0823","D683","10","767"
"103055","PREMENO","PIEMONTE","VB","0323","H030","7","767"
"90044","NUGHEDU SAN NICOLÒ","SARDEGNA","SS","079","F975","68","768"
"91004","AUSTIS","SARDEGNA","NU","0784","A503","51","768"
"83100","TRIPI","SICILIA","ME","0941","L431","54","769"
"14029","FORCOLA","LOMBARDIA","SO","0342","D694","16","770"
"9040","MURIALDO","LIGURIA","SV","019","F813","37","771"
"78005","AIETA","CALABRIA","CS","0985","A105","48","771"
"80033","FERRUZZANO","CALABRIA","RC","0964","D557","19","771"
"103009","BEE","PIEMONTE","VB","0323","A733","3","771"
"1031","BORGOMASINO","PIEMONTE","TO","0125","B021","13","772"
"18179","VILLANOVA D'ARDENGHI","LOMBARDIA","PV","0382","L983","7","772"
"8024","COSTARAINERA","LIGURIA","IM","0183","D114","2","773"
"76055","NOEPOLI","BASILICATA","PZ","0973","F917","52","773"
"1271","TAVAGNASCO","PIEMONTE","TO","0125","L066","9","774"
"4230","TREISO","PIEMONTE","CN","0173","L367","10","774"
"12056","CREMENAGA","LOMBARDIA","VA","0332","D144","5","774"
"21118","SENALE-SAN FELICE","TRENTINO-ALTO ADIGE","BZ","0463","I603","28","775"
"56032","LATERA","LAZIO","VT","0761","E467","23","775"
"17115","MURA","LOMBARDIA","BS","0365","F806","12","776"
"90027","COSSOINE","SARDEGNA","SS","079","D100","39","776"
"90031","ILLORAI","SARDEGNA","SS","079","E285","57","776"
"1230","RUEGLIO","PIEMONTE","TO","0125","H631","15","777"
"4084","ENTRACQUE","PIEMONTE","CN","0171","D410","160","777"
"18111","PIETRA DE' GIORGI","LOMBARDIA","PV","0385","G612","11","778"
"80017","CAMINI","CALABRIA","RC","0964","B481","17","778"
"65112","RUTINO","CAMPANIA","SA","0974","H644","10","779"
"95057","SIAMANNA","SARDEGNA","OR","0783","I718","28","779"
"66015","CAMPO DI GIOVE","ABRUZZO","AQ","0864","B526","30","780"
"5109","TONCO","PIEMONTE","AT","0141","L203","12","782"
"22137","PELLIZZANO","TRENTINO-ALTO ADIGE","TN","0463","G428","40","782"
"2088","OLCENENGO","PIEMONTE","VC","0161","G016","17","783"
"57062","ROCCA SINIBALDA","LAZIO","RI","0765","H446","49","783"
"23033","ERBEZZO","VENETO","VR","045","D420","32","784"
"61096","VALLE AGRICOLA","CAMPANIA","CE","0823","L594","24","784"
"79004","AMATO","CALABRIA","CZ","0961","A257","21","784"
"20032","MARIANA MANTOVANA","LOMBARDIA","MN","0376","E949","9","785"
"22177","SOVER","TRENTINO-ALTO ADIGE","TN","0461","I871","15","785"
"1015","BAIRO","PIEMONTE","TO","0124","A584","7","787"
"9048","PIANA CRIXIA","LIGURIA","SV","019","G542","30","787"
"67003","ARSITA","ABRUZZO","TE","0861","A445","34","787"
"78064","LAINO CASTELLO","CALABRIA","CS","0981","E419","39","787"
"1286","VALLO TORINESE","PIEMONTE","TO","011","L629","6","788"
"111023","GENONI","SARDEGNA","SU","0782","D968","44","788"
"1227","ROURE","PIEMONTE","TO","0121","H555","60","789"
"12021","BRINZIO","LOMBARDIA","VA","0332","B182","6","790"
"22130","OSPEDALETTO","TRENTINO-ALTO ADIGE","TN","0461","G168","17","790"
"16002","ADRARA SAN ROCCO","LOMBARDIA","BG","035","A058","9","791"
"68044","TURRIVALIGNANI","ABRUZZO","PE","085","L475","6","791"
"4234","VALGRANA","PIEMONTE","CN","0171","L580","23","792"
"14017","CERCINO","LOMBARDIA","SO","0342","C493","6","792"
"58055","MARANO EQUO","LAZIO","RM","0774","E908","8","792"
"79134","SORBO SAN BASILE","CALABRIA","CZ","0961","I844","59","792"
"91057","OLZAI","SARDEGNA","NU","0784","G058","70","792"
"99022","MAIOLO","EMILIA-ROMAGNA","RN","0541","E838","24","792"
"65145","STIO","CAMPANIA","SA","0974","I960","24","793"
"78038","CERVICATI","CALABRIA","CS","0984","C554","12","793"
"21005","AVELENGO","TRENTINO-ALTO ADIGE","BZ","0473","A507","27","794"
"22170","SARNONICO","TRENTINO-ALTO ADIGE","TN","0463","I439","12","794"
"80078","SANTA CRISTINA D'ASPROMONTE","CALABRIA","RC","0966","I176","23","795"
"96015","CASTELLETTO CERVO","PIEMONTE","BI","0161","C155","15","795"
"111082","SEULO","SARDEGNA","SU","0782","I707","59","795"
"3098","MIASINO","PIEMONTE","NO","0322","F191","5","796"
"64113","TUFO","CAMPANIA","AV","0825","L461","6","796"
"111012","COLLINAS","SARDEGNA","SU","070","C882","21","796"
"2068","LENTA","PIEMONTE","VC","0163","E528","19","797"
"69024","CIVITELLA MESSER RAIMONDO","ABRUZZO","CH","0872","C776","12","797"
"102041","SPADOLA","CALABRIA","VV","0963","I884","10","797"
"7051","PONTEY","VALLE D'AOSTA","AO","0166","G860","16","798"
"18144","SANT'ANGELO LOMELLINA","LOMBARDIA","PV","0384","I276","10","798"
"24121","ZOVENCEDO","VENETO","VI","0444","M194","9","798"
"12049","CAZZAGO BRABBIA","LOMBARDIA","VA","0332","C409","4","799"
"80016","CALANNA","CALABRIA","RC","0965","B379","10","799"
"2072","LOZZOLO","PIEMONTE","VC","0163","E711","7","800"
"3104","NIBBIOLA","PIEMONTE","NO","0321","F886","11","800"
"79083","MOTTA SANTA LUCIA","CALABRIA","CZ","0968","F780","26","800"
"80087","SERRATA","CALABRIA","RC","0966","I656","22","801"
"7033","GRESSONEY-SAINT-JEAN","VALLE D'AOSTA","AO","0125","E168","70","804"
"64079","ROCCA SAN FELICE","CAMPANIA","AV","0827","H438","14","804"
"83058","MOTTA CAMASTRA","SICILIA","ME","0942","F772","25","804"
"65045","CONTRONE","CAMPANIA","SA","0828","C973","8","805"
"111026","GESICO","SARDEGNA","SU","070","D994","26","805"
"1261","SCARMAGNO","PIEMONTE","TO","0125","I511","8","806"
"95007","ARDAULI","SARDEGNA","OR","0783","A380","21","806"
"9067","VEZZI PORTIO","LIGURIA","SV","019","L823","10","807"
"5116","VIGLIANO D'ASTI","PIEMONTE","AT","0141","L879","7","808"
"18001","ALAGNA","LOMBARDIA","PV","0382","A118","9","808"
"33041","SAN PIETRO IN CERRO","EMILIA-ROMAGNA","PC","0523","G788","28","808"
"65011","ATRANI","CAMPANIA","SA","089","A487","0","808"
"1149","MEANA DI SUSA","PIEMONTE","TO","0122","F074","18","809"
"3119","PISANO","PIEMONTE","NO","0322","G703","3","809"
"4197","ROSSANA","PIEMONTE","CN","0175","H578","20","809"
"1247","SAN MARTINO CANAVESE","PIEMONTE","TO","0125","H997","10","811"
"18063","FILIGHERA","LOMBARDIA","PV","0382","D594","8","811"
"70070","SAN MASSIMO","MOLISE","CB","0874","I023","28","811"
"4071","CLAVESANA","PIEMONTE","CN","0173","C792","17","812"
"5029","CASTELNUOVO BELBO","PIEMONTE","AT","0141","C226","9","813"
"22163","RUMO","TRENTINO-ALTO ADIGE","TN","0463","H639","31","813"
"2062","GHISLARENGO","PIEMONTE","VC","0161","E007","13","814"
"16185","RONCOLA","LOMBARDIA","BG","035","H544","5","814"
"4108","LESEGNO","PIEMONTE","CN","0174","E546","14","816"
"30135","VISCO","FRIULI-VENEZIA GIULIA","UD","0432","M073","4","816"
"70009","CAMPOLIETO","MOLISE","CB","0874","B544","24","817"
"5011","BUBBIO","PIEMONTE","AT","0144","B236","16","818"
"90068","SILIGO","SARDEGNA","SS","079","I732","44","818"
"7041","LA THUILE","VALLE D'AOSTA","AO","0165","E470","126","819"
"43045","RIPE SAN GINESIO","MARCHE","MC","0733","H323","10","819"
"69021","CELENZA SUL TRIGNO","ABRUZZO","CH","0873","C428","23","819"
"61093","TORA E PICCILLI","CAMPANIA","CE","0823","L205","13","821"
"94006","CAPRACOTTA","MOLISE","IS","0865","B682","42","821"
"95024","GONNOSTRAMATZA","SARDEGNA","OR","0783","E088","18","821"
"8010","BORGOMARO","LIGURIA","IM","0183","B020","23","822"
"10041","NEIRONE","LIGURIA","GE","0185","F862","30","822"
"11005","BONASSOLA","LIGURIA","SP","0187","A961","9","822"
"70082","TUFARA","MOLISE","CB","0874","L458","35","822"
"80030","COSOLETO","CALABRIA","RC","0966","D089","34","822"
"6088","LERMA","PIEMONTE","AL","0143","E543","15","823"
"18161","TORRICELLA VERZATE","LOMBARDIA","PV","0383","L292","4","823"
"111056","PISCINAS","SARDEGNA","SU","0781","M291","14","823"
"19061","MOTTA BALUFFI","LOMBARDIA","CR","0375","F771","17","824"
"22134","PANCHIÀ","TRENTINO-ALTO ADIGE","TN","0462","G305","20","824"
"76035","GALLICCHIO","BASILICATA","PZ","0971","D876","23","824"
"6078","GAMALERO","PIEMONTE","AL","0131","D890","12","825"
"58006","ANTICOLI CORRADO","LAZIO","RM","0774","A309","16","825"
"8040","PERINALDO","LIGURIA","IM","0184","G454","21","826"
"12110","ORINO","LOMBARDIA","VA","0332","G105","4","826"
"93011","CASTELNOVO DEL FRIULI","FRIULI-VENEZIA GIULIA","PN","0427","C217","23","826"
"13077","CORRIDO","LOMBARDIA","CO","0344","D041","6","828"
"69067","POGGIOFIORITO","ABRUZZO","CH","0871","G760","10","828"
"9059","STELLANELLO","LIGURIA","SV","0182","I947","18","829"
"25066","VODO CADORE","VENETO","BL","0435","M108","47","829"
"94032","PESCOLANCIANO","MOLISE","IS","0865","G495","34","829"
"25067","VOLTAGO AGORDINO","VENETO","BL","0437","M124","23","830"
"56002","ARLENA DI CASTRO","LAZIO","VT","0761","A412","22","830"
"17051","CEVO","LOMBARDIA","BS","0364","C591","35","831"
"18191","CORNALE E BASTIDA","LOMBARDIA","PV","0383","M338","3","831"
"24044","GAMBUGLIANO","VENETO","VI","0444","D902","8","831"
"90043","MUROS","SARDEGNA","SS","079","F818","11","831"
"4056","CASTIGLIONE TINELLA","PIEMONTE","CN","0141","C317","12","832"
"13185","PLESIO","LOMBARDIA","CO","0344","G737","17","832"
"21049","MARTELLO","TRENTINO-ALTO ADIGE","BZ","0473","E981","144","832"
"22131","OSSANA","TRENTINO-ALTO ADIGE","TN","0463","G173","25","834"
"44065","ROTELLA","MARCHE","AP","0736","H588","27","834"
"12018","BREGANO","LOMBARDIA","VA","0332","B131","2","836"
"66108","VITTORITO","ABRUZZO","AQ","0864","M090","14","836"
"69061","PALMOLI","ABRUZZO","CH","0873","G290","33","836"
"2021","BURONZO","PIEMONTE","VC","0161","B280","25","837"
"16127","LOCATELLO","LOMBARDIA","BG","035","E640","4","837"
"1011","ANGROGNA","PIEMONTE","TO","0121","A295","39","838"
"4145","MURAZZANO","PIEMONTE","CN","0173","F809","28","838"
"25007","BORCA DI CADORE","VENETO","BL","0435","A982","27","839"
"58025","CASTEL SAN PIETRO ROMANO","LAZIO","RM","06","C266","15","839"
"9051","PONTINVREA","LIGURIA","SV","019","G866","25","840"
"76014","BRINDISI MONTAGNA","BASILICATA","PZ","0971","B181","60","840"
"61071","ROCCAROMANA","CAMPANIA","CE","0823","H436","27","841"
"76021","CASTELGRANDE","BASILICATA","PZ","0976","C120","34","841"
"80048","MELICUCCÀ","CALABRIA","RC","0966","F105","17","841"
"97015","CASARGO","LOMBARDIA","LC","0341","B937","20","841"
"1162","MONTEU DA PO","PIEMONTE","TO","011","F651","8","842"
"1177","PALAZZO CANAVESE","PIEMONTE","TO","0125","G262","5","842"
"34022","MONCHIO DELLE CORTI","EMILIA-ROMAGNA","PR","0521","F340","69","843"
"66038","COLLARMELE","ABRUZZO","AQ","0863","C844","24","843"
"2006","ARBORIO","PIEMONTE","VC","0161","A358","23","844"
"83004","ANTILLO","SICILIA","ME","0942","A313","43","844"
"1289","VARISELLA","PIEMONTE","TO","011","L685","22","845"
"30132","VERZEGNIS","FRIULI-VENEZIA GIULIA","UD","0433","L801","39","845"
"51027","ORTIGNANO RAGGIOLO","TOSCANA","AR","0575","G139","36","845"
"62016","CASTELFRANCO IN MISCANO","CAMPANIA","BN","0824","C106","43","845"
"71011","CARLANTINO","PUGLIA","FG","0881","B784","34","845"
"6172","TERZO","PIEMONTE","AL","0144","L143","9","846"
"4135","MONTALDO ROERO","PIEMONTE","CN","0172","F408","12","848"
"30002","AMARO","FRIULI-VENEZIA GIULIA","UD","0433","A254","33","848"
"66080","ROCCA DI BOTTE","ABRUZZO","AQ","0863","H399","30","848"
"18112","PIEVE ALBIGNOLA","LOMBARDIA","PV","0382","G635","18","849"
"30086","PULFERO","FRIULI-VENEZIA GIULIA","UD","0432","H089","48","849"
"43034","MUCCIA","MARCHE","MC","0737","F793","26","849"
"66031","CASTELVECCHIO SUBEQUO","ABRUZZO","AQ","0864","C279","19","850"
"79073","MARTIRANO","CALABRIA","CZ","0968","E990","15","850"
"83087","SANTA MARINA SALINA","SICILIA","ME","090","I254","9","850"
"8044","POMPEIANA","LIGURIA","IM","0184","G814","5","851"
"58094","SAMBUCI","LAZIO","RM","0774","H745","8","851"
"69038","FURCI","ABRUZZO","CH","0873","D823","26","851"
"1163","MORIONDO TORINESE","PIEMONTE","TO","011","F733","6","852"
"6044","CASSINELLE","PIEMONTE","AL","0143","C030","24","852"
"7005","ARVIER","VALLE D'AOSTA","AO","0165","A452","33","852"
"41064","TAVOLETO","MARCHE","PU","0722","L078","12","852"
"79002","ALBI","CALABRIA","CZ","0961","A155","29","852"
"103048","NONIO","PIEMONTE","VB","0323","F932","10","852"
"17175","SAVIORE DELL'ADAMELLO","LOMBARDIA","BS","0364","I476","83","853"
"33016","COLI","EMILIA-ROMAGNA","PC","0523","C838","72","853"
"66106","VILLAVALLELONGA","ABRUZZO","AQ","0863","M031","73","854"
"90018","BULTEI","SARDEGNA","SS","079","B264","97","854"
"111045","NURAGUS","SARDEGNA","SU","0782","F981","20","854"
"65092","PERITO","CAMPANIA","SA","0974","G455","24","856"
"5071","MONGARDINO","PIEMONTE","AT","0141","F361","7","857"
"5115","VIARIGI","PIEMONTE","AT","0141","L834","14","857"
"32002","MONRUPINO","FRIULI-VENEZIA GIULIA","TS","040","F378","13","857"
"66019","CAPESTRANO","ABRUZZO","AQ","0862","B651","43","858"
"96054","ROPPOLO","PIEMONTE","BI","0161","H553","9","858"
"78041","CIVITA","CALABRIA","CS","0981","C763","27","859"
"90020","BURGOS","SARDEGNA","SS","079","B276","18","859"
"1080","CHIOMONTE","PIEMONTE","TO","0122","C639","27","860"
"95020","FORDONGIANUS","SARDEGNA","OR","0783","D695","39","861"
"16110","GAVERINA TERME","LOMBARDIA","BG","035","D943","5","862"
"65123","SAN MAURO CILENTO","CAMPANIA","SA","0974","I031","15","862"
"7012","BRUSSON","VALLE D'AOSTA","AO","0125","B230","55","863"
"71002","ALBERONA","PUGLIA","FG","0881","A150","49","863"
"14074","VAL MASINO","LOMBARDIA","SO","0342","L638","116","865"
"16119","GRONE","LOMBARDIA","BG","035","E192","8","865"
"29051","VILLANOVA MARCHESANA","VENETO","RO","0425","L988","18","865"
"46031","VAGLI SOTTO","TOSCANA","LU","0583","L533","41","865"
"69082","SAN MARTINO SULLA MARRUCINA","ABRUZZO","CH","0871","H991","7","865"
"103049","OGGEBBIO","PIEMONTE","VB","0323","G007","20","865"
"19045","GABBIONETA-BINANUOVA","LOMBARDIA","CR","0372","D834","16","866"
"30110","SOCCHIEVE","FRIULI-VENEZIA GIULIA","UD","0433","I777","66","866"
"69069","PRETORO","ABRUZZO","CH","0871","H052","26","866"
"78137","SCALA COELI","CALABRIA","CS","0983","I485","67","866"
"80084","SCIDO","CALABRIA","RC","0966","I536","18","866"
"18008","BARBIANELLO","LOMBARDIA","PV","0385","A634","12","867"
"62066","SAN NAZZARO","CAMPANIA","BN","0824","I049","2","867"
"3159","VICOLUNGO","PIEMONTE","NO","0321","L847","13","868"
"24010","ASIGLIANO VENETO","VENETO","VI","0444","A467","8","868"
"18131","ROVESCALA","LOMBARDIA","PV","0385","H614","8","870"
"18147","SCALDASOLE","LOMBARDIA","PV","0382","I487","12","870"
"22108","LONA-LASES","TRENTINO-ALTO ADIGE","TN","0461","E664","11","870"
"30081","PRATO CARNICO","FRIULI-VENEZIA GIULIA","UD","0433","H002","81","870"
"13211","SCHIGNANO","LOMBARDIA","CO","031","I529","10","871"
"80034","FIUMARA","CALABRIA","RC","0965","D619","7","871"
"83083","SANTA DOMENICA VITTORIA","SICILIA","ME","095","I184","20","871"
"94040","ROCCAMANDOLFI","MOLISE","IS","0865","H420","54","871"
"3041","CASALVOLONE","PIEMONTE","NO","0161","B920","17","872"
"7015","CHAMBAVE","VALLE D'AOSTA","AO","0166","C595","22","872"
"18094","MONTALTO PAVESE","LOMBARDIA","PV","0383","F417","19","872"
"44016","COSSIGNANO","MARCHE","AP","0735","D096","15","872"
"57040","MONTEBUONO","LAZIO","RI","0765","F446","20","872"
"90034","LAERRU","SARDEGNA","SS","079","E401","20","872"
"96006","BORRIANA","PIEMONTE","BI","015","B058","5","872"
"66052","LUCOLI","ABRUZZO","AQ","0862","E724","110","873"
"6129","PIETRA MARAZZI","PIEMONTE","AL","0131","G619","8","874"
"16247","COSTA SERINA","LOMBARDIA","BG","0345","D111","12","874"
"22114","MEZZANA","TRENTINO-ALTO ADIGE","TN","0463","F168","27","874"
"62069","SANTA CROCE DEL SANNIO","CAMPANIA","BN","0824","I179","16","874"
"111051","ORTACESUS","SARDEGNA","SU","070","G133","24","874"
"60021","CASTELNUOVO PARANO","LAZIO","FR","0776","C223","10","875"
"69014","CASALANGUIDA","ABRUZZO","CH","0872","B861","14","876"
"1291","VENAUS","PIEMONTE","TO","0122","L726","20","877"
"69051","MONTAZZOLI","ABRUZZO","CH","0872","F433","39","877"
"93015","CLAUT","FRIULI-VENEZIA GIULIA","PN","0427","C790","166","877"
"5070","MONCUCCO TORINESE","PIEMONTE","AT","011","F343","14","878"
"29010","CANDA","VENETO","RO","0425","B582","14","878"
"67046","VALLE CASTELLANA","ABRUZZO","TE","0861","L597","134","878"
"97067","PERLEDO","LOMBARDIA","LC","0341","G456","13","878"
"51014","CHITIGNANO","TOSCANA","AR","0575","C648","15","880"
"58051","LICENZA","LAZIO","RM","0774","E576","18","880"
"64112","TREVICO","CAMPANIA","AV","0827","L399","10","880"
"3146","TORNACO","PIEMONTE","NO","0321","L223","13","882"
"5068","MONASTERO BORMIDA","PIEMONTE","AT","0144","F325","14","882"
"16130","LUZZANA","LOMBARDIA","BG","035","E770","3","882"
"18032","CASATISMA","LOMBARDIA","PV","0383","B945","5","882"
"41016","FRATTE ROSA","MARCHE","PU","0721","D791","16","882"
"16092","DOSSENA","LOMBARDIA","BG","0345","D352","20","883"
"70016","CASTROPIGNANO","MOLISE","CB","0874","C346","27","883"
"83024","FORZA D'AGRÒ","SICILIA","ME","0942","D733","11","883"
"3002","AMENO","PIEMONTE","NO","0322","A264","10","884"
"6183","VILLALVERNIA","PIEMONTE","AL","0131","L963","5","884"
"69032","FILETTO","ABRUZZO","CH","0871","D592","14","884"
"11006","BORGHETTO DI VARA","LIGURIA","SP","0187","A992","27","886"
"103006","BACENO","PIEMONTE","VB","0324","A534","69","886"
"61079","SAN PIETRO INFINE","CAMPANIA","CE","0823","I113","14","887"
"82041","GRATTERI","SICILIA","PA","0921","E149","38","887"
"84016","COMITINI","SICILIA","AG","0922","C928","22","887"
"77010","GORGOGLIONE","BASILICATA","MT","0835","E093","34","888"
"19078","QUINTANO","LOMBARDIA","CR","0373","H130","3","890"
"56033","LUBRIANO","LAZIO","VT","0761","E713","17","890"
"61076","SAN GREGORIO MATESE","CAMPANIA","CE","0823","H939","56","890"
"3115","PELLA","PIEMONTE","NO","0322","G421","8","891"
"13119","LAGLIO","LOMBARDIA","CO","031","E405","6","891"
"69079","SAN BUONO","ABRUZZO","CH","0873","H784","25","891"
"77002","ALIANO","BASILICATA","MT","0835","A196","96","891"
"85001","ACQUAVIVA PLATANI","SICILIA","CL","0934","A049","15","891"
"102029","POLIA","CALABRIA","VV","0963","G785","32","891"
"17157","PROVAGLIO VAL SABBIA","LOMBARDIA","BS","0365","H077","15","892"
"23080","SELVA DI PROGNO","VENETO","VR","045","I594","41","892"
"95056","SIAMAGGIORE","SARDEGNA","OR","0783","I717","13","892"
"78065","LAPPANO","CALABRIA","CS","0984","E450","12","893"
"34040","TORNOLO","EMILIA-ROMAGNA","PR","0525","L229","69","894"
"56010","CALCATA","LAZIO","VT","0761","B388","8","894"
"96005","BIOGLIO","PIEMONTE","BI","015","A876","18","894"
"109027","MONTOTTONE","MARCHE","FM","0734","F697","16","895"
"103016","CANNERO RIVIERA","PIEMONTE","VB","0323","B610","15","897"
"91060","ONIFERI","SARDEGNA","NU","0784","G071","36","898"
"109011","MASSA FERMANA","MARCHE","FM","0734","F021","8","898"
"16180","RIVA DI SOLTO","LOMBARDIA","BG","035","H331","9","899"
"83069","RACCUJA","SICILIA","ME","0941","H151","25","899"
"101005","CASTELSILANO","CALABRIA","KR","0984","B968","40","899"
"111058","SADALI","SARDEGNA","SU","0782","H659","50","899"
"78014","BELSITO","CALABRIA","CS","0984","A768","11","900"
"1056","CARAVINO","PIEMONTE","TO","0125","B733","11","901"
"28098","VIGHIZZOLO D'ESTE","VENETO","PD","0429","L878","17","901"
"16186","ROTA D'IMAGNA","LOMBARDIA","BG","035","H584","6","902"
"60083","VALLEMAIO","LAZIO","FR","0776","L605","20","902"
"79030","CICALA","CALABRIA","CZ","0968","C674","9","902"
"60028","COLLEPARDO","LAZIO","FR","0775","C864","25","903"
"12115","RANCIO VALCUVIA","LOMBARDIA","VA","0332","H173","4","904"
"19030","CICOGNOLO","LOMBARDIA","CR","0372","C678","7","904"
"3039","CASALEGGIO NOVARA","PIEMONTE","NO","0321","B883","10","905"
"4051","CASTELLINALDO D'ALBA","PIEMONTE","CN","0173","C173","8","905"
"6171","TERRUGGIA","PIEMONTE","AL","0142","L139","7","906"
"60065","SANT'AMBROGIO SUL GARIGLIANO","LAZIO","FR","0776","I256","9","906"
"96074","VALLE SAN NICOLAO","PIEMONTE","BI","015","L620","15","906"
"19096","SOLAROLO RAINERIO","LOMBARDIA","CR","0375","I790","11","907"
"13192","PROSERPIO","LOMBARDIA","CO","031","H074","2","908"
"68034","ROCCAMORICE","ABRUZZO","PE","085","H425","25","908"
"69036","FRESAGRANDINARIA","ABRUZZO","CH","0873","D796","25","908"
"69100","VILLALFONSINA","ABRUZZO","CH","0873","L961","9","908"
"76065","RAPONE","BASILICATA","PZ","0976","H187","29","908"
"30054","MALBORGHETTO VALBRUNA","FRIULI-VENEZIA GIULIA","UD","0428","E847","120","909"
"43051","SERRAPETRONA","MARCHE","MC","0733","I651","38","910"
"71048","SAN MARCO LA CATOLA","PUGLIA","FG","0881","H986","28","910"
"13059","CASTELNUOVO BOZZENTE","LOMBARDIA","CO","031","C220","4","911"
"30041","FORNI DI SOPRA","FRIULI-VENEZIA GIULIA","UD","0433","D719","81","911"
"2122","ROVASENDA","PIEMONTE","VC","0161","H364","29","912"
"1074","CESANA TORINESE","PIEMONTE","TO","0122","C564","121","913"
"6033","CARPENETO","PIEMONTE","AL","0143","B818","14","913"
"10048","REZZOAGLIO","LIGURIA","GE","0185","H258","105","913"
"21036","GLORENZA","TRENTINO-ALTO ADIGE","BZ","0473","E069","13","913"
"83051","MIRTO","SICILIA","ME","0941","F242","9","913"
"16149","ONORE","LOMBARDIA","BG","0346","G075","12","914"
"22081","FAI DELLA PAGANELLA","TRENTINO-ALTO ADIGE","TN","0461","D468","12","914"
"36024","MONTECRETO","EMILIA-ROMAGNA","MO","0536","F484","31","914"
"68023","MONTEBELLO DI BERTONA","ABRUZZO","PE","085","F441","21","914"
"90073","TORRALBA","SARDEGNA","SS","079","L235","37","914"
"5093","ROCCA D'ARAZZO","PIEMONTE","AT","0141","H392","13","915"
"22169","SANZENO","TRENTINO-ALTO ADIGE","TN","0463","I411","8","916"
"4233","VALDIERI","PIEMONTE","CN","0171","L558","154","917"
"19063","OLMENETA","LOMBARDIA","CR","0372","G047","9","917"
"66003","ALFEDENA","ABRUZZO","AQ","0864","A187","40","917"
"9044","ORCO FEGLINO","LIGURIA","SV","019","D522","18","919"
"9047","PALLARE","LIGURIA","SV","019","G281","21","919"
"43058","VALFORNACE","MARCHE","MC","0737","M382","49","919"
"52025","RADICONDOLI","TOSCANA","SI","0577","H157","133","919"
"82082","BLUFI","SICILIA","PA","0921","M268","21","919"
"94016","CIVITANOVA DEL SANNIO","MOLISE","IS","0865","C769","56","919"
"98057","TERRANOVA DEI PASSERINI","LOMBARDIA","LO","0377","L125","11","919"
"42042","SAN PAOLO DI JESI","MARCHE","AN","0731","I071","10","920"
"6032","CAREZZANO","PIEMONTE","AL","0131","B769","10","420"
"80072","SAN GIOVANNI DI GERACE","CALABRIA","RC","0964","H903","13","420"
"22071","DAMBEL","TRENTINO-ALTO ADIGE","TN","0463","D246","5","421"
"62036","GINESTRA DEGLI SCHIAVONI","CAMPANIA","BN","0824","E034","15","423"
"2115","RIVE","PIEMONTE","VC","0161","H346","9","426"
"5039","CINAGLIO","PIEMONTE","AT","0141","C701","5","428"
"1133","LEVONE","PIEMONTE","TO","0124","E566","5","429"
"6024","BRIGNANO-FRASCATA","PIEMONTE","AL","0131","B179","17","429"
"94034","PETTORANELLO DEL MOLISE","MOLISE","IS","0865","G523","16","429"
"95054","SENIS","SARDEGNA","OR","0783","I609","16","430"
"111002","ARMUNGIA","SARDEGNA","SU","070","A419","55","432"
"6071","FRASCARO","PIEMONTE","AL","0131","D770","5","433"
"7028","FONTAINEMORE","VALLE D'AOSTA","AO","0125","D666","32","433"
"10023","FAVALE DI MALVARO","LIGURIA","GE","0185","D512","17","434"
"14016","CEDRASCO","LOMBARDIA","SO","0342","C418","15","435"
"69064","PENNAPIEDIMONTE","ABRUZZO","CH","0871","G435","47","435"
"79055","GAGLIATO","CALABRIA","CZ","0967","D852","7","436"
"7029","GABY","VALLE D'AOSTA","AO","0125","D839","33","437"
"66063","ORTONA DEI MARSI","ABRUZZO","AQ","0863","G142","53","437"
"95080","FLUSSIO","SARDEGNA","OR","0785","D640","7","437"
"9046","OSIGLIA","LIGURIA","SV","019","G155","29","439"
"22159","RONZONE","TRENTINO-ALTO ADIGE","TN","0463","H552","5","439"
"94043","SAN PIETRO AVELLANA","MOLISE","IS","0865","I096","45","439"
"25017","DANTA DI CADORE","VENETO","BL","0435","D247","8","440"
"69026","COLLEDIMEZZO","ABRUZZO","CH","0872","C856","11","440"
"70034","LUPARA","MOLISE","CB","0874","E748","26","440"
"66074","PRATA D'ANSIDONIA","ABRUZZO","AQ","0862","G992","20","441"
"98038","MELETI","LOMBARDIA","LO","0377","F102","7","441"
"19106","TORNATA","LOMBARDIA","CR","0375","L225","10","442"
"58028","CERVARA DI ROMA","LAZIO","RM","0774","C543","32","442"
"68032","PIETRANICO","ABRUZZO","PE","085","G621","14","442"
"1095","COSSANO CANAVESE","PIEMONTE","TO","0125","D092","3","443"
"43011","CESSAPALOMBO","MARCHE","MC","0733","C582","28","443"
"5051","CUNICO","PIEMONTE","AT","0141","D207","7","444"
"17005","ANFO","LOMBARDIA","BS","0365","A288","23","444"
"30089","RAVEO","FRIULI-VENEZIA GIULIA","UD","0433","H200","13","444"
"5083","PENANGO","PIEMONTE","AT","0141","G430","9","445"
"95085","MONTRESTA","SARDEGNA","OR","0785","F698","24","445"
"103031","FORMAZZA","PIEMONTE","VB","0324","D706","130","445"
"7042","LILLIANES","VALLE D'AOSTA","AO","0125","E587","19","446"
"8041","PIETRABRUNA","LIGURIA","IM","0183","G607","10","446"
"22015","BIENO","TRENTINO-ALTO ADIGE","TN","0461","A863","12","446"
"8067","VILLA FARALDI","LIGURIA","IM","0183","L943","10","447"
"83022","FLORESTA","SICILIA","ME","0941","D635","31","447"
"18142","SANTA MARGHERITA DI STAFFORA","LOMBARDIA","PV","0383","I230","37","448"
"1037","BROZOLO","PIEMONTE","TO","011","B209","9","449"
"30029","COMEGLIANS","FRIULI-VENEZIA GIULIA","UD","0433","C918","20","449"
"61072","ROCCHETTA E CROCE","CAMPANIA","CE","0823","H459","13","450"
"66026","CASTEL DEL MONTE","ABRUZZO","AQ","0862","C083","58","450"
"6060","CONIOLO","PIEMONTE","AL","0142","C962","10","451"
"65113","SACCO","CAMPANIA","SA","0974","H654","24","451"
"71026","ISOLE TREMITI","PUGLIA","FG","0882","E363","3","451"
"4106","LEQUIO BERRIA","PIEMONTE","CN","0173","E540","12","452"
"6050","CASTELLETTO MERLI","PIEMONTE","AL","0141","C160","12","452"
"7048","PERLOZ","VALLE D'AOSTA","AO","0125","G459","23","452"
"6028","CANTALUPO LIGURE","PIEMONTE","AL","0143","B629","24","453"
"95022","GONNOSCODINA","SARDEGNA","OR","0783","E087","9","453"
"66060","OFENA","ABRUZZO","AQ","0862","G002","37","454"
"19024","CASTEL GABBIANO","LOMBARDIA","CR","0373","C115","6","455"
"96023","CURINO","PIEMONTE","BI","015","D219","21","455"
"58037","FILACCIANO","LAZIO","RM","0765","D586","6","457"
"64027","CHIANCHE","CAMPANIA","AV","0825","C606","7","457"
"91091","TIANA","SARDEGNA","NU","0784","L160","19","457"
"22209","VALFLORIANA","TRENTINO-ALTO ADIGE","TN","0462","L575","40","458"
"1003","ALA DI STURA","PIEMONTE","TO","0123","A117","46","459"
"1207","PRATIGLIONE","PIEMONTE","TO","0124","G997","8","460"
"22157","RONCHI VALSUGANA","TRENTINO-ALTO ADIGE","TN","0461","H532","10","460"
"64111","TORRIONI","CAMPANIA","AV","0825","L301","4","460"
"70014","CASTELLINO DEL BIFERNO","MOLISE","CB","0874","C175","15","460"
"1233","SALERANO CANAVESE","PIEMONTE","TO","0125","H702","2","462"
"5034","CELLE ENOMONDO","PIEMONTE","AT","0141","C440","6","462"
"13123","LASNIGO","LOMBARDIA","CO","031","E462","6","462"
"3144","TERDOBBIATE","PIEMONTE","NO","0321","L104","9","463"
"4057","CASTINO","PIEMONTE","CN","0173","C323","16","463"
"19114","VOLONGO","LOMBARDIA","CR","0372","M116","8","463"
"44038","MONTEGALLO","MARCHE","AP","0736","F516","49","463"
"54047","SCHEGGINO","UMBRIA","PG","0743","I523","35","463"
"67010","CASTEL CASTAGNA","ABRUZZO","TE","0861","C040","18","463"
"95034","NUGHEDU SANTA VITTORIA","SARDEGNA","OR","0783","F974","29","463"
"18031","CASANOVA LONATI","LOMBARDIA","PV","0385","B929","5","464"
"66016","CAMPOTOSTO","ABRUZZO","AQ","0862","B569","52","464"
"57022","COLLI SUL VELINO","LAZIO","RI","0746","C880","13","465"
"70058","RIPABOTTONI","MOLISE","CB","0874","H311","32","465"
"111029","GONI","SARDEGNA","SU","070","E084","19","465"
"1264","SETTIMO ROTTARO","PIEMONTE","TO","0125","I701","6","467"
"4087","FAULE","PIEMONTE","CN","011","D511","7","467"
"5092","ROBELLA","PIEMONTE","AT","0141","H376","12","467"
"6026","CAMAGNA MONFERRATO","PIEMONTE","AL","0142","B453","9","467"
"83018","CONDRÒ","SICILIA","ME","090","C956","5","467"
"97050","MOGGIO","LOMBARDIA","LC","0341","F265","13","467"
"33030","OTTONE","EMILIA-ROMAGNA","PC","0523","G195","98","468"
"13074","COLONNO","LOMBARDIA","CO","031","C902","6","469"
"18091","MEZZANA RABATTONE","LOMBARDIA","PV","0382","F171","7","469"
"80021","CARAFFA DEL BIANCO","CALABRIA","RC","0964","B718","12","469"
"6085","GRONDONA","PIEMONTE","AL","0143","E191","26","471"
"14025","DAZIO","LOMBARDIA","SO","0342","D258","4","471"
"103007","BANNIO ANZINO","PIEMONTE","VB","0324","A610","39","471"
"25062","VALLADA AGORDINA","VENETO","BL","0437","L584","13","473"
"82016","CAMPOFELICE DI FITALIA","SICILIA","PA","091","B533","35","473"
"96043","PIATTO","PIEMONTE","BI","015","G577","4","473"
"6072","FRASSINELLO MONFERRATO","PIEMONTE","AL","0142","D777","9","474"
"66105","VILLA SANT'ANGELO","ABRUZZO","AQ","0862","M023","5","474"
"91038","LEI","SARDEGNA","NU","0785","E517","19","474"
"94012","CASTEL SAN VINCENZO","MOLISE","IS","0865","C270","22","474"
"4186","ROBURENT","PIEMONTE","CN","0174","H378","30","475"
"4199","SALE DELLE LANGHE","PIEMONTE","CN","0174","H695","11","475"
"79007","ARGUSTO","CALABRIA","CZ","0967","A397","7","475"
"90019","BULZI","SARDEGNA","SS","079","B265","22","475"
"11010","CARRODANO","LIGURIA","SP","0187","B839","21","476"
"80094","TERRANOVA SAPPO MINULIO","CALABRIA","RC","0966","L127","9","476"
"6056","CELLA MONTE","PIEMONTE","AL","0142","C432","6","477"
"18133","SAN CIPRIANO PO","LOMBARDIA","PV","0385","H799","9","477"
"18187","ZENEVREDO","LOMBARDIA","PV","0385","M162","5","477"
"70040","MONACILIONI","MOLISE","CB","0874","F322","27","477"
"70071","SAN POLO MATESE","MOLISE","CB","0874","I122","18","477"
"103079","VALLE CANNOBINA","PIEMONTE","VB","0323","M404","55","477"
"6139","PRASCO","PIEMONTE","AL","0144","G987","6","478"
"8047","PRELÀ","LIGURIA","IM","0183","H027","15","478"
"44034","MONTEDINOVE","MARCHE","AP","0736","F487","12","479"
"4220","SINIO","PIEMONTE","CN","0173","I750","8","480"
"6182","VILLADEATI","PIEMONTE","AL","0141","L931","15","480"
"65150","TORTORELLA","CAMPANIA","SA","0973","L306","50","480"
"90039","MARTIS","SARDEGNA","SS","079","E992","23","480"
"13203","SALA COMACINA","LOMBARDIA","CO","0344","H679","5","481"
"22085","FIEROZZO","TRENTINO-ALTO ADIGE","TN","0461","D573","18","481"
"6025","CABELLA LIGURE","PIEMONTE","AL","0143","B311","47","482"
"68029","PESCOSANSONESCO","ABRUZZO","PE","085","G499","18","482"
"90032","ITTIREDDU","SARDEGNA","SS","079","E376","24","482"
"1103","FENESTRELLE","PIEMONTE","TO","0121","D532","49","483"
"4020","BENEVELLO","PIEMONTE","CN","0173","A782","5","483"
"7026","ETROUBLES","VALLE D'AOSTA","AO","0165","D444","39","483"
"67036","ROCCA SANTA MARIA","ABRUZZO","TE","0861","H440","61","483"
"96075","VEGLIO","PIEMONTE","BI","015","L712","7","483"
"4137","MONTELUPO ALBESE","PIEMONTE","CN","0173","F550","6","484"
"78035","CELLARA","CALABRIA","CS","0984","C437","6","485"
"17087","LAVENONE","LOMBARDIA","BS","0365","E497","32","486"
"19028","CELLA DATI","LOMBARDIA","CR","0372","C435","19","486"
"66081","ROCCA DI CAMBIO","ABRUZZO","AQ","0862","H400","28","486"
"1010","ANDRATE","PIEMONTE","TO","0125","A282","9","488"
"11032","ZIGNAGO","LIGURIA","SP","0187","M177","28","488"
"19105","TORLINO VIMERCATI","LOMBARDIA","CR","0373","L221","6","488"
"80002","AGNANA CALABRA","CALABRIA","RC","0964","A077","8","488"
"6035","CARROSIO","PIEMONTE","AL","0143","B840","7","489"
"14059","SERNIO","LOMBARDIA","SO","0342","I636","10","489"
"25054","SELVA DI CADORE","VENETO","BL","0437","I592","33","489"
"49019","SASSETTA","TOSCANA","LI","0565","I454","27","489"
"95068","ULÀ TIRSO","SARDEGNA","OR","0783","L488","19","489"
"4250","VOTTIGNASCO","PIEMONTE","CN","0171","M136","8","490"
"4227","TORRE MONDOVÌ","PIEMONTE","CN","0174","L241","19","491"
"5002","ALBUGNANO","PIEMONTE","AT","011","A173","9","491"
"95060","SINI","SARDEGNA","OR","0783","I749","9","491"
"1140","LUSERNETTA","PIEMONTE","TO","0121","E759","7","492"
"91100","USSASSAI","SARDEGNA","NU","0782","L514","47","492"
"96033","MEZZANA MORTIGLIENGO","PIEMONTE","BI","015","F167","4","492"
"62078","SANT'ARCANGELO TRIMONTE","CAMPANIA","BN","0824","F557","10","493"
"103010","BELGIRATE","PIEMONTE","VB","0322","A742","8","493"
"16145","OLMO AL BREMBO","LOMBARDIA","BG","0345","G049","8","494"
"57038","MOMPEO","LAZIO","RI","0765","F319","11","494"
"1298","VIDRACCO","PIEMONTE","TO","0125","L857","3","495"
"2059","FORMIGLIANA","PIEMONTE","VC","0161","D712","17","495"
"10061","TIGLIETO","LIGURIA","GE","010","L167","24","495"
"30061","MONTENARS","FRIULI-VENEZIA GIULIA","UD","0432","F574","21","495"
"7024","DOUES","VALLE D'AOSTA","AO","0165","D356","16","497"
"30088","RAVASCLETTO","FRIULI-VENEZIA GIULIA","UD","0433","H196","26","497"
"79088","OLIVADI","CALABRIA","CZ","0967","G034","7","497"
"13037","CAGLIO","LOMBARDIA","CO","031","B355","7","498"
"55025","PARRANO","UMBRIA","TR","0763","G344","40","498"
"8068","MONTALTO CARPASIO","LIGURIA","IM","0184","M387","30","500"
"10052","ROVEGNO","LIGURIA","GE","010","H599","45","500"
"65117","SALVITELLE","CAMPANIA","SA","0975","H732","10","500"
"78126","SAN PIETRO IN AMANTEA","CALABRIA","CS","0982","I108","11","500"
"78140","SERRA D'AIELLO","CALABRIA","CS","0982","I642","4","500"
"90030","GIAVE","SARDEGNA","SS","079","E019","47","500"
"97093","VALVARRONE","LOMBARDIA","LC","0341","M395","15","500"
"9039","MIOGLIA","LIGURIA","SV","019","F226","20","501"
"70012","CASALCIPRANO","MOLISE","CB","0874","B871","19","501"
"6014","BELFORTE MONFERRATO","PIEMONTE","AL","0143","A738","9","502"
"6070","FRANCAVILLA BISIO","PIEMONTE","AL","0143","D759","8","502"
"70035","MACCHIA VALFORTORE","MOLISE","CB","0874","E780","26","503"
"5063","MOASCA","PIEMONTE","AT","0141","F254","4","504"
"80058","PAZZANO","CALABRIA","RC","0964","G394","15","504"
"90061","ROMANA","SARDEGNA","SS","079","H507","22","504"
"91040","LOCULI","SARDEGNA","NU","0784","E646","38","504"
"24106","TONEZZA DEL CIMONE","VENETO","VI","0445","D717","14","505"
"79126","SELLIA","CALABRIA","CZ","0961","I589","13","505"
"94029","MONTENERO VAL COCCHIARA","MOLISE","IS","0865","F580","22","505"
"1279","TRAVES","PIEMONTE","TO","0123","L340","11","506"
"96086","CAMPIGLIA CERVO","PIEMONTE","BI","015","M373","28","506"
"111094","USSARAMANNA","SARDEGNA","SU","0783","L513","10","506"
"60034","FILETTINO","LAZIO","FR","0775","D591","78","507"
"62051","PIETRAROJA","CAMPANIA","BN","0824","G626","36","507"
"91008","BIRORI","SARDEGNA","NU","0785","A880","17","508"
"2067","LAMPORO","PIEMONTE","VC","0161","E433","10","509"
"66103","VILLALAGO","ABRUZZO","AQ","0864","L958","35","509"
"18003","ALBONESE","LOMBARDIA","PV","0384","A171","4","510"
"94041","ROCCASICURA","MOLISE","IS","0865","H445","29","510"
"43008","CAMPOROTONDO DI FIASTRONE","MARCHE","MC","0733","B562","9","511"
"80076","SAN PROCOPIO","CALABRIA","RC","0966","I132","11","511"
"1239","SAN DIDERO","PIEMONTE","TO","011","H820","3","512"
"10042","ORERO","LIGURIA","GE","0185","G093","16","512"
"6106","MONTECHIARO D'ACQUI","PIEMONTE","AL","0144","F469","18","513"
"6159","SERRALUNGA DI CREA","PIEMONTE","AL","0142","I645","9","513"
"34044","VALMOZZOLA","EMILIA-ROMAGNA","PR","0525","L641","68","513"
"79024","CENADI","CALABRIA","CZ","0967","C453","11","513"
"3051","COLAZZA","PIEMONTE","NO","0322","C829","3","514"
"57063","SALISANO","LAZIO","RI","0765","H713","17","514"
"8020","CHIUSAVECCHIA","LIGURIA","IM","0183","C660","3","515"
"5049","COSSOMBRATO","PIEMONTE","AT","0141","D101","5","516"
"4139","MONTEROSSO GRANA","PIEMONTE","CN","0171","F608","42","517"
"1312","VISTRORIO","PIEMONTE","TO","0125","M080","5","518"
"10020","CROCEFIESCHI","LIGURIA","GE","010","D175","12","518"
"11009","CARRO","LIGURIA","SP","0187","B838","34","518"
"66058","NAVELLI","ABRUZZO","AQ","0862","F852","42","518"
"6125","PARETO","PIEMONTE","AL","019","G334","41","520"
"17191","TREVISO BRESCIANO","LOMBARDIA","BS","0365","L406","18","520"
"22043","CARZANO","TRENTINO-ALTO ADIGE","TN","0461","B856","2","520"
"80047","MARTONE","CALABRIA","RC","0964","E993","8","520"
"1185","PEROSA CANAVESE","PIEMONTE","TO","0125","G462","5","521"
"51023","MONTEMIGNAIO","TOSCANA","AR","0575","F565","26","521"
"97018","CASSINA VALSASSINA","LOMBARDIA","LC","0341","C024","3","521"
"5048","CORTIGLIONE","PIEMONTE","AT","0141","D072","8","522"
"19093","SCANDOLARA RIPA D'OGLIO","LOMBARDIA","CR","0372","I498","6","522"
"46008","CAREGGINE","TOSCANA","LU","0583","B760","24","522"
"56044","PROCENO","LAZIO","VT","0763","H071","42","522"
"57056","POGGIO SAN LORENZO","LAZIO","RI","0765","G770","9","522"
"61038","GALLO MATESE","CAMPANIA","CE","0823","D884","31","522"
"85002","BOMPENSIERE","SICILIA","CL","0934","A957","20","522"
"16191","SANTA BRIGIDA","LOMBARDIA","BG","0345","I168","14","523"
"5054","FONTANILE","PIEMONTE","AT","0141","D678","8","524"
"18021","BRALLO DI PREGOLA","LOMBARDIA","PV","0383","B117","46","524"
"18096","MONTECALVO VERSIGGIA","LOMBARDIA","PV","0385","F449","11","524"
"76038","GUARDIA PERTICARA","BASILICATA","PZ","0971","E246","53","524"
"66047","GORIANO SICOLI","ABRUZZO","AQ","0864","E096","22","525"
"1169","NOVALESA","PIEMONTE","TO","0122","F948","28","526"
"2070","LIGNANA","PIEMONTE","VC","0161","E583","23","526"
"4175","PRIERO","PIEMONTE","CN","0174","H059","20","526"
"19082","RIPALTA GUERINA","LOMBARDIA","CR","0373","H316","3","526"
"54045","SANT'ANATOLIA DI NARCO","UMBRIA","PG","0743","I263","47","526"
"17110","MONNO","LOMBARDIA","BS","0364","F375","31","528"
"65048","CORLETO MONFORTE","CAMPANIA","SA","0828","D011","59","528"
"96031","MASSAZZA","PIEMONTE","BI","0161","F037","12","528"
"5103","SCURZOLENGO","PIEMONTE","AT","0141","I555","5","529"
"19019","CASALETTO DI SOPRA","LOMBARDIA","CR","0373","B890","9","529"
"103039","MACUGNAGA","PIEMONTE","VB","0324","E790","99","530"
"18124","ROBECCO PAVESE","LOMBARDIA","PV","0383","H375","7","531"
"18156","TORRE BERETTI E CASTELLARO","LOMBARDIA","PV","0384","L250","18","531"
"30040","FORNI AVOLTRI","FRIULI-VENEZIA GIULIA","UD","0433","D718","81","531"
"57026","COTTANELLO","LAZIO","RI","0746","D124","37","531"
"65128","SANT'ANGELO A FASANELLA","CAMPANIA","SA","0828","I278","32","531"
"101003","CARFIZZI","CALABRIA","KR","0962","B771","20","531"
"90038","MARA","SARDEGNA","SS","079","E902","19","532"
"1017","BALDISSERO CANAVESE","PIEMONTE","TO","0124","A590","4","533"
"6155","SAN SEBASTIANO CURONE","PIEMONTE","AL","0131","I150","4","533"
"76049","MISSANELLO","BASILICATA","PZ","0971","F249","22","533"
"9008","BALESTRINO","LIGURIA","SV","0182","A593","11","534"
"14028","FAEDO VALTELLINO","LOMBARDIA","SO","0342","D456","5","534"
"17054","CIMBERGO","LOMBARDIA","BS","0364","C691","26","534"
"80026","CIMINÀ","CALABRIA","RC","0964","C695","49","534"
"16210","TALEGGIO","LOMBARDIA","BG","0345","L037","46","535"
"60017","CASALATTICO","LAZIO","FR","0776","B862","28","535"
"7014","CHALLAND-SAINT-VICTOR","VALLE D'AOSTA","AO","0125","C594","25","536"
"13120","LAINO","LOMBARDIA","CO","031","E416","7","536"
"18152","SPESSA","LOMBARDIA","PV","0382","I894","12","536"
"69011","CARPINETO SINELLO","ABRUZZO","CH","0872","B826","29","536"
"1026","BOBBIO PELLICE","PIEMONTE","TO","0121","A910","94","537"
"68040","SERRAMONACESCA","ABRUZZO","PE","085","I649","24","537"
"70066","SAN GIOVANNI IN GALDO","MOLISE","CB","0874","H920","19","537"
"3164","VINZAGLIO","PIEMONTE","NO","0161","M062","16","538"
"21068","PREDOI","TRENTINO-ALTO ADIGE","BZ","0474","H019","86","538"
"43020","GAGLIOLE","MARCHE","MC","0737","D853","24","538"
"65074","MONTEFORTE CILENTO","CAMPANIA","SA","0974","F507","22","538"
"90007","BANARI","SARDEGNA","SS","079","A606","21","539"
"96025","DORZANO","PIEMONTE","BI","0161","D350","5","539"
"97079","TACENO","LOMBARDIA","LC","0341","L022","4","539"
"4134","MONTALDO DI MONDOVÌ","PIEMONTE","CN","0174","F405","24","540"
"11021","PIGNONE","LIGURIA","SP","0187","G664","16","540"
"41006","BORGO PACE","MARCHE","PU","0722","B026","56","540"
"60032","FALVATERRA","LAZIO","FR","0775","D483","13","540"
"70048","MORRONE DEL SANNIO","MOLISE","CB","0874","F748","46","540"
"5084","PIEA","PIEMONTE","AT","0141","G593","9","541"
"14056","ROGOLO","LOMBARDIA","SO","0342","H493","13","541"
"103056","PREMIA","PIEMONTE","VB","0324","H033","89","541"
"5056","GRANA","PIEMONTE","AT","0141","E134","6","542"
"18040","CASTELNOVETTO","LOMBARDIA","PV","0384","C213","19","542"
"66094","SCONTRONE","ABRUZZO","AQ","0864","I543","21","542"
"18130","ROSASCO","LOMBARDIA","PV","0384","H559","20","543"
"1111","GARZIGLIANA","PIEMONTE","TO","0121","D931","7","544"
"2118","RONSECCO","PIEMONTE","VC","0161","H549","25","544"
"4238","VERDUNO","PIEMONTE","CN","0172","L758","7","544"
"8048","RANZO","LIGURIA","IM","0183","H180","12","545"
"13063","CERANO D'INTELVI","LOMBARDIA","CO","031","C482","6","545"
"14035","MADESIMO","LOMBARDIA","SO","0343","E342","85","545"
"19013","CAPPELLA CANTONE","LOMBARDIA","CR","0374","B679","13","545"
"22052","CAVEDAGO","TRENTINO-ALTO ADIGE","TN","0461","C392","10","545"
"25025","GOSALDO","VENETO","BL","0437","E113","49","545"
"3083","LANDIONA","PIEMONTE","NO","0321","E436","7","546"
"7002","ANTEY-SAINT-ANDRÈ","VALLE D'AOSTA","AO","0166","A305","12","546"
"22237","AMBLAR-DON","TRENTINO-ALTO ADIGE","TN","0463","M351","20","546"
"44044","MONTEMONACO","MARCHE","AP","0736","F570","68","546"
"109028","MORESCO","MARCHE","FM","0734","F722","6","546"
"1141","LUSIGLIÈ","PIEMONTE","TO","0124","E763","5","547"
"6152","SAN CRISTOFORO","PIEMONTE","AL","0143","H810","4","547"
"4218","SERRALUNGA D'ALBA","PIEMONTE","CN","0173","I646","8","548"
"5106","SETTIME","PIEMONTE","AT","0141","I698","7","548"
"65124","SAN MAURO LA BRUCA","CAMPANIA","SA","0974","I032","19","548"
"5021","CASSINASCO","PIEMONTE","AT","0141","C022","12","549"
"6019","BORGORATTO ALESSANDRINO","PIEMONTE","AL","0131","B029","7","549"
"16085","COSTA VALLE IMAGNA","LOMBARDIA","BG","035","D103","4","549"
"6134","PONTI","PIEMONTE","AL","0144","G861","12","550"
"76019","CARBONE","BASILICATA","PZ","0973","B743","48","550"
"83055","MONGIUFFI MELIA","SICILIA","ME","0942","F368","24","550"
"111019","ESCOLCA","SARDEGNA","SU","0782","D431","15","550"
"12043","CASTELLO CABIAGLIO","LOMBARDIA","VA","0332","B312","7","551"
"16015","AVIATICO","LOMBARDIA","BG","035","A517","8","551"
"76087","TEANA","BASILICATA","PZ","0973","L082","20","551"
"14030","FUSINE","LOMBARDIA","SO","0342","D830","38","552"
"33017","CORTE BRUGNATELLA","EMILIA-ROMAGNA","PC","0523","D054","46","552"
"57061","ROCCANTICA","LAZIO","RI","0765","H427","17","552"
"16102","FONTENO","LOMBARDIA","BG","035","D684","11","553"
"18145","SAN ZENONE AL PO","LOMBARDIA","PV","0382","I416","7","553"
"57034","LONGONE SABINO","LAZIO","RI","0765","E681","34","553"
"30113","TAIPANA","FRIULI-VENEZIA GIULIA","UD","0432","G736","66","554"
"64102","SORBO SERPICO","CAMPANIA","AV","0825","I843","8","554"
"3138","SILLAVENGO","PIEMONTE","NO","0321","I736","10","555"
"5120","VINCHIO","PIEMONTE","AT","0141","M058","9","555"
"7067","TORGNON","VALLE D'AOSTA","AO","0166","L217","42","555"
"57001","ACCUMOLI","LAZIO","RI","0746","A019","87","555"
"65049","CUCCARO VETERE","CAMPANIA","SA","0974","D195","18","555"
"66023","CAPPADOCIA","ABRUZZO","AQ","0863","B677","67","555"
"17139","PERTICA ALTA","LOMBARDIA","BS","0365","G474","21","556"
"41021","ISOLA DEL PIANO","MARCHE","PU","0721","E351","23","556"
"25032","LORENZAGO DI CADORE","VENETO","BL","0435","E687","28","557"
"30042","FORNI DI SOTTO","FRIULI-VENEZIA GIULIA","UD","0433","D720","94","557"
"83045","MANDANICI","SICILIA","ME","0942","E876","12","557"
"91019","ELINI","SARDEGNA","NU","0782","D395","11","557"
"6101","MONLEALE","PIEMONTE","AL","0131","F374","10","558"
"9053","RIALTO","LIGURIA","SV","019","H266","20","558"
"1023","BARONE CANAVESE","PIEMONTE","TO","011","A673","4","559"
"76031","FARDELLA","BASILICATA","PZ","0973","D497","27","559"
"16125","LENNA","LOMBARDIA","BG","0345","E524","13","560"
"78120","SAN LORENZO BELLIZZI","CALABRIA","CS","0981","H961","39","561"
"96057","SALA BIELLESE","PIEMONTE","BI","015","H681","8","561"
"17093","LONGHENA","LOMBARDIA","BS","030","E673","3","562"
"30136","ZUGLIO","FRIULI-VENEZIA GIULIA","UD","0433","M200","8","562"
"13015","BARNI","LOMBARDIA","CO","031","A670","6","563"
"83006","BASICÒ","SICILIA","ME","0941","A698","12","563"
"5004","ARAMENGO","PIEMONTE","AT","0141","A352","11","564"
"24080","POSINA","VENETO","VI","0445","G931","43","564"
"4093","GAIOLA","PIEMONTE","CN","0171","D856","5","566"
"13071","CLAINO CON OSTENO","LOMBARDIA","CO","0344","C787","13","566"
"96034","MIAGLIANO","PIEMONTE","BI","015","F189","1","566"
"46014","FOSCIANDORA","TOSCANA","LU","0583","D734","20","567"
"103014","CALASCA-CASTIGLIONE","PIEMONTE","VB","0324","B380","58","567"
"111053","PAULI ARBAREI","SARDEGNA","SU","070","G382","15","569"
"6096","MOLINO DEI TORTI","PIEMONTE","AL","0131","F293","3","570"
"19007","BORDOLANO","LOMBARDIA","CR","0372","A986","8","570"
"79065","JACURSO","CALABRIA","CZ","0968","E274","22","570"
"2102","POSTUA","PIEMONTE","VC","015","G940","17","571"
"4158","PAGNO","PIEMONTE","CN","0175","G240","8","571"
"5086","PIOVÀ MASSAIA","PIEMONTE","AT","0141","G692","11","571"
"68046","VILLA CELIERA","ABRUZZO","PE","085","L922","13","571"
"70064","SAN FELICE DEL MOLISE","MOLISE","CB","0874","H833","24","571"
"76027","CERSOSIMO","BASILICATA","PZ","0973","C539","25","571"
"79052","FOSSATO SERRALTA","CALABRIA","CZ","0961","D744","12","571"
"93024","FRISANCO","FRIULI-VENEZIA GIULIA","PN","0427","D804","62","571"
"16148","ONETA","LOMBARDIA","BG","035","G068","18","572"
"16048","CAMERATA CORNELLO","LOMBARDIA","BG","0345","B471","13","573"
"68008","CARPINETO DELLA NORA","ABRUZZO","PE","085","B827","23","573"
"12140","VIZZOLA TICINO","LOMBARDIA","VA","0331","M101","8","574"
"22078","DRENA","TRENTINO-ALTO ADIGE","TN","0464","D365","8","574"
"54031","MONTELEONE DI SPOLETO","UMBRIA","PG","0743","F540","62","574"
"19023","CASTELDIDONE","LOMBARDIA","CR","0375","C089","11","575"
"23074","SAN MAURO DI SALINE","VENETO","VR","045","H712","11","575"
"111020","ESTERZILI","SARDEGNA","SU","0782","D443","101","575"
"16237","VIGOLO","LOMBARDIA","BG","035","L894","12","576"
"95012","BARESSA","SARDEGNA","OR","0783","A655","13","576"
"4129","MONCHIERO","PIEMONTE","CN","0173","F338","5","577"
"76005","ARMENTO","BASILICATA","PZ","0971","A415","59","577"
"4035","CAMERANA","PIEMONTE","CN","0174","B467","24","578"
"22040","CAPRIANA","TRENTINO-ALTO ADIGE","TN","0462","B697","13","579"
"91007","BELVÌ","SARDEGNA","NU","0784","A776","18","579"
"96038","MUZZANO","PIEMONTE","BI","015","F833","6","579"
"78113","SAN COSMO ALBANESE","CALABRIA","CS","0983","H806","14","581"
"80079","SANT'AGATA DEL BIANCO","CALABRIA","RC","0964","I198","19","582"
"5024","CASTEL BOGLIONE","PIEMONTE","AT","0141","C064","12","583"
"57024","CONFIGNI","LAZIO","RI","0746","C959","23","583"
"83074","ROCCELLA VALDEMONE","SICILIA","ME","0942","H455","41","583"
"10063","TRIBOGNA","LIGURIA","GE","0185","L416","7","584"
"19108","TORRICELLA DEL PIZZO","LOMBARDIA","CR","0375","L296","24","584"
"58031","CINETO ROMANO","LAZIO","RM","0774","C702","10","584"
"94019","FILIGNANO","MOLISE","IS","0865","D595","32","584"
"8019","CHIUSANICO","LIGURIA","IM","0183","C657","14","585"
"9007","ARNASCO","LIGURIA","SV","0182","A422","6","585"
"14003","ANDALO VALTELLINO","LOMBARDIA","SO","0342","A273","7","585"
"17140","PERTICA BASSA","LOMBARDIA","BS","0365","G475","30","585"
"16225","VALGOGLIO","LOMBARDIA","BG","0346","L579","32","586"
"95083","MAGOMADAS","SARDEGNA","OR","0785","E825","9","586"
"5057","GRAZZANO BADOGLIO","PIEMONTE","AT","0141","E159","10","587"
"16026","BIANZANO","LOMBARDIA","BG","035","A846","7","587"
"17135","PASPARDO","LOMBARDIA","BS","0364","G354","10","587"
"19070","PESSINA CREMONESE","LOMBARDIA","CR","0372","G504","22","587"
"59003","CAMPODIMELE","LAZIO","LT","0771","B527","38","587"
"1054","CANTOIRA","PIEMONTE","TO","0123","B637","23","588"
"18166","VAL DI NIZZA","LOMBARDIA","PV","0383","L562","30","588"
"57006","BORBONA","LAZIO","RI","0746","A981","46","589"
"57057","POSTA","LAZIO","RI","0746","G934","66","589"
"22189","TELVE DI SOPRA","TRENTINO-ALTO ADIGE","TN","0461","L090","18","590"
"54025","LISCIANO NICCONE","UMBRIA","PG","075","E613","36","590"
"91018","DUALCHI","SARDEGNA","NU","0785","D376","23","590"
"1092","COLLERETTO GIACOSA","PIEMONTE","TO","0125","C868","5","591"
"103022","CESARA","PIEMONTE","VB","0323","C567","11","591"
"1029","BORGIALLO","PIEMONTE","TO","0124","B003","7","592"
"4131","MONESIGLIO","PIEMONTE","CN","0174","F355","13","592"
"6120","OTTIGLIO","PIEMONTE","AL","0142","G193","14","592"
"19004","AZZANELLO","LOMBARDIA","CR","0374","A526","11","592"
"90004","ANELA","SARDEGNA","SS","079","A287","37","592"
"1114","GIAGLIONE","PIEMONTE","TO","0122","E009","34","594"
"5036","CERRO TANARO","PIEMONTE","AT","0141","C533","5","594"
"5047","CORTAZZONE","PIEMONTE","AT","0141","D052","10","594"
"6067","FABBRICA CURONE","PIEMONTE","AL","0131","D447","54","594"
"7069","VALPELLINE","VALLE D'AOSTA","AO","0165","L643","31","594"
"33034","PIOZZANO","EMILIA-ROMAGNA","PC","0523","G696","44","594"
"13113","GRIANTE","LOMBARDIA","CO","0344","E172","6","595"
"70001","ACQUAVIVA COLLECROCE","MOLISE","CB","0875","A050","29","595"
"65033","CASTELNUOVO DI CONZA","CAMPANIA","SA","0828","C235","14","596"
"67022","CORTINO","ABRUZZO","TE","0861","D076","63","596"
"4248","VINADIO","PIEMONTE","CN","0171","M055","184","597"
"5020","CASORZO","PIEMONTE","AT","0141","B991","13","597"
"11018","MAISSANA","LIGURIA","SP","0187","E842","45","597"
"94037","POGGIO SANNITA","MOLISE","IS","0865","B317","21","597"
"22113","MAZZIN","TRENTINO-ALTO ADIGE","TN","0462","F068","24","598"
"70007","CAMPOCHIARO","MOLISE","CB","0874","B522","35","599"
"1186","PERRERO","PIEMONTE","TO","0121","G465","63","600"
"6170","TASSAROLO","PIEMONTE","AL","0143","L059","7","600"
"12057","CROSIO DELLA VALLE","LOMBARDIA","VA","0332","D185","1","600"
"18101","MORNICO LOSANA","LOMBARDIA","PV","0383","F739","8","600"
"18154","SUARDI","LOMBARDIA","PV","0384","B014","10","600"
"19101","SPINEDA","LOMBARDIA","CR","0376","I909","10","600"
"109003","BELMONTE PICENO","MARCHE","FM","0734","A760","11","600"
"66107","VILLETTA BARREA","ABRUZZO","AQ","0864","M041","21","601"
"83026","FRAZZANÒ","SICILIA","ME","0941","D793","7","601"
"13087","DIZZASCO","LOMBARDIA","CO","031","D310","4","602"
"90086","TERGU","SARDEGNA","SS","079","M282","36","602"
"76093","TRIVIGNO","BASILICATA","PZ","0971","L439","26","603"
"5113","VESIME","PIEMONTE","AT","0144","L807","13","604"
"30051","LUSEVERA","FRIULI-VENEZIA GIULIA","UD","0432","E760","53","605"
"90022","CARGEGHE","SARDEGNA","SS","079","B772","12","605"
"8035","MOLINI DI TRIORA","LIGURIA","IM","0184","F290","58","606"
"14014","CASTELLO DELL'ACQUA","LOMBARDIA","SO","0342","C186","14","606"
"94048","SCAPOLI","MOLISE","IS","0865","I507","17","606"
"17094","LOSINE","LOMBARDIA","BS","0364","E698","6","607"
"1232","SALBERTRAND","PIEMONTE","TO","0122","H684","41","609"
"22184","STREMBO","TRENTINO-ALTO ADIGE","TN","0465","I975","38","609"
"41048","PIETRARUBBIA","MARCHE","PU","0722","G627","13","610"
"64037","GRECI","CAMPANIA","AV","0825","E161","31","610"
"69012","CARUNCHIO","ABRUZZO","CH","0873","B853","32","610"
"25049","SAN TOMASO AGORDINO","VENETO","BL","0437","I347","19","611"
"66079","ROCCACASALE","ABRUZZO","AQ","0864","H389","17","611"
"6104","MONTALDO BORMIDA","PIEMONTE","AL","0143","F404","6","612"
"13218","STAZZONA","LOMBARDIA","CO","0344","I943","7","613"
"18020","BOSNASCO","LOMBARDIA","PV","0385","B082","5","614"
"65077","MORIGERATI","CAMPANIA","SA","0974","F731","22","614"
"111083","SIDDI","SARDEGNA","SU","070","I724","11","614"
"6112","MORSASCO","PIEMONTE","AL","0144","F751","10","615"
"1274","TORRE CANAVESE","PIEMONTE","TO","0124","L247","6","616"
"4125","MOMBASIGLIO","PIEMONTE","CN","0174","F312","17","616"
"71023","FAETO","PUGLIA","FG","0881","D459","26","616"
"4011","BARBARESCO","PIEMONTE","CN","0173","A629","8","617"
"28010","BARBONA","VENETO","PD","0425","A637","9","617"
"69054","MONTENERODOMO","ABRUZZO","CH","0872","F578","30","617"
"91090","TETI","SARDEGNA","NU","0784","L153","44","617"
"6079","GARBAGNA","PIEMONTE","AL","0131","D910","21","618"
"6143","RICALDONE","PIEMONTE","AL","0144","H272","11","618"
"18128","ROMAGNESE","LOMBARDIA","PV","0383","H505","30","618"
"8022","CIVEZZA","LIGURIA","IM","0183","C755","4","619"
"25043","RIVAMONTE AGORDINO","VENETO","BL","0437","H327","23","619"
"65065","MAGLIANO VETERE","CAMPANIA","SA","0974","E814","23","619"
"30025","CHIUSAFORTE","FRIULI-VENEZIA GIULIA","UD","0433","C656","100","621"
"6126","PARODI LIGURE","PIEMONTE","AL","0143","G338","13","622"
"95044","RUINAS","SARDEGNA","OR","0783","F271","30","622"
"66008","BARETE","ABRUZZO","AQ","0862","A656","24","623"
"6074","FRESONARA","PIEMONTE","AL","0143","D797","7","624"
"70077","TAVENNA","MOLISE","CB","0875","L069","22","624"
"76075","SAN COSTANTINO ALBANESE","BASILICATA","PZ","0973","H808","37","624"
"90053","PADRIA","SARDEGNA","SS","079","G225","48","625"
"6052","CASTELNUOVO BORMIDA","PIEMONTE","AL","0144","C229","13","626"
"9050","PLODIO","LIGURIA","SV","019","G741","8","626"
"70018","CERCEPICCOLA","MOLISE","CB","0874","C488","17","627"
"82081","SCILLATO","SICILIA","PA","0921","I538","31","627"
"109012","MONSAMPIETRO MORICO","MARCHE","FM","0734","F379","10","628"
"1188","PESSINETTO","PIEMONTE","TO","0123","G505","5","629"
"50023","ORCIANO PISANO","TOSCANA","PI","050","G090","12","629"
"66021","CAPITIGNANO","ABRUZZO","AQ","0862","B658","31","629"
"95032","NEONELI","SARDEGNA","OR","0783","F867","48","629"
"111079","SERRI","SARDEGNA","SU","0782","I668","19","629"
"19049","GOMBITO","LOMBARDIA","CR","0374","E082","9","630"
"102004","BROGNATURO","CALABRIA","VV","0963","B197","25","630"
"11014","FRAMURA","LIGURIA","SP","0187","D758","19","632"
"13217","SORMANO","LOMBARDIA","CO","031","I860","11","632"
"14038","LOVERO","LOMBARDIA","SO","0342","E705","13","633"
"18007","BAGNARIA","LOMBARDIA","PV","0383","A550","17","633"
"18134","SAN DAMIANO AL COLLE","LOMBARDIA","PV","0385","H814","6","633"
"17202","VIONE","LOMBARDIA","BS","0364","M065","36","634"
"64069","PAROLISE","CAMPANIA","AV","0825","G340","3","634"
"111100","VILLANOVAFORRU","SARDEGNA","SU","070","L986","11","634"
"70062","SALCITO","MOLISE","CB","0874","H693","28","635"
"41031","MONTE CERIGNONE","MARCHE","PU","0541","F467","18","636"
"16122","ISSO","LOMBARDIA","BG","0363","E370","5","637"
"22142","PIEVE TESINO","TRENTINO-ALTO ADIGE","TN","0461","G656","74","637"
"57005","BELMONTE IN SABINA","LAZIO","RI","0765","A765","24","637"
"78147","TERRAVECCHIA","CALABRIA","CS","0983","L134","20","637"
"18127","ROGNANO","LOMBARDIA","PV","0382","H491","9","638"
"1154","MOMPANTERO","PIEMONTE","TO","0122","F318","30","639"
"4014","BASTIA MONDOVÌ","PIEMONTE","CN","0174","A709","12","639"
"19038","CROTTA D'ADDA","LOMBARDIA","CR","0372","D186","13","639"
"22021","BONDONE","TRENTINO-ALTO ADIGE","TN","0465","A968","19","639"
"15155","NOSATE","LOMBARDIA","MI","0331","F939","5","640"
"4027","BOSSOLASCO","PIEMONTE","CN","0173","B084","14","642"
"43017","FIASTRA","MARCHE","MC","0737","D564","84","642"
"62072","SASSINORO","CAMPANIA","BN","0824","I455","13","642"
"70033","LUCITO","MOLISE","CB","0874","E722","31","642"
"94051","VASTOGIRARDI","MOLISE","IS","0865","L696","61","642"
"8002","APRICALE","LIGURIA","IM","0184","A338","20","643"
"14053","POSTALESIO","LOMBARDIA","SO","0342","G937","11","644"
"7035","INTROD","VALLE D'AOSTA","AO","0165","E306","20","646"
"24089","ROTZO","VENETO","VI","0424","H594","28","646"
"61044","LETINO","CAMPANIA","CE","0823","E554","32","646"
"65086","OTTATI","CAMPANIA","SA","0828","G192","53","646"
"94020","FORLÌ DEL SANNIO","MOLISE","IS","0865","D703","32","646"
"1147","MATTIE","PIEMONTE","TO","0122","F058","28","647"
"66067","PERETO","ABRUZZO","AQ","0863","G449","41","647"
"94035","PIETRABBONDANTE","MOLISE","IS","0865","G606","27","647"
"14068","TOVO DI SANT'AGATA","LOMBARDIA","SO","0342","L316","11","648"
"42037","POGGIO SAN MARCELLO","MARCHE","AN","0731","G771","14","648"
"57043","MONTE SAN GIOVANNI IN SABINA","LAZIO","RI","0765","F619","31","648"
"13139","MAGREGLIO","LOMBARDIA","CO","031","E830","3","649"
"83044","MALVAGNA","SICILIA","ME","0942","E869","7","649"
"60029","COLLE SAN MAGNO","LAZIO","FR","0776","C870","45","650"
"6087","ISOLA SANT'ANTONIO","PIEMONTE","AL","0131","E360","24","651"
"69047","LENTELLA","ABRUZZO","CH","0873","E531","13","651"
"77007","CRACO","BASILICATA","MT","0835","D128","76","651"
"17049","CERVENO","LOMBARDIA","BS","0364","C549","22","652"
"30022","CERCIVENTO","FRIULI-VENEZIA GIULIA","UD","0433","C494","15","652"
"78092","PAPASIDERO","CALABRIA","CS","0981","G320","55","652"
"12041","CASSANO VALCUVIA","LOMBARDIA","VA","0332","B999","4","653"
"70060","ROCCAVIVARA","MOLISE","CB","0874","H454","21","653"
"21025","CORTINA SULLA STRADA DEL VINO","TRENTINO-ALTO ADIGE","BZ","0471","D075","2","654"
"22195","TERZOLAS","TRENTINO-ALTO ADIGE","TN","0463","L145","5","654"
"95013","BAULADU","SARDEGNA","OR","0783","A721","24","654"
"17105","MARMENTINO","LOMBARDIA","BS","030","E961","18","656"
"18149","SILVANO PIETRA","LOMBARDIA","PV","0383","I739","14","656"
"65093","PERTOSA","CAMPANIA","SA","0975","G476","6","656"
"16248","ALGUA","LOMBARDIA","BG","0345","A193","8","657"
"65111","ROSCIGNO","CAMPANIA","SA","0828","H564","15","657"
"18099","MONTICELLI PAVESE","LOMBARDIA","PV","0382","F670","20","659"
"94024","LONGANO","MOLISE","IS","0865","E669","27","659"
"90016","BOTTIDDA","SARDEGNA","SS","079","B094","34","660"
"78024","CANNA","CALABRIA","CS","0981","B607","20","661"
"24041","FOZA","VENETO","VI","0424","D750","35","662"
"58021","CASAPE","LAZIO","RM","0774","B932","5","662"
"94049","SESSANO DEL MOLISE","MOLISE","IS","0865","I679","25","662"
"6186","VILLAROMAGNANO","PIEMONTE","AL","0131","M009","6","663"
"8046","PORNASSIO","LIGURIA","IM","0183","G890","28","663"
"58090","ROIATE","LAZIO","RM","06","H494","10","663"
"83053","MOIO ALCANTARA","SICILIA","ME","0942","F277","8","664"
"1117","GRAVERE","PIEMONTE","TO","0122","E154","19","665"
"30024","CHIOPRIS-VISCONE","FRIULI-VENEZIA GIULIA","UD","0432","C641","9","665"
"94003","BAGNOLI DEL TRIGNO","MOLISE","IS","0874","A567","37","665"
"21009","BRAIES","TRENTINO-ALTO ADIGE","BZ","0474","B116","89","666"
"61040","GIANO VETUSTO","CAMPANIA","CE","0823","E011","12","666"
"12010","BEDERO VALCUVIA","LOMBARDIA","VA","0332","A728","3","667"
"103023","COSSOGNO","PIEMONTE","VB","0323","D099","40","667"
"4058","CAVALLERLEONE","PIEMONTE","CN","0172","C375","16","668"
"69049","LISCIA","ABRUZZO","CH","0873","E611","8","668"
"71034","MOTTA MONTECORVINO","PUGLIA","FG","0881","F777","20","668"
"4177","PRIOLA","PIEMONTE","CN","0174","H069","27","669"
"95030","MORGONGIORI","SARDEGNA","OR","0783","F727","45","669"
"6176","TRISOBBIO","PIEMONTE","AL","0143","L432","9","670"
"9063","URBE","LIGURIA","SV","019","L499","31","670"
"83059","MOTTA D'AFFERMO","SICILIA","ME","0921","F773","15","670"
"6190","VOLTAGGIO","PIEMONTE","AL","010","M123","51","671"
"65044","CONCA DEI MARINI","CAMPANIA","SA","089","C940","1","671"
"66088","SAN PIO DELLE CAMERE","ABRUZZO","AQ","0862","I121","17","671"
"78008","ALTILIA","CALABRIA","CS","0984","A234","11","671"
"2147","TRICERRO","PIEMONTE","VC","0161","L420","12","672"
"45005","COMANO","TOSCANA","MS","0187","C914","55","672"
"102022","MONGIANA","CALABRIA","VV","0963","F364","21","672"
"22202","TORCEGNO","TRENTINO-ALTO ADIGE","TN","0461","L211","15","673"
"66078","RIVISONDOLI","ABRUZZO","AQ","0864","H353","32","673"
"79005","ANDALI","CALABRIA","CZ","0961","A272","18","674"
"5099","SAN MARTINO ALFIERI","PIEMONTE","AT","0141","H987","7","675"
"94004","BELMONTE DEL SANNIO","MOLISE","IS","0865","A761","20","675"
"34005","BORE","EMILIA-ROMAGNA","PR","0525","A987","43","676"
"36035","RIOLUNATO","EMILIA-ROMAGNA","MO","0536","H303","45","676"
"94045","SANTA MARIA DEL MOLISE","MOLISE","IS","0865","I238","17","676"
"11025","ROCCHETTA DI VARA","LIGURIA","SP","0187","H461","32","677"
"16036","BRANZI","LOMBARDIA","BG","0345","B123","25","677"
"19011","CAMPAGNOLA CREMASCA","LOMBARDIA","CR","0373","B498","5","678"
"30047","LAUCO","FRIULI-VENEZIA GIULIA","UD","0433","E476","35","678"
"77004","CALCIANO","BASILICATA","MT","0835","B391","49","678"
"78100","PLATACI","CALABRIA","CS","0981","G733","50","678"
"109026","MONTE VIDON CORRADO","MARCHE","FM","0734","F665","6","678"
"22029","CADERZONE TERME","TRENTINO-ALTO ADIGE","TN","0465","B335","19","681"
"4013","BAROLO","PIEMONTE","CN","0173","A671","6","682"
"6082","GIAROLE","PIEMONTE","AL","0142","E015","5","683"
"13186","POGNANA LARIO","LOMBARDIA","CO","031","G773","5","683"
"29008","CALTO","VENETO","RO","0425","B432","11","683"
"8032","ISOLABONA","LIGURIA","IM","0184","E346","12","685"
"76077","SAN MARTINO D'AGRI","BASILICATA","PZ","0973","H994","50","685"
"13011","ARGEGNO","LOMBARDIA","CO","031","A391","4","686"
"17027","BRAONE","LOMBARDIA","BS","0364","B124","12","686"
"13083","CREMIA","LOMBARDIA","CO","0344","D147","10","687"
"16019","BARBATA","LOMBARDIA","BG","0363","A631","8","688"
"22068","CROVIANA","TRENTINO-ALTO ADIGE","TN","0463","D188","5","688"
"1122","INVERSO PINASCA","PIEMONTE","TO","0121","E311","8","689"
"8025","DIANO ARENTINO","LIGURIA","IM","0183","D293","8","689"
"83037","LENI","SICILIA","ME","090","E523","9","689"
"65144","STELLA CILENTO","CAMPANIA","SA","0974","G887","14","690"
"22176","SORAGA DI FASSA","TRENTINO-ALTO ADIGE","TN","0462","I839","20","691"
"86017","SPERLINGA","SICILIA","EN","0935","I891","59","691"
"16201","SONGAVAZZO","LOMBARDIA","BG","0346","I830","13","692"
"18012","BATTUDA","LOMBARDIA","PV","0382","A718","7","692"
"60013","BELMONTE CASTELLO","LAZIO","FR","0776","A763","14","692"
"103060","RE","PIEMONTE","VB","0324","H203","27","692"
"18116","PIZZALE","LOMBARDIA","PV","0383","G720","7","693"
"31013","MORARO","FRIULI-VENEZIA GIULIA","GO","0481","F710","4","693"
"66044","FOSSA","ABRUZZO","AQ","0862","D736","9","695"
"71037","PANNI","PUGLIA","FG","0881","G312","33","695"
"97034","ERVE","LOMBARDIA","LC","0341","D428","6","695"
"22193","TERRAGNOLO","TRENTINO-ALTO ADIGE","TN","0464","L121","40","696"
"43032","MONTE SAN MARTINO","MARCHE","MC","0733","F622","19","697"
"18045","CERGNAGO","LOMBARDIA","PV","0384","C509","14","698"
"58045","GORGA","LAZIO","RM","06","E091","26","698"
"102048","ZACCANOPOLI","CALABRIA","VV","0963","M138","7","698"
"13106","GARZENO","LOMBARDIA","CO","0344","D930","29","699"
"57011","CASAPROTA","LAZIO","RI","0765","B934","15","699"
"7017","CHAMPDEPRAZ","VALLE D'AOSTA","AO","0125","C596","48","700"
"54043","PRECI","UMBRIA","PG","0743","H015","82","700"
"80020","CANOLO","CALABRIA","RC","0964","B617","28","700"
"4055","CASTIGLIONE FALLETTO","PIEMONTE","CN","0173","C314","5","701"
"12069","FERRERA DI VARESE","LOMBARDIA","VA","0332","D551","1","702"
"30191","TREPPO LIGOSULLO","FRIULI-VENEZIA GIULIA","UD","0433","M399","26","702"
"69088","SCHIAVI DI ABRUZZO","ABRUZZO","CH","0873","I526","45","702"
"83002","ALÌ","SICILIA","ME","0942","A194","17","702"
"16022","BEDULITA","LOMBARDIA","BG","035","A732","4","703"
"9019","CASANOVA LERRONE","LIGURIA","SV","0182","B927","24","705"
"22181","SPORMINORE","TRENTINO-ALTO ADIGE","TN","0461","I925","17","705"
"5030","CASTELNUOVO CALCEA","PIEMONTE","AT","0141","C230","8","706"
"5033","CELLARENGO","PIEMONTE","AT","0141","C438","11","706"
"6111","MORNESE","PIEMONTE","AL","0143","F737","13","707"
"22239","BORGO LARES","TRENTINO-ALTO ADIGE","TN","0465","M353","23","707"
"90060","PUTIFIGARI","SARDEGNA","SS","079","H095","53","707"
"90088","ERULA","SARDEGNA","SS","079","M292","40","707"
"18022","BREME","LOMBARDIA","PV","0384","B142","19","708"
"22058","CIMONE","TRENTINO-ALTO ADIGE","TN","0461","C700","10","708"
"24076","PEDEMONTE","VENETO","VI","0445","G406","13","708"
"96024","DONATO","PIEMONTE","BI","015","D339","12","708"
"6015","BERGAMASCO","PIEMONTE","AL","0131","A793","13","709"
"22036","CAMPITELLO DI FASSA","TRENTINO-ALTO ADIGE","TN","0462","B514","25","709"
"64091","SANT'ANGELO A SCALA","CAMPANIA","AV","0825","I280","10","709"
"91059","ONIFAI","SARDEGNA","NU","0784","G070","43","709"
"60072","SETTEFRATI","LAZIO","FR","0776","I697","51","711"
"70032","LIMOSANO","MOLISE","CB","0874","E599","28","711"
"7038","JOVENCAN","VALLE D'AOSTA","AO","0165","E391","7","712"
"30012","BORDANO","FRIULI-VENEZIA GIULIA","UD","0432","A983","15","713"
"79108","SAN FLORO","CALABRIA","CZ","0961","H846","18","714"
"40033","PREMILCUORE","EMILIA-ROMAGNA","FC","0543","H034","99","716"
"93049","VITO D'ASIO","FRIULI-VENEZIA GIULIA","PN","0427","M085","54","717"
"2104","PRAROLO","PIEMONTE","VC","0161","G985","12","719"
"5074","MONTALDO SCARAMPI","PIEMONTE","AT","0141","F409","7","719"
"65053","FURORE","CAMPANIA","SA","089","D826","2","719"
"66010","BARREA","ABRUZZO","AQ","0864","A678","87","720"
"70079","TORELLA DEL SANNIO","MOLISE","CB","0874","L215","17","720"
"18036","CASTANA","LOMBARDIA","PV","0385","C050","5","721"
"19060","MOSCAZZANO","LOMBARDIA","CR","0373","F761","8","721"
"76099","GINESTRA","BASILICATA","PZ","0972","E033","13","721"
"95023","GONNOSNÒ","SARDEGNA","OR","0783","D585","15","722"
"109020","MONTELPARO","MARCHE","FM","0734","F549","22","722"
"1158","MONTALDO TORINESE","PIEMONTE","TO","011","F407","5","723"
"3140","SORISO","PIEMONTE","NO","0322","I857","6","723"
"6036","CARTOSIO","PIEMONTE","AL","0144","B847","17","724"
"16035","BRACCA","LOMBARDIA","BG","0345","B112","6","724"
"95070","USELLUS","SARDEGNA","OR","0783","L508","35","724"
"2002","ALAGNA VALSESIA","PIEMONTE","VC","0163","A119","133","725"
"4228","TORRE SAN GIORGIO","PIEMONTE","CN","0172","L278","5","725"
"91025","GADONI","SARDEGNA","NU","0784","D842","44","725"
"101021","SAN NICOLA DELL'ALTO","CALABRIA","KR","0962","I057","8","725"
"4136","MONTANERA","PIEMONTE","CN","0171","F424","11","726"
"70028","GUARDIAREGIA","MOLISE","CB","0874","E248","42","726"
"80024","CASIGNANA","CALABRIA","RC","0964","B966","24","726"
"18104","OLEVANO DI LOMELLINA","LOMBARDIA","PV","0384","G021","15","727"
"57030","FRASSO SABINO","LAZIO","RI","0765","D785","4","727"
"6027","CAMINO","PIEMONTE","AL","0142","B482","18","728"
"64081","SALZA IRPINA","CAMPANIA","AV","0825","H733","5","728"
"103065","TOCENO","PIEMONTE","VB","0324","L187","16","728"
"30085","PREPOTTO","FRIULI-VENEZIA GIULIA","UD","0432","H040","33","729"
"64090","SANT'ANGELO ALL'ESCA","CAMPANIA","AV","0827","I279","5","729"
"65062","LAURITO","CAMPANIA","SA","0974","E486","20","729"
"89007","CASSARO","SICILIA","SR","0931","C006","19","729"
"109029","ORTEZZANO","MARCHE","FM","0734","G137","7","729"
"4121","MARTINIANA PO","PIEMONTE","CN","0175","E988","13","730"
"6005","ALICE BEL COLLE","PIEMONTE","AL","0144","A197","12","730"
"62063","SAN LUPO","CAMPANIA","BN","0824","H973","15","730"
"4202","SALMOUR","PIEMONTE","CN","0172","H716","13","731"
"79077","MIGLIERINA","CALABRIA","CZ","0961","F200","14","731"
"5055","FRINCO","PIEMONTE","AT","0141","D802","7","733"
"58083","RIOFREDDO","LAZIO","RM","0774","H300","12","733"
"83070","REITANO","SICILIA","ME","0921","H228","14","733"
"51003","BADIA TEDALDA","TOSCANA","AR","0575","A541","119","996"
"1210","QUINCINETTO","PIEMONTE","TO","0125","H127","18","997"
"78001","ACQUAFORMOSA","CALABRIA","CS","0981","A033","23","998"
"95075","ZERFALIU","SARDEGNA","OR","0783","M168","15","998"
"111104","VILLASALTO","SARDEGNA","SU","070","M016","131","999"
"65059","ISPANI","CAMPANIA","SA","0973","E365","8","1000"
"69066","PIZZOFERRATO","ABRUZZO","CH","0872","G724","31","1000"
"43039","PIORACO","MARCHE","MC","0737","G690","19","1001"
"65064","LUSTRA","CAMPANIA","SA","0974","E767","15","1001"
"77009","GARAGUSO","BASILICATA","MT","0835","D909","39","1001"
"5018","CANTARANA","PIEMONTE","AT","0141","B633","10","1003"
"6077","GABIANO","PIEMONTE","AL","0142","D835","18","1003"
"6136","PONZONE","PIEMONTE","AL","0144","G877","69","1003"
"18186","ZEME","LOMBARDIA","PV","0384","M161","25","1003"
"54048","SELLANO","UMBRIA","PG","0743","I585","86","1003"
"64120","ZUNGOLI","CAMPANIA","AV","0825","M203","19","1003"
"56004","BARBARANO ROMANO","LAZIO","VT","0761","A628","37","1004"
"8058","SOLDANO","LIGURIA","IM","0184","I796","4","1005"
"43057","VISSO","MARCHE","MC","0737","M078","100","1005"
"79094","PETRIZZI","CALABRIA","CZ","0967","G517","21","1005"
"95087","SUNI","SARDEGNA","OR","0785","L006","47","1005"
"96065","STRONA","PIEMONTE","BI","015","I980","4","1005"
"46037","SILLANO GIUNCUGNANO","TOSCANA","LU","0583","M347","81","1006"
"53025","SEGGIANO","TOSCANA","GR","0564","I571","50","1006"
"83073","ROCCAVALDINA","SICILIA","ME","090","H380","7","1007"
"5065","MOMBARUZZO","PIEMONTE","AT","0141","F311","22","1008"
"19044","FORMIGARA","LOMBARDIA","CR","0374","D710","13","1008"
"21100","TIRES","TRENTINO-ALTO ADIGE","BZ","0471","L176","42","1008"
"41026","MERCATINO CONCA","MARCHE","PU","0541","F136","14","1008"
"83023","FONDACHELLI-FANTINA","SICILIA","ME","0941","D661","42","1008"
"4033","BROSSASCO","PIEMONTE","CN","0175","B204","28","1009"
"78046","CROPALATI","CALABRIA","CS","0983","D180","33","1009"
"71044","ROSETO VALFORTORE","PUGLIA","FG","0881","H568","50","1010"
"65094","PETINA","CAMPANIA","SA","0828","G509","35","1011"
"54010","CERRETO DI SPOLETO","UMBRIA","PG","0743","C527","75","1014"
"95026","MASULLAS","SARDEGNA","OR","0783","F050","19","1014"
"7057","ROISAN","VALLE D'AOSTA","AO","0165","H497","15","1015"
"10056","SANTO STEFANO D'AVETO","LIGURIA","GE","0185","I368","55","1015"
"111102","VILLAPERUCCIO","SARDEGNA","SU","0781","M278","36","1015"
"24090","SALCEDO","VENETO","VI","0445","F810","6","1016"
"14040","MAZZO DI VALTELLINA","LOMBARDIA","SO","0342","F070","15","1017"
"111099","VILLANOVA TULO","SARDEGNA","SU","0782","L992","40","1017"
"46020","MOLAZZANA","TOSCANA","LU","0583","F283","32","1018"
"70041","MONTAGANO","MOLISE","CB","0874","F391","27","1018"
"76084","SAVOIA DI LUCANIA","BASILICATA","PZ","0971","H730","32","1018"
"22064","COMMEZZADURA","TRENTINO-ALTO ADIGE","TN","0463","C931","23","1019"
"78099","PIETRAPAOLA","CALABRIA","CS","0983","G622","52","1019"
"1313","VIÙ","PIEMONTE","TO","0123","M094","84","1021"
"21002","ANDRIANO","TRENTINO-ALTO ADIGE","BZ","0471","A286","5","1021"
"17205","ZONE","LOMBARDIA","BS","030","M188","20","1022"
"18165","TROVO","LOMBARDIA","PV","0382","L453","8","1023"
"102028","PIZZONI","CALABRIA","VV","0963","G728","23","1023"
"18090","MEZZANA BIGLI","LOMBARDIA","PV","0384","F170","19","1026"
"21032","FORTEZZA","TRENTINO-ALTO ADIGE","BZ","0472","D731","62","1026"
"101016","PALLAGORIO","CALABRIA","KR","0962","G278","42","1027"
"80075","SAN PIETRO DI CARIDÀ","CALABRIA","RC","0966","I102","48","1030"
"43052","SERRAVALLE DI CHIENTI","MARCHE","MC","0737","I661","96","1031"
"1072","CERES","PIEMONTE","TO","0123","C497","28","1032"
"15150","MORIMONDO","LOMBARDIA","MI","02","D033","26","1032"
"18120","REDAVALLE","LOMBARDIA","PV","0385","H216","5","1032"
"19032","CORTE DE' CORTESI CON CIGNONE","LOMBARDIA","CR","0372","D056","13","1032"
"94039","RIONERO SANNITICO","MOLISE","IS","0865","H308","29","1033"
"18136","SAN GIORGIO DI LOMELLINA","LOMBARDIA","PV","0384","H885","26","1034"
"18193","COLLI VERDI","LOMBARDIA","PV","0385","M419","41","1035"
"13183","PIANELLO DEL LARIO","LOMBARDIA","CO","0344","G556","10","1036"
"91003","ATZARA","SARDEGNA","NU","0784","A492","36","1036"
"87026","MILO","SICILIA","CT","095","F214","18","1038"
"2030","CARESANA","PIEMONTE","VC","0161","B767","24","1039"
"44006","ARQUATA DEL TRONTO","MARCHE","AP","0736","A437","92","1040"
"111006","BUGGERRU","SARDEGNA","SU","0781","B250","48","1040"
"68003","BOLOGNANO","ABRUZZO","PE","085","A945","17","1041"
"16163","PIARIO","LOMBARDIA","BG","0346","G574","1","1042"
"21102","TRODENA NEL PARCO NATURALE","TRENTINO-ALTO ADIGE","BZ","0471","L444","21","1043"
"80059","PLACANICA","CALABRIA","RC","0964","G729","29","1044"
"94008","CARPINONE","MOLISE","IS","0865","B830","32","1044"
"1306","VILLAR PELLICE","PIEMONTE","TO","0121","M013","61","1045"
"30102","SAN LEONARDO","FRIULI-VENEZIA GIULIA","UD","0432","H951","27","1047"
"58106","TORRITA TIBERINA","LAZIO","RM","0765","L302","11","1047"
"78152","VACCARIZZO ALBANESE","CALABRIA","CS","0983","L524","8","1047"
"101006","CERENZIA","CALABRIA","KR","0984","C501","24","1047"
"64096","SAVIGNANO IRPINO","CAMPANIA","AV","0825","I471","38","1048"
"4010","BALDISSERO D'ALBA","PIEMONTE","CN","0172","A589","15","1049"
"13107","GERA LARIO","LOMBARDIA","CO","0344","D974","7","1049"
"65103","PRIGNANO CILENTO","CAMPANIA","SA","0974","H062","12","1049"
"66029","CASTELLAFIUME","ABRUZZO","AQ","0863","C126","25","1050"
"22190","TENNA","TRENTINO-ALTO ADIGE","TN","0461","L096","3","1051"
"55026","PENNA IN TEVERINA","UMBRIA","TR","0744","G432","10","1051"
"5077","MONTEMAGNO","PIEMONTE","AT","0141","F556","16","1053"
"50006","CASALE MARITTIMO","TOSCANA","PI","0586","B878","14","1053"
"80015","BRUZZANO ZEFFIRIO","CALABRIA","RC","0964","B234","21","1054"
"22083","FIAVÈ","TRENTINO-ALTO ADIGE","TN","0465","D565","24","1055"
"57050","PETRELLA SALTO","LAZIO","RI","0746","G513","102","1055"
"66073","POGGIO PICENZE","ABRUZZO","AQ","0862","G766","12","1055"
"91097","TRIEI","SARDEGNA","NU","0782","L423","29","1055"
"4181","RIFREDDO","PIEMONTE","CN","0175","H285","7","1056"
"14011","CAIOLO","LOMBARDIA","SO","0342","B366","33","1056"
"62020","CASTELVETERE IN VAL FORTORE","CAMPANIA","BN","0824","C284","34","1056"
"20046","QUINGENTOLE","LOMBARDIA","MN","0386","H129","14","1057"
"57068","TOFFIA","LAZIO","RI","0765","L189","11","1057"
"59023","ROCCASECCA DEI VOLSCI","LAZIO","LT","0773","H444","24","1057"
"94025","MACCHIA D'ISERNIA","MOLISE","IS","0865","E778","18","1057"
"103029","DRUOGNO","PIEMONTE","VB","0324","D374","29","1057"
"9036","MALLARE","LIGURIA","SV","019","E860","33","1058"
"11008","CALICE AL CORNOVIGLIO","LIGURIA","SP","0187","B410","34","1058"
"66012","BUGNARA","ABRUZZO","AQ","0864","B256","26","1058"
"8006","BADALUCCO","LIGURIA","IM","0184","A536","16","1059"
"34026","PALANZANO","EMILIA-ROMAGNA","PR","0521","G255","70","1060"
"2054","DESANA","PIEMONTE","VC","0161","D281","17","1061"
"14075","VERCEIA","LOMBARDIA","SO","0343","L749","11","1061"
"34011","COMPIANO","EMILIA-ROMAGNA","PR","0525","C934","37","1061"
"61045","LIBERI","CAMPANIA","CE","0823","E570","17","1061"
"9026","COSSERIA","LIGURIA","SV","019","D095","14","1062"
"12082","INARZO","LOMBARDIA","VA","0332","E292","2","1062"
"70052","PETRELLA TIFERNINA","MOLISE","CB","0874","G512","26","1062"
"70037","MATRICE","MOLISE","CB","0874","F055","20","1063"
"29043","SAN BELLINO","VENETO","RO","0425","H768","16","1064"
"61024","CASTEL DI SASSO","CAMPANIA","CE","0823","C097","20","1064"
"99030","MONTECOPIOLO","EMILIA-ROMAGNA","RN","0722","F478","36","1064"
"5052","DUSINO SAN MICHELE","PIEMONTE","AT","0141","D388","12","1065"
"16208","STROZZA","LOMBARDIA","BG","035","I986","4","1065"
"76088","TERRANOVA DI POLLINO","BASILICATA","PZ","0973","L126","112","1065"
"99027","TALAMELLO","EMILIA-ROMAGNA","RN","0541","L034","11","1065"
"1136","LOMBRIASCO","PIEMONTE","TO","011","E661","7","1066"
"8028","DIANO SAN PIETRO","LIGURIA","IM","0183","D298","12","1066"
"22049","CASTELNUOVO","TRENTINO-ALTO ADIGE","TN","0461","C216","13","1066"
"64022","CASTEL BARONIA","CAMPANIA","AV","0827","C058","15","1066"
"91066","ORTUERI","SARDEGNA","NU","0784","G146","39","1066"
"18039","CASTELLO D'AGOGNA","LOMBARDIA","PV","0384","C184","11","1067"
"25027","LA VALLE AGORDINA","VENETO","BL","0437","E490","49","1067"
"48039","SAN GODENZO","TOSCANA","FI","055","H937","99","1067"
"18106","OTTOBIANO","LOMBARDIA","PV","0384","G194","25","1068"
"65105","RICIGLIANO","CAMPANIA","SA","0828","H277","28","1069"
"98002","BERTONICO","LOMBARDIA","LO","0377","A811","20","1069"
"83015","CASTELMOLA","SICILIA","ME","0942","C210","16","1070"
"52024","RADICOFANI","TOSCANA","SI","0578","H156","118","1071"
"69003","ARI","ABRUZZO","CH","0871","A398","11","1071"
"18026","CAMPOSPINOSO","LOMBARDIA","PV","0385","B567","4","1074"
"16175","PREMOLO","LOMBARDIA","BG","035","H036","18","1075"
"41035","MONTE GRIMANO TERME","MARCHE","PU","0541","F524","24","1075"
"1200","PORTE","PIEMONTE","TO","0121","G900","4","1076"
"56020","CELLERE","LAZIO","VT","0761","C447","37","1076"
"9010","BERGEGGI","LIGURIA","SV","019","A796","4","1077"
"3052","COMIGNAGO","PIEMONTE","NO","0322","C926","4","1222"
"8014","CASTELLARO","LIGURIA","IM","0184","C143","9","1222"
"41018","FRONTONE","MARCHE","PU","0721","D808","36","1222"
"96076","VERRONE","PIEMONTE","BI","015","L785","8","1222"
"12095","MALGESSO","LOMBARDIA","VA","0332","E856","3","1224"
"12091","LOZZA","LOMBARDIA","VA","0332","E707","2","1225"
"60069","SANTOPADRE","LAZIO","FR","0776","I351","21","1225"
"76073","SAN CHIRICO NUOVO","BASILICATA","PZ","0971","H795","23","1225"
"5014","CALLIANO","PIEMONTE","AT","0141","B418","17","1226"
"17181","SONICO","LOMBARDIA","BS","0364","I831","60","1226"
"22035","CALLIANO","TRENTINO-ALTO ADIGE","TN","0464","B419","10","1226"
"7004","ARNAD","VALLE D'AOSTA","AO","0125","A424","29","1227"
"12022","BRISSAGO-VALTRAVAGLIA","LOMBARDIA","VA","0332","B191","6","1227"
"51035","SESTINO","TOSCANA","AR","0575","I681","80","1227"
"78039","CERZETO","CALABRIA","CS","0984","C560","22","1227"
"79009","BELCASTRO","CALABRIA","CZ","0961","A736","53","1227"
"12054","COMABBIO","LOMBARDIA","VA","0331","C911","5","1228"
"69071","RAPINO","ABRUZZO","CH","0871","H184","20","1230"
"76009","BANZI","BASILICATA","PZ","0971","A612","82","1230"
"23056","PALÙ","VENETO","VR","045","G297","13","1231"
"102035","SAN NICOLA DA CRISSA","CALABRIA","VV","0963","I058","19","1231"
"12081","GRANTOLA","LOMBARDIA","VA","0332","E144","2","1232"
"64056","MONTEFUSCO","CAMPANIA","AV","0825","F512","8","1232"
"85020","SUTERA","SICILIA","CL","0934","L016","36","1234"
"1014","AZEGLIO","PIEMONTE","TO","0125","A525","10","1235"
"8054","SAN LORENZO AL MARE","LIGURIA","IM","0183","H957","1","1235"
"13216","SORICO","LOMBARDIA","CO","0344","I856","23","1235"
"24072","NOGAROLE VICENTINO","VENETO","VI","0444","F922","9","1235"
"1317","VAL DI CHY","PIEMONTE","TO","0125","M405","13","1236"
"70004","BONEFRO","MOLISE","CB","0874","A971","31","1236"
"78117","SANGINETO","CALABRIA","CS","0982","H877","28","1236"
"30112","SUTRIO","FRIULI-VENEZIA GIULIA","UD","0433","L018","21","1237"
"8053","SAN BIAGIO DELLA CIMA","LIGURIA","IM","0184","H780","5","1238"
"111040","MASAINAS","SARDEGNA","SU","0781","M270","22","1239"
"12116","RANCO","LOMBARDIA","VA","0331","H174","6","1240"
"15042","CALVIGNASCO","LOMBARDIA","MI","02","B448","2","1240"
"57052","POGGIO CATINO","LAZIO","RI","0765","G757","15","1240"
"83067","PETTINEO","SICILIA","ME","0921","G522","30","1240"
"46035","VILLA COLLEMANDINA","TOSCANA","LU","0583","L926","35","1241"
"62015","CASALDUNI","CAMPANIA","BN","0824","B873","23","1242"
"68010","CATIGNANO","ABRUZZO","PE","085","C354","16","1242"
"76025","CASTELSARACENO","BASILICATA","PZ","0973","C271","74","1243"
"12020","BREZZO DI BEDERO","LOMBARDIA","VA","0332","B166","8","1244"
"22179","SPIAZZO","TRENTINO-ALTO ADIGE","TN","0465","I899","71","1244"
"102026","PARGHELIA","CALABRIA","VV","0963","G335","8","1245"
"60037","FONTECHIARI","LAZIO","FR","0776","D682","16","1246"
"64115","VALLESACCARDA","CAMPANIA","AV","0827","L616","14","1246"
"109036","SANTA VITTORIA IN MATENANO","MARCHE","FM","0734","I315","26","1246"
"7074","VILLENEUVE","VALLE D'AOSTA","AO","0165","L981","9","1247"
"6092","MELAZZO","PIEMONTE","AL","0144","F096","20","1249"
"13058","CASTELMARTE","LOMBARDIA","CO","031","C206","2","1249"
"103046","MONTECRESTESE","PIEMONTE","VB","0324","F483","86","1249"
"1205","PRAROSTINO","PIEMONTE","TO","0121","G986","11","1250"
"82012","BOMPIETRO","SICILIA","PA","0921","A958","42","1250"
"20058","SAN GIOVANNI DEL DOSSO","LOMBARDIA","MN","0386","H912","15","1251"
"56006","BASSANO IN TEVERINA","LAZIO","VT","0761","A706","12","1251"
"91012","BORTIGALI","SARDEGNA","NU","0785","B062","67","1251"
"19074","PIEVE D'OLMI","LOMBARDIA","CR","0372","G647","19","1252"
"61001","AILANO","CAMPANIA","CE","0823","A106","15","1252"
"67045","TOSSICIA","ABRUZZO","TE","0861","L314","25","1253"
"55019","MONTEFRANCO","UMBRIA","TR","0744","F510","10","1256"
"66062","ORICOLA","ABRUZZO","AQ","0863","G102","18","1256"
"70053","PIETRACATELLA","MOLISE","CB","0874","G609","50","1256"
"13197","RODERO","LOMBARDIA","CO","031","H478","2","1258"
"16065","CASTRO","LOMBARDIA","BG","035","C337","4","1258"
"22180","SPORMAGGIORE","TRENTINO-ALTO ADIGE","TN","0461","I924","30","1258"
"25010","CENCENIGHE AGORDINO","VENETO","BL","0437","C458","18","1258"
"58092","ROVIANO","LAZIO","RM","0774","H618","8","1258"
"75096","CASTRO","PUGLIA","LE","0836","M261","4","1258"
"4115","MANGO","PIEMONTE","CN","0141","E887","20","1259"
"8062","VALLEBONA","LIGURIA","IM","0184","L596","6","1259"
"28062","PIACENZA D'ADIGE","VENETO","PD","0425","G534","19","1259"
"58030","CICILIANO","LAZIO","RM","0774","C677","19","1259"
"83090","SAN TEODORO","SICILIA","ME","095","I328","14","1260"
"90092","SAN TEODORO","SARDEGNA","SS","0784","I329","105","1260"
"6115","OCCIMIANO","PIEMONTE","AL","0142","F995","22","1261"
"69040","GESSOPALENA","ABRUZZO","CH","0872","D996","31","1261"
"25012","CHIES D'ALPAGO","VENETO","BL","0437","C630","45","1262"
"58008","ARCINAZZO ROMANO","LAZIO","RM","0774","A370","28","1262"
"13006","ALSERIO","LOMBARDIA","CO","031","A224","2","1263"
"60047","PASTENA","LAZIO","FR","0776","G362","42","1265"
"64030","CONZA DELLA CAMPANIA","CAMPANIA","AV","0827","C976","52","1265"
"91039","LOCERI","SARDEGNA","NU","0782","E644","19","1265"
"2093","PEZZANA","PIEMONTE","VC","0161","G528","17","1266"
"4126","MONASTERO DI VASCO","PIEMONTE","CN","0174","F326","17","1266"
"7072","VERRAYES","VALLE D'AOSTA","AO","0166","L783","23","1267"
"103061","SAN BERNARDINO VERBANO","PIEMONTE","VB","0323","H777","26","1267"
"22005","ANDALO","TRENTINO-ALTO ADIGE","TN","0461","A274","10","1268"
"69060","PALENA","ABRUZZO","CH","0872","G271","92","1268"
"21075","RODENGO","TRENTINO-ALTO ADIGE","BZ","0472","H475","30","1269"
"53027","MONTEROTONDO MARITTIMO","TOSCANA","GR","0566","F612","103","1269"
"69010","CANOSA SANNITA","ABRUZZO","CH","0871","B620","14","1270"
"70080","TORO","MOLISE","CB","0874","L230","24","1271"
"82075","USTICA","SICILIA","PA","091","L519","8","1271"
"21091","SENALES","TRENTINO-ALTO ADIGE","BZ","0473","I604","210","1272"
"50016","LAJATICO","TOSCANA","PI","0587","E413","73","1272"
"90065","SEDINI","SARDEGNA","SS","079","I565","41","1272"
"14008","BIANZONE","LOMBARDIA","SO","0342","A848","17","1273"
"6127","PASTURANA","PIEMONTE","AL","0143","G367","5","1276"
"56028","GRADOLI","LAZIO","VT","0761","E126","38","1276"
"76030","EPISCOPIA","BASILICATA","PZ","0973","D414","29","1276"
"83103","VALDINA","SICILIA","ME","090","L561","3","1276"
"90026","CODRONGIANOS","SARDEGNA","SS","079","C818","30","1276"
"91043","LULA","SARDEGNA","NU","0784","E736","149","1277"
"30035","ENEMONZO","FRIULI-VENEZIA GIULIA","UD","0433","D408","24","1278"
"91031","GIRASOLE","SARDEGNA","NU","0782","E049","13","1278"
"3112","ORTA SAN GIULIO","PIEMONTE","NO","0322","G134","7","1279"
"70015","CASTELMAURO","MOLISE","CB","0874","C197","43","1279"
"94007","CAROVILLI","MOLISE","IS","0865","B810","42","1279"
"19089","SAN DANIELE PO","LOMBARDIA","CR","0372","H815","23","1280"
"24037","CRESPADORO","VENETO","VI","0444","D156","30","1280"
"97007","BARZIO","LOMBARDIA","LC","0341","A687","21","1280"
"14036","LANZADA","LOMBARDIA","SO","0342","E443","116","1281"
"42004","BARBARA","MARCHE","AN","071","A626","11","1281"
"1150","MERCENASCO","PIEMONTE","TO","0125","F140","13","1283"
"8030","DOLCEDO","LIGURIA","IM","0183","D319","19","1283"
"43038","PIEVE TORINA","MARCHE","MC","0737","G657","75","1284"
"103062","SANTA MARIA MAGGIORE","PIEMONTE","VB","0324","I249","53","1284"
"11007","BRUGNATO","LIGURIA","SP","0187","B214","12","1285"
"24020","CALVENE","VENETO","VI","0445","B441","12","1285"
"43048","SANT'ANGELO IN PONTANO","MARCHE","MC","0733","I286","27","1285"
"25033","LOZZO DI CADORE","VENETO","BL","0435","E708","30","1286"
"102002","ARENA","CALABRIA","VV","0963","A386","32","1286"
"68031","PICCIANO","ABRUZZO","PE","085","G589","7","1287"
"43019","FIUMINATA","MARCHE","MC","0737","D628","77","1288"
"90045","NULE","SARDEGNA","SS","079","F976","52","1291"
"94017","COLLI A VOLTURNO","MOLISE","IS","0865","C878","24","1291"
"12093","LUVINATE","LOMBARDIA","VA","0332","E769","4","1292"
"25060","TAMBRE","VENETO","BL","0437","L040","46","1292"
"3021","BOGOGNO","PIEMONTE","NO","0322","A929","8","1293"
"11028","SESTA GODANO","LIGURIA","SP","0187","E070","69","1294"
"65027","CASALETTO SPARTANO","CAMPANIA","SA","0973","B888","70","1294"
"83021","FIUMEDINISI","SICILIA","ME","0942","D622","36","1294"
"6091","MASIO","PIEMONTE","AL","0131","F015","22","1296"
"21045","MAGRÈ SULLA STRADA DEL VINO","TRENTINO-ALTO ADIGE","BZ","0471","E829","14","1296"
"54059","VALTOPINA","UMBRIA","PG","0742","L653","41","1296"
"65058","GIUNGANO","CAMPANIA","SA","0828","E060","12","1296"
"90087","SANTA MARIA COGHINAS","SARDEGNA","SS","079","M284","22","1296"
"93002","ARBA","FRIULI-VENEZIA GIULIA","PN","0427","A354","15","1296"
"12044","CASTELSEPRIO","LOMBARDIA","VA","0331","C273","4","1297"
"62055","PUGLIANELLO","CAMPANIA","BN","0824","H087","8","1297"
"70025","GAMBATESA","MOLISE","CB","0874","D896","43","1297"
"111074","SELEGAS","SARDEGNA","SU","070","I582","21","1297"
"41025","MERCATELLO SUL METAURO","MARCHE","PU","0722","F135","69","1298"
"13111","GRANDOLA ED UNITI","LOMBARDIA","CO","0344","E141","17","1300"
"79033","CONFLENTI","CALABRIA","CZ","0968","C960","31","1300"
"6059","CERRINA MONFERRATO","PIEMONTE","AL","0142","C531","17","1301"
"65036","CASTIGLIONE DEL GENOVESI","CAMPANIA","SA","089","C306","11","1301"
"3047","CAVALLIRIO","PIEMONTE","NO","0163","C378","8","1302"
"9030","GARLENDA","LIGURIA","SV","0182","D927","8","1302"
"6113","MURISENGO","PIEMONTE","AL","0141","F814","15","1303"
"16236","VIGANO SAN MARTINO","LOMBARDIA","BG","035","L865","4","1303"
"18049","CIGOGNOLA","LOMBARDIA","PV","0385","C684","8","1303"
"60066","SANT'ANDREA DEL GARIGLIANO","LAZIO","FR","0776","I265","17","1303"
"98027","GALGAGNANO","LOMBARDIA","LO","0371","D868","6","1303"
"6173","TICINETO","PIEMONTE","AL","0142","L165","8","1304"
"56019","CELLENO","LAZIO","VT","0761","C446","25","1304"
"93050","VIVARO","FRIULI-VENEZIA GIULIA","PN","0427","M096","38","1304"
"26045","MONFUMO","VENETO","TV","0423","F360","11","1305"
"30189","SAPPADA","FRIULI-VENEZIA GIULIA","UD","0435","I421","63","1305"
"1144","MARENTINO","PIEMONTE","TO","011","E941","11","1306"
"64019","CARIFE","CAMPANIA","AV","0827","B776","17","1306"
"71017","CASTELNUOVO DELLA DAUNIA","PUGLIA","FG","0881","C222","61","1308"
"60078","TORRE CAJETANI","LAZIO","FR","0775","L243","12","1310"
"77026","SAN MAURO FORTE","BASILICATA","MT","0835","I029","87","1310"
"78021","CALOPEZZATI","CALABRIA","CS","0983","B424","22","1310"
"6011","BALZOLA","PIEMONTE","AL","0142","A605","17","1311"
"7060","SAINT-MARCEL","VALLE D'AOSTA","AO","0165","H671","42","1311"
"3116","PETTENASCO","PIEMONTE","NO","0323","G520","7","1312"
"22128","NOMI","TRENTINO-ALTO ADIGE","TN","0464","F929","6","1312"
"65109","ROFRANO","CAMPANIA","SA","0974","H485","59","1312"
"69031","FARA SAN MARTINO","ABRUZZO","CH","0872","D495","44","1312"
"16097","FARA OLIVANA CON SOLA","LOMBARDIA","BG","0363","D491","5","1313"
"17019","BIONE","LOMBARDIA","BS","0365","A878","18","1313"
"8042","PIEVE DI TECO","LIGURIA","IM","0183","G632","41","1315"
"25030","LIVINALLONGO DEL COL DI LANA","VENETO","BL","0436","E622","99","1315"
"54046","SCHEGGIA E PASCELUPO","UMBRIA","PG","075","I522","64","1315"
"19092","SCANDOLARA RAVARA","LOMBARDIA","CR","0375","I497","17","1316"
"19033","CORTE DE' FRATI","LOMBARDIA","CR","0372","D057","20","1317"
"91026","GAIRO","SARDEGNA","NU","0782","D859","78","1317"
"102013","FILOGASO","CALABRIA","VV","0963","D596","24","1317"
"25058","SOVRAMONTE","VENETO","BL","0439","I673","51","1318"
"50012","CHIANNI","TOSCANA","PI","0587","C609","62","1318"
"111054","PERDAXIUS","SARDEGNA","SU","0781","G446","30","1318"
"22089","FORNACE","TRENTINO-ALTO ADIGE","TN","0461","D714","7","1319"
"96037","MOTTALCIATA","PIEMONTE","BI","0161","F776","18","1319"
"22200","TON","TRENTINO-ALTO ADIGE","TN","0461","L200","26","1321"
"78094","PATERNO CALABRO","CALABRIA","CS","0984","G372","24","1322"
"95004","ALES","SARDEGNA","OR","0783","A180","22","1322"
"96063","SORDEVOLO","PIEMONTE","BI","015","I847","14","1322"
"6109","MORANO SUL PO","PIEMONTE","AL","0142","F707","18","1324"
"18016","BORGO PRIOLO","LOMBARDIA","PV","0383","B028","29","1325"
"78118","SAN GIORGIO ALBANESE","CALABRIA","CS","0983","H881","23","1326"
"3018","BIANDRATE","PIEMONTE","NO","0321","A844","13","1328"
"66057","MORINO","ABRUZZO","AQ","0863","F732","53","1328"
"1041","BURIASCO","PIEMONTE","TO","0121","B278","15","1329"
"76001","ABRIOLA","BASILICATA","PZ","0971","A013","97","1329"
"99006","MONDAINO","EMILIA-ROMAGNA","RN","0541","F346","20","1329"
"18029","CANNETO PAVESE","LOMBARDIA","PV","0385","B613","6","1330"
"6133","PONTESTURA","PIEMONTE","AL","0142","G858","19","1331"
"19048","GERRE DE' CAPRIOLI","LOMBARDIA","CR","0372","D993","8","1331"
"19065","PADERNO PONCHIELLI","LOMBARDIA","CR","0374","G222","24","1331"
"76079","SANT'ANGELO LE FRATTE","BASILICATA","PZ","0975","I288","23","1331"
"83020","FICARRA","SICILIA","ME","0941","D569","19","1331"
"1049","CAMPIGLIONE FENILE","PIEMONTE","TO","0121","B512","11","1333"
"1196","PIVERONE","PIEMONTE","TO","0125","G719","11","1333"
"23013","BRENTINO BELLUNO","VENETO","VR","045","B152","26","1334"
"22150","RABBI","TRENTINO-ALTO ADIGE","TN","0463","H146","132","1335"
"3077","GRANOZZO CON MONTICELLO","PIEMONTE","NO","0321","E143","19","1336"
"6193","LU E CUCCARO MONFERRATO","PIEMONTE","AL","0131","M420","27","1338"
"11012","DEIVA MARINA","LIGURIA","SP","0187","D265","14","1338"
"58069","NAZZANO","LAZIO","RM","0765","F857","12","1339"
"65061","LAURINO","CAMPANIA","SA","0974","E485","70","1339"
"72034","POGGIORSINI","PUGLIA","BA","080","G769","43","1339"
"1294","VERRUA SAVOIA","PIEMONTE","TO","0161","L787","32","1340"
"12037","CASALZUIGNO","LOMBARDIA","VA","0332","B921","7","1340"
"31003","DOBERDÒ DEL LAGO","FRIULI-VENEZIA GIULIA","GO","0481","D312","27","1340"
"18092","MEZZANINO","LOMBARDIA","PV","0385","F175","14","1341"
"7021","COGNE","VALLE D'AOSTA","AO","0165","C821","213","1343"
"66071","PETTORANO SUL GIZIO","ABRUZZO","AQ","0864","G524","62","1343"
"14013","CASPOGGIO","LOMBARDIA","SO","0342","B993","7","1345"
"30076","PONTEBBA","FRIULI-VENEZIA GIULIA","UD","0428","G831","98","1345"
"53012","ISOLA DEL GIGLIO","TOSCANA","GR","0564","E348","24","1345"
"76069","ROCCANOVA","BASILICATA","PZ","0973","H426","62","1345"
"80082","SANT'ILARIO DELLO IONIO","CALABRIA","RC","0964","I341","14","1345"
"4214","SANTO STEFANO ROERO","PIEMONTE","CN","0173","I372","13","1346"
"7037","ISSOGNE","VALLE D'AOSTA","AO","0125","E371","24","1347"
"16221","UBIALE CLANEZZO","LOMBARDIA","BG","0345","C789","7","1348"
"83042","LONGI","SICILIA","ME","0941","E674","42","1348"
"62009","BONEA","CAMPANIA","BN","0824","A970","11","1349"
"53005","CASTELL'AZZARA","TOSCANA","GR","0564","C147","65","1350"
"64089","SANT'ANDREA DI CONZA","CAMPANIA","AV","0827","I264","6","1351"
"4237","VENASCA","PIEMONTE","CN","0175","L729","20","1352"
"6141","QUARGNENTO","PIEMONTE","AL","0131","H104","36","1352"
"99031","SASSOFELTRIO","EMILIA-ROMAGNA","RN","0541","I460","21","1352"
"14023","COLORINA","LOMBARDIA","SO","0342","C903","18","1353"
"62042","MONTEFALCONE DI VAL FORTORE","CAMPANIA","BN","0824","F494","42","1355"
"61035","FORMICOLA","CAMPANIA","CE","0823","D709","17","1356"
"23010","BOSCHI SANT'ANNA","VENETO","VR","0442","B070","9","1357"
"62031","FOIANO DI VAL FORTORE","CAMPANIA","BN","0824","D650","41","1357"
"6123","OZZANO MONFERRATO","PIEMONTE","AL","0142","G204","15","1358"
"65008","AQUARA","CAMPANIA","SA","0828","A343","32","1358"
"84043","VILLAFRANCA SICULA","SICILIA","AG","0925","L944","18","1358"
"103041","MALESCO","PIEMONTE","VB","0324","E853","43","1358"
"17200","VILLACHIARA","LOMBARDIA","BS","030","L923","17","1360"
"65063","LAVIANO","CAMPANIA","SA","0828","E498","57","1360"
"6144","RIVALTA BORMIDA","PIEMONTE","AL","0144","H334","10","1361"
"51007","CAPRESE MICHELANGELO","TOSCANA","AR","0575","B693","67","1361"
"4049","CASTELLETTO STURA","PIEMONTE","CN","0171","C165","17","1362"
"76086","SPINOSO","BASILICATA","PZ","0971","I917","38","1362"
"24120","ZERMEGHEDO","VENETO","VI","0444","M170","3","1363"
"25065","VIGO DI CADORE","VENETO","BL","0435","L890","71","1363"
"68019","FARINDOLA","ABRUZZO","PE","085","D501","45","1363"
"98034","MAIRAGO","LOMBARDIA","LO","0371","E840","11","1363"
"22210","VALLARSA","TRENTINO-ALTO ADIGE","TN","0464","L588","78","1364"
"57069","TORRICELLA IN SABINA","LAZIO","RI","0765","L293","26","1364"
"62017","CASTELPAGANO","CAMPANIA","BN","0824","C245","38","1365"
"13193","PUSIANO","LOMBARDIA","CO","031","H094","3","1366"
"68017","CUGNOLI","ABRUZZO","PE","085","D201","15","1366"
"94044","SANT'AGAPITO","MOLISE","IS","0865","I189","16","1366"
"46027","SAN ROMANO IN GARFAGNANA","TOSCANA","LU","0583","I142","26","1368"
"82042","ISNELLO","SICILIA","PA","0921","E337","50","1368"
"76003","ALBANO DI LUCANIA","BASILICATA","PZ","0971","A131","55","1369"
"3120","POGNO","PIEMONTE","NO","0322","G775","10","1370"
"29023","FRASSINELLE POLESINE","VENETO","RO","0425","D776","22","1370"
"102042","SPILINGA","CALABRIA","VV","0963","I905","19","1370"
"6073","FRASSINETO PO","PIEMONTE","AL","0142","D780","29","1371"
"4128","MONASTEROLO DI SAVIGLIANO","PIEMONTE","CN","0172","F330","15","1372"
"80022","CARDETO","CALABRIA","RC","0965","B756","36","1372"
"22171","SCURELLE","TRENTINO-ALTO ADIGE","TN","0461","I554","30","1373"
"96080","VIVERONE","PIEMONTE","BI","0161","M098","12","1374"
"6020","BORGO SAN MARTINO","PIEMONTE","AL","0142","B037","10","1375"
"70065","SAN GIACOMO DEGLI SCHIAVONI","MOLISE","CB","0875","H867","11","1375"
"22032","CALCERANICA AL LAGO","TRENTINO-ALTO ADIGE","TN","0461","B389","3","1376"
"55021","MONTELEONE D'ORVIETO","UMBRIA","TR","0763","F543","24","1376"
"5096","ROCCHETTA TANARO","PIEMONTE","AT","0141","H468","16","1377"
"80046","MAROPATI","CALABRIA","RC","0966","E968","10","1377"
"67014","CASTILENTI","ABRUZZO","TE","0861","C322","24","1379"
"2079","MONCRIVELLO","PIEMONTE","VC","0161","F342","20","1380"
"21073","RIFIANO","TRENTINO-ALTO ADIGE","BZ","0473","H284","36","1380"
"21117","LA VALLE","TRENTINO-ALTO ADIGE","BZ","0471","E491","39","1380"
"1134","LOCANA","PIEMONTE","TO","0124","E635","133","1382"
"3139","SIZZANO","PIEMONTE","NO","0321","I767","10","1382"
"57067","TARANO","LAZIO","RI","0765","L046","20","1382"
"61063","PRATA SANNITA","CAMPANIA","CE","0823","G991","21","1382"
"78097","PIANE CRATI","CALABRIA","CS","0984","G553","2","1382"
"11019","MONTEROSSO AL MARE","LIGURIA","SP","0187","F609","11","1383"
"22155","ROMENO","TRENTINO-ALTO ADIGE","TN","0463","H517","9","1384"
"77030","VALSINNI","BASILICATA","MT","0835","D513","32","1384"
"5042","COCCONATO","PIEMONTE","AT","0141","C807","17","1385"
"56026","FARNESE","LAZIO","VT","0761","D503","53","1385"
"66054","MASSA D'ALBE","ABRUZZO","AQ","0863","F022","68","1385"
"66082","ROCCA DI MEZZO","ABRUZZO","AQ","0862","H402","87","1387"
"18071","GERENZAGO","LOMBARDIA","PV","0382","D980","5","1388"
"65020","CALVANICO","CAMPANIA","SA","089","B437","15","1388"
"82061","ROCCAMENA","SICILIA","PA","091","H422","33","1388"
"97014","CARENNO","LOMBARDIA","LC","0341","B763","8","1388"
"2007","ASIGLIANO VERCELLESE","PIEMONTE","VC","0161","A466","26","1389"
"16025","BERZO SAN FERMO","LOMBARDIA","BG","035","A815","6","1390"
"11024","RIOMAGGIORE","LIGURIA","SP","0187","H304","10","1392"
"29034","PAPOZZE","VENETO","RO","0426","G323","22","1392"
"91098","ULASSAI","SARDEGNA","NU","0782","L489","122","1393"
"81016","POGGIOREALE","SICILIA","TP","0924","G767","38","1394"
"71013","CASALNUOVO MONTEROTARO","PUGLIA","FG","0881","B904","48","1395"
"22242","CONTÀ","TRENTINO-ALTO ADIGE","TN","0461","M356","19","1397"
"1283","VAIE","PIEMONTE","TO","011","L538","7","1398"
"4168","PIOBESI D'ALBA","PIEMONTE","CN","0173","G683","4","1399"
"7007","AYAS","VALLE D'AOSTA","AO","0125","A094","130","1399"
"75058","PALMARIGGI","PUGLIA","LE","0836","G285","9","1399"
"3060","DIVIGNANO","PIEMONTE","NO","0321","D309","5","1400"
"3069","GARBAGNA NOVARESE","PIEMONTE","NO","0321","D911","10","1400"
"21088","SELVA DEI MOLINI","TRENTINO-ALTO ADIGE","BZ","0474","I593","105","1402"
"58010","ARSOLI","LAZIO","RM","0774","A446","12","1402"
"76054","NEMOLI","BASILICATA","PZ","0973","F866","20","1402"
"4045","CASALGRASSO","PIEMONTE","CN","011","B894","18","1403"
"22172","SEGONZANO","TRENTINO-ALTO ADIGE","TN","0461","I576","21","1403"
"24001","AGUGLIARO","VENETO","VI","0444","A093","15","1403"
"55003","ALVIANO","UMBRIA","TR","0744","A242","24","1403"
"61025","CASTELLO DEL MATESE","CAMPANIA","CE","0823","C178","21","1403"
"22247","TRE VILLE","TRENTINO-ALTO ADIGE","TN","0465","M361","81","1404"
"78112","SAN BENEDETTO ULLANO","CALABRIA","CS","0984","H774","19","1404"
"60084","VALLEROTONDA","LAZIO","FR","0776","L614","60","1405"
"76081","SARCONI","BASILICATA","PZ","0975","I426","30","1405"
"83046","MAZZARRÀ SANT'ANDREA","SICILIA","ME","0941","F066","7","1405"
"64088","SANTA LUCIA DI SERINO","CAMPANIA","AV","0825","I219","4","1406"
"79020","CARLOPOLI","CALABRIA","CZ","0968","B790","16","1406"
"103026","CRODO","PIEMONTE","VB","0324","D177","62","1406"
"17176","SELLERO","LOMBARDIA","BS","0364","I588","14","1407"
"17193","VALLIO TERME","LOMBARDIA","BS","0365","L626","15","1407"
"90001","AGGIUS","SARDEGNA","SS","079","A069","84","1409"
"96021","CREVACUORE","PIEMONTE","BI","015","D165","8","1412"
"82065","SAN MAURO CASTELVERDE","SICILIA","PA","0921","I028","114","1415"
"19077","POZZAGLIO ED UNITI","LOMBARDIA","CR","0372","B914","20","1416"
"78052","FALCONARA ALBANESE","CALABRIA","CS","0982","D473","19","1416"
"17064","CORZANO","LOMBARDIA","BS","030","D082","12","1417"
"79116","SAN SOSTENE","CALABRIA","CZ","0967","I164","32","1417"
"15165","OZZERO","LOMBARDIA","MI","02","G206","11","1418"
"85011","MONTEDORO","SICILIA","CL","0934","F489","14","1418"
"76078","SAN SEVERINO LUCANO","BASILICATA","PZ","0973","I157","61","1419"
"98044","OSSAGO LODIGIANO","LOMBARDIA","LO","0371","G171","12","1421"
"1129","LAURIANO","PIEMONTE","TO","011","E484","14","1422"
"18030","CARBONARA AL TICINO","LOMBARDIA","PV","0382","B741","15","1422"
"58052","MAGLIANO ROMANO","LAZIO","RM","06","E813","21","1423"
"109010","MAGLIANO DI TENNA","MARCHE","FM","0734","E807","8","1424"
"83034","GRANITI","SICILIA","ME","0942","E142","10","1425"
"4118","MARGARITA","PIEMONTE","CN","0171","E945","12","1426"
"9017","CALIZZANO","LIGURIA","SV","019","B416","63","1426"
"10027","ISOLA DEL CANTONE","LIGURIA","GE","010","E341","48","1426"
"70043","MONTEFALCONE NEL SANNIO","MOLISE","CB","0874","F495","32","1426"
"71018","CELENZA VALFORTORE","PUGLIA","FG","0881","C429","66","1426"
"83056","MONTAGNAREALE","SICILIA","ME","0941","F395","16","1426"
"93039","SAN MARTINO AL TAGLIAMENTO","FRIULI-VENEZIA GIULIA","PN","0434","H999","18","1426"
"14048","PIANTEDO","LOMBARDIA","SO","0342","G572","7","1427"
"6051","CASTELLETTO MONFERRATO","PIEMONTE","AL","0131","C162","9","1428"
"55016","LUGNANO IN TEVERINA","UMBRIA","TR","0744","E729","30","1429"
"64073","PIETRASTORNINA","CAMPANIA","AV","0825","G629","16","1429"
"6147","ROCCA GRIMALDA","PIEMONTE","AL","0143","H414","16","1430"
"22234","PIEVE DI BONO-PREZZO","TRENTINO-ALTO ADIGE","TN","0465","M365","25","1430"
"96053","RONCO BIELLESE","PIEMONTE","BI","015","H538","4","1430"
"103011","BEURA-CARDEZZA","PIEMONTE","VB","0324","A834","29","1430"
"23079","SAN ZENO DI MONTAGNA","VENETO","VR","045","I414","28","1431"
"1262","SCIOLZE","PIEMONTE","TO","011","I539","11","1432"
"16243","VILMINORE DI SCALVE","LOMBARDIA","BG","0346","M050","41","1433"
"95051","SCANO DI MONTIFERRO","SARDEGNA","OR","0785","I503","60","1434"
"62075","TOCCO CAUDIO","CAMPANIA","BN","0824","L185","27","1435"
"19103","STAGNO LOMBARDO","LOMBARDIA","CR","0372","I935","40","1436"
"66002","AIELLI","ABRUZZO","AQ","0863","A100","35","1437"
"65075","MONTE SAN GIACOMO","CAMPANIA","SA","0975","F618","51","1438"
"76051","MONTEMILONE","BASILICATA","PZ","0972","F568","113","1438"
"1250","SAN PIETRO VAL LEMINA","PIEMONTE","TO","0121","I090","12","1439"
"58001","AFFILE","LAZIO","RM","0774","A062","15","1439"
"59002","BASSIANO","LAZIO","LT","0773","A707","32","1439"
"4110","LIMONE PIEMONTE","PIEMONTE","CN","0171","E597","71","1440"
"18118","PORTALBERA","LOMBARDIA","PV","0385","G895","5","1441"
"17177","SENIGA","LOMBARDIA","BS","030","I607","14","1442"
"1290","VAUDA CANAVESE","PIEMONTE","TO","011","L698","7","1443"
"75067","SANARICA","PUGLIA","LE","0836","H757","13","1443"
"111049","NUXIS","SARDEGNA","SU","0781","F991","61","1443"
"47018","SAMBUCA PISTOIESE","TOSCANA","PT","0573","H744","78","1444"
"16109","GANDOSSO","LOMBARDIA","BG","035","D906","3","1445"
"60049","PESCOSOLIDO","LAZIO","FR","0776","G500","45","1445"
"20029","MAGNACAVALLO","LOMBARDIA","MN","0386","E818","28","1446"
"28029","CASTELBALDO","VENETO","PD","0425","C057","15","1446"
"90085","SANT'ANTONIO DI GALLURA","SARDEGNA","SS","079","M276","81","1448"
"103042","MASERA","PIEMONTE","VB","0324","F010","20","1448"
"1088","COASSOLO TORINESE","PIEMONTE","TO","0123","C801","28","1449"
"17141","PEZZAZE","LOMBARDIA","BS","030","G529","22","1450"
"30082","PRECENICCO","FRIULI-VENEZIA GIULIA","UD","0431","H014","27","1450"
"64108","TEORA","CAMPANIA","AV","0827","L102","23","1450"
"79110","SAN MANGO D'AQUINO","CALABRIA","CZ","0968","H976","7","1451"
"64042","LAPIO","CAMPANIA","AV","0825","E448","15","1452"
"1170","OGLIANICO","PIEMONTE","TO","0124","G010","6","1453"
"13234","VALSOLDA","LOMBARDIA","CO","0344","C936","32","1453"
"29007","BOSARO","VENETO","RO","0425","B069","6","1453"
"17128","OSSIMO","LOMBARDIA","BS","0364","G179","15","1454"
"58095","SAN GREGORIO DA SASSOLA","LAZIO","RM","0774","H942","35","1454"
"54029","MONTE CASTELLO DI VIBIO","UMBRIA","PG","075","F456","32","1455"
"10034","MEZZANEGO","LIGURIA","GE","0185","F173","29","1456"
"16162","PIANICO","LOMBARDIA","BG","035","G564","3","1457"
"19006","BONEMERSE","LOMBARDIA","CR","0372","A972","6","1457"
"22038","CANAL SAN BOVO","TRENTINO-ALTO ADIGE","TN","0439","B577","126","1457"
"18027","CANDIA LOMELLINA","LOMBARDIA","PV","0384","B587","28","1459"
"95027","MILIS","SARDEGNA","OR","0783","F208","19","1459"
"4104","LAGNASCO","PIEMONTE","CN","0175","E406","18","1460"
"18077","INVERNO E MONTELEONE","LOMBARDIA","PV","0382","E310","10","1460"
"6149","ROSIGNANO MONFERRATO","PIEMONTE","AL","0142","H569","19","1461"
"13089","DOMASO","LOMBARDIA","CO","0344","D329","6","1462"
"41058","SANT'IPPOLITO","MARCHE","PU","0721","I344","20","1463"
"79139","SOVERIA SIMERI","CALABRIA","CZ","0961","I875","22","1464"
"17198","VEZZA D'OGLIO","LOMBARDIA","BS","0364","L816","54","1465"
"41022","LUNANO","MARCHE","PU","0722","E743","15","1465"
"90029","FLORINAS","SARDEGNA","SS","079","D637","36","1466"
"96042","PETTINENGO","PIEMONTE","BI","051","G521","15","1466"
"20062","SERRAVALLE A PO","LOMBARDIA","MN","0386","I662","26","1468"
"22203","TRAMBILENO","TRENTINO-ALTO ADIGE","TN","0464","L322","50","1468"
"78004","AIELLO CALABRO","CALABRIA","CS","0982","A102","39","1468"
"61064","PRATELLA","CAMPANIA","CE","0823","G995","34","1469"
"60057","POSTA FIBRENO","LAZIO","FR","0776","G935","9","1077"
"65026","CASALBUONO","CAMPANIA","SA","0975","B868","34","1077"
"33019","FARINI","EMILIA-ROMAGNA","PC","0523","D502","112","1078"
"2058","FONTANETTO PO","PIEMONTE","VC","0161","D676","23","1079"
"18062","FERRERA ERBOGNONE","LOMBARDIA","PV","0382","D552","20","1079"
"1012","ARIGNANO","PIEMONTE","TO","011","A405","8","1080"
"58027","CERRETO LAZIALE","LAZIO","RM","0774","C518","12","1080"
"1259","SAUZE D'OULX","PIEMONTE","TO","0122","I466","17","1081"
"29042","SALARA","VENETO","RO","0425","H689","14","1081"
"57065","SELCI","LAZIO","RI","0765","I581","8","1081"
"79089","PALERMITI","CALABRIA","CZ","0961","G272","18","1081"
"94042","ROCCHETTA A VOLTURNO","MOLISE","IS","0865","H458","24","1081"
"103034","GIGNESE","PIEMONTE","VB","0323","E028","15","1081"
"111088","SUELLI","SARDEGNA","SU","070","I995","19","1081"
"6022","BOSIO","PIEMONTE","AL","0143","B080","67","1082"
"69075","ROCCASCALEGNA","ABRUZZO","CH","0872","H442","23","1082"
"8016","CERIANA","LIGURIA","IM","0184","C511","32","1083"
"101023","SAVELLI","CALABRIA","KR","0984","I468","49","1083"
"69004","ARIELLI","ABRUZZO","CH","0871","A402","12","1084"
"25023","CANALE D'AGORDO","VENETO","BL","0437","B574","46","1085"
"77006","COLOBRARO","BASILICATA","MT","0835","C888","66","1086"
"80062","PORTIGLIOLA","CALABRIA","RC","0964","G905","6","1086"
"3027","BRIONA","PIEMONTE","NO","0321","B183","25","1087"
"64097","SCAMPITELLA","CAMPANIA","AV","0827","I493","15","1087"
"82040","GODRANO","SICILIA","PA","091","E074","39","1087"
"5007","BALDICHIERI D'ASTI","PIEMONTE","AT","0141","A588","5","1088"
"59022","ROCCA MASSIMA","LAZIO","LT","06","H421","18","1088"
"109015","MONTEFORTINO","MARCHE","FM","0736","F509","78","1088"
"3141","SOZZAGO","PIEMONTE","NO","0321","I880","13","1089"
"20020","COMMESSAGGIO","LOMBARDIA","MN","0376","C930","12","1089"
"16217","TORRE PALLAVICINA","LOMBARDIA","BG","0363","L276","10","1091"
"77025","SAN GIORGIO LUCANO","BASILICATA","MT","0835","H888","39","1091"
"66005","ATELETA","ABRUZZO","AQ","0864","A481","42","1092"
"22033","CALDES","TRENTINO-ALTO ADIGE","TN","0463","B400","21","1094"
"64045","LUOGOSANO","CAMPANIA","AV","0827","E746","6","1094"
"64082","SAN MANGO SUL CALORE","CAMPANIA","AV","0827","H975","15","1094"
"65054","FUTANI","CAMPANIA","SA","0974","D832","15","1094"
"22129","NOVALEDO","TRENTINO-ALTO ADIGE","TN","0461","F947","8","1095"
"2031","CARESANABLOT","PIEMONTE","VC","0161","B768","11","1096"
"17047","CEDEGOLO","LOMBARDIA","BS","0364","C417","12","1096"
"20060","SCHIVENOGLIA","LOMBARDIA","MN","0386","I532","13","1096"
"60050","PICINISCO","LAZIO","FR","0776","G591","62","1096"
"30039","FLAIBANO","FRIULI-VENEZIA GIULIA","UD","0432","D630","17","1097"
"83065","PAGLIARA","SICILIA","ME","0942","G234","15","1097"
"111085","SILIUS","SARDEGNA","SU","070","I735","38","1097"
"2090","PALAZZOLO VERCELLESE","PIEMONTE","VC","0161","G266","14","1098"
"6030","CARBONARA SCRIVIA","PIEMONTE","AL","0131","B736","5","1098"
"19053","ISOLA DOVARESE","LOMBARDIA","CR","0375","E356","9","1099"
"64016","CANDIDA","CAMPANIA","AV","0825","B590","5","1100"
"70036","MAFALDA","MOLISE","CB","0875","E799","33","1100"
"66066","PACENTRO","ABRUZZO","AQ","0864","G210","72","1101"
"23029","CONCAMARISE","VENETO","VR","0442","C943","8","1102"
"69045","LAMA DEI PELIGNI","ABRUZZO","CH","0872","E424","31","1102"
"84019","JOPPOLO GIANCAXIO","SICILIA","AG","0922","E390","19","1102"
"17184","TEMÙ","LOMBARDIA","BS","0364","L094","43","1103"
"16078","COLERE","LOMBARDIA","BG","0346","C835","19","1105"
"66070","PESCOCOSTANZO","ABRUZZO","AQ","0864","G493","52","1106"
"18065","FRASCAROLO","LOMBARDIA","PV","0384","D771","23","1107"
"82003","ALIMINUSA","SICILIA","PA","091","A203","14","1107"
"111073","SEGARIU","SARDEGNA","SU","070","I570","17","1108"
"102007","DASÀ","CALABRIA","VV","0963","D253","6","1109"
"111004","BARRALI","SARDEGNA","SU","070","A677","11","1109"
"29028","GUARDA VENETA","VENETO","RO","0425","E240","17","1110"
"62056","REINO","CAMPANIA","BN","0824","H227","24","1110"
"103052","PALLANZENO","PIEMONTE","VB","0324","G280","4","1110"
"4171","POLONGHERA","PIEMONTE","CN","011","G800","10","1111"
"19073","PIERANICA","LOMBARDIA","CR","0373","G603","3","1111"
"48031","PALAZZUOLO SUL SENIO","TOSCANA","FI","055","G270","109","1111"
"66089","SANTE MARIE","ABRUZZO","AQ","0863","I326","40","1111"
"78085","MOTTAFOLLONE","CALABRIA","CS","0981","F775","31","1111"
"96010","CAMBURZANO","PIEMONTE","BI","015","B465","4","1112"
"78139","SCIGLIANO","CALABRIA","CS","0984","D290","17","1113"
"78053","FIGLINE VEGLIATURO","CALABRIA","CS","0984","D582","4","1116"
"95067","TRESNURAGHES","SARDEGNA","OR","0785","L393","32","1116"
"1113","GERMAGNANO","PIEMONTE","TO","0123","D983","14","1117"
"22051","CAVARENO","TRENTINO-ALTO ADIGE","TN","0463","C380","10","1117"
"58080","PONZANO ROMANO","LAZIO","RM","0765","G874","19","1117"
"78018","BOCCHIGLIERO","CALABRIA","CS","0983","A912","97","1117"
"16235","VIADANICA","LOMBARDIA","BG","035","L827","5","1118"
"55020","MONTEGABBIONE","UMBRIA","TR","0763","F513","51","1118"
"16099","FINO DEL MONTE","LOMBARDIA","BG","0346","D604","4","1119"
"54016","COSTACCIARO","UMBRIA","PG","075","D108","41","1119"
"96048","PORTULA","PIEMONTE","BI","015","G927","11","1119"
"96082","ZUBIENA","PIEMONTE","BI","015","M196","13","1119"
"21105","VADENA","TRENTINO-ALTO ADIGE","BZ","0471","L527","13","1120"
"22168","SANT'ORSOLA TERME","TRENTINO-ALTO ADIGE","TN","0461","I354","15","1120"
"54032","MONTE SANTA MARIA TIBERINA","UMBRIA","PG","075","F629","72","1120"
"66039","COLLELONGO","ABRUZZO","AQ","0863","C862","57","1120"
"98022","CORNO GIOVINE","LOMBARDIA","LO","0377","D028","10","1120"
"29036","PINCARA","VENETO","RO","0425","G673","18","1121"
"13044","CARATE URIO","LOMBARDIA","CO","031","B730","7","1122"
"13223","TORNO","LOMBARDIA","CO","031","L228","8","1123"
"102039","SORIANELLO","CALABRIA","VV","0963","I853","10","1123"
"1180","PAVAROLO","PIEMONTE","TO","011","G387","4","1124"
"1213","RIVALBA","PIEMONTE","TO","011","H333","11","1124"
"3093","MASSINO VISCONTI","PIEMONTE","NO","0322","F047","7","1124"
"4239","VERNANTE","PIEMONTE","CN","0171","L771","62","1124"
"14022","CIVO","LOMBARDIA","SO","0342","C785","25","1124"
"99004","GEMMANO","EMILIA-ROMAGNA","RN","0541","D961","19","1124"
"66059","OCRE","ABRUZZO","AQ","0862","F996","24","1125"
"71003","ANZANO DI PUGLIA","PUGLIA","FG","0881","A320","11","1126"
"102024","NARDODIPACE","CALABRIA","VV","0963","F843","33","1127"
"3019","BOCA","PIEMONTE","NO","0322","A911","10","1129"
"8017","CERVO","LIGURIA","IM","0183","C559","3","1129"
"18047","CERVESINA","LOMBARDIA","PV","0383","C551","13","1129"
"30138","CAMPOLONGO TAPOGLIANO","FRIULI-VENEZIA GIULIA","UD","0431","M311","11","1130"
"79027","CERVA","CALABRIA","CZ","0961","C542","21","1130"
"19047","GENIVOLTA","LOMBARDIA","CR","0374","D966","19","1132"
"19001","ACQUANEGRA CREMONESE","LOMBARDIA","CR","0372","A039","9","1133"
"70061","ROTELLO","MOLISE","CB","0874","H589","70","1133"
"1042","BUROLO","PIEMONTE","TO","0125","B279","5","1134"
"6158","SAREZZANO","PIEMONTE","AL","0131","I432","14","1134"
"22120","MOLVENO","TRENTINO-ALTO ADIGE","TN","0461","F307","35","1134"
"96003","BENNA","PIEMONTE","BI","015","A784","9","1134"
"19018","CASALETTO CEREDANO","LOMBARDIA","CR","0373","B889","6","1137"
"19087","SALVIROLA","LOMBARDIA","CR","0373","H731","7","1137"
"33020","FERRIERE","EMILIA-ROMAGNA","PC","0523","D555","180","1137"
"79068","MAGISANO","CALABRIA","CZ","0961","E806","32","1137"
"4042","CARDÈ","PIEMONTE","CN","0172","B755","19","1138"
"57060","RIVODUTRI","LAZIO","RI","0746","H354","27","1138"
"18080","LARDIRAGO","LOMBARDIA","PV","0382","E454","5","1139"
"95037","OLLASTRA","SARDEGNA","OR","0783","G043","22","1139"
"111055","PIMENTEL","SARDEGNA","SU","070","G669","15","1140"
"6187","VISONE","PIEMONTE","AL","0144","M077","13","1141"
"22232","VALDAONE","TRENTINO-ALTO ADIGE","TN","0465","M343","177","1141"
"40049","TREDOZIO","EMILIA-ROMAGNA","FC","0546","L361","62","1142"
"78115","SAN DONATO DI NINEA","CALABRIA","CS","0981","H825","82","1142"
"95074","ZEDDIANI","SARDEGNA","OR","0783","M153","12","1142"
"13026","BLEVIO","LOMBARDIA","CO","031","A905","6","1143"
"17012","BARGHE","LOMBARDIA","BS","0365","A661","5","1143"
"76052","MONTEMURRO","BASILICATA","PZ","0971","F573","57","1144"
"60088","VILLA LATINA","LAZIO","FR","0776","A081","17","1146"
"67023","CROGNALETO","ABRUZZO","TE","0861","D179","124","1146"
"19031","CINGIA DE' BOTTI","LOMBARDIA","CR","0375","C703","14","1147"
"69102","VILLA SANTA MARIA","ABRUZZO","CH","0872","M022","16","1147"
"111025","GERGEI","SARDEGNA","SU","0782","D982","36","1147"
"53017","MONTIERI","TOSCANA","GR","0566","F677","108","1148"
"65057","GIOI","CAMPANIA","SA","0974","E037","28","1148"
"75032","GIUGGIANELLO","PUGLIA","LE","0836","E053","10","1148"
"1137","LORANZÈ","PIEMONTE","TO","0125","E683","4","1149"
"62018","CASTELPOTO","CAMPANIA","BN","0824","C250","12","1150"
"1142","MACELLO","PIEMONTE","TO","0121","E782","14","1151"
"1310","VIRLE PIEMONTE","PIEMONTE","TO","011","M069","14","1151"
"69042","GIULIANO TEATINO","ABRUZZO","CH","0871","E056","10","1151"
"16195","SCHILPARIO","LOMBARDIA","BG","0346","I530","64","1152"
"18151","SOMMO","LOMBARDIA","PV","0382","I825","14","1152"
"78022","CALOVETO","CALABRIA","CS","0983","B426","25","1152"
"16118","GROMO","LOMBARDIA","BG","0346","E189","20","1153"
"29049","VILLAMARZANA","VENETO","RO","0425","L967","14","1153"
"78088","ORSOMARSO","CALABRIA","CS","0985","G129","90","1153"
"78130","SANTA DOMENICA TALAO","CALABRIA","CS","0985","I183","36","1153"
"7034","HONE","VALLE D'AOSTA","AO","0125","E273","13","1154"
"16137","MONASTEROLO DEL CASTELLO","LOMBARDIA","BG","035","F328","8","1154"
"91099","URZULEI","SARDEGNA","NU","0782","L506","130","1154"
"97025","CORTENOVA","LOMBARDIA","LC","0341","D065","12","1155"
"6128","PECETTO DI VALENZA","PIEMONTE","AL","0131","G397","11","1156"
"78071","MAIERÀ","CALABRIA","CS","0985","E835","18","1156"
"111061","SAN BASILIO","SARDEGNA","SU","070","H766","45","1156"
"3022","BOLZANO NOVARESE","PIEMONTE","NO","0322","A953","3","1157"
"5023","CASTAGNOLE MONFERRATO","PIEMONTE","AT","0141","C047","17","1157"
"34046","VARSI","EMILIA-ROMAGNA","PR","0525","L689","80","1157"
"16032","BORGO DI TERZO","LOMBARDIA","BG","035","B010","2","1159"
"109009","LAPEDONA","MARCHE","FM","0734","E447","15","1160"
"95033","NORBELLO","SARDEGNA","OR","0785","F934","26","1161"
"58044","GERANO","LAZIO","RM","0774","D978","10","1163"
"62065","SAN MARTINO SANNITA","CAMPANIA","BN","0824","I002","6","1163"
"64063","MORRA DE SANCTIS","CAMPANIA","AV","0827","F744","30","1163"
"65051","FELITTO","CAMPANIA","SA","0828","D527","41","1163"
"70005","BUSSO","MOLISE","CB","0874","B295","24","1163"
"78043","COLOSIMI","CALABRIA","CS","0984","C905","24","1163"
"80083","SANTO STEFANO IN ASPROMONTE","CALABRIA","RC","0965","I371","18","1163"
"17089","LIMONE SUL GARDA","LOMBARDIA","BS","0365","E596","26","1164"
"25003","ALLEGHE","VENETO","BL","0437","A206","30","1164"
"19009","CALVATONE","LOMBARDIA","CR","0375","B439","13","1165"
"76018","CANCELLARA","BASILICATA","PZ","0971","B580","42","1166"
"6037","CASAL CERMELLI","PIEMONTE","AL","0131","B870","12","1167"
"22048","CASTELLO TESINO","TRENTINO-ALTO ADIGE","TN","0461","C194","112","1167"
"59020","PROSSEDI","LAZIO","LT","0773","H076","36","1167"
"50015","GUARDISTALLO","TOSCANA","PI","0586","E250","24","1168"
"13098","FAGGETO LARIO","LOMBARDIA","CO","031","D462","18","1169"
"6188","VOLPEDO","PIEMONTE","AL","0131","M120","11","1170"
"12024","BRUSIMPIANO","LOMBARDIA","VA","0332","B228","6","1170"
"94014","CERRO AL VOLTURNO","MOLISE","IS","0865","C534","24","1170"
"5015","CALOSSO","PIEMONTE","AT","0141","B425","16","1171"
"66065","OVINDOLI","ABRUZZO","AQ","0863","G200","59","1171"
"78129","SANTA CATERINA ALBANESE","CALABRIA","CS","0984","I171","17","1171"
"3045","CAVAGLIO D'AGOGNA","PIEMONTE","NO","0322","C365","10","1172"
"13161","NESSO","LOMBARDIA","CO","031","F877","15","1172"
"34038","TERENZO","EMILIA-ROMAGNA","PR","0525","E548","72","1172"
"111046","NURALLAO","SARDEGNA","SU","0782","F982","35","1172"
"1173","OSASCO","PIEMONTE","TO","0121","G151","5","1173"
"25044","ROCCA PIETORE","VENETO","BL","0437","H379","76","1174"
"65042","CICERALE","CAMPANIA","SA","0974","C676","41","1174"
"69013","CASACANDITELLA","ABRUZZO","CH","0871","B859","12","1174"
"44021","FORCE","MARCHE","AP","0736","D691","34","1175"
"111027","GESTURI","SARDEGNA","SU","070","D997","47","1175"
"22097","IMER","TRENTINO-ALTO ADIGE","TN","0439","E288","28","1177"
"61031","CONCA DELLA CAMPANIA","CAMPANIA","CE","0823","C939","27","1177"
"2142","STROPPIANA","PIEMONTE","VC","0161","I984","18","1178"
"22182","STENICO","TRENTINO-ALTO ADIGE","TN","0465","I949","50","1178"
"83082","SAN SALVATORE DI FITALIA","SICILIA","ME","0941","I147","15","1178"
"90062","AGLIENTU","SARDEGNA","SS","079","H848","149","1179"
"82018","CAMPOFIORITO","SICILIA","PA","091","B535","21","1181"
"6122","OVIGLIO","PIEMONTE","AL","0131","G199","27","1182"
"65060","LAUREANA CILENTO","CAMPANIA","SA","0974","E480","14","1182"
"65095","PIAGGINE","CAMPANIA","SA","0974","G538","62","1183"
"5101","SAN PAOLO SOLBRITO","PIEMONTE","AT","0141","I076","12","1184"
"57041","MONTELEONE SABINO","LAZIO","RI","0765","F541","19","1184"
"78098","PIETRAFITTA","CALABRIA","CS","0984","G615","9","1184"
"84039","SANT'ANGELO MUXARO","SICILIA","AG","0922","I290","64","1184"
"19043","FIESCO","LOMBARDIA","CR","0374","D574","8","1186"
"22102","LAVARONE","TRENTINO-ALTO ADIGE","TN","0464","E492","26","1186"
"1176","OZEGNA","PIEMONTE","TO","0124","G202","6","1187"
"78042","CLETO","CALABRIA","CS","0982","C795","19","1187"
"1311","VISCHE","PIEMONTE","TO","011","M071","17","1189"
"37014","CASTEL DEL RIO","EMILIA-ROMAGNA","BO","0542","C086","53","1189"
"69095","TORRICELLA PELIGNA","ABRUZZO","CH","0872","L291","35","1189"
"43014","COLMURANO","MARCHE","MC","0733","C886","11","1190"
"66013","CAGNANO AMITERNO","ABRUZZO","AQ","0862","B358","60","1190"
"68013","CIVITAQUANA","ABRUZZO","PE","085","C771","21","1190"
"83062","NOVARA DI SICILIA","SICILIA","ME","0941","F951","49","1190"
"103069","VALSTRONA","PIEMONTE","VB","0323","L651","49","1190"
"95017","BUSACHI","SARDEGNA","OR","0783","B281","59","1191"
"6153","SAN GIORGIO MONFERRATO","PIEMONTE","AL","0142","H878","7","1192"
"16050","CAPIZZONE","LOMBARDIA","BG","035","B661","5","1192"
"60040","GALLINARO","LAZIO","FR","0776","D881","18","1192"
"70076","SPINETE","MOLISE","CB","0874","I910","18","1193"
"1301","VILLANOVA CANAVESE","PIEMONTE","TO","011","L982","4","1194"
"61066","RAVISCANINA","CAMPANIA","CE","0823","H202","24","1194"
"29005","BAGNOLO DI PO","VENETO","RO","0425","A574","21","1195"
"36014","FIUMALBO","EMILIA-ROMAGNA","MO","0536","D617","39","1196"
"57070","TORRI IN SABINA","LAZIO","RI","0765","L286","26","1196"
"8021","CIPRESSA","LIGURIA","IM","0183","C718","10","1197"
"62032","FORCHIA","CAMPANIA","BN","0823","D693","5","1197"
"83050","MILITELLO ROSMARINO","SICILIA","ME","0941","F210","30","1197"
"70024","FOSSALTO","MOLISE","CB","0874","D737","28","1198"
"80004","ANTONIMINA","CALABRIA","RC","0964","A314","22","1200"
"111005","BARUMINI","SARDEGNA","SU","070","A681","27","1200"
"21095","STELVIO","TRENTINO-ALTO ADIGE","BZ","0473","I948","141","1201"
"64093","SANTA PAOLINA","CAMPANIA","AV","0825","I301","8","1201"
"111101","VILLANOVAFRANCA","SARDEGNA","SU","070","L987","27","1201"
"91056","OLLOLAI","SARDEGNA","NU","0784","G044","27","1202"
"17185","TIGNALE","LOMBARDIA","BS","0365","L169","48","1203"
"52036","TREQUANDA","TOSCANA","SI","0577","L384","64","1203"
"78006","ALBIDONA","CALABRIA","CS","0981","A160","64","1203"
"84006","CALAMONACI","SICILIA","AG","0925","B377","33","1203"
"65148","TORRACA","CAMPANIA","SA","0973","L233","16","1204"
"4201","SALICETO","PIEMONTE","CN","0174","H710","24","1205"
"6161","SEZZADIO","PIEMONTE","AL","0131","I711","34","1205"
"83013","CASTEL DI LUCIO","SICILIA","ME","0921","C094","28","1206"
"16164","PIAZZA BREMBANA","LOMBARDIA","BG","0345","G579","7","1207"
"20048","REDONDESCO","LOMBARDIA","MN","0376","H218","19","1208"
"69076","ROCCASPINALVETI","ABRUZZO","CH","0873","H448","33","1208"
"57015","CASTEL SANT'ANGELO","LAZIO","RI","0746","C268","31","1209"
"97033","ELLO","LOMBARDIA","LC","0341","D398","2","1209"
"103074","VIGNONE","PIEMONTE","VB","0323","L889","4","1209"
"57012","CASPERIA","LAZIO","RI","0765","A472","25","1210"
"65141","SESSA CILENTO","CAMPANIA","SA","0974","I677","18","1210"
"22074","DENNO","TRENTINO-ALTO ADIGE","TN","0461","D273","10","1211"
"64110","TORRE LE NOCELLE","CAMPANIA","AV","0825","L272","10","1211"
"6094","MIRABELLO MONFERRATO","PIEMONTE","AL","0142","F232","13","1212"
"16179","RANZANICO","LOMBARDIA","BG","035","H177","7","1212"
"3097","MEZZOMERICO","PIEMONTE","NO","0321","F188","8","1213"
"17183","TAVERNOLE SUL MELLA","LOMBARDIA","BS","030","C698","20","1213"
"19010","CAMISANO","LOMBARDIA","CR","0373","B484","11","1213"
"56046","VILLA SAN GIOVANNI IN TUSCIA","LAZIO","VT","0761","H913","5","1213"
"18175","VERRUA PO","LOMBARDIA","PV","0385","L788","11","1214"
"58061","MONTEFLAVIO","LAZIO","RM","0774","F504","17","1214"
"70042","MONTECILFONE","MOLISE","CB","0875","F475","23","1214"
"57028","FIAMIGNANO","LAZIO","RI","0746","D560","101","1215"
"91001","ARITZO","SARDEGNA","NU","0784","A407","76","1215"
"5075","MONTECHIARO D'ASTI","PIEMONTE","AT","0141","F468","10","1216"
"80010","BIVONGI","CALABRIA","RC","0964","A897","25","1216"
"24112","VALDASTICO","VENETO","VI","0445","L554","24","1218"
"71016","CASTELLUCCIO VALMAGGIORE","PUGLIA","FG","0881","C202","27","1218"
"78016","BIANCHI","CALABRIA","CS","0984","A842","33","1218"
"111081","SEUI","SARDEGNA","SU","0782","I706","148","1218"
"1050","CANDIA CANAVESE","PIEMONTE","TO","011","B588","9","1219"
"30105","SAN VITO AL TORRE","FRIULI-VENEZIA GIULIA","UD","0432","I404","12","1219"
"95011","BARATILI SAN PIETRO","SARDEGNA","OR","0783","A621","6","1219"
"97060","OLIVETO LARIO","LOMBARDIA","LC","031","G040","16","1219"
"5040","CISTERNA D'ASTI","PIEMONTE","AT","0141","C739","11","1221"
"80091","STIGNANO","CALABRIA","RC","0964","I955","17","1221"
"64021","CASSANO IRPINO","CAMPANIA","AV","0827","B997","12","920"
"66076","PREZZA","ABRUZZO","AQ","0864","H056","20","920"
"58053","MANDELA","LAZIO","RM","0774","B632","13","921"
"60059","ROCCA D'ARCE","LAZIO","FR","0776","H393","12","921"
"102038","SIMBARIO","CALABRIA","VV","0963","I744","19","921"
"1263","SESTRIERE","PIEMONTE","TO","0122","I692","26","922"
"14012","CAMPODOLCINO","LOMBARDIA","SO","0343","B530","48","922"
"64117","VILLAMAINA","CAMPANIA","AV","0825","L965","9","924"
"18018","BORGO SAN SIRO","LOMBARDIA","PV","0382","B038","17","926"
"33028","MORFASSO","EMILIA-ROMAGNA","PC","0523","F724","84","926"
"96039","NETRO","PIEMONTE","BI","015","F878","13","927"
"4074","COSSANO BELBO","PIEMONTE","CN","0141","D093","21","928"
"1174","OSASIO","PIEMONTE","TO","011","G152","4","929"
"5073","MONTAFIA","PIEMONTE","AT","0141","F390","15","929"
"78050","DOMANICO","CALABRIA","CS","0984","D328","24","929"
"16082","CORNA IMAGNA","LOMBARDIA","BG","035","D015","5","930"
"1267","SPARONE","PIEMONTE","TO","0124","I886","30","933"
"57008","BORGO VELINO","LAZIO","RI","0746","A996","17","934"
"96066","TAVIGLIANO","PIEMONTE","BI","015","L075","11","934"
"18157","TORRE D'ARESE","LOMBARDIA","PV","0382","L256","4","935"
"66017","CANISTRO","ABRUZZO","AQ","0863","B606","16","936"
"1096","CUCEGLIO","PIEMONTE","TO","0124","D197","7","937"
"14041","MELLO","LOMBARDIA","SO","0342","F115","12","937"
"30092","RESIA","FRIULI-VENEZIA GIULIA","UD","0433","H242","119","937"
"9035","MAGLIOLO","LIGURIA","SV","019","E816","19","940"
"83102","UCRIA","SICILIA","ME","0941","L482","26","940"
"111032","GUAMAGGIORE","SARDEGNA","SU","070","E234","17","940"
"2171","CELLIO CON BREIA","PIEMONTE","VC","0163","M398","17","941"
"3129","RECETTO","PIEMONTE","NO","0321","H213","9","941"
"30003","AMPEZZO","FRIULI-VENEZIA GIULIA","UD","0433","A267","74","941"
"4146","MURELLO","PIEMONTE","CN","0172","F811","17","942"
"7011","BRISSOGNE","VALLE D'AOSTA","AO","0165","B192","26","942"
"12023","BRUNELLO","LOMBARDIA","VA","0332","B219","2","943"
"76026","CASTRONUOVO DI SANT'ANDREA","BASILICATA","PZ","0973","C345","47","943"
"95066","TRAMATZA","SARDEGNA","OR","0783","L321","17","943"
"41061","SERRA SANT'ABBONDIO","MARCHE","PU","0721","I654","33","944"
"56040","ONANO","LAZIO","VT","0763","G065","25","944"
"66034","CIVITA D'ANTINO","ABRUZZO","AQ","0863","C766","29","944"
"6179","VIGNALE MONFERRATO","PIEMONTE","AL","0142","L881","19","945"
"76061","PIETRAPERTOSA","BASILICATA","PZ","0971","G623","67","945"
"6097","MOMBELLO MONFERRATO","PIEMONTE","AL","0142","F313","20","946"
"13160","MUSSO","LOMBARDIA","CO","0344","F828","4","946"
"18051","CODEVILLA","LOMBARDIA","PV","0383","C813","13","946"
"33003","BESENZONE","EMILIA-ROMAGNA","PC","0523","A823","24","946"
"109007","FRANCAVILLA D'ETE","MARCHE","FM","0734","D760","10","946"
"1285","VALGIOIE","PIEMONTE","TO","011","L578","9","947"
"53020","ROCCALBEGNA","TOSCANA","GR","0564","H417","125","947"
"6061","CONZANO","PIEMONTE","AL","0142","C977","12","948"
"70067","SAN GIULIANO DEL SANNIO","MOLISE","CB","0874","H928","24","949"
"22042","CARISOLO","TRENTINO-ALTO ADIGE","TN","0465","B783","25","950"
"54036","PACIANO","UMBRIA","PG","075","G212","17","950"
"58089","ROCCA SANTO STEFANO","LAZIO","RM","06","H441","10","951"
"80068","ROGHUDI","CALABRIA","RC","0965","H489","36","952"
"90011","BONNANARO","SARDEGNA","SS","079","A976","22","952"
"78111","SAN BASILE","CALABRIA","CS","0981","H765","18","954"
"34028","PELLEGRINO PARMENSE","EMILIA-ROMAGNA","PR","0524","G424","82","955"
"76074","SAN CHIRICO RAPARO","BASILICATA","PZ","0973","H796","83","955"
"6165","SPIGNO MONFERRATO","PIEMONTE","AL","0144","I901","55","956"
"80006","BAGALADI","CALABRIA","RC","0965","A544","31","956"
"18011","BASTIDA PANCARANA","LOMBARDIA","PV","0383","A712","13","957"
"4196","RODELLO","PIEMONTE","CN","0173","H474","9","958"
"6178","VALMACCA","PIEMONTE","AL","0142","L633","13","959"
"30021","CAVAZZO CARNICO","FRIULI-VENEZIA GIULIA","UD","0433","C389","39","961"
"3153","VAPRIO D'AGOGNA","PIEMONTE","NO","0321","L668","10","962"
"18141","SANT'ALESSIO CON VIALONE","LOMBARDIA","PV","0382","I213","7","962"
"94027","MIRANDA","MOLISE","IS","0865","F239","22","963"
"5003","ANTIGNANO","PIEMONTE","AT","0141","A312","11","964"
"18184","ZAVATTARELLO","LOMBARDIA","PV","0383","M150","28","965"
"31011","MEDEA","FRIULI-VENEZIA GIULIA","GO","0481","F081","7","965"
"67027","MONTEFINO","ABRUZZO","TE","0861","F500","18","965"
"78078","MARZI","CALABRIA","CS","0984","F001","16","965"
"79148","TORRE DI RUGGIERO","CALABRIA","CZ","0967","L240","25","967"
"14077","VILLA DI CHIAVENNA","LOMBARDIA","SO","0343","L907","33","968"
"21103","TUBRE","TRENTINO-ALTO ADIGE","BZ","0473","L455","46","968"
"111091","TUILI","SARDEGNA","SU","070","L463","25","968"
"1198","POMARETTO","PIEMONTE","TO","0121","G805","9","970"
"70027","GUARDIALFIERA","MOLISE","CB","0874","E244","43","970"
"18038","CASTELLETTO DI BRANDUZZO","LOMBARDIA","PV","0383","C157","11","971"
"78089","PALUDI","CALABRIA","CS","0983","G298","42","971"
"78124","SAN MARTINO DI FINITA","CALABRIA","CS","0984","H992","24","971"
"91088","TALANA","SARDEGNA","NU","0782","L036","118","971"
"16107","GANDELLINO","LOMBARDIA","BG","0346","D903","25","972"
"1119","GROSSO","PIEMONTE","TO","011","E203","4","973"
"4152","NOVELLO","PIEMONTE","CN","0173","F961","12","973"
"17124","ONO SAN PIETRO","LOMBARDIA","BS","0364","G074","14","973"
"4151","NIELLA TANARO","PIEMONTE","CN","0174","F895","16","974"
"16146","OLTRE IL COLLE","LOMBARDIA","BG","0345","G050","32","974"
"4169","PIOZZO","PIEMONTE","CN","0173","G697","14","975"
"69062","PALOMBARO","ABRUZZO","CH","0871","G294","18","975"
"16205","SPINONE AL LAGO","LOMBARDIA","BG","035","I916","2","976"
"18057","CORVINO SAN QUIRICO","LOMBARDIA","PV","0383","D081","4","977"
"65004","ALFANO","CAMPANIA","SA","0974","A186","5","977"
"1245","SAN GIORIO DI SUSA","PIEMONTE","TO","0122","H900","20","978"
"89004","BUSCEMI","SICILIA","SR","0931","B287","52","978"
"6040","CASALNOCETO","PIEMONTE","AL","0131","B902","13","979"
"62033","FRAGNETO L'ABATE","CAMPANIA","BN","0824","D755","21","979"
"13204","SAN BARTOLOMEO VAL CAVARGNA","LOMBARDIA","CO","0344","H760","11","980"
"51038","TALLA","TOSCANA","AR","0575","L038","60","980"
"3037","CASALBELTRAME","PIEMONTE","NO","0321","B864","16","981"
"21112","VERANO","TRENTINO-ALTO ADIGE","BZ","0473","L745","22","982"
"102046","VAZZANO","CALABRIA","VV","0963","L699","20","982"
"5067","MONALE","PIEMONTE","AT","0141","F323","9","983"
"62013","CAMPOLATTARO","CAMPANIA","BN","0824","B541","18","983"
"78109","ROTA GRECA","CALABRIA","CS","0984","H585","13","983"
"83043","MALFA","SICILIA","ME","090","E855","9","983"
"66041","CORFINIO","ABRUZZO","AQ","0864","C999","18","984"
"102005","CAPISTRANO","CALABRIA","VV","0963","B655","21","984"
"1159","MONTALENGHE","PIEMONTE","TO","011","F411","7","985"
"44010","CARASSAI","MARCHE","AP","0734","B727","22","985"
"9031","GIUSTENICE","LIGURIA","SV","019","E064","17","986"
"71032","MONTELEONE DI PUGLIA","PUGLIA","FG","0881","F538","36","986"
"1318","VALCHIUSA","PIEMONTE","TO","0125","M415","50","987"
"22135","RONZO-CHIENIS","TRENTINO-ALTO ADIGE","TN","0464","M303","13","987"
"16223","VALBONDIONE","LOMBARDIA","BG","0346","L544","95","988"
"45004","CASOLA IN LUNIGIANA","TOSCANA","MS","0585","B979","43","988"
"53028","SEMPRONIANO","TOSCANA","GR","0564","I601","81","988"
"82066","SANTA CRISTINA GELA","SICILIA","PA","091","I174","39","988"
"96083","ZUMAGLIA","PIEMONTE","BI","015","M201","3","988"
"4205","SAMPEYRE","PIEMONTE","CN","0175","H755","99","989"
"12071","GALLIATE LOMBARDO","LOMBARDIA","VA","0332","D871","4","989"
"29025","GAIBA","VENETO","RO","0425","D855","12","989"
"16033","BOSSICO","LOMBARDIA","BG","035","B083","7","990"
"65024","CANNALONGA","CAMPANIA","SA","0974","B608","18","990"
"67012","CASTELLI","ABRUZZO","TE","0861","C169","50","990"
"6063","CREMOLINO","PIEMONTE","AL","0143","D149","14","991"
"42024","MERGO","MARCHE","AN","0731","F145","7","991"
"65085","ORRIA","CAMPANIA","SA","0974","G121","26","991"
"5100","SAN MARZANO OLIVETO","PIEMONTE","AT","0141","I017","10","992"
"43035","PENNA SAN GIOVANNI","MARCHE","MC","0733","G436","28","992"
"45017","ZERI","TOSCANA","MS","0187","M169","74","992"
"70068","SAN GIULIANO DI PUGLIA","MOLISE","CB","0874","H929","42","992"
"19080","RIPALTA ARPINA","LOMBARDIA","CR","0373","H314","7","993"
"76072","RUVO DEL MONTE","BASILICATA","PZ","0976","H646","32","993"
"79074","MARTIRANO LOMBARDO","CALABRIA","CZ","0968","E991","20","993"
"111090","TRATALIAS","SARDEGNA","SU","0781","L337","31","993"
"57014","CASTELNUOVO DI FARFA","LAZIO","RI","0765","C224","9","994"
"99009","MONTEGRIDOLFO","EMILIA-ROMAGNA","RN","0541","F523","7","994"
"4008","BAGNASCO","PIEMONTE","CN","0174","A555","31","995"
"82026","CEFALÀ DIANA","SICILIA","PA","091","C420","9","995"
"1304","VILLAREGGIA","PIEMONTE","TO","0161","M004","11","996"
"7053","PRÈ-SAINT-DIDIER","VALLE D'AOSTA","AO","0165","H042","34","996"
"60039","FUMONE","LAZIO","FR","0775","D819","15","2002"
"65101","POSTIGLIONE","CAMPANIA","SA","0828","G939","48","2002"
"30071","PALUZZA","FRIULI-VENEZIA GIULIA","UD","0433","G300","70","2003"
"98043","OSPEDALETTO LODIGIANO","LOMBARDIA","LO","0377","G166","8","2004"
"1178","PANCALIERI","PIEMONTE","TO","011","G303","16","2005"
"102010","FABRIZIA","CALABRIA","VV","0963","D453","39","2005"
"3158","VESPOLATE","PIEMONTE","NO","0321","L808","18","2006"
"4062","CERESOLE ALBA","PIEMONTE","CN","0172","C504","37","2007"
"7040","LA SALLE","VALLE D'AOSTA","AO","0165","E458","84","2007"
"14070","TRESIVIO","LOMBARDIA","SO","0342","L392","15","2007"
"4176","PRIOCCA","PIEMONTE","CN","0173","H068","9","2009"
"15082","COLTURANO","LOMBARDIA","MI","02","C908","4","2009"
"71015","CASTELLUCCIO DEI SAURI","PUGLIA","FG","0881","C198","51","2009"
"16251","SOLZA","LOMBARDIA","BG","035","I813","1","2011"
"1009","ANDEZENO","PIEMONTE","TO","011","A275","7","2013"
"16021","BARZANA","LOMBARDIA","BG","035","A684","2","2013"
"20064","SUSTINENTE","LOMBARDIA","MN","0386","L015","26","2013"
"62048","PAOLISI","CAMPANIA","BN","0823","G318","6","2013"
"91032","ILBONO","SARDEGNA","NU","0782","E283","31","2014"
"6012","BASALUZZO","PIEMONTE","AL","0143","A689","15","2015"
"22039","CANAZEI","TRENTINO-ALTO ADIGE","TN","0462","B579","67","2015"
"61039","GALLUCCIO","CAMPANIA","CE","0823","D886","32","2016"
"62010","BUCCIANO","CAMPANIA","BN","0823","B239","8","2016"
"33044","VERNASCA","EMILIA-ROMAGNA","PC","0523","L772","73","2017"
"62054","PONTELANDOLFO","CAMPANIA","BN","0824","G848","29","2018"
"80095","VARAPODIO","CALABRIA","RC","0966","L673","29","2018"
"95052","SEDILO","SARDEGNA","OR","0785","I564","69","2018"
"3135","SAN PIETRO MOSEZZO","PIEMONTE","NO","0321","I116","35","2019"
"102009","DRAPIA","CALABRIA","VV","0963","D364","22","2019"
"1077","CHIAVERANO","PIEMONTE","TO","0125","C624","12","2021"
"41008","CANTIANO","MARCHE","PU","0721","B636","83","2021"
"61006","BAIA E LATINA","CAMPANIA","CE","0823","A579","25","2021"
"21058","NOVA LEVANTE","TRENTINO-ALTO ADIGE","BZ","0471","F949","51","2022"
"52021","PIENZA","TOSCANA","SI","0578","G602","123","2022"
"91083","SILANUS","SARDEGNA","NU","0785","I730","48","2022"
"6180","VIGNOLE BORBERA","PIEMONTE","AL","0143","L887","8","2023"
"78135","SAN VINCENZO LA COSTA","CALABRIA","CS","0984","I388","16","2023"
"62047","PANNARANO","CAMPANIA","BN","0824","G311","12","2024"
"90090","PADRU","SARDEGNA","SS","0789","M301","130","2024"
"16199","SERINA","LOMBARDIA","BG","0345","I629","28","2026"
"69002","ARCHI","ABRUZZO","CH","0872","A367","28","2030"
"61050","MARZANO APPIO","CAMPANIA","CE","0823","E998","28","2032"
"30005","ARTA TERME","FRIULI-VENEZIA GIULIA","UD","0433","A447","53","2033"
"99026","SANT'AGATA FELTRIA","EMILIA-ROMAGNA","RN","0541","I201","79","2034"
"21085","SANTA CRISTINA VALGARDENA","TRENTINO-ALTO ADIGE","BZ","0471","I173","32","2036"
"83063","OLIVERI","SICILIA","ME","0941","G036","10","2036"
"95043","RIOLA SARDO","SARDEGNA","OR","0783","H301","48","2036"
"55009","CASTEL GIORGIO","UMBRIA","TR","0763","C117","42","2037"
"96050","PRAY","PIEMONTE","BI","015","G974","9","2037"
"96087","QUAREGNA CERRETO","PIEMONTE","BI","015","M414","8","2038"
"17024","BOVEGNO","LOMBARDIA","BS","030","B100","47","2040"
"18083","LOMELLO","LOMBARDIA","PV","0384","E662","22","2042"
"41027","MOMBAROCCIO","MARCHE","PU","0721","F310","28","2042"
"34002","BARDI","EMILIA-ROMAGNA","PR","0525","A646","189","2044"
"15022","BESATE","LOMBARDIA","MI","02","A820","13","2045"
"78093","PARENTI","CALABRIA","CS","0984","G331","38","2047"
"28095","URBANA","VENETO","PD","0429","L497","17","2049"
"34008","CALESTANO","EMILIA-ROMAGNA","PR","0525","B408","57","2049"
"21054","MOSO IN PASSIRIA","TRENTINO-ALTO ADIGE","BZ","0473","F766","195","2050"
"21055","NALLES","TRENTINO-ALTO ADIGE","BZ","0471","F836","12","2050"
"49010","MARCIANA","TOSCANA","LI","0565","E930","45","2050"
"96046","POLLONE","PIEMONTE","BI","015","G798","16","2050"
"111048","NURRI","SARDEGNA","SU","0782","F986","74","2050"
"42033","OFFAGNA","MARCHE","AN","071","G003","11","2051"
"32005","SGONICO","FRIULI-VENEZIA GIULIA","TS","040","I715","31","2052"
"111039","MANDAS","SARDEGNA","SU","070","E877","45","2053"
"5058","INCISA SCAPACCINO","PIEMONTE","AT","0141","E295","21","2054"
"19057","MARTIGNANA DI PO","LOMBARDIA","CR","0375","E983","15","2054"
"41047","PIANDIMELETO","MARCHE","PU","0722","G551","40","2054"
"69084","SANTA MARIA IMBARO","ABRUZZO","CH","0872","I244","6","2054"
"102020","MAIERATO","CALABRIA","VV","0963","E836","40","2055"
"17058","COLLIO","LOMBARDIA","BS","030","C883","54","2056"
"94030","MONTERODUNI","MOLISE","IS","0865","F601","37","2056"
"111050","ORROLI","SARDEGNA","SU","0782","G122","76","2056"
"1055","CAPRIE","PIEMONTE","TO","011","B705","16","2057"
"8056","SANTO STEFANO AL MARE","LIGURIA","IM","0184","I365","3","2058"
"30122","TORREANO","FRIULI-VENEZIA GIULIA","UD","0432","L246","35","2059"
"80003","ANOIA","CALABRIA","RC","0966","A303","10","2059"
"4190","ROCCAFORTE MONDOVÌ","PIEMONTE","CN","0174","H407","85","2060"
"19107","TORRE DE' PICENARDI","LOMBARDIA","CR","0375","L258","34","2061"
"46006","CAMPORGIANO","TOSCANA","LU","0583","B557","27","2062"
"58062","MONTELANICO","LAZIO","RM","06","F534","35","2062"
"17189","TREMOSINE SUL GARDA","LOMBARDIA","BS","0365","L372","72","2066"
"70038","MIRABELLO SANNITICO","MOLISE","CB","0874","F233","21","2067"
"29027","GIACCIANO CON BARUCHELLA","VENETO","RO","0425","E008","18","2068"
"6095","MOLARE","PIEMONTE","AL","0143","F281","33","2069"
"23067","ROVERÈ VERONESE","VENETO","VR","045","H608","36","2070"
"64095","SANTO STEFANO DEL SOLE","CAMPANIA","AV","0825","I357","11","2071"
"78020","BUONVICINO","CALABRIA","CS","0985","B270","30","2072"
"36029","PALAGANO","EMILIA-ROMAGNA","MO","0536","G250","60","2073"
"43002","APIRO","MARCHE","MC","0733","A329","54","2073"
"69068","POLLUTRI","ABRUZZO","CH","0873","G799","26","2073"
"22127","NOGAREDO","TRENTINO-ALTO ADIGE","TN","0464","F920","4","2075"
"108002","AICURZIO","LOMBARDIA","MB","039","A096","3","2077"
"13068","CIRIMIDO","LOMBARDIA","CO","031","C724","3","2080"
"66068","PESCASSEROLI","ABRUZZO","AQ","0863","G484","93","2081"
"67013","CASTIGLIONE MESSER RAIMONDO","ABRUZZO","TE","0861","C316","31","2082"
"14049","PIATEDA","LOMBARDIA","SO","0342","G576","71","2083"
"9013","BORGIO VEREZZI","LIGURIA","SV","019","B005","3","2084"
"36025","MONTEFIORINO","EMILIA-ROMAGNA","MO","0536","F503","45","2084"
"102033","SAN COSTANTINO CALABRO","CALABRIA","VV","0963","H807","7","2084"
"111018","ESCALAPLANO","SARDEGNA","SU","070","D430","94","2084"
"8029","DOLCEACQUA","LIGURIA","IM","0184","D318","20","2085"
"22095","GRIGNO","TRENTINO-ALTO ADIGE","TN","0461","E178","46","2086"
"51011","CASTIGLION FIBOCCHI","TOSCANA","AR","0575","C318","26","2086"
"109022","MONTERUBBIANO","MARCHE","FM","0734","F614","32","2086"
"77012","GROTTOLE","BASILICATA","MT","0835","E213","116","2088"
"30031","COSEANO","FRIULI-VENEZIA GIULIA","UD","0432","D085","24","2091"
"16154","PAGAZZANO","LOMBARDIA","BG","0363","G233","5","2095"
"18168","VALLE LOMELLINA","LOMBARDIA","PV","0384","L593","27","2095"
"61086","SANT'ANGELO D'ALIFE","CAMPANIA","CE","0823","I273","34","2095"
"19088","SAN BASSANO","LOMBARDIA","CR","0374","H767","14","2096"
"25015","COMELICO SUPERIORE","VENETO","BL","0435","C920","96","2096"
"97090","VIGANÒ","LOMBARDIA","LC","039","L866","2","2096"
"1027","BOLLENGO","PIEMONTE","TO","0125","A941","14","2097"
"7044","MORGEX","VALLE D'AOSTA","AO","0165","F726","43","2097"
"80056","PALIZZI","CALABRIA","RC","0965","G277","52","2097"
"7008","AYMAVILLES","VALLE D'AOSTA","AO","0165","A108","53","2098"
"22233","DIMARO FOLGARIDA","TRENTINO-ALTO ADIGE","TN","0463","M366","37","2099"
"91042","LOTZORAI","SARDEGNA","NU","0782","E700","17","2100"
"34001","ALBARETO","EMILIA-ROMAGNA","PR","0525","A138","104","2101"
"3006","ARMENO","PIEMONTE","NO","0322","A414","32","2102"
"4165","PIANFEI","PIEMONTE","CN","0174","G561","15","2102"
"62035","FRASSO TELESINO","CAMPANIA","BN","0824","D784","22","2102"
"20068","VILLIMPENTA","LOMBARDIA","MN","0376","M044","15","2103"
"62028","DURAZZANO","CAMPANIA","BN","0823","D386","13","2103"
"33022","GAZZOLA","EMILIA-ROMAGNA","PC","0523","D958","44","2104"
"45013","PODENZANA","TOSCANA","MS","0187","G746","17","2106"
"67018","COLLEDARA","ABRUZZO","TE","0861","C311","20","2106"
"64041","LACEDONIA","CAMPANIA","AV","0827","E397","82","2107"
"26067","REVINE LAGO","VENETO","TV","0438","H253","19","2109"
"33043","TRAVO","EMILIA-ROMAGNA","PC","0523","L348","80","2110"
"60087","VICO NEL LAZIO","LAZIO","FR","0775","L843","46","2110"
"95041","PAULILATINO","SARDEGNA","OR","0785","G384","104","2110"
"42049","STAFFOLO","MARCHE","AN","0731","I932","28","2112"
"5066","MOMBERCELLI","PIEMONTE","AT","0141","F316","14","2113"
"64067","OSPEDALETTO D'ALPINOLO","CAMPANIA","AV","0825","G165","6","2113"
"17031","CAINO","LOMBARDIA","BS","030","B365","17","2114"
"30124","TRASAGHIS","FRIULI-VENEZIA GIULIA","UD","0432","L335","78","2116"
"98017","CAVENAGO D'ADDA","LOMBARDIA","LO","0371","C394","16","2116"
"4072","CORNELIANO D'ALBA","PIEMONTE","CN","0173","D022","10","2120"
"66092","SAN VINCENZO VALLE ROVETO","ABRUZZO","AQ","0863","I389","43","2120"
"50011","CASTELNUOVO DI VAL DI CECINA","TOSCANA","PI","0588","C244","89","2121"
"34039","TIZZANO VAL PARMA","EMILIA-ROMAGNA","PR","0521","L183","78","2122"
"97043","LIERNA","LOMBARDIA","LC","0341","E581","11","2122"
"9025","CISANO SUL NEVA","LIGURIA","SV","0182","C729","12","2123"
"95059","SIMAXIS","SARDEGNA","OR","0783","I743","28","2126"
"97074","SANTA MARIA HOÈ","LOMBARDIA","LC","039","I243","3","2127"
"64028","CHIUSANO DI SAN DOMENICO","CAMPANIA","AV","0825","C659","25","2128"
"30103","SAN PIETRO AL NATISONE","FRIULI-VENEZIA GIULIA","UD","0432","I092","24","2129"
"62061","SAN LORENZELLO","CAMPANIA","BN","0824","H955","14","2129"
"28006","ARRE","VENETO","PD","049","A438","12","2130"
"3121","POMBIA","PIEMONTE","NO","0321","G809","12","2131"
"42005","BELVEDERE OSTRENSE","MARCHE","AN","0731","A769","29","2133"
"17079","GIANICO","LOMBARDIA","BS","0364","E010","13","2134"
"50020","MONTESCUDAIO","TOSCANA","PI","0586","F640","20","2134"
"75045","MELPIGNANO","PUGLIA","LE","0836","F117","11","2134"
"94050","SESTO CAMPANO","MOLISE","IS","0865","I682","37","2134"
"10064","USCIO","LIGURIA","GE","0185","L507","10","2135"
"28102","VILLA ESTENSE","VENETO","PD","0429","L937","16","2135"
"62007","BASELICE","CAMPANIA","BN","0824","A696","48","2135"
"64055","MONTEFREDANE","CAMPANIA","AV","0825","F511","9","2136"
"103044","MERGOZZO","PIEMONTE","VB","0323","F146","27","2136"
"20025","GAZZUOLO","LOMBARDIA","MN","0376","D959","22","2137"
"57033","LEONESSA","LAZIO","RI","0746","E535","205","2141"
"6068","FELIZZANO","PIEMONTE","AL","0131","D528","25","2142"
"33025","GROPPARELLO","EMILIA-ROMAGNA","PC","0523","E196","56","2144"
"80023","CARERI","CALABRIA","RC","0964","B766","38","2145"
"23085","TERRAZZO","VENETO","VR","0442","L136","21","2146"
"3114","PARUZZARO","PIEMONTE","NO","0322","G349","5","2147"
"17132","PAITONE","LOMBARDIA","BS","030","G248","8","2148"
"24005","ALTISSIMO","VENETO","VI","0444","A236","15","2148"
"92099","VILLA SAN PIETRO","SARDEGNA","CA","070","I118","40","2148"
"3109","OLEGGIO CASTELLO","PIEMONTE","NO","0322","G020","6","2149"
"56029","GRAFFIGNANO","LAZIO","VT","0761","E128","29","2151"
"4217","SCARNAFIGI","PIEMONTE","CN","0175","I512","30","2152"
"12027","CADEGLIANO-VICONAGO","LOMBARDIA","VA","0332","B326","10","2154"
"31017","SAGRADO","FRIULI-VENEZIA GIULIA","GO","0481","H665","14","2155"
"52007","CASTIGLIONE D'ORCIA","TOSCANA","SI","0577","C313","142","2157"
"55030","SAN VENANZO","UMBRIA","TR","075","I381","169","2157"
"56056","VEJANO","LAZIO","VT","0761","L713","44","2157"
"76092","TRECCHINA","BASILICATA","PZ","0973","L357","38","2159"
"61056","PIANA DI MONTE VERNA","CAMPANIA","CE","0823","G541","23","2160"
"12080","GORNATE OLONA","LOMBARDIA","VA","0331","E104","5","2161"
"37033","LIZZANO IN BELVEDERE","EMILIA-ROMAGNA","BO","0534","A771","86","2161"
"64014","CALABRITTO","CAMPANIA","AV","0827","B374","52","2161"
"72008","BINETTO","PUGLIA","BA","080","A874","18","2161"
"98018","CERVIGNANO D'ADDA","LOMBARDIA","LO","02","C555","4","2164"
"1065","CASTAGNOLE PIEMONTE","PIEMONTE","TO","011","C048","17","2165"
"3084","LESA","PIEMONTE","NO","0322","E544","12","2165"
"13029","BRENNA","LOMBARDIA","CO","031","B144","5","2165"
"19012","CAPERGNANICA","LOMBARDIA","CR","0373","B650","7","2165"
"24077","PIANEZZE","VENETO","VI","0424","G560","5","2165"
"65012","AULETTA","CAMPANIA","SA","0975","A495","36","2165"
"30133","VILLA SANTINA","FRIULI-VENEZIA GIULIA","UD","0433","L909","13","2166"
"64070","PATERNOPOLI","CAMPANIA","AV","0827","G370","18","2166"
"84037","SANTA ELISABETTA","SICILIA","AG","0922","I185","16","2166"
"91016","DESULO","SARDEGNA","NU","0784","D287","75","2166"
"108014","CAMPARADA","LOMBARDIA","MB","039","B501","2","2166"
"4114","MAGLIANO ALPI","PIEMONTE","CN","0174","E808","33","2170"
"16215","TORRE DE' BUSI","LOMBARDIA","BG","035","L257","9","2170"
"4225","TARANTASCA","PIEMONTE","CN","0171","L048","12","2171"
"75080","STERNATIA","PUGLIA","LE","0836","I950","17","2171"
"33033","PIANELLO VAL TIDONE","EMILIA-ROMAGNA","PC","0523","G557","36","2173"
"10040","NE","LIGURIA","GE","0185","F858","64","2174"
"97069","PREMANA","LOMBARDIA","LC","0341","H028","34","2175"
"16001","ADRARA SAN MARTINO","LOMBARDIA","BG","035","A057","13","2176"
"30028","COLLOREDO DI MONTE ALBANO","FRIULI-VENEZIA GIULIA","UD","0432","C885","22","2176"
"90078","VILLANOVA MONTELEONE","SARDEGNA","SS","079","L989","203","2177"
"1102","FELETTO","PIEMONTE","TO","0124","D524","8","2178"
"46023","PIAZZA AL SERCHIO","TOSCANA","LU","0583","G582","27","2178"
"30001","AIELLO DEL FRIULI","FRIULI-VENEZIA GIULIA","UD","0431","A103","13","2179"
"69101","VILLAMAGNA","ABRUZZO","CH","0871","L964","13","2180"
"23062","RIVOLI VERONESE","VENETO","VR","045","H356","18","2182"
"93042","SEQUALS","FRIULI-VENEZIA GIULIA","PN","0427","I621","28","2182"
"97068","PESCATE","LOMBARDIA","LC","0341","G485","2","2182"
"4185","ROBILANTE","PIEMONTE","CN","0171","H377","25","2183"
"20010","CASALMORO","LOMBARDIA","MN","0376","B901","14","2184"
"36031","PIEVEPELAGO","EMILIA-ROMAGNA","MO","0536","G649","76","2185"
"91067","ORUNE","SARDEGNA","NU","0784","G147","129","2185"
"94038","POZZILLI","MOLISE","IS","0865","G954","34","2186"
"1032","BORGONE SUSA","PIEMONTE","TO","011","B024","5","2187"
"75054","NOCIGLIA","PUGLIA","LE","0836","F916","11","2188"
"62024","CIRCELLO","CAMPANIA","BN","0824","C719","45","2189"
"29038","PONTECCHIO POLESINE","VENETO","RO","0425","G836","11","2192"
"79072","MARCELLINARA","CALABRIA","CZ","0961","E925","21","2192"
"64107","TAURASI","CAMPANIA","AV","0827","L062","14","2193"
"109031","PETRITOLI","MARCHE","FM","0734","G516","24","2193"
"4113","MAGLIANO ALFIERI","PIEMONTE","CN","0173","E809","10","2194"
"26061","POSSAGNO","VENETO","TV","0423","G933","12","2196"
"29021","FICAROLO","VENETO","RO","0425","D568","18","2197"
"10062","TORRIGLIA","LIGURIA","GE","010","L298","59","2198"
"78060","GRISOLIA","CALABRIA","CS","0985","E185","51","2199"
"109038","SERVIGLIANO","MARCHE","FM","0734","C070","18","2201"
"43022","LORO PICENO","MARCHE","MC","0733","E694","32","2203"
"65098","POLLICA","CAMPANIA","SA","0974","G796","28","2204"
"76002","ACERENZA","BASILICATA","PZ","0971","A020","77","2204"
"56031","ISCHIA DI CASTRO","LAZIO","VT","0761","E330","105","2205"
"4046","CASTAGNITO","PIEMONTE","CN","0173","C046","7","2206"
"25004","ARSIÈ","VENETO","BL","0439","A443","65","2206"
"45006","FILATTIERA","TOSCANA","MS","0187","D590","49","2209"
"57066","STIMIGLIANO","LAZIO","RI","0765","I959","11","2211"
"12016","BODIO LOMNAGO","LOMBARDIA","VA","0332","A918","4","2212"
"71001","ACCADIA","PUGLIA","FG","0881","A015","30","2212"
"83017","CESARÒ","SICILIA","ME","095","C568","216","2212"
"62025","COLLE SANNITA","CAMPANIA","BN","0824","C846","37","2213"
"90074","TRINITÀ D'AGULTU E VIGNOLA","SARDEGNA","SS","079","L428","136","2216"
"29017","CORBOLA","VENETO","RO","0426","C987","18","2217"
"78036","CERCHIARA DI CALABRIA","CALABRIA","CS","0981","C489","82","2218"
"22110","MALÈ","TRENTINO-ALTO ADIGE","TN","0463","E850","26","2219"
"98025","CRESPIATICA","LOMBARDIA","LO","0371","D159","7","2219"
"21024","CORTACCIA SULLA STRADA DEL VINO","TRENTINO-ALTO ADIGE","BZ","0471","D048","29","2220"
"60009","ARNARA","LAZIO","FR","0775","A421","12","2222"
"4232","TRINITÀ","PIEMONTE","CN","0172","L427","28","2223"
"90080","TELTI","SARDEGNA","SS","0789","L088","85","2224"
"91070","OTTANA","SARDEGNA","NU","0784","G191","45","2224"
"99008","MONTEFIORE CONCA","EMILIA-ROMAGNA","RN","0541","F502","22","2227"
"2017","BORGO VERCELLI","PIEMONTE","VC","0161","B046","19","2228"
"61068","RIARDO","CAMPANIA","CE","0823","H268","17","2232"
"1069","CAVAGNOLO","PIEMONTE","TO","011","C369","12","2237"
"64012","BONITO","CAMPANIA","AV","0825","A975","19","2238"
"91033","IRGOLI","SARDEGNA","NU","0784","E323","75","2239"
"98040","MONTANASO LOMBARDO","LOMBARDIA","LO","0371","F423","10","2241"
"4065","CERVERE","PIEMONTE","CN","0172","C550","19","2242"
"24115","VELO D'ASTICO","VENETO","VI","0445","L723","22","2242"
"64018","CAPRIGLIA IRPINA","CAMPANIA","AV","0825","B706","7","2242"
"65040","CERASO","CAMPANIA","SA","0974","C485","46","2242"
"28021","CANDIANA","VENETO","PD","049","B589","22","2243"
"4073","CORTEMILIA","PIEMONTE","CN","0173","D062","25","2244"
"27040","TEGLIO VENETO","VENETO","VE","0421","L085","12","2244"
"10016","CICAGNA","LIGURIA","GE","0185","C673","12","2245"
"75056","ORTELLE","PUGLIA","LE","0836","G136","10","2246"
"95049","SANTU LUSSURGIU","SARDEGNA","OR","0783","I374","100","2247"
"18043","CERANOVA","LOMBARDIA","PV","0382","C484","5","2249"
"78133","SANTA SOFIA D'EPIRO","CALABRIA","CS","0984","I309","40","2251"
"19085","ROBECCO D'OGLIO","LOMBARDIA","CR","0372","H372","18","2252"
"76083","SATRIANO DI LUCANIA","BASILICATA","PZ","0975","G614","33","2254"
"1106","FOGLIZZO","PIEMONTE","TO","011","D646","16","2255"
"83016","CASTROREALE","SICILIA","ME","090","C347","55","2255"
"97070","PRIMALUNA","LOMBARDIA","LC","0341","H063","23","2256"
"19058","MONTE CREMASCO","LOMBARDIA","CR","0373","F434","2","2257"
"14052","PONTE IN VALTELLINA","LOMBARDIA","SO","0342","G829","69","2258"
"78067","LONGOBARDI","CALABRIA","CS","0982","E677","20","2259"
"2015","BORGO D'ALE","PIEMONTE","VC","0161","B009","39","2260"
"4099","GOVONE","PIEMONTE","CN","0173","E118","19","2260"
"90056","PERFUGAS","SARDEGNA","SS","079","G450","60","2261"
"66056","MONTEREALE","ABRUZZO","AQ","0862","F595","104","2262"
"98020","COMAZZO","LOMBARDIA","LO","02","C917","13","2262"
"65035","CASTEL SAN LORENZO","CAMPANIA","SA","0828","C262","14","2263"
"19029","CHIEVE","LOMBARDIA","CR","0373","C634","6","2264"
"78069","LUNGRO","CALABRIA","CS","0981","E745","35","2264"
"6021","BOSCO MARENGO","PIEMONTE","AL","0131","B071","45","2265"
"98026","FOMBIO","LOMBARDIA","LO","0377","D660","7","2265"
"8026","DIANO CASTELLO","LIGURIA","IM","0183","D296","6","2266"
"25018","DOMEGGE DI CADORE","VENETO","BL","0435","D330","50","2266"
"11003","BEVERINO","LIGURIA","SP","0187","A836","36","2267"
"65080","NOVI VELIA","CAMPANIA","SA","0974","F967","35","2267"
"65081","OGLIASTRO CILENTO","CAMPANIA","SA","0974","G011","13","2267"
"82038","GIARDINELLO","SICILIA","PA","091","E013","12","2267"
"44013","CASTORANO","MARCHE","AP","0736","C331","14","2270"
"19015","CAPRALBA","LOMBARDIA","CR","0373","B686","13","2271"
"67020","CONTROGUERRA","ABRUZZO","TE","0861","C972","23","2272"
"7071","VALTOURNENCHE","VALLE D'AOSTA","AO","0166","L654","116","2273"
"58078","POLI","LAZIO","RM","06","G784","21","2275"
"80051","MOLOCHIO","CALABRIA","RC","0966","F301","37","2279"
"56018","CASTIGLIONE IN TEVERINA","LAZIO","VT","0761","C315","20","2280"
"2116","ROASIO","PIEMONTE","VC","0163","H365","28","2283"
"91002","ARZANA","SARDEGNA","NU","0782","A454","163","2285"
"26011","CASTELCUCCO","VENETO","TV","0423","C073","9","2287"
"4209","SANFRONT","PIEMONTE","CN","0175","H852","40","2290"
"62046","PAGO VEIANO","CAMPANIA","BN","0824","G243","24","2290"
"21010","BRENNERO","TRENTINO-ALTO ADIGE","BZ","0472","B145","114","2291"
"30052","MAGNANO IN RIVIERA","FRIULI-VENEZIA GIULIA","UD","0432","E820","9","2291"
"102040","SORIANO CALABRO","CALABRIA","VV","0963","I854","15","2291"
"45012","MULAZZO","TOSCANA","MS","0187","F802","63","2293"
"12114","PORTO VALTRAVAGLIA","LOMBARDIA","VA","0332","G907","16","2294"
"18143","SANTA MARIA DELLA VERSA","LOMBARDIA","PV","0385","I237","19","2296"
"97003","ANNONE DI BRIANZA","LOMBARDIA","LC","0341","A301","6","2297"
"82062","ROCCAPALUMBA","SICILIA","PA","091","H428","31","2298"
"64078","ROCCABASCERANA","CAMPANIA","AV","0825","H382","12","2299"
"17011","BARBARIGA","LOMBARDIA","BS","030","A630","11","2300"
"69074","ROCCA SAN GIOVANNI","ABRUZZO","CH","0872","H439","21","2301"
"96049","PRALUNGO","PIEMONTE","BI","015","G980","7","2301"
"95062","SOLARUSSA","SARDEGNA","OR","0783","I791","32","2302"
"73018","MONTEPARANO","PUGLIA","TA","099","F587","4","2303"
"79143","STALETTÌ","CALABRIA","CZ","0961","I937","12","2303"
"44027","MALTIGNANO","MARCHE","AP","0736","E868","8","2305"
"5076","MONTEGROSSO D'ASTI","PIEMONTE","AT","0141","F527","16","2307"
"22241","CEMBRA LISIGNAGO","TRENTINO-ALTO ADIGE","TN","0461","M355","24","2308"
"69085","SANT'EUSANIO DEL SANGRO","ABRUZZO","CH","0872","I335","24","2308"
"103033","GHIFFA","PIEMONTE","VB","0323","E003","14","2308"
"30032","DIGNANO","FRIULI-VENEZIA GIULIA","UD","0432","D300","27","2313"
"30104","SANTA MARIA LA LONGA","FRIULI-VENEZIA GIULIA","UD","0432","I248","20","2313"
"109023","MONTE SAN PIETRANGELI","MARCHE","FM","0734","F626","18","2315"
"18163","TRIVOLZIO","LOMBARDIA","PV","0382","L440","4","2316"
"60075","STRANGOLAGALLI","LAZIO","FR","0775","I973","10","2316"
"94028","MONTAQUILA","MOLISE","IS","0865","F429","25","2316"
"68005","BUSSI SUL TIRINO","ABRUZZO","PE","085","B294","26","2317"
"8045","PONTEDASSIO","LIGURIA","IM","0183","G840","14","2318"
"46025","PIEVE FOSCIANA","TOSCANA","LU","0583","G648","29","2318"
"78062","LAGO","CALABRIA","CS","0982","E407","50","2318"
"54049","SIGILLO","UMBRIA","PG","075","I727","26","2319"
"22047","CASTELLO-MOLINA DI FIEMME","TRENTINO-ALTO ADIGE","TN","0462","C189","54","2320"
"57002","AMATRICE","LAZIO","RI","0746","A258","174","2320"
"67015","CELLINO ATTANASIO","ABRUZZO","TE","0861","C449","44","2320"
"21027","CURON VENOSTA","TRENTINO-ALTO ADIGE","BZ","0473","D222","210","2322"
"21109","VALLE DI CASIES","TRENTINO-ALTO ADIGE","BZ","0474","L601","109","2323"
"10067","ZOAGLI","LIGURIA","GE","0185","M182","8","2325"
"17013","BASSANO BRESCIANO","LOMBARDIA","BS","030","A702","10","2326"
"83047","MERÌ","SICILIA","ME","090","F147","2","2330"
"97075","SIRONE","LOMBARDIA","LC","031","I759","3","2330"
"70055","PORTOCANNONE","MOLISE","CB","0875","G910","13","2331"
"80073","SAN LORENZO","CALABRIA","RC","0965","H959","64","2331"
"38012","MASI TORELLO","EMILIA-ROMAGNA","FE","0532","F016","23","2332"
"20044","PONTI SUL MINCIO","LOMBARDIA","MN","0376","G862","12","2336"
"64116","VENTICANO","CAMPANIA","AV","0825","L739","14","2336"
"90041","MONTI","SARDEGNA","SS","0789","F667","123","2336"
"75013","CAPRARICA DI LECCE","PUGLIA","LE","0832","B690","11","2337"
"4241","VEZZA D'ALBA","PIEMONTE","CN","0173","L817","14","2338"
"17006","ANGOLO TERME","LOMBARDIA","BS","0364","A293","31","2338"
"24042","GALLIO","VENETO","VI","0424","D882","48","2342"
"69055","MONTEODORISIO","ABRUZZO","CH","0873","F582","25","2342"
"4142","MONTICELLO D'ALBA","PIEMONTE","CN","0173","F669","10","2343"
"90072","TISSI","SARDEGNA","SS","079","L180","10","2343"
"67005","BASCIANO","ABRUZZO","TE","0861","A692","19","2345"
"4211","SANT'ALBANO STURA","PIEMONTE","CN","0172","I210","28","2347"
"89008","FERLA","SICILIA","SR","0931","D540","25","2349"
"102043","STEFANACONI","CALABRIA","VV","0963","I945","23","2349"
"16250","MEDOLAGO","LOMBARDIA","BG","035","F085","4","2351"
"76029","CORLETO PERTICARA","BASILICATA","PZ","0971","D010","89","2351"
"1229","RUBIANA","PIEMONTE","TO","011","H627","27","2352"
"60041","GIULIANO DI ROMA","LAZIO","FR","0775","E057","34","2358"
"54005","CAMPELLO SUL CLITUNNO","UMBRIA","PG","0743","B504","50","2361"
"83030","GALATI MAMERTINO","SICILIA","ME","0941","D861","39","2361"
"13153","MONGUZZO","LOMBARDIA","CO","031","F372","4","2364"
"111047","NURAMINIS","SARDEGNA","SU","070","F983","45","2364"
"5112","VALFENERA","PIEMONTE","AT","0141","L574","22","2365"
"65133","SANZA","CAMPANIA","SA","0975","I410","127","2368"
"6167","STAZZANO","PIEMONTE","AL","0143","I941","18","2369"
"23001","AFFI","VENETO","VR","045","A061","10","2369"
"14019","CHIESA IN VALMALENCO","LOMBARDIA","SO","0342","C628","115","2370"
"57003","ANTRODOCO","LAZIO","RI","0746","A315","64","2371"
"18033","CASEI GEROLA","LOMBARDIA","PV","0383","B954","25","2372"
"97005","BARZAGO","LOMBARDIA","LC","031","A683","4","2373"
"21018","CASTELBELLO-CIARDES","TRENTINO-ALTO ADIGE","BZ","0473","C062","54","2375"
"7019","CHARVENSOD","VALLE D'AOSTA","AO","0165","C598","26","2377"
"53002","CAMPAGNATICO","TOSCANA","GR","0564","B497","162","2378"
"83003","ALÌ TERME","SICILIA","ME","0942","A201","6","2378"
"17035","CAPO DI PONTE","LOMBARDIA","BS","0364","B664","19","2379"
"97021","CESANA BRIANZA","LOMBARDIA","LC","031","C563","3","2379"
"13169","OLTRONA DI SAN MAMETTE","LOMBARDIA","CO","031","G056","3","2380"
"16009","AMBIVERE","LOMBARDIA","BG","035","A259","3","2380"
"30095","RIVE D'ARCANO","FRIULI-VENEZIA GIULIA","UD","0432","H347","22","2380"
"91027","GALTELLÌ","SARDEGNA","NU","0784","D888","57","2380"
"30073","PAULARO","FRIULI-VENEZIA GIULIA","UD","0433","G381","84","2382"
"10029","LEIVI","LIGURIA","GE","0185","E519","10","2383"
"60018","CASALVIERI","LAZIO","FR","0776","B919","27","2383"
"40014","GALEATA","EMILIA-ROMAGNA","FC","0543","D867","63","2385"
"84024","MONTALLEGRO","SICILIA","AG","0922","F414","27","2385"
"96068","TOLLEGNO","PIEMONTE","BI","015","L193","3","2385"
"96071","VALDENGO","PIEMONTE","BI","015","L556","8","2385"
"30010","BERTIOLO","FRIULI-VENEZIA GIULIA","UD","0432","A810","26","2391"
"65010","ATENA LUCANA","CAMPANIA","SA","0975","A484","26","2392"
"77015","MIGLIONICO","BASILICATA","MT","0835","F201","89","2395"
"17004","ALFIANELLO","LOMBARDIA","BS","030","A188","14","2396"
"18159","TORRE D'ISOLA","LOMBARDIA","PV","0382","L269","16","2396"
"23003","ANGIARI","VENETO","VR","0442","A292","13","2397"
"30075","POCENIA","FRIULI-VENEZIA GIULIA","UD","0432","G743","24","2399"
"3095","MEINA","PIEMONTE","NO","0322","F093","8","2400"
"30064","MUZZANA DEL TURGNANO","FRIULI-VENEZIA GIULIA","UD","0431","F832","24","2400"
"28067","PONSO","VENETO","PD","0429","G823","11","2401"
"60054","PIGNATARO INTERAMNA","LAZIO","FR","0776","G662","25","2403"
"65104","RAVELLO","CAMPANIA","SA","089","H198","8","2403"
"101004","CASABONA","CALABRIA","KR","0962","B857","69","2403"
"7023","DONNAS","VALLE D'AOSTA","AO","0125","D338","34","2405"
"55033","AVIGLIANO UMBRO","UMBRIA","TR","0744","M258","51","2405"
"90083","GOLFO ARANCI","SARDEGNA","SS","0789","M274","38","2406"
"33008","CALENDASCO","EMILIA-ROMAGNA","PC","0523","B405","37","2407"
"95050","SAN VERO MILIS","SARDEGNA","OR","0783","I384","72","2407"
"90075","TULA","SARDEGNA","SS","079","L464","66","1469"
"18169","VALLE SALIMBENE","LOMBARDIA","PV","0382","L617","7","1470"
"22011","BEDOLLO","TRENTINO-ALTO ADIGE","TN","0461","A730","27","1470"
"29026","GAVELLO","VENETO","RO","0425","D942","24","1470"
"20012","CASALROMANO","LOMBARDIA","MN","0376","B911","12","1472"
"83036","ITALA","SICILIA","ME","090","E374","11","1472"
"2131","SAN GERMANO VERCELLESE","PIEMONTE","VC","0161","H861","31","1474"
"12065","DUMENZA","LOMBARDIA","VA","0332","D384","18","1474"
"103053","PIEDIMULERA","PIEMONTE","VB","0324","G600","8","1474"
"10031","LUMARZO","LIGURIA","GE","0185","E737","25","1475"
"31010","MARIANO DEL FRIULI","FRIULI-VENEZIA GIULIA","GO","0481","E952","8","1475"
"17097","MACLODIO","LOMBARDIA","BS","030","E787","5","1476"
"64106","TAURANO","CAMPANIA","AV","081","L061","10","1476"
"17053","CIGOLE","LOMBARDIA","BS","030","C685","10","1477"
"61023","CASTEL CAMPAGNANO","CAMPANIA","CE","0823","B494","18","1478"
"79157","ZAGARISE","CALABRIA","CZ","0961","M140","49","1478"
"64086","SAN POTITO ULTRA","CAMPANIA","AV","0825","I129","5","1479"
"85022","VILLALBA","SICILIA","CL","0934","L959","41","1480"
"93012","CAVASSO NUOVO","FRIULI-VENEZIA GIULIA","PN","0427","C385","10","1480"
"1039","BRUSASCO","PIEMONTE","TO","011","B225","14","1482"
"61014","CAPRIATI A VOLTURNO","CAMPANIA","CE","0823","B704","18","1482"
"12141","SANGIANO","LOMBARDIA","VA","0332","H872","2","1483"
"62041","MOLINARA","CAMPANIA","BN","0824","F287","24","1484"
"93030","PINZANO AL TAGLIAMENTO","FRIULI-VENEZIA GIULIA","PN","0432","G680","22","1484"
"96028","GRAGLIA","PIEMONTE","BI","015","E130","20","1485"
"1040","BRUZOLO","PIEMONTE","TO","011","B232","12","1487"
"21026","CORVARA IN BADIA","TRENTINO-ALTO ADIGE","BZ","0471","D079","42","1487"
"79063","ISCA SULLO IONIO","CALABRIA","CZ","0967","E328","23","1487"
"95039","PALMAS ARBOREA","SARDEGNA","OR","0783","G286","39","1487"
"65138","SCALA","CAMPANIA","SA","089","I486","13","1488"
"83085","SANT'ALESSIO SICULO","SICILIA","ME","0942","I215","6","1488"
"78080","MONGRASSANO","CALABRIA","CS","0984","F370","35","1489"
"93020","FANNA","FRIULI-VENEZIA GIULIA","PN","0427","D487","10","1490"
"4155","ORMEA","PIEMONTE","CN","0174","G114","124","1491"
"16116","GORNO","LOMBARDIA","BG","035","E106","10","1491"
"18146","SARTIRANA LOMELLINA","LOMBARDIA","PV","0384","I447","30","1491"
"64105","SUMMONTE","CAMPANIA","AV","0825","L004","12","1491"
"98062","CASTELGERUNDO","LOMBARDIA","LO","0377","M393","20","1491"
"12103","MONTEGRINO VALTRAVAGLIA","LOMBARDIA","VA","0332","F526","10","1492"
"57031","GRECCIO","LAZIO","RI","0746","E160","18","1492"
"67016","CERMIGNANO","ABRUZZO","TE","0861","C517","26","1493"
"46034","VILLA BASILICA","TOSCANA","LU","0572","L913","36","1494"
"19100","SPINADESCO","LOMBARDIA","CR","0372","I906","17","1495"
"111043","MUSEI","SARDEGNA","SU","0781","F822","20","1495"
"14004","APRICA","LOMBARDIA","SO","0342","A337","20","1496"
"64118","VILLANOVA DEL BATTISTA","CAMPANIA","AV","0825","L973","20","1496"
"17153","PRESEGLIE","LOMBARDIA","BS","0365","H043","11","1497"
"80035","GALATRO","CALABRIA","RC","0966","D864","51","1499"
"19050","GRONTARDO","LOMBARDIA","CR","0372","E193","12","1500"
"22002","ALBIANO","TRENTINO-ALTO ADIGE","TN","0461","A158","10","1500"
"56022","CIVITELLA D'AGLIANO","LAZIO","VT","0761","C780","33","1500"
"1235","SAMONE","PIEMONTE","TO","0125","H753","3","1501"
"22165","SAMONE","TRENTINO-ALTO ADIGE","TN","0461","H754","5","1501"
"98011","CASELLE LANDI","LOMBARDIA","LO","0377","B961","26","1503"
"52023","RADDA IN CHIANTI","TOSCANA","SI","0577","H153","81","1505"
"57021","COLLEVECCHIO","LAZIO","RI","0765","C876","27","1507"
"65030","CASTELCIVITA","CAMPANIA","SA","0828","C069","57","1507"
"28022","CARCERI","VENETO","PD","0429","B749","10","1509"
"6169","TAGLIOLO MONFERRATO","PIEMONTE","AL","0143","L027","26","1510"
"76047","MASCHITO","BASILICATA","PZ","0972","F006","45","1511"
"18095","MONTEBELLO DELLA BATTAGLIA","LOMBARDIA","PV","0383","F440","16","1512"
"1266","SETTIMO VITTONE","PIEMONTE","TO","0125","I702","23","1513"
"17001","ACQUAFREDDA","LOMBARDIA","BS","030","A034","9","1513"
"20056","SAN GIACOMO DELLE SEGNATE","LOMBARDIA","MN","0376","H870","16","1513"
"29035","PETTORAZZA GRIMANI","VENETO","RO","0426","G525","22","1513"
"19069","PESCAROLO ED UNITI","LOMBARDIA","CR","0372","G483","17","1514"
"22017","BLEGGIO SUPERIORE","TRENTINO-ALTO ADIGE","TN","0465","A902","33","1516"
"63040","LIVERI","CAMPANIA","NA","081","E620","3","1516"
"2164","VILLATA","PIEMONTE","VC","0161","M028","14","1517"
"80032","FEROLETO DELLA CHIESA","CALABRIA","RC","0966","D545","8","1517"
"31020","SAN LORENZO ISONTINO","FRIULI-VENEZIA GIULIA","GO","0481","H964","4","1518"
"64004","AQUILONIA","CAMPANIA","AV","0827","A347","56","1518"
"95072","VILLAURBANA","SARDEGNA","OR","0783","M030","58","1518"
"95015","BONARCADO","SARDEGNA","OR","0783","A960","29","1519"
"7049","POLLEIN","VALLE D'AOSTA","AO","0165","G794","15","1520"
"22037","CAMPODENNO","TRENTINO-ALTO ADIGE","TN","0461","B525","25","1520"
"23024","CAZZANO DI TRAMIGNA","VENETO","VR","045","C412","12","1520"
"60042","GUARCINO","LAZIO","FR","0775","E236","42","1520"
"29011","CASTELGUGLIELMO","VENETO","RO","0425","C122","22","1521"
"62049","PAUPISI","CAMPANIA","BN","0824","G386","9","1522"
"87046","SANT'ALFIO","SICILIA","CT","095","I216","24","1522"
"18181","VISTARINO","LOMBARDIA","PV","0382","M079","9","1523"
"67042","TORANO NUOVO","ABRUZZO","TE","0861","L207","10","1523"
"69065","PERANO","ABRUZZO","CH","0872","G441","6","1523"
"6142","QUATTORDIO","PIEMONTE","AL","0131","H121","18","1524"
"21084","SAN PANCRAZIO","TRENTINO-ALTO ADIGE","BZ","0473","I065","63","1524"
"4187","ROCCABRUNA","PIEMONTE","CN","0171","H385","24","1525"
"31014","MOSSA","FRIULI-VENEZIA GIULIA","GO","0481","F767","6","1525"
"3040","CASALINO","PIEMONTE","NO","0321","B897","40","1526"
"79151","VALLEFIORITA","CALABRIA","CZ","0961","I322","14","1527"
"5053","FERRERE","PIEMONTE","AT","0141","D554","14","1529"
"64087","SAN SOSSIO BARONIA","CAMPANIA","AV","0827","I163","19","1529"
"90025","CHIARAMONTI","SARDEGNA","SS","079","C613","99","1529"
"60030","CORENO AUSONIO","LAZIO","FR","0776","C998","26","1531"
"1061","CASCINETTE D'IVREA","PIEMONTE","TO","0125","B953","2","1532"
"64024","CASTELVETERE SUL CALORE","CAMPANIA","AV","0827","C283","17","1532"
"18129","RONCARO","LOMBARDIA","PV","0382","H527","5","1533"
"64040","GUARDIA LOMBARDI","CAMPANIA","AV","0827","E245","56","1533"
"98024","CORTE PALASIO","LOMBARDIA","LO","0371","D068","16","1534"
"52018","MONTICIANO","TOSCANA","SI","0577","F676","109","1535"
"65155","VALVA","CAMPANIA","SA","0828","L656","26","1535"
"78059","GRIMALDI","CALABRIA","CS","0984","E180","24","1536"
"82033","CONTESSA ENTELLINA","SICILIA","PA","091","C968","136","1536"
"18005","ARENA PO","LOMBARDIA","PV","0385","A387","22","1538"
"91071","OVODDA","SARDEGNA","NU","0784","G201","41","1538"
"93026","MEDUNO","FRIULI-VENEZIA GIULIA","PN","0427","F089","31","1539"
"98058","TURANO LODIGIANO","LOMBARDIA","LO","0377","L469","16","1539"
"1218","RIVAROSSA","PIEMONTE","TO","011","H344","11","1542"
"111022","FURTEI","SARDEGNA","SU","070","D827","26","1542"
"4247","VILLAR SAN COSTANZO","PIEMONTE","CN","0171","M015","20","1543"
"90089","STINTINO","SARDEGNA","SS","079","M290","59","1543"
"96056","SAGLIANO MICCA","PIEMONTE","BI","015","H662","15","1543"
"18121","RETORBIDO","LOMBARDIA","PV","0383","H246","12","1546"
"52027","SAN CASCIANO DEI BAGNI","TOSCANA","SI","0578","H790","92","1546"
"78023","CAMPANA","CALABRIA","CS","0983","B500","104","1546"
"98013","CASTELNUOVO BOCCA D'ADDA","LOMBARDIA","LO","0377","C228","20","1546"
"14015","CASTIONE ANDEVENNO","LOMBARDIA","SO","0342","C325","17","1548"
"18140","SANTA GIULETTA","LOMBARDIA","PV","0383","I203","12","1548"
"65152","TRENTINARA","CAMPANIA","SA","0828","L377","23","1548"
"66084","ROCCARASO","ABRUZZO","AQ","0864","H434","50","1548"
"69098","VACRI","ABRUZZO","CH","0871","L526","12","1550"
"3001","AGRATE CONTURBIA","PIEMONTE","NO","0322","A088","14","1551"
"5089","REFRANCORE","PIEMONTE","AT","0141","H219","13","1551"
"17016","BERZO DEMO","LOMBARDIA","BS","0364","A816","16","1551"
"91086","SORGONO","SARDEGNA","NU","0784","I851","56","1552"
"21044","LUSON","TRENTINO-ALTO ADIGE","BZ","0472","E764","74","1553"
"22231","SAN LORENZO DORSINO","TRENTINO-ALTO ADIGE","TN","0465","M345","74","1554"
"24039","ENEGO","VENETO","VI","0424","D407","53","1554"
"50030","RIPARBELLA","TOSCANA","PI","0586","H319","59","1554"
"5121","MONTIGLIO MONFERRATO","PIEMONTE","AT","0141","M302","27","1556"
"111060","SAMATZAI","SARDEGNA","SU","070","H739","31","1556"
"19034","CREDERA RUBBIANO","LOMBARDIA","CR","0373","D141","14","1557"
"25047","SAN PIETRO DI CADORE","VENETO","BL","0435","I088","52","1557"
"71021","CHIEUTI","PUGLIA","FG","0882","C633","61","1557"
"30015","CAMINO AL TAGLIAMENTO","FRIULI-VENEZIA GIULIA","UD","0432","B483","23","1558"
"18155","TORRAZZA COSTE","LOMBARDIA","PV","0383","L237","16","1559"
"18052","CONFIENZA","LOMBARDIA","PV","0384","C958","27","1561"
"5001","AGLIANO TERME","PIEMONTE","AT","0141","A072","15","1563"
"80077","SAN ROBERTO","CALABRIA","RC","0965","I139","34","1563"
"79115","SAN PIETRO APOSTOLO","CALABRIA","CZ","0961","I095","12","1564"
"102023","MONTEROSSO CALABRO","CALABRIA","VV","0963","F607","18","1564"
"1081","CHIUSA DI SAN MICHELE","PIEMONTE","TO","011","C655","6","1565"
"40011","DOVADOLA","EMILIA-ROMAGNA","FC","0543","D357","39","1567"
"1076","CHIANOCCO","PIEMONTE","TO","0122","C610","19","1569"
"13152","MOLTRASIO","LOMBARDIA","CO","031","F305","9","1569"
"61061","PONTELATONE","CAMPANIA","CE","0823","G849","30","1569"
"66050","LECCE NEI MARSI","ABRUZZO","AQ","0863","E505","66","1569"
"75082","SURANO","PUGLIA","LE","0836","L010","9","1569"
"103015","CAMBIASCA","PIEMONTE","VB","0323","B463","4","1569"
"6163","SOLERO","PIEMONTE","AL","0131","I798","23","1570"
"66033","CERCHIO","ABRUZZO","AQ","0863","C492","20","1570"
"4189","ROCCA DE' BALDI","PIEMONTE","CN","0174","H395","26","1571"
"71062","VOLTURINO","PUGLIA","FG","0881","M132","58","1572"
"101002","CACCURI","CALABRIA","KR","0984","B319","57","1572"
"25045","SAN GREGORIO NELLE ALPI","VENETO","BL","0437","H938","19","1573"
"64064","MOSCHIANO","CAMPANIA","AV","081","F762","14","1573"
"69073","ROCCAMONTEPIANO","ABRUZZO","CH","0871","H424","18","1573"
"76004","ANZI","BASILICATA","PZ","0971","A321","77","1573"
"6013","BASSIGNANA","PIEMONTE","AL","0131","A708","28","1575"
"69020","CASTIGLIONE MESSER MARINO","ABRUZZO","CH","0873","C298","48","1575"
"94010","CASTELPETROSO","MOLISE","IS","0865","C246","23","1577"
"94031","PESCHE","MOLISE","IS","0865","G486","13","1578"
"6076","FUBINE MONFERRATO","PIEMONTE","AL","0131","D814","26","1579"
"10013","CASTIGLIONE CHIAVARESE","LIGURIA","GE","0185","C302","30","1579"
"19022","CASALMORANO","LOMBARDIA","CR","0374","B900","12","1579"
"36032","POLINAGO","EMILIA-ROMAGNA","MO","0536","G789","54","1580"
"19075","PIEVE SAN GIACOMO","LOMBARDIA","CR","0372","G651","15","1581"
"29014","CENESELLI","VENETO","RO","0425","C461","29","1583"
"55013","FICULLE","UMBRIA","TR","0763","D570","65","1583"
"62011","BUONALBERGO","CAMPANIA","BN","0824","B267","25","1583"
"9045","ORTOVERO","LIGURIA","SV","0182","G144","10","1584"
"12009","BARDELLO","LOMBARDIA","VA","0332","A645","2","1584"
"1021","BARBANIA","PIEMONTE","TO","011","A625","13","1585"
"3091","MARANO TICINO","PIEMONTE","NO","0321","E907","8","1586"
"24003","ALONTE","VENETO","VI","0444","A220","12","1586"
"30128","TRIVIGNANO UDINESE","FRIULI-VENEZIA GIULIA","UD","0432","L438","18","1586"
"83039","LIBRIZZI","SICILIA","ME","0941","E571","23","1586"
"12131","VALGANNA","LOMBARDIA","VA","0332","L577","12","1587"
"21113","VILLABASSA","TRENTINO-ALTO ADIGE","BZ","0474","L915","18","1587"
"4091","FRABOSA SOTTANA","PIEMONTE","CN","0174","D752","38","1588"
"16071","CERETE","LOMBARDIA","BG","0346","C506","14","1589"
"21020","CERMES","TRENTINO-ALTO ADIGE","BZ","0473","A022","7","1589"
"4194","RODDI","PIEMONTE","CN","0173","H472","9","1590"
"16167","POGNANO","LOMBARDIA","BG","035","G774","3","1590"
"55018","MONTECCHIO","UMBRIA","TR","0744","F462","49","1592"
"24094","SAN PIETRO MUSSOLINO","VENETO","VI","0444","I117","4","1593"
"22115","MEZZANO","TRENTINO-ALTO ADIGE","TN","0439","F176","49","1594"
"76067","RIPACANDIDA","BASILICATA","PZ","0972","H312","33","1594"
"65107","ROCCAGLORIOSA","CAMPANIA","SA","0974","H412","42","1595"
"70050","PALATA","MOLISE","CB","0875","G257","44","1595"
"60016","CAMPOLI APPENNINO","LAZIO","FR","0776","B543","33","1596"
"81017","SALAPARUTA","SICILIA","TP","0924","H688","42","1596"
"91077","SARULE","SARDEGNA","NU","0784","I448","53","1596"
"23066","ROVEREDO DI GUÀ","VENETO","VR","0442","H610","10","1597"
"42011","CASTELLEONE DI SUASA","MARCHE","AN","071","C152","16","1597"
"76037","GRUMENTO NOVA","BASILICATA","PZ","0975","E221","66","1598"
"62014","CAMPOLI DEL MONTE TABURNO","CAMPANIA","BN","0824","B542","10","1599"
"3088","MAGGIORA","PIEMONTE","NO","0322","E803","11","1601"
"80037","GIFFONE","CALABRIA","RC","0966","E025","14","1602"
"54033","MONTONE","UMBRIA","PG","075","F685","51","1603"
"70074","SANT'ELIA A PIANISI","MOLISE","CB","0874","I320","68","1605"
"50034","SANTA LUCE","TOSCANA","PI","050","I217","67","1607"
"41009","CARPEGNA","MARCHE","PU","0722","B816","28","1608"
"109013","MONTAPPONE","MARCHE","FM","0734","F428","10","1608"
"4140","MONTEU ROERO","PIEMONTE","CN","0173","F654","24","1609"
"102015","FRANCICA","CALABRIA","VV","0963","D767","23","1610"
"22235","ALTAVALLE","TRENTINO-ALTO ADIGE","TN","0461","M349","34","1612"
"15112","GUDO VISCONTI","LOMBARDIA","MI","02","E258","6","1614"
"83035","GUALTIERI SICAMINÒ","SICILIA","ME","090","E233","14","1615"
"75041","MARTIGNANO","PUGLIA","LE","0832","E984","6","1616"
"16080","COLZATE","LOMBARDIA","BG","035","C910","7","1618"
"3055","CRESSA","PIEMONTE","NO","0322","D162","7","1619"
"60081","TRIVIGLIANO","LAZIO","FR","0775","L437","13","1619"
"65126","SAN RUFO","CAMPANIA","SA","0975","I143","32","1619"
"111015","DOMUS DE MARIA","SARDEGNA","SU","070","D333","97","1619"
"1043","BUSANO","PIEMONTE","TO","0124","B284","5","1622"
"31001","CAPRIVA DEL FRIULI","FRIULI-VENEZIA GIULIA","GO","0481","B712","6","1622"
"12102","MESENZANA","LOMBARDIA","VA","0332","F154","5","1623"
"18100","MONTÙ BECCARIA","LOMBARDIA","PV","0385","F701","16","1623"
"90082","VIDDALBA","SARDEGNA","SS","079","M259","49","1623"
"91047","MEANA SARDO","SARDEGNA","NU","0784","F073","74","1624"
"12063","CUVIO","LOMBARDIA","VA","0332","D239","6","1626"
"64020","CASALBORE","CAMPANIA","AV","0825","B866","28","1626"
"91084","SINDIA","SARDEGNA","NU","0785","I748","58","1626"
"1109","FRONT","PIEMONTE","TO","011","D805","11","1627"
"30059","MOGGIO UDINESE","FRIULI-VENEZIA GIULIA","UD","0433","F266","144","1630"
"17090","LODRINO","LOMBARDIA","BS","030","E652","16","1631"
"75012","CANNOLE","PUGLIA","LE","0836","B616","20","1631"
"19110","TRIGOLO","LOMBARDIA","CR","0374","L426","16","1632"
"22160","ROVERÈ DELLA LUNA","TRENTINO-ALTO ADIGE","TN","0461","H607","10","1632"
"64047","MARZANO DI NOLA","CAMPANIA","AV","081","E997","5","1632"
"103068","TRONTANO","PIEMONTE","VB","0324","L450","58","1633"
"57010","CANTALUPO IN SABINA","LAZIO","RI","0765","B631","11","1634"
"69037","FRISA","ABRUZZO","CH","0872","D803","11","1634"
"111038","LUNAMATRONA","SARDEGNA","SU","070","E742","21","1634"
"6192","ALLUVIONI PIOVERA","PIEMONTE","AL","0131","M397","25","1635"
"14034","GROSOTTO","LOMBARDIA","SO","0342","E201","53","1635"
"17003","AGNOSINE","LOMBARDIA","BS","0365","A082","14","1636"
"17044","CASTO","LOMBARDIA","BS","0365","C330","21","1637"
"65084","OMIGNANO","CAMPANIA","SA","0974","G063","10","1637"
"79122","SAN VITO SULLO IONIO","CALABRIA","CZ","0967","I393","17","1637"
"1004","ALBIANO D'IVREA","PIEMONTE","TO","0125","A157","12","1638"
"20059","SAN MARTINO DALL'ARGINE","LOMBARDIA","MN","0376","I005","17","1638"
"91041","LODÈ","SARDEGNA","NU","0784","E647","121","1638"
"78082","MONTEGIORDANO","CALABRIA","CS","0981","F519","36","1639"
"75060","PATÙ","PUGLIA","LE","0833","G378","9","1640"
"101027","VERZINO","CALABRIA","KR","0962","L802","45","1641"
"76041","LAURENZANA","BASILICATA","PZ","0971","E482","95","1642"
"21063","PERCA","TRENTINO-ALTO ADIGE","BZ","0474","G443","30","1643"
"17111","MONTE ISOLA","LOMBARDIA","BS","030","F532","12","1644"
"68018","ELICE","ABRUZZO","PE","085","D394","13","1644"
"13052","CASLINO D'ERBA","LOMBARDIA","CO","031","B974","7","1646"
"13199","RONAGO","LOMBARDIA","CO","031","H521","2","1646"
"16067","CAZZANO SANT'ANDREA","LOMBARDIA","BG","035","C410","2","1646"
"109032","PONZANO DI FERMO","MARCHE","FM","0734","G873","14","1646"
"56013","CAPODIMONTE","LAZIO","VT","0761","B663","61","1647"
"60090","VILLA SANTO STEFANO","LAZIO","FR","0775","I364","20","1649"
"97029","CREMENO","LOMBARDIA","LC","0341","D145","13","1649"
"68014","CIVITELLA CASANOVA","ABRUZZO","PE","085","C779","31","1650"
"44029","MASSIGNANO","MARCHE","AP","0735","F044","16","1651"
"111011","CASTIADAS","SARDEGNA","SU","070","M288","103","1652"
"21001","ALDINO","TRENTINO-ALTO ADIGE","BZ","0471","A179","63","1653"
"94026","MACCHIAGODENA","MOLISE","IS","0865","E779","34","1656"
"12008","BARASSO","LOMBARDIA","VA","0332","A619","4","1657"
"70049","ORATINO","MOLISE","CB","0874","G086","18","1657"
"30060","MOIMACCO","FRIULI-VENEZIA GIULIA","UD","0432","F275","12","1659"
"83093","SAVOCA","SICILIA","ME","0942","I477","9","1660"
"20043","POMPONESCO","LOMBARDIA","MN","0375","G816","12","1661"
"5013","CALAMANDRANA","PIEMONTE","AT","0141","B376","13","1663"
"18087","MARZANO","LOMBARDIA","PV","0382","E999","9","1663"
"65125","SAN PIETRO AL TANAGRO","CAMPANIA","SA","0975","I089","15","1663"
"1221","ROCCA CANAVESE","PIEMONTE","TO","011","H386","14","1664"
"13032","BRUNATE","LOMBARDIA","CO","031","B218","2","1664"
"18115","PINAROLO PO","LOMBARDIA","PV","0383","G671","11","1666"
"24022","CAMPIGLIA DEI BERICI","VENETO","VI","0444","B511","11","1666"
"67033","PENNA SANT'ANDREA","ABRUZZO","TE","0861","G437","11","1668"
"1135","LOMBARDORE","PIEMONTE","TO","011","E660","13","1669"
"69092","TORNARECCIO","ABRUZZO","CH","0872","L224","28","1669"
"85008","MARIANOPOLI","SICILIA","CL","0934","E953","13","1669"
"31025","VILLESSE","FRIULI-VENEZIA GIULIA","GO","0481","M043","12","1670"
"96019","COGGIOLA","PIEMONTE","BI","015","C819","24","1673"
"18185","ZECCONE","LOMBARDIA","PV","0382","M152","5","1674"
"78134","SANTO STEFANO DI ROGLIANO","CALABRIA","CS","0984","I359","19","1676"
"66009","BARISCIANO","ABRUZZO","AQ","0862","A667","79","1678"
"70030","JELSI","MOLISE","CB","0874","E381","29","1678"
"79003","AMARONI","CALABRIA","CZ","0961","A255","10","1678"
"42020","GENGA","MARCHE","AN","0732","D965","72","1679"
"77001","ACCETTURA","BASILICATA","MT","0835","A017","89","1679"
"33046","VILLANOVA SULL'ARDA","EMILIA-ROMAGNA","PC","0523","L980","36","1681"
"9016","CALICE LIGURE","LIGURIA","SV","019","B409","19","1682"
"16177","PUMENENGO","LOMBARDIA","BG","0363","H091","10","1682"
"50019","MONTECATINI VAL DI CECINA","TOSCANA","PI","0588","F458","155","1683"
"18189","ZERBOLÒ","LOMBARDIA","PV","0382","M167","38","1684"
"43006","CALDAROLA","MARCHE","MC","0733","B398","29","1684"
"56009","BOMARZO","LAZIO","VT","0761","A955","40","1684"
"93052","VAJONT","FRIULI-VENEZIA GIULIA","PN","0427","M265","2","1684"
"30007","ATTIMIS","FRIULI-VENEZIA GIULIA","UD","0432","A491","33","1685"
"102018","JOPPOLO","CALABRIA","VV","0963","E389","15","1685"
"21050","MELTINA","TRENTINO-ALTO ADIGE","BZ","0471","F118","37","1686"
"30126","TREPPO GRANDE","FRIULI-VENEZIA GIULIA","UD","0432","L382","11","1686"
"55002","ALLERONA","UMBRIA","TR","0763","A207","82","1686"
"61065","PRESENZANO","CAMPANIA","CE","0823","H045","32","1687"
"69096","TREGLIO","ABRUZZO","CH","0872","L363","5","1687"
"30106","SAN VITO DI FAGAGNA","FRIULI-VENEZIA GIULIA","UD","0432","I405","9","1690"
"95082","LACONI","SARDEGNA","OR","0782","E400","125","1691"
"63029","COMIZIANO","CAMPANIA","NA","081","C929","2","1692"
"55008","CALVI DELL'UMBRIA","UMBRIA","TR","0744","B446","46","1693"
"78073","MALVITO","CALABRIA","CS","0984","E872","38","1693"
"4086","FARIGLIANO","PIEMONTE","CN","0173","D499","16","1694"
"19051","GRUMELLO CREMONESE ED UNITI","LOMBARDIA","CR","0372","E217","22","1694"
"111069","SANT'ANDREA FRIUS","SARDEGNA","SU","070","I271","36","1694"
"26065","REFRONTOLO","VENETO","TV","0438","H220","13","1696"
"29032","MELARA","VENETO","RO","0425","F095","18","1697"
"31005","FARRA D'ISONZO","FRIULI-VENEZIA GIULIA","GO","0481","D504","10","1698"
"62034","FRAGNETO MONFORTE","CAMPANIA","BN","0824","D756","24","1698"
"95053","SENEGHE","SARDEGNA","OR","0783","I605","58","1698"
"64068","PAGO DEL VALLO DI LAURO","CAMPANIA","AV","081","G242","5","1699"
"97028","CREMELLA","LOMBARDIA","LC","039","D143","2","1699"
"46010","CASTIGLIONE DI GARFAGNANA","TOSCANA","LU","0583","C303","49","1700"
"64003","ANDRETTA","CAMPANIA","AV","0827","A284","44","1700"
"5108","TIGLIOLE","PIEMONTE","AT","0141","L168","16","1701"
"71014","CASALVECCHIO DI PUGLIA","PUGLIA","FG","0881","B917","32","1701"
"58002","AGOSTA","LAZIO","RM","0774","A084","9","1703"
"20041","PIUBEGA","LOMBARDIA","MN","0376","G717","16","1704"
"40028","MONTIANO","EMILIA-ROMAGNA","FC","0547","F668","9","1704"
"1242","SAN GERMANO CHISONE","PIEMONTE","TO","0121","H862","16","1707"
"17026","BRANDICO","LOMBARDIA","BS","030","B120","8","1707"
"67007","BISENTI","ABRUZZO","TE","0861","A885","31","1707"
"44005","APPIGNANO DEL TRONTO","MARCHE","AP","0736","A335","23","1708"
"95031","NARBOLIA","SARDEGNA","OR","0783","F840","40","1709"
"95035","NURACHI","SARDEGNA","OR","0783","F980","16","1709"
"65091","PERDIFUMO","CAMPANIA","SA","0974","G447","24","1710"
"98045","PIEVE FISSIRAGA","LOMBARDIA","LO","0371","G096","12","1711"
"9033","LAIGUEGLIA","LIGURIA","SV","0182","E414","3","1712"
"98039","MERLINO","LOMBARDIA","LO","02","F149","11","1712"
"70021","COLLETORTO","MOLISE","CB","0874","C875","36","1713"
"30137","FORGARIA NEL FRIULI","FRIULI-VENEZIA GIULIA","UD","0427","D700","29","1714"
"19056","MALAGNINO","LOMBARDIA","CR","0372","E843","11","1716"
"66093","SCANNO","ABRUZZO","AQ","0864","I501","134","1717"
"13248","SAN SIRO","LOMBARDIA","CO","0344","I162","19","1718"
"51024","MONTERCHI","TOSCANA","AR","0575","F594","29","1718"
"21053","MONTAGNA","TRENTINO-ALTO ADIGE","BZ","0471","F392","19","1720"
"103077","VOGOGNA","PIEMONTE","VB","0324","M111","15","1720"
"34035","SOLIGNANO","EMILIA-ROMAGNA","PR","0525","I803","74","1722"
"78131","SANT'AGATA DI ESARO","CALABRIA","CS","0981","I192","47","1724"
"16161","PEIA","LOMBARDIA","BG","035","G418","4","1727"
"76058","PESCOPAGANO","BASILICATA","PZ","0976","G496","69","1727"
"13024","BIZZARONE","LOMBARDIA","CO","031","A898","3","1728"
"16168","PONTE NOSSA","LOMBARDIA","BG","035","F941","6","1728"
"25059","TAIBON AGORDINO","VENETO","BL","0437","L030","90","1728"
"78061","GUARDIA PIEMONTESE","CALABRIA","CS","0982","E242","21","1728"
"19037","CREMOSANO","LOMBARDIA","CR","0373","D151","6","1729"
"26094","ZENSON DI PIAVE","VENETO","TV","0421","M163","10","1729"
"82039","GIULIANA","SICILIA","PA","091","E055","24","1730"
"84022","LUCCA SICULA","SICILIA","AG","0925","E714","19","1730"
"97024","COLLE BRIANZA","LOMBARDIA","LC","039","C851","8","1730"
"79017","CARAFFA DI CATANZARO","CALABRIA","CZ","0961","B717","25","1732"
"79080","MONTAURO","CALABRIA","CZ","0967","F432","12","1732"
"18085","MAGHERNO","LOMBARDIA","PV","0382","E804","5","1733"
"61073","RUVIANO","CAMPANIA","CE","0823","H165","24","1733"
"18053","COPIANO","LOMBARDIA","PV","0382","C979","4","1734"
"98003","BOFFALORA D'ADDA","LOMBARDIA","LO","0371","A919","8","1734"
"45002","BAGNONE","TOSCANA","MS","0187","A576","74","1735"
"55024","OTRICOLI","UMBRIA","TR","0744","G189","27","1735"
"98059","VALERA FRATTA","LOMBARDIA","LO","0371","L572","8","1735"
"71042","ROCCHETTA SANT'ANTONIO","PUGLIA","FG","0885","H467","72","1736"
"90008","BENETUTTI","SARDEGNA","SS","079","A781","95","1736"
"102049","ZAMBRONE","CALABRIA","VV","0963","M143","14","1736"
"66046","GIOIA DEI MARSI","ABRUZZO","AQ","0863","E040","63","1738"
"7030","GIGNOD","VALLE D'AOSTA","AO","0165","E029","26","1739"
"62039","MELIZZANO","CAMPANIA","BN","0824","F113","17","1739"
"31022","SAVOGNA D'ISONZO","FRIULI-VENEZIA GIULIA","GO","0481","I479","16","1740"
"12019","BRENTA","LOMBARDIA","VA","0332","B150","4","1741"
"60080","TREVI NEL LAZIO","LAZIO","FR","0775","L398","54","1741"
"30056","MARANO LAGUNARE","FRIULI-VENEZIA GIULIA","UD","0431","E910","90","1742"
"18113","PIEVE DEL CAIRO","LOMBARDIA","PV","0384","G639","26","1745"
"17148","PONTE DI LEGNO","LOMBARDIA","BS","0364","G844","101","1746"
"19079","RICENGO","LOMBARDIA","CR","0373","H276","13","1746"
"28049","MASI","VENETO","PD","0425","F013","14","1746"
"29019","CRESPINO","VENETO","RO","0425","D161","32","1747"
"7043","MONTJOVET","VALLE D'AOSTA","AO","0166","F367","19","1749"
"41002","APECCHIO","MARCHE","PU","0722","A327","103","1749"
"55015","GUARDEA","UMBRIA","TR","0744","E241","39","1749"
"3070","GARGALLO","PIEMONTE","NO","0322","D921","4","1750"
"40050","VERGHERETO","EMILIA-ROMAGNA","FC","0543","L764","118","1750"
"68026","NOCCIANO","ABRUZZO","PE","085","F908","13","1750"
"76008","BALVANO","BASILICATA","PZ","0971","A604","42","1751"
"6185","VILLANOVA MONFERRATO","PIEMONTE","AL","0142","L972","17","1752"
"16150","ORIO AL SERIO","LOMBARDIA","BG","035","G108","3","1752"
"22244","PORTE DI RENDENA","TRENTINO-ALTO ADIGE","TN","0465","M358","41","1752"
"61008","CAIANELLO","CAMPANIA","CE","0823","B361","16","1754"
"1064","CASTAGNETO PO","PIEMONTE","TO","011","C045","12","1755"
"22226","ZIANO DI FIEMME","TRENTINO-ALTO ADIGE","TN","0462","M173","36","1755"
"34012","CORNIGLIO","EMILIA-ROMAGNA","PR","0521","D026","166","1755"
"78002","ACQUAPPESA","CALABRIA","CS","0982","A041","14","1755"
"97078","SUELLO","LOMBARDIA","LC","031","I996","3","1755"
"9055","SASSELLO","LIGURIA","SV","019","I453","100","1756"
"91072","PERDASDEFOGU","SARDEGNA","NU","0782","G445","78","1757"
"16241","VILLA D'OGNA","LOMBARDIA","BG","0346","L938","5","1758"
"79118","SANT'ANDREA APOSTOLO DELLO IONIO","CALABRIA","CZ","0967","I266","20","1758"
"102012","FILANDARI","CALABRIA","VV","0963","D589","19","1758"
"28097","VESCOVANA","VENETO","PD","0425","L805","22","1759"
"19020","CASALETTO VAPRIO","LOMBARDIA","CR","0373","B891","5","1760"
"98036","MARUDO","LOMBARDIA","LO","0371","E994","4","1760"
"1071","CERCENASCO","PIEMONTE","TO","011","C487","13","1761"
"65070","MONTANO ANTILIA","CAMPANIA","SA","0974","F426","33","1762"
"1211","REANO","PIEMONTE","TO","011","H207","7","1763"
"23008","BEVILACQUA","VENETO","VR","0442","A837","12","1763"
"83001","ALCARA LI FUSI","SICILIA","ME","0941","A177","62","1763"
"17108","MILZANO","LOMBARDIA","BS","030","F216","9","1764"
"21007","BARBIANO","TRENTINO-ALTO ADIGE","BZ","0471","A635","24","1765"
"1126","LA CASSA","PIEMONTE","TO","011","E394","12","1766"
"40036","ROCCA SAN CASCIANO","EMILIA-ROMAGNA","FC","0543","H437","50","1766"
"66064","ORTUCCHIO","ABRUZZO","AQ","0863","G145","36","1766"
"67009","CANZANO","ABRUZZO","TE","0861","B640","17","1768"
"82037","GERACI SICULO","SICILIA","PA","0921","D977","113","1768"
"16200","SOLTO COLLINA","LOMBARDIA","BG","035","I812","12","1769"
"21082","SAN MARTINO IN BADIA","TRENTINO-ALTO ADIGE","BZ","0474","H988","76","1769"
"75008","BAGNOLO DEL SALENTO","PUGLIA","LE","0836","A572","7","1769"
"78063","LAINO BORGO","CALABRIA","CS","0981","E417","57","1769"
"3103","NEBBIUNO","PIEMONTE","NO","0322","F859","8","1770"
"21096","TERENTO","TRENTINO-ALTO ADIGE","BZ","0472","L106","43","1771"
"78013","BELMONTE CALABRO","CALABRIA","CS","0982","A762","24","1772"
"6017","BISTAGNO","PIEMONTE","AL","0144","A889","18","1773"
"65038","CELLE DI BULGHERIA","CAMPANIA","SA","0974","C444","32","1774"
"76015","CALVELLO","BASILICATA","PZ","0971","B440","105","1775"
"12101","MERCALLO","LOMBARDIA","VA","0331","F134","5","1776"
"18009","BASCAPÈ","LOMBARDIA","PV","0382","A690","13","1777"
"90042","MORES","SARDEGNA","SS","079","F721","95","1777"
"7027","FÉNIS","VALLE D'AOSTA","AO","0165","D537","68","1778"
"76028","CHIAROMONTE","BASILICATA","PZ","0973","C619","71","1778"
"89003","BUCCHERI","SICILIA","SR","0931","B237","57","1778"
"13040","CAMPIONE D'ITALIA","LOMBARDIA","CO","04191","B513","3","1779"
"93047","TRAVESIO","FRIULI-VENEZIA GIULIA","PN","0427","L347","29","1780"
"98053","SENNA LODIGIANA","LOMBARDIA","LO","0377","I612","27","1784"
"10021","DAVAGNA","LIGURIA","GE","010","D255","22","1786"
"13009","ANZANO DEL PARCO","LOMBARDIA","CO","031","A319","3","1786"
"90002","ALÀ DEI SARDI","SARDEGNA","SS","079","A115","189","1787"
"30067","OVARO","FRIULI-VENEZIA GIULIA","UD","0433","G198","58","1791"
"70075","SEPINO","MOLISE","CB","0874","I618","63","1791"
"17050","CETO","LOMBARDIA","BS","0364","C585","32","1793"
"1132","LESSOLO","PIEMONTE","TO","0125","E551","8","1795"
"6029","CAPRIATA D'ORBA","PIEMONTE","AL","0143","B701","28","1795"
"30011","BICINICCO","FRIULI-VENEZIA GIULIA","UD","0432","A855","16","1797"
"14043","MESE","LOMBARDIA","SO","0343","F153","4","1799"
"37010","CAMUGNANO","EMILIA-ROMAGNA","BO","0534","B572","97","1800"
"5028","CASTELLO DI ANNONE","PIEMONTE","AT","0141","A300","23","1801"
"28005","ARQUÀ PETRARCA","VENETO","PD","0429","A434","13","1801"
"35042","VETTO","EMILIA-ROMAGNA","RE","0522","L815","53","1801"
"36016","FRASSINORO","EMILIA-ROMAGNA","MO","0536","D783","96","1801"
"52010","CHIUSDINO","TOSCANA","SI","0577","C661","142","1801"
"73023","ROCCAFORZATA","PUGLIA","TA","099","H409","6","1801"
"65147","TORCHIARA","CAMPANIA","SA","0974","L212","8","1805"
"24101","SOLAGNA","VENETO","VI","0424","I783","16","1807"
"64048","MELITO IRPINO","CAMPANIA","AV","0825","F110","21","1807"
"82002","ALIMENA","SICILIA","PA","0921","A202","59","1808"
"1231","SALASSA","PIEMONTE","TO","0124","H691","5","1809"
"85014","RESUTTANO","SICILIA","CL","0934","H245","38","1809"
"21094","SLUDERNO","TRENTINO-ALTO ADIGE","BZ","0473","I771","21","1811"
"42031","MORRO D'ALBA","MARCHE","AN","0731","F745","19","1813"
"24065","MONTEGALDELLA","VENETO","VI","0444","F515","14","1814"
"65069","MOIO DELLA CIVITELLA","CAMPANIA","SA","0974","F278","17","1816"
"81023","VITA","SICILIA","TP","0924","M081","9","1819"
"90081","BADESI","SARDEGNA","SS","079","M214","31","1819"
"111087","SOLEMINIS","SARDEGNA","SU","070","I797","13","1819"
"55012","FERENTILLO","UMBRIA","TR","0744","D538","70","1820"
"19017","CASALE CREMASCO-VIDOLASCO","LOMBARDIA","CR","0373","B881","9","1821"
"21035","GARGAZZONE","TRENTINO-ALTO ADIGE","BZ","0473","D923","5","1821"
"28052","MEGLIADINO SAN VITALE","VENETO","PD","0429","F092","15","1821"
"90036","LUOGOSANTO","SARDEGNA","SS","079","E747","135","1821"
"60027","COLFELICE","LAZIO","FR","0776","C836","14","1822"
"16174","PREDORE","LOMBARDIA","BG","035","H020","12","1823"
"54020","FRATTA TODINA","UMBRIA","PG","075","D787","18","1823"
"68007","CARAMANICO TERME","ABRUZZO","PE","085","B722","85","1823"
"75074","SECLÌ","PUGLIA","LE","0836","I559","9","1825"
"82077","VENTIMIGLIA DI SICILIA","SICILIA","PA","091","L740","27","1825"
"94021","FORNELLI","MOLISE","IS","0865","D715","23","1826"
"98047","SAN FIORANO","LOMBARDIA","LO","0377","H844","9","1826"
"43004","BELFORTE DEL CHIENTI","MARCHE","MC","0733","A739","16","1827"
"102014","FRANCAVILLA ANGITOLA","CALABRIA","VV","0968","D762","28","1827"
"79018","CARDINALE","CALABRIA","CZ","0967","B758","31","1828"
"14051","POGGIRIDENTI","LOMBARDIA","SO","0342","G431","3","1829"
"18107","PALESTRO","LOMBARDIA","PV","0384","G275","19","1829"
"83079","SAN MARCO D'ALUNZIO","SICILIA","ME","0941","H982","26","1830"
"111095","VALLERMOSA","SARDEGNA","SU","0781","L613","62","1830"
"71052","SANT'AGATA DI PUGLIA","PUGLIA","FG","0881","I193","116","1832"
"48025","LONDA","TOSCANA","FI","055","E668","59","1833"
"64031","DOMICELLA","CAMPANIA","AV","081","D331","7","1833"
"64039","GROTTOLELLA","CAMPANIA","AV","0825","E214","7","1833"
"64076","QUADRELLE","CAMPANIA","AV","081","H097","7","1833"
"11029","VARESE LIGURE","LIGURIA","SP","0187","L681","137","1834"
"22136","PEIO","TRENTINO-ALTO ADIGE","TN","0463","G419","161","1834"
"60067","SANT'APOLLINARE","LAZIO","FR","0776","I302","17","1834"
"65115","SALENTO","CAMPANIA","SA","0974","H686","24","1834"
"18109","PARONA","LOMBARDIA","PV","0384","G342","9","1838"
"26079","SEGUSINO","VENETO","TV","0423","I578","18","1838"
"41049","PIOBBICO","MARCHE","PU","0722","G682","48","1839"
"19083","RIVAROLO DEL RE ED UNITI","LOMBARDIA","CR","0375","H341","27","1842"
"82008","BAUCINA","SICILIA","PA","091","A719","24","1842"
"6191","CASSANO SPINOLA","PIEMONTE","AL","0143","M388","17","1843"
"3122","PRATO SESIA","PIEMONTE","NO","0163","H001","12","1844"
"102008","DINAMI","CALABRIA","VV","0966","D303","44","1844"
"42026","MONTECAROTTO","MARCHE","AN","0731","F453","24","1845"
"4210","SAN MICHELE MONDOVÌ","PIEMONTE","CN","0174","I037","18","1846"
"22213","VERMIGLIO","TRENTINO-ALTO ADIGE","TN","0463","L769","104","1846"
"25063","VALLE DI CADORE","VENETO","BL","0435","L590","41","1847"
"2011","BIANZÈ","PIEMONTE","VC","0161","A847","42","1848"
"10005","BORZONASCA","LIGURIA","GE","0185","B067","80","1848"
"91093","TONARA","SARDEGNA","NU","0784","L202","52","1851"
"15061","CASSINETTA DI LUGAGNANO","LOMBARDIA","MI","02","C033","3","1853"
"46019","MINUCCIANO","TOSCANA","LU","0583","F225","57","1853"
"102050","ZUNGRI","CALABRIA","VV","0963","M204","23","1854"
"1253","SAN SEBASTIANO DA PO","PIEMONTE","TO","011","I152","17","1855"
"62050","PESCO SANNITA","CAMPANIA","BN","0824","G494","24","1855"
"65029","CASELLE IN PITTARI","CAMPANIA","SA","0974","B959","45","1855"
"80064","RIACE","CALABRIA","RC","0964","H265","16","1856"
"103057","PREMOSELLO-CHIOVENDA","PIEMONTE","VB","0324","H037","34","1856"
"37013","CASTEL D'AIANO","EMILIA-ROMAGNA","BO","051","C075","45","1857"
"55014","GIOVE","UMBRIA","TR","0744","E045","15","1857"
"98051","SANTO STEFANO LODIGIANO","LOMBARDIA","LO","0377","I362","10","1857"
"6049","CASTELLETTO D'ORBA","PIEMONTE","AL","0143","C158","14","1858"
"86008","CERAMI","SICILIA","EN","0935","C480","95","1859"
"25019","FALCADE","VENETO","BL","0437","D470","53","1860"
"68038","SAN VALENTINO IN ABRUZZO CITERIORE","ABRUZZO","PE","085","I376","16","1860"
"1060","CASALBORGONE","PIEMONTE","TO","011","B867","20","1862"
"64023","CASTELFRANCI","CAMPANIA","AV","0827","C105","12","1862"
"82052","PALAZZO ADRIANO","SICILIA","PA","091","G263","129","1863"
"97052","MONTE MARENZO","LOMBARDIA","LC","0341","F561","3","1866"
"1225","RONDISSONE","PIEMONTE","TO","011","H547","11","1867"
"98060","VILLANOVA DEL SILLARO","LOMBARDIA","LO","0371","L977","14","1867"
"43036","PETRIOLO","MARCHE","MC","0733","G515","16","1868"
"111086","SIURGUS DONIGALA","SARDEGNA","SU","070","I765","76","1868"
"78107","ROSETO CAPO SPULICO","CALABRIA","CS","0981","H572","31","1870"
"96058","SALUSSOLA","PIEMONTE","BI","0161","H726","43","1871"
"14046","NOVATE MEZZOLA","LOMBARDIA","SO","0343","F956","100","1872"
"58070","NEMI","LAZIO","RM","06","F865","7","1872"
"6162","SILVANO D'ORBA","PIEMONTE","AL","0143","I738","12","1874"
"50010","CASTELLINA MARITTIMA","TOSCANA","PI","050","C174","46","1877"
"17082","IDRO","LOMBARDIA","BS","0365","E280","23","1878"
"66087","SAN DEMETRIO NE' VESTINI","ABRUZZO","AQ","0862","H819","16","1880"
"18139","SANTA CRISTINA E BISSONE","LOMBARDIA","PV","0382","I175","22","1881"
"2152","VALDUGGIA","PIEMONTE","VC","0163","L566","29","1882"
"60002","ACUTO","LAZIO","FR","0775","A054","13","1883"
"78145","TARSIA","CALABRIA","CS","0981","L055","49","1883"
"75094","ZOLLINO","PUGLIA","LE","0836","M187","10","1884"
"6075","FRUGAROLO","PIEMONTE","AL","0131","D813","27","1885"
"60062","SAN DONATO VAL DI COMINO","LAZIO","FR","0776","H824","36","1886"
"67002","ANCARANO","ABRUZZO","TE","0861","A270","14","1886"
"21114","VILLANDRO","TRENTINO-ALTO ADIGE","BZ","0472","L971","44","1887"
"64077","QUINDICI","CAMPANIA","AV","081","H128","24","1888"
"78054","FIRMO","CALABRIA","CS","0981","D614","12","1888"
"42040","ROSORA","MARCHE","AN","0731","H575","9","1890"
"1203","PRALORMO","PIEMONTE","TO","011","G979","30","1891"
"9027","DEGO","LIGURIA","SV","019","D264","68","1892"
"12045","CASTELVECCANA","LOMBARDIA","VA","0332","C181","21","1894"
"14050","PIURO","LOMBARDIA","SO","0343","G718","86","1894"
"19090","SAN GIOVANNI IN CROCE","LOMBARDIA","CR","0375","H918","16","1894"
"49011","MARCIANA MARINA","TOSCANA","LI","0565","E931","6","1894"
"51015","CHIUSI DELLA VERNA","TOSCANA","AR","0575","C663","102","1894"
"4079","DEMONTE","PIEMONTE","CN","0171","D271","127","1895"
"109004","CAMPOFILONE","MARCHE","FM","0734","B534","12","1896"
"17121","ODOLO","LOMBARDIA","BS","0365","G001","6","1897"
"80089","SINOPOLI","CALABRIA","RC","0966","I753","26","1897"
"22188","TELVE","TRENTINO-ALTO ADIGE","TN","0461","L089","65","1898"
"21092","SESTO","TRENTINO-ALTO ADIGE","BZ","0474","I687","81","1900"
"58071","NEROLA","LAZIO","RM","0774","F871","19","1900"
"76033","FORENZA","BASILICATA","PZ","0971","D696","116","1901"
"78075","MANGONE","CALABRIA","CS","0984","E888","12","1901"
"79034","CORTALE","CALABRIA","CZ","0968","D049","29","1902"
"76094","VAGLIO BASILICATA","BASILICATA","PZ","0971","L532","43","1903"
"41023","MACERATA FELTRIA","MARCHE","PU","0722","E785","40","1904"
"71041","RIGNANO GARGANICO","PUGLIA","FG","0882","H287","89","1905"
"6168","STREVI","PIEMONTE","AL","0144","I977","15","1906"
"25008","CALALZO DI CADORE","VENETO","BL","0435","B375","43","1906"
"79056","GASPERINA","CALABRIA","CZ","0967","D932","7","1906"
"12052","CLIVIO","LOMBARDIA","VA","0332","C796","3","1909"
"17063","CORTENO GOLGI","LOMBARDIA","BS","0364","D064","83","1909"
"111028","GIBA","SARDEGNA","SU","0781","E022","35","1909"
"6140","PREDOSA","PIEMONTE","AL","0131","H021","33","1910"
"84008","CAMASTRA","SICILIA","AG","0922","B460","17","1910"
"24117","VILLAGA","VENETO","VI","0444","L952","23","1911"
"20073","BORGOCARBONARA","LOMBARDIA","MN","0386","M406","31","1912"
"55028","PORANO","UMBRIA","TR","0763","G881","14","1913"
"70011","CASACALENDA","MOLISE","CB","0874","B858","67","1913"
"6018","BORGHETTO DI BORBERA","PIEMONTE","AL","0143","A998","40","1914"
"56037","MONTE ROMANO","LAZIO","VT","0766","F603","86","1914"
"17182","SULZANO","LOMBARDIA","BS","030","L002","11","1915"
"83094","SCALETTA ZANCLEA","SICILIA","ME","090","I492","5","1915"
"91064","OROTELLI","SARDEGNA","NU","0784","G120","61","1916"
"19046","GADESCO-PIEVE DELMONA","LOMBARDIA","CR","0372","D841","17","1917"
"43016","ESANATOGLIA","MARCHE","MC","0737","D429","48","1917"
"78125","SAN NICOLA ARCELLA","CALABRIA","CS","0985","I060","11","1917"
"61080","SAN POTITO SANNITICO","CAMPANIA","CE","0823","I130","23","1918"
"109040","TORRE SAN PATRIZIO","MARCHE","FM","0734","L279","12","1919"
"17180","SOIANO DEL LAGO","LOMBARDIA","BS","0365","I782","6","1920"
"58041","GAVIGNANO","LAZIO","RM","06","D945","15","1920"
"78087","ORIOLO","CALABRIA","CS","0981","G110","84","1921"
"56043","PIANSANO","LAZIO","VT","0761","G571","26","1922"
"79099","PLATANIA","CALABRIA","CZ","0968","G734","25","1923"
"78128","SAN SOSTI","CALABRIA","CS","0981","I165","44","1924"
"45015","TRESANA","TOSCANA","MS","0187","L386","44","1925"
"57049","PESCOROCCHIANO","LAZIO","RI","0746","G498","95","1925"
"44064","ROCCAFLUVIONE","MARCHE","AP","0736","H390","61","1926"
"23032","ERBÈ","VENETO","VR","045","D419","16","1927"
"13134","LONGONE AL SEGRINO","LOMBARDIA","CO","031","E679","2","1929"
"44073","VENAROTTA","MARCHE","AP","0736","L728","30","1929"
"75033","GIURDIGNANO","PUGLIA","LE","0836","E061","14","1929"
"97065","PASTURO","LOMBARDIA","LC","0341","G368","22","1929"
"62021","CAUTANO","CAMPANIA","BN","0824","C359","20","1931"
"97040","INTROBIO","LOMBARDIA","LC","0341","E305","26","1931"
"98052","SECUGNAGO","LOMBARDIA","LO","0377","I561","7","1931"
"56016","CARBOGNANO","LAZIO","VT","0761","B735","17","1932"
"78057","FRASCINETO","CALABRIA","CS","0981","D774","29","1932"
"96032","MASSERANO","PIEMONTE","BI","015","F042","27","1932"
"101022","SANTA SEVERINA","CALABRIA","KR","0962","I308","52","1935"
"69030","FARA FILIORUM PETRI","ABRUZZO","CH","0871","D494","15","1936"
"16083","CORTENUOVA","LOMBARDIA","BG","0363","D066","7","1937"
"14032","GORDONA","LOMBARDIA","SO","0343","E090","49","1938"
"79092","PENTONE","CALABRIA","CZ","0961","G439","12","1941"
"102001","ACQUARO","CALABRIA","VV","0963","A043","25","1941"
"28084","SANT'URBANO","VENETO","PD","0429","I375","32","1942"
"62062","SAN LORENZO MAGGIORE","CAMPANIA","BN","0824","H967","16","1944"
"37026","FONTANELICE","EMILIA-ROMAGNA","BO","0542","D668","37","1945"
"109035","RAPAGNANO","MARCHE","FM","0734","H182","12","1945"
"4085","ENVIE","PIEMONTE","CN","0175","D412","25","1946"
"12104","MONVALLE","LOMBARDIA","VA","0332","F703","4","1946"
"103071","VARZO","PIEMONTE","VB","0324","L691","95","1946"
"1305","VILLAR FOCCHIARDO","PIEMONTE","TO","011","M007","26","1948"
"19054","IZANO","LOMBARDIA","CR","0373","E380","6","1948"
"30097","RONCHIS","FRIULI-VENEZIA GIULIA","UD","0431","H533","19","1948"
"91103","CARDEDU","SARDEGNA","NU","0782","M285","32","1948"
"55006","ATTIGLIANO","UMBRIA","TR","0744","A490","10","1950"
"21066","POSTAL","TRENTINO-ALTO ADIGE","BZ","0473","G936","7","1951"
"5087","PORTACOMARO","PIEMONTE","AT","0141","G894","11","1955"
"25051","SAN VITO DI CADORE","VENETO","BL","0436","I392","62","1955"
"76022","CASTELLUCCIO INFERIORE","BASILICATA","PZ","0973","C199","29","1955"
"83075","RODÌ MILICI","SICILIA","ME","090","H479","36","1957"
"96007","BRUSNENGO","PIEMONTE","BI","015","B229","10","1958"
"28031","CINTO EUGANEO","VENETO","PD","0429","C713","20","1960"
"14010","BUGLIO IN MONTE","LOMBARDIA","SO","0342","B255","28","1961"
"16094","ENTRATICO","LOMBARDIA","BG","035","D411","4","1961"
"103003","ARIZZANO","PIEMONTE","VB","0323","A409","2","1961"
"1222","ROLETTO","PIEMONTE","TO","0121","H498","10","1962"
"9005","ALTARE","LIGURIA","SV","019","A226","12","1962"
"19003","ANNICCO","LOMBARDIA","CR","0374","A299","19","1962"
"4132","MONFORTE D'ALBA","PIEMONTE","CN","0173","F358","26","1963"
"22238","BORGO CHIESE","TRENTINO-ALTO ADIGE","TN","0465","M352","54","1963"
"44032","MONTALTO DELLE MARCHE","MARCHE","AP","0736","F415","34","1964"
"28043","GRANZE","VENETO","PD","0429","E146","11","1965"
"111017","DONORI","SARDEGNA","SU","070","D344","35","1965"
"75095","SAN CASSIANO","PUGLIA","LE","0836","M264","9","1966"
"101020","SAN MAURO MARCHESATO","CALABRIA","KR","0962","I026","42","1966"
"3023","BORGOLAVEZZARO","PIEMONTE","NO","0321","B016","21","1967"
"102016","GEROCARNE","CALABRIA","VV","0963","D988","45","1967"
"79117","SANTA CATERINA DELLO IONIO","CALABRIA","CZ","0967","I170","41","1971"
"33001","AGAZZANO","EMILIA-ROMAGNA","PC","0523","A067","36","1972"
"47023","ABETONE CUTIGLIANO","TOSCANA","PT","0573","M376","75","1973"
"64109","TORELLA DEI LOMBARDI","CAMPANIA","AV","0827","L214","26","1973"
"16197","SELVINO","LOMBARDIA","BG","035","I597","6","1974"
"64072","PIETRADEFUSI","CAMPANIA","AV","0825","G611","9","1974"
"101001","BELVEDERE DI SPINELLO","CALABRIA","KR","0962","A772","30","1974"
"61011","CAMIGLIANO","CAMPANIA","CE","0823","B477","6","1975"
"30131","VENZONE","FRIULI-VENEZIA GIULIA","UD","0432","L743","55","1976"
"3065","FARA NOVARESE","PIEMONTE","NO","0321","D492","9","1977"
"24002","ALBETTONE","VENETO","VI","0444","A154","20","1977"
"31021","SAN PIER D'ISONZO","FRIULI-VENEZIA GIULIA","GO","0481","I082","9","1977"
"17100","MALEGNO","LOMBARDIA","BS","0364","E851","7","1978"
"66048","INTRODACQUA","ABRUZZO","AQ","0864","E307","37","1981"
"21099","TESIMO","TRENTINO-ALTO ADIGE","BZ","0473","L149","38","1982"
"79048","FEROLETO ANTICO","CALABRIA","CZ","0968","D544","22","1982"
"42041","SAN MARCELLO","MARCHE","AN","0731","H979","26","1983"
"56025","FALERIA","LAZIO","VT","0761","D475","26","1984"
"17071","FIESSE","LOMBARDIA","BS","030","D576","16","1985"
"57051","POGGIO BUSTONE","LAZIO","RI","0746","G756","22","1986"
"98042","ORIO LITTA","LOMBARDIA","LO","0377","G107","10","1986"
"17118","NIARDO","LOMBARDIA","BS","0364","F884","22","1987"
"23009","BONAVIGO","VENETO","VR","0442","A964","18","1987"
"65149","TORRE ORSAIA","CAMPANIA","SA","0974","L274","24","1987"
"34004","BERCETO","EMILIA-ROMAGNA","PR","0525","A788","132","1988"
"91011","BORORE","SARDEGNA","NU","0785","B056","43","1989"
"4144","MOROZZO","PIEMONTE","CN","0171","F743","22","1990"
"29050","VILLANOVA DEL GHEBBO","VENETO","RO","0425","L985","12","1991"
"44036","MONTEFIORE DELL'ASO","MARCHE","AP","0734","F501","28","1991"
"22191","TENNO","TRENTINO-ALTO ADIGE","TN","0464","L097","28","1992"
"58066","MONTORIO ROMANO","LAZIO","RM","0774","F692","24","1992"
"58033","CIVITELLA SAN PAOLO","LAZIO","RM","0765","C784","21","1993"
"65041","CETARA","CAMPANIA","SA","089","C584","5","1993"
"62005","ARPAIA","CAMPANIA","BN","0823","A431","5","1994"
"65102","PRAIANO","CAMPANIA","SA","089","G976","3","1994"
"4100","GRINZANE CAVOUR","PIEMONTE","CN","0173","E182","4","1995"
"5059","ISOLA D'ASTI","PIEMONTE","AT","0141","E338","14","1995"
"10039","MONTOGGIO","LIGURIA","GE","010","F682","46","1995"
"54041","PIETRALUNGA","UMBRIA","PG","075","G618","140","1995"
"56047","SAN LORENZO NUOVO","LAZIO","VT","0763","H969","28","1995"
"13126","LEZZENO","LOMBARDIA","CO","031","E569","23","1996"
"61033","DRAGONI","CAMPANIA","CE","0823","D361","26","1998"
"17203","VISANO","LOMBARDIA","BS","030","M070","11","2000"
"16211","TAVERNOLA BERGAMASCA","LOMBARDIA","BG","035","L073","12","2001"
"83057","MONTALBANO ELICONA","SICILIA","ME","0941","F400","67","2001"
"111052","PABILLONIS","SARDEGNA","SU","070","G207","38","2549"
"111107","VILLASPECIOSA","SARDEGNA","SU","070","M026","27","2549"
"71035","ORSARA DI PUGLIA","PUGLIA","FG","0881","G125","82","2550"
"82068","SCIARA","SICILIA","PA","091","I534","31","2551"
"111036","ISILI","SARDEGNA","SU","0782","E336","68","2551"
"61084","SANTA MARIA LA FOSSA","CAMPANIA","CE","0823","I247","30","2553"
"71039","PIETRAMONTECORVINO","PUGLIA","FG","0881","G604","71","2554"
"55005","ARRONE","UMBRIA","TR","0744","A439","41","2558"
"21033","FUNES","TRENTINO-ALTO ADIGE","BZ","0472","D821","81","2560"
"101007","CIRÒ","CALABRIA","KR","0962","C725","70","2560"
"3062","DORMELLETTO","PIEMONTE","NO","0322","D347","7","2561"
"83054","MONFORTE SAN GIORGIO","SICILIA","ME","090","F359","32","2564"
"23026","CERRO VERONESE","VENETO","VR","045","C538","10","2565"
"84002","ALESSANDRIA DELLA ROCCA","SICILIA","AG","0922","A181","62","2567"
"13137","LURAGO MARINONE","LOMBARDIA","CO","031","E750","4","2570"
"64114","VALLATA","CAMPANIA","AV","0827","L589","48","2570"
"95001","ABBASANTA","SARDEGNA","OR","0785","A007","40","2572"
"71040","POGGIO IMPERIALE","PUGLIA","FG","0882","G761","52","2573"
"1053","CANTALUPA","PIEMONTE","TO","0121","B628","11","2574"
"71009","CANDELA","PUGLIA","FG","0885","B584","96","2574"
"44001","ACQUASANTA TERME","MARCHE","AP","0736","A044","138","2575"
"65019","CAGGIANO","CAMPANIA","SA","0975","B351","35","2577"
"3066","FONTANETO D'AGOGNA","PIEMONTE","NO","0322","D675","21","2579"
"17109","MONIGA DEL GARDA","LOMBARDIA","BS","0365","F373","9","2579"
"18114","PIEVE PORTO MORONE","LOMBARDIA","PV","0382","G650","16","2580"
"29047","TRECENTA","VENETO","RO","0425","L359","35","2581"
"26018","CISON DI VALMARINO","VENETO","TV","0438","C735","29","2582"
"13097","EUPILIO","LOMBARDIA","CO","031","D445","7","2583"
"83080","SAN PIER NICETO","SICILIA","ME","090","I084","36","2583"
"30065","NIMIS","FRIULI-VENEZIA GIULIA","UD","0432","F898","34","2586"
"3058","CUREGGIO","PIEMONTE","NO","0322","D216","8","2587"
"23005","BADIA CALAVENA","VENETO","VR","045","A540","27","2589"
"7073","VERRÈS","VALLE D'AOSTA","AO","0125","C282","8","2590"
"12031","CARAVATE","LOMBARDIA","VA","0332","B732","5","2591"
"76068","RIVELLO","BASILICATA","PZ","0973","H348","69","2591"
"10053","SAN COLOMBANO CERTENOLI","LIGURIA","GE","0185","H802","41","2593"
"77024","SALANDRA","BASILICATA","MT","0835","H687","77","2595"
"96059","SANDIGLIANO","PIEMONTE","BI","015","H821","10","2595"
"42047","SERRA SAN QUIRICO","MARCHE","AN","0731","I653","49","2596"
"97030","DERVIO","LOMBARDIA","LC","0341","D280","12","2596"
"97019","CASTELLO DI BRIANZA","LOMBARDIA","LC","039","C187","4","2601"
"64026","CESINALI","CAMPANIA","AV","0825","C576","4","2602"
"4096","GENOLA","PIEMONTE","CN","0172","D967","14","2605"
"1223","ROMANO CANAVESE","PIEMONTE","TO","0125","H511","11","2606"
"10051","ROSSIGLIONE","LIGURIA","GE","010","H581","47","2606"
"13229","VALBRONA","LOMBARDIA","CO","031","L547","14","2606"
"65068","MINORI","CAMPANIA","SA","089","F223","3","2606"
"98046","SALERANO SUL LAMBRO","LOMBARDIA","LO","0371","H701","4","2609"
"78019","BONIFATI","CALABRIA","CS","0982","A973","34","2611"
"82029","CHIUSA SCLAFANI","SICILIA","PA","091","C654","57","2611"
"33004","BETTOLA","EMILIA-ROMAGNA","PC","0523","A831","123","2612"
"75049","MONTESANO SALENTINO","PUGLIA","LE","0833","F623","8","2612"
"18015","BORGARELLO","LOMBARDIA","PV","0382","A989","5","2613"
"28018","CAMPODORO","VENETO","PD","049","B531","11","2613"
"4243","VIGNOLO","PIEMONTE","CN","0171","L888","8","2614"
"34045","VARANO DE' MELEGARI","EMILIA-ROMAGNA","PR","0525","L672","64","2617"
"29009","CANARO","VENETO","RO","0425","B578","33","2620"
"78155","ZUMPANO","CALABRIA","CS","0984","M202","8","2621"
"29013","CASTELNOVO BARIANO","VENETO","RO","0425","C215","38","2624"
"10033","MELE","LIGURIA","GE","010","F098","17","2626"
"64032","FLUMERI","CAMPANIA","AV","0825","D638","34","2626"
"62027","DUGENTA","CAMPANIA","BN","0824","D380","16","2627"
"96041","OCCHIEPPO SUPERIORE","PIEMONTE","BI","015","F993","5","2627"
"29003","ARQUÀ POLESINE","VENETO","RO","0425","A435","20","2628"
"4157","PAESANA","PIEMONTE","CN","0175","G228","58","2629"
"13232","VALMOREA","LOMBARDIA","CO","031","L640","3","2629"
"10037","MONEGLIA","LIGURIA","GE","0185","F354","15","2630"
"19052","GUSSOLA","LOMBARDIA","CR","0375","E272","25","2630"
"22254","VILLE DI FIEMME","TRENTINO-ALTO ADIGE","TN","0462","M431","46","2631"
"61097","VALLE DI MADDALONI","CAMPANIA","CE","0823","L591","11","2631"
"71006","BICCARI","PUGLIA","FG","0881","A854","106","2634"
"98029","GUARDAMIGLIO","LOMBARDIA","LO","0377","E238","10","2635"
"52030","SAN QUIRICO D'ORCIA","TOSCANA","SI","0577","I135","42","2636"
"90009","BERCHIDDA","SARDEGNA","SS","079","A789","202","2636"
"65121","SAN MANGO PIEMONTE","CAMPANIA","SA","089","H977","6","2637"
"12143","CADREZZATE CON OSMATE","LOMBARDIA","VA","0331","m425","8","2638"
"52013","GAIOLE IN CHIANTI","TOSCANA","SI","0577","D858","129","2638"
"44012","CASTIGNANO","MARCHE","AP","0736","C321","39","2639"
"1104","FIANO","PIEMONTE","TO","011","D562","12","2640"
"12077","GOLASECCA","LOMBARDIA","VA","0331","E079","7","2641"
"17074","GARDONE RIVIERA","LOMBARDIA","BS","0365","D917","21","2642"
"17172","SAN GERVASIO BRESCIANO","LOMBARDIA","BS","030","H865","11","2642"
"78153","VERBICARO","CALABRIA","CS","0985","L747","33","2642"
"96085","LESSONA","PIEMONTE","BI","015","M371","13","2642"
"111070","SANT'ANNA ARRESI","SARDEGNA","SU","0781","M209","37","2644"
"24099","SCHIAVON","VENETO","VI","0444","I527","12","2645"
"62002","AMOROSI","CAMPANIA","BN","0824","A265","11","2645"
"84013","CASTROFILIPPO","SICILIA","AG","0922","C341","18","2646"
"18019","BORNASCO","LOMBARDIA","PV","0382","B051","13","2647"
"55011","FABRO","UMBRIA","TR","0763","D454","34","2648"
"69027","CRECCHIO","ABRUZZO","CH","0871","D137","19","2648"
"56027","GALLESE","LAZIO","VT","0761","D870","37","2649"
"54019","FOSSATO DI VICO","UMBRIA","PG","075","D745","35","2650"
"83081","SAN PIERO PATTI","SICILIA","ME","0941","I086","42","2651"
"16066","CAVERNAGO","LOMBARDIA","BG","035","C396","7","2653"
"17116","MUSCOLINE","LOMBARDIA","BS","0365","F820","10","2653"
"99024","PENNABILLI","EMILIA-ROMAGNA","RN","0541","G433","70","2653"
"76076","SAN FELE","BASILICATA","PZ","0976","H831","97","2654"
"4192","ROCCAVIONE","PIEMONTE","CN","0171","H453","20","2655"
"9061","TOIRANO","LIGURIA","SV","0182","L190","19","2655"
"36018","LAMA MOCOGNO","EMILIA-ROMAGNA","MO","0536","E426","64","2656"
"78030","CASTIGLIONE COSENTINO","CALABRIA","CS","0984","C301","14","2656"
"5025","CASTELL'ALFERO","PIEMONTE","AT","0141","C127","20","2657"
"55007","BASCHI","UMBRIA","TR","0744","A691","68","2657"
"66077","RAIANO","ABRUZZO","AQ","0864","H166","29","2658"
"20063","SOLFERINO","LOMBARDIA","MN","0376","I801","13","2659"
"23065","ROVERCHIARA","VENETO","VR","0442","H606","20","2659"
"111076","SERDIANA","SARDEGNA","SU","070","I624","56","2659"
"4223","SOMMARIVA PERNO","PIEMONTE","CN","0172","I823","17","2660"
"91009","BITTI","SARDEGNA","NU","0784","A895","216","2661"
"90046","NULVI","SARDEGNA","SS","079","F977","68","2662"
"16244","ZANDOBBIO","LOMBARDIA","BG","035","M144","6","2663"
"30130","VARMO","FRIULI-VENEZIA GIULIA","UD","0432","L686","37","2663"
"83101","TUSA","SICILIA","ME","0921","L478","41","2663"
"111007","BURCEI","SARDEGNA","SU","070","B274","95","2663"
"76011","BARILE","BASILICATA","PZ","0972","A666","25","2664"
"98006","BREMBIO","LOMBARDIA","LO","0377","B141","17","2665"
"64058","MONTEMARANO","CAMPANIA","AV","0827","F559","34","2667"
"75009","BOTRUGNO","PUGLIA","LE","0836","B086","10","2670"
"97038","GARLATE","LOMBARDIA","LC","0341","D926","2","2671"
"97053","MONTEVECCHIA","LOMBARDIA","LC","039","F657","6","2673"
"13170","ORSENIGO","LOMBARDIA","CO","031","G126","4","2674"
"20011","CASALOLDO","LOMBARDIA","MN","0376","B907","17","2677"
"30123","TORVISCOSA","FRIULI-VENEZIA GIULIA","UD","0431","L309","48","2677"
"22118","MOENA","TRENTINO-ALTO ADIGE","TN","0462","F263","83","2682"
"93028","MORSANO AL TAGLIAMENTO","FRIULI-VENEZIA GIULIA","PN","0434","F750","32","2682"
"60051","PICO","LAZIO","FR","0776","G592","33","2683"
"16158","PARRE","LOMBARDIA","BG","035","G346","22","2684"
"78084","MORMANNO","CALABRIA","CS","0981","F735","76","2684"
"93018","CORDOVADO","FRIULI-VENEZIA GIULIA","PN","0434","C993","12","2684"
"111021","FLUMINIMAGGIORE","SARDEGNA","SU","0781","D639","108","2685"
"38010","JOLANDA DI SAVOIA","EMILIA-ROMAGNA","FE","0532","E320","108","2686"
"25002","ALANO DI PIAVE","VENETO","BL","0439","A121","37","2687"
"60015","BROCCOSTELLA","LAZIO","FR","0776","B195","12","2688"
"28090","TERRASSA PADOVANA","VENETO","PD","049","L132","15","2690"
"17145","POLPENAZZE DEL GARDA","LOMBARDIA","BS","0365","G801","9","2691"
"76096","VIETRI DI POTENZA","BASILICATA","PZ","0971","L859","52","2694"
"25026","LAMON","VENETO","BL","0439","E429","54","2699"
"66096","SCURCOLA MARSICANA","ABRUZZO","AQ","0863","I553","30","2702"
"4166","PIASCO","PIEMONTE","CN","0175","G575","11","2703"
"18075","GRAVELLONA LOMELLINA","LOMBARDIA","PV","0381","E152","20","2703"
"83019","FALCONE","SICILIA","ME","0941","D474","9","2703"
"66036","CIVITELLA ROVETO","ABRUZZO","AQ","0863","C783","45","3068"
"21107","VAL DI VIZZE","TRENTINO-ALTO ADIGE","BZ","0472","L564","142","3069"
"91035","JERZU","SARDEGNA","NU","0782","E387","103","3069"
"13238","VENIANO","LOMBARDIA","CO","031","L737","3","3070"
"75050","MORCIANO DI LEUCA","PUGLIA","LE","0833","F716","13","3071"
"97072","ROGENO","LOMBARDIA","LC","031","H486","5","3071"
"54008","CASTEL RITALDI","UMBRIA","PG","0743","C252","23","3072"
"13145","MENAGGIO","LOMBARDIA","CO","0344","F120","13","3073"
"1033","BOSCONERO","PIEMONTE","TO","011","B075","11","3074"
"90049","OSCHIRI","SARDEGNA","SS","079","G153","216","3074"
"24068","MONTORSO VICENTINO","VENETO","VI","0444","F696","9","3077"
"1022","BARDONECCHIA","PIEMONTE","TO","0122","A651","132","3078"
"12025","BUGUGGIATE","LOMBARDIA","VA","0332","B258","3","3078"
"5031","CASTELNUOVO DON BOSCO","PIEMONTE","AT","011","C232","22","3079"
"21079","SAN GENESIO ATESINO","TRENTINO-ALTO ADIGE","BZ","0471","H858","69","3079"
"43049","SARNANO","MARCHE","MC","0733","I436","63","3080"
"69001","ALTINO","ABRUZZO","CH","0872","A235","15","3080"
"1094","CORIO","PIEMONTE","TO","011","D008","41","3082"
"25022","FONZASO","VENETO","BL","0439","D686","27","3082"
"18190","ZINASCO","LOMBARDIA","PV","0382","M180","30","3084"
"24071","NANTO","VENETO","VI","0444","F838","15","3088"
"68025","MOSCUFO","ABRUZZO","PE","085","F765","19","3088"
"60048","PATRICA","LAZIO","FR","0775","G374","27","3090"
"25056","SOSPIROLO","VENETO","BL","0437","I866","66","3091"
"83011","CARONIA","SICILIA","ME","0921","B804","227","3097"
"1252","SAN RAFFAELE CIMENA","PIEMONTE","TO","011","I137","11","3098"
"25070","QUERO VAS","VENETO","BL","0439","M332","46","3100"
"76100","PATERNO","BASILICATA","PZ","0975","M269","39","3100"
"87033","PATERNÒ","SICILIA","CT","095","G371","144","3100"
"82024","CASTELLANA SICULA","SICILIA","PA","0921","C135","73","3101"
"100001","CANTAGALLO","TOSCANA","PO","0574","B626","95","3102"
"111044","NARCAO","SARDEGNA","SU","0781","F841","86","3102"
"13047","CARLAZZO","LOMBARDIA","CO","0344","B785","13","3103"
"16060","CASNIGO","LOMBARDIA","BG","035","B978","13","3108"
"10012","CASELLA","LIGURIA","GE","010","B956","8","3110"
"23057","PASTRENGO","VENETO","VR","045","G365","9","3111"
"1020","BANCHETTE","PIEMONTE","TO","0125","A607","2","3112"
"63018","CASAMARCIANO","CAMPANIA","NA","081","B922","6","3112"
"1199","PONT-CANAVESE","PIEMONTE","TO","0124","G826","19","3116"
"59030","SPERLONGA","LAZIO","LT","0771","I892","18","3116"
"17106","MARONE","LOMBARDIA","BS","030","E967","23","3117"
"40046","SOGLIANO AL RUBICONE","EMILIA-ROMAGNA","FC","0541","I779","93","3117"
"53026","SORANO","TOSCANA","GR","0564","I841","175","3118"
"24081","POVE DEL GRAPPA","VENETO","VI","0424","G943","10","3119"
"19086","ROMANENGO","LOMBARDIA","CR","0373","H508","15","3121"
"30030","CORNO DI ROSAZZO","FRIULI-VENEZIA GIULIA","UD","0432","D027","12","3121"
"23046","MARANO DI VALPOLICELLA","VENETO","VR","045","E911","19","3122"
"42036","OSTRA VETERE","MARCHE","AN","071","F581","30","3125"
"58100","SAN VITO ROMANO","LAZIO","RM","06","I400","13","3125"
"47007","MARLIANA","TOSCANA","PT","0572","E960","43","3130"
"78114","SAN DEMETRIO CORONE","CALABRIA","CS","0984","H818","58","3130"
"78121","SAN LORENZO DEL VALLO","CALABRIA","CS","0981","H962","23","3131"
"1184","PEROSA ARGENTINA","PIEMONTE","TO","0121","G463","26","3133"
"16098","FILAGO","LOMBARDIA","BG","035","D588","5","3133"
"65143","SICIGNANO DEGLI ALBURNI","CAMPANIA","SA","0828","M253","81","3137"
"57064","SCANDRIGLIA","LAZIO","RI","0765","I499","63","3138"
"78026","CAROLEI","CALABRIA","CS","0984","B802","15","3138"
"109005","FALERONE","MARCHE","FM","0734","D477","25","3138"
"34050","POLESINE ZIBELLO","EMILIA-ROMAGNA","PR","0524","M367","49","3139"
"64053","MONTEFALCIONE","CAMPANIA","AV","0825","F491","15","3140"
"93031","POLCENIGO","FRIULI-VENEZIA GIULIA","PN","0434","G780","49","3140"
"65127","SANTA MARINA","CAMPANIA","SA","0974","I253","28","3141"
"80031","DELIANUOVA","CALABRIA","RC","0966","D268","21","3141"
"82080","VILLAFRATI","SICILIA","PA","091","L951","26","3142"
"60064","SAN GIOVANNI INCARICO","LAZIO","FR","0776","H917","25","3146"
"43046","SAN GINESIO","MARCHE","MC","0733","H876","78","3149"
"22087","FOLGARIA","TRENTINO-ALTO ADIGE","TN","0464","D651","72","3150"
"22143","PINZOLO","TRENTINO-ALTO ADIGE","TN","0465","G681","69","3150"
"25005","AURONZO DI CADORE","VENETO","BL","0435","A501","221","3150"
"13212","SENNA COMASCO","LOMBARDIA","CO","031","I611","3","3157"
"24032","COGOLLO DEL CENGIO","VENETO","VI","0445","C824","36","3157"
"16010","ANTEGNATE","LOMBARDIA","BG","0363","A304","10","3163"
"26042","MIANE","VENETO","TV","0438","F190","31","3163"
"79131","SETTINGIANO","CALABRIA","CZ","0961","I704","14","3164"
"29045","STIENTA","VENETO","RO","0425","I953","24","3165"
"4242","VICOFORTE","PIEMONTE","CN","0174","L841","25","3166"
"62022","CEPPALONI","CAMPANIA","BN","0824","C476","24","3166"
"1089","COAZZE","PIEMONTE","TO","011","C803","57","3171"
"27009","CINTO CAOMAGGIORE","VENETO","VE","0421","C714","21","3172"
"60045","MOROLO","LAZIO","FR","0775","F740","26","3172"
"1243","SAN GILLIO","PIEMONTE","TO","011","H873","9","3173"
"41054","SAN LORENZO IN CAMPO","MARCHE","PU","0721","H958","29","3176"
"98009","CASALMAIOCCO","LOMBARDIA","LO","02","B899","5","3176"
"84015","CIANCIANA","SICILIA","AG","0922","C668","37","3177"
"13100","FENEGRÒ","LOMBARDIA","CO","031","D531","5","3180"
"70023","FERRAZZANO","MOLISE","CB","0874","D550","17","3181"
"18073","GODIASCO SALICE TERME","LOMBARDIA","PV","0383","E072","21","3182"
"65156","VIBONATI","CAMPANIA","SA","0973","L835","20","3182"
"17123","OME","LOMBARDIA","BS","030","G061","10","3185"
"49001","BIBBONA","TOSCANA","LI","0586","A852","66","3185"
"101018","ROCCABERNARDA","CALABRIA","KR","0962","H383","66","3185"
"22003","ALDENO","TRENTINO-ALTO ADIGE","TN","0461","A178","9","3187"
"30004","AQUILEIA","FRIULI-VENEZIA GIULIA","UD","0431","A346","37","3187"
"97001","ABBADIA LARIANA","LOMBARDIA","LC","0341","A005","17","3191"
"21047","MAREBBE","TRENTINO-ALTO ADIGE","BZ","0474","E938","161","3192"
"21106","VALDAORA","TRENTINO-ALTO ADIGE","BZ","0474","L552","49","3192"
"36004","CAMPOSANTO","EMILIA-ROMAGNA","MO","0535","B566","22","3192"
"28002","AGNA","VENETO","PD","049","A075","19","3193"
"12017","BREBBIA","LOMBARDIA","VA","0332","B126","6","3194"
"19095","SESTO ED UNITI","LOMBARDIA","CR","0372","I683","26","3195"
"13144","MASLIANICO","LOMBARDIA","CO","031","F017","1","3196"
"85021","VALLELUNGA PRATAMENO","SICILIA","CL","0934","L609","39","3198"
"111068","SANTADI","SARDEGNA","SU","0781","I182","116","3199"
"34003","BEDONIA","EMILIA-ROMAGNA","PR","0525","A731","168","3200"
"24016","BRESSANVIDO","VENETO","VI","0444","B161","9","3204"
"8039","OSPEDALETTI","LIGURIA","IM","0184","G164","5","3205"
"83027","FURCI SICULO","SICILIA","ME","0942","D824","18","3205"
"36026","MONTESE","EMILIA-ROMAGNA","MO","059","F642","81","3208"
"35003","BAISO","EMILIA-ROMAGNA","RE","0522","A586","75","3209"
"12014","BIANDRONNO","LOMBARDIA","VA","0332","A845","8","3210"
"21074","RIO DI PUSTERIA","TRENTINO-ALTO ADIGE","BZ","0472","H299","84","3212"
"14005","ARDENNO","LOMBARDIA","SO","0342","A382","17","3213"
"7063","SAINT-PIERRE","VALLE D'AOSTA","AO","0165","H674","26","3220"
"21083","SAN MARTINO IN PASSIRIA","TRENTINO-ALTO ADIGE","BZ","0473","H989","30","3223"
"1260","SCALENGHE","PIEMONTE","TO","011","I490","32","3226"
"37007","BORGO TOSSIGNANO","EMILIA-ROMAGNA","BO","0542","B044","29","3228"
"61070","ROCCAMONFINA","CAMPANIA","CE","0823","H423","31","3230"
"62030","FOGLIANISE","CAMPANIA","BN","0824","D644","12","3233"
"90013","BONORVA","SARDEGNA","SS","079","A978","150","3233"
"21034","GAIS","TRENTINO-ALTO ADIGE","BZ","0474","D860","60","3238"
"23041","ISOLA RIZZA","VENETO","VR","045","E358","17","3244"
"65046","CONTURSI TERME","CAMPANIA","SA","0828","C974","29","3244"
"1246","SAN GIUSTO CANAVESE","PIEMONTE","TO","0124","H936","10","3247"
"9038","MILLESIMO","LIGURIA","SV","019","F213","16","3247"
"101014","MELISSA","CALABRIA","KR","0962","F108","51","3249"
"13090","DONGO","LOMBARDIA","CO","0344","D341","8","3253"
"54057","VALFABBRICA","UMBRIA","PG","075","L573","92","3253"
"78103","ROCCA IMPERIALE","CALABRIA","CS","0981","H416","54","3253"
"60020","CASTELLIRI","LAZIO","FR","0776","C177","16","3256"
"28105","VO'","VENETO","PD","049","M103","20","3258"
"109008","GROTTAZZOLINA","MARCHE","FM","0734","E208","9","3259"
"70084","VINCHIATURO","MOLISE","CB","0874","M057","35","3260"
"1175","OULX","PIEMONTE","TO","0122","G196","100","3264"
"16139","MONTELLO","LOMBARDIA","BG","035","F547","2","3265"
"12062","CUVEGLIO","LOMBARDIA","VA","0332","D238","8","3266"
"20013","CASTELBELFORTE","LOMBARDIA","MN","0376","C059","22","3266"
"76098","VIGGIANO","BASILICATA","PZ","0975","L874","89","3269"
"1107","FORNO CANAVESE","PIEMONTE","TO","0124","D725","17","3271"
"4117","MARENE","PIEMONTE","CN","0172","E939","29","3271"
"18180","VILLANTERIO","LOMBARDIA","PV","0382","L994","15","3271"
"22240","CASTEL IVANO","TRENTINO-ALTO ADIGE","TN","0461","M354","35","3277"
"76070","ROTONDA","BASILICATA","PZ","0973","H590","42","3282"
"56034","MARTA","LAZIO","VT","0761","E978","33","3283"
"14026","DELEBIO","LOMBARDIA","SO","0342","D266","23","3286"
"82076","VALLEDOLMO","SICILIA","PA","0921","L603","26","3287"
"64017","CAPOSELE","CAMPANIA","AV","0827","B674","42","3295"
"66007","BALSORANO","ABRUZZO","AQ","0863","A603","58","3297"
"84004","BIVONA","SICILIA","AG","0922","A896","87","3298"
"17169","SALE MARASINO","LOMBARDIA","BS","030","H699","16","3299"
"42025","MONSANO","MARCHE","AN","0731","F381","14","3299"
"40044","SARSINA","EMILIA-ROMAGNA","FC","0547","I444","101","3301"
"59018","PONZA","LAZIO","LT","0771","G871","10","3301"
"64036","GESUALDO","CAMPANIA","AV","0825","D998","27","3303"
"64043","LAURO","CAMPANIA","AV","081","E487","11","3303"
"15236","VERNATE","LOMBARDIA","MI","02","L773","15","3304"
"20022","DOSOLO","LOMBARDIA","MN","0375","D351","26","3304"
"37015","CASTEL DI CASIO","EMILIA-ROMAGNA","BO","0534","B969","47","3307"
"62076","TORRECUSO","CAMPANIA","BN","0824","L254","26","3307"
"9023","CENGIO","LIGURIA","SV","019","C463","19","3308"
"21110","VANDOIES","TRENTINO-ALTO ADIGE","BZ","0472","L660","111","3309"
"35044","VIANO","EMILIA-ROMAGNA","RE","0522","L831","45","3309"
"97009","BOSISIO PARINI","LOMBARDIA","LC","031","B081","7","3309"
"84007","CALTABELLOTTA","SICILIA","AG","0925","B427","123","3310"
"16171","PONTIDA","LOMBARDIA","BG","035","G864","10","3313"
"4170","POCAPAGLIA","PIEMONTE","CN","0172","G742","17","3314"
"80014","BRANCALEONE","CALABRIA","RC","0964","B118","36","3314"
"18173","VELLEZZO BELLINI","LOMBARDIA","PV","0382","L720","8","3315"
"43029","MONTEFANO","MARCHE","MC","0733","F496","34","3315"
"61041","GIOIA SANNITICA","CAMPANIA","CE","0823","E039","54","3316"
"79123","SATRIANO","CALABRIA","CZ","0967","I463","22","3318"
"71064","ZAPPONETA","PUGLIA","FG","0884","M267","40","3320"
"19068","PERSICO DOSIMO","LOMBARDIA","CR","0372","G469","20","3322"
"29030","LOREO","VENETO","RO","0426","E689","40","3326"
"102019","LIMBADI","CALABRIA","VV","0963","E590","29","3327"
"21057","NAZ-SCIAVES","TRENTINO-ALTO ADIGE","BZ","0472","F856","16","3329"
"23007","BELFIORE","VENETO","VR","045","A737","26","3329"
"75046","MIGGIANO","PUGLIA","LE","0833","F194","8","3329"
"4075","COSTIGLIOLE SALUZZO","PIEMONTE","CN","0175","D120","15","3333"
"1046","CAFASSE","PIEMONTE","TO","0123","B350","10","3334"
"1195","PISCINA","PIEMONTE","TO","0121","G705","10","3335"
"13055","CASSINA RIZZARDI","LOMBARDIA","CO","031","C020","3","3338"
"46022","PESCAGLIA","TOSCANA","LU","0583","G480","70","3342"
"11022","PORTOVENERE","LIGURIA","SP","0187","G925","8","3348"
"16084","COSTA DI MEZZATE","LOMBARDIA","BG","035","D110","5","3348"
"49021","RIO","TOSCANA","LI","0565","M391","37","3348"
"1160","MONTALTO DORA","PIEMONTE","TO","0125","F420","7","3349"
"4148","NEIVE","PIEMONTE","CN","0173","F863","21","3350"
"83078","SAN FRATELLO","SICILIA","ME","0941","H850","67","3350"
"98049","SAN ROCCO AL PORTO","LOMBARDIA","LO","0377","I140","31","3354"
"109002","AMANDOLA","MARCHE","FM","0736","A252","69","3355"
"17008","AZZANO MELLA","LOMBARDIA","BS","030","A529","11","3356"
"17160","REMEDELLO","LOMBARDIA","BS","030","H230","22","3356"
"78076","MARANO MARCHESATO","CALABRIA","CS","0984","E914","5","3356"
"28066","POLVERARA","VENETO","PD","049","G802","10","3358"
"61101","FALCIANO DEL MASSICO","CAMPANIA","CE","0823","D471","42","3358"
"103051","ORNAVASSO","PIEMONTE","VB","0323","G117","26","3358"
"16064","CASTIONE DELLA PRESOLANA","LOMBARDIA","BG","0346","C324","43","3361"
"84014","CATTOLICA ERACLEA","SICILIA","AG","0922","C356","64","3364"
"111089","TEULADA","SARDEGNA","SU","070","L154","246","3364"
"16012","ARDESIO","LOMBARDIA","BG","0346","A383","54","3367"
"16093","ENDINE GAIANO","LOMBARDIA","BG","035","D406","21","3367"
"63069","SAN PAOLO BEL SITO","CAMPANIA","NA","081","I073","3","3367"
"86010","GAGLIANO CASTELFERRATO","SICILIA","EN","0935","D849","56","3368"
"90012","BONO","SARDEGNA","SS","079","A977","74","3369"
"3073","GHEMME","PIEMONTE","NO","0163","E001","21","3373"
"37012","CASALFIUMANESE","EMILIA-ROMAGNA","BO","0542","B892","82","3373"
"53013","MAGLIANO IN TOSCANA","TOSCANA","GR","0564","E810","251","3373"
"62029","FAICCHIO","CAMPANIA","BN","0824","D469","44","3376"
"26017","CIMADOLMO","VENETO","TV","0422","C689","18","3377"
"82001","ALIA","SICILIA","PA","091","A195","46","3379"
"7031","GRESSAN","VALLE D'AOSTA","AO","0165","E165","25","3380"
"2150","TRONZANO VERCELLESE","PIEMONTE","VC","0161","L451","45","3383"
"76071","RUOTI","BASILICATA","PZ","0971","H641","55","3383"
"19081","RIPALTA CREMASCA","LOMBARDIA","CR","0373","H315","12","3384"
"24064","MONTEGALDA","VENETO","VI","0444","F514","18","3387"
"16072","CHIGNOLO D'ISOLA","LOMBARDIA","BG","035","C635","5","3390"
"1025","BIBIANA","PIEMONTE","TO","0121","A853","19","3392"
"16105","FORNOVO SAN GIOVANNI","LOMBARDIA","BG","0363","D727","7","3393"
"21028","DOBBIACO","TRENTINO-ALTO ADIGE","BZ","0474","D311","126","3393"
"29031","LUSIA","VENETO","RO","0425","E761","18","3398"
"54014","COLLAZZONE","UMBRIA","PG","075","C845","56","3400"
"63085","TUFINO","CAMPANIA","NA","081","L460","5","3401"
"71043","RODI GARGANICO","PUGLIA","FG","0884","H480","13","3401"
"93035","PRAVISDOMINI","FRIULI-VENEZIA GIULIA","PN","0434","H010","16","3401"
"24043","GAMBELLARA","VENETO","VI","0444","D897","13","3402"
"103019","CASALE CORTE CERRO","PIEMONTE","VB","0323","B876","12","3404"
"64052","MONTECALVO IRPINO","CAMPANIA","AV","0825","F448","54","3406"
"97082","VALGREGHENTINO","LOMBARDIA","LC","0341","L581","6","3406"
"80052","MONASTERACE","CALABRIA","RC","0964","F324","16","3407"
"28008","BAGNOLI DI SOPRA","VENETO","PD","049","A568","35","3408"
"40037","RONCOFREDDO","EMILIA-ROMAGNA","FC","0541","H542","52","3416"
"73005","FAGGIANO","PUGLIA","TA","099","D463","21","3418"
"97008","BELLANO","LOMBARDIA","LC","0341","A745","22","3418"
"54011","CITERNA","UMBRIA","PG","075","C742","24","3419"
"54040","PIEGARO","UMBRIA","PG","075","G601","99","3419"
"6132","PONTECURONE","PIEMONTE","AL","0131","G839","30","3422"
"68002","ALANNO","ABRUZZO","PE","085","A120","31","3424"
"4016","BEINETTE","PIEMONTE","CN","0171","A735","17","3426"
"111098","VILLAMASSARGIA","SARDEGNA","SU","0781","L968","91","3427"
"21023","CORNEDO ALL'ISARCO","TRENTINO-ALTO ADIGE","BZ","0471","B799","40","3433"
"51022","MARCIANO DELLA CHIANA","TOSCANA","AR","0575","E933","24","3433"
"18023","BRESSANA BOTTARONE","LOMBARDIA","PV","0383","B159","13","3434"
"111066","SAN VITO","SARDEGNA","SU","070","I402","232","3434"
"43030","MONTELUPONE","MARCHE","MC","0733","F552","33","3436"
"65043","COLLIANO","CAMPANIA","SA","0828","C879","54","3436"
"21077","SAN CANDIDO","TRENTINO-ALTO ADIGE","BZ","0474","H786","80","3438"
"75071","SAN PIETRO IN LAMA","PUGLIA","LE","0832","I115","8","3443"
"98055","SORDIO","LOMBARDIA","LO","02","I848","3","3448"
"64080","ROTONDI","CAMPANIA","AV","0824","H592","8","3449"
"30008","BAGNARIA ARSA","FRIULI-VENEZIA GIULIA","UD","0432","A553","19","3452"
"13084","CUCCIAGO","LOMBARDIA","CO","031","D196","5","3456"
"51021","LUCIGNANO","TOSCANA","AR","0575","E718","45","3458"
"78127","SAN PIETRO IN GUARANO","CALABRIA","CS","0984","I114","48","3461"
"42012","CASTELPLANIO","MARCHE","AN","0731","C248","15","3465"
"34024","NEVIANO DEGLI ARDUINI","EMILIA-ROMAGNA","PR","0521","F882","106","3466"
"1302","VILLARBASSE","PIEMONTE","TO","011","M002","10","3467"
"4147","NARZOLE","PIEMONTE","CN","0173","F846","26","3469"
"91006","BAUNEI","SARDEGNA","NU","0782","A722","216","3469"
"7058","SAINT-CHRISTOPHE","VALLE D'AOSTA","AO","0165","H669","15","3471"
"17171","SAN FELICE DEL BENACO","LOMBARDIA","BS","0365","H838","27","3471"
"36038","SAN POSSIDONIO","EMILIA-ROMAGNA","MO","0535","I128","17","3471"
"78051","FAGNANO CASTELLO","CALABRIA","CS","0984","D464","30","3472"
"21098","TERMENO SULLA STRADA DEL VINO","TRENTINO-ALTO ADIGE","BZ","0471","L111","19","3473"
"78136","SARACENA","CALABRIA","CS","0981","I423","112","3480"
"17158","PUEGNAGO SUL GARDA","LOMBARDIA","BS","0365","H086","11","3483"
"64035","FRIGENTO","CAMPANIA","AV","0825","D798","38","3484"
"82030","CIMINNA","SICILIA","PA","091","C696","56","3485"
"17099","MAIRANO","LOMBARDIA","BS","030","E841","12","3486"
"42013","CERRETO D'ESI","MARCHE","AN","0732","C524","17","3486"
"33005","BOBBIO","EMILIA-ROMAGNA","PC","0523","A909","106","3487"
"19094","SERGNANO","LOMBARDIA","CR","0373","I627","12","3488"
"28014","BOVOLENTA","VENETO","PD","049","B106","23","3491"
"75078","SPONGANO","PUGLIA","LE","0836","I923","12","3491"
"12097","MARCHIROLO","LOMBARDIA","VA","0332","E929","6","3492"
"87001","ACI BONACCORSI","SICILIA","CT","095","A025","2","3495"
"10032","MASONE","LIGURIA","GE","010","F020","30","3497"
"18160","TORREVECCHIA PIA","LOMBARDIA","PV","0382","L285","16","3498"
"80074","SAN LUCA","CALABRIA","RC","0964","H970","104","3499"
"10035","MIGNANEGO","LIGURIA","GE","010","F202","18","3501"
"56003","BAGNOREGIO","LAZIO","VT","0761","A577","73","3501"
"28070","POZZONOVO","VENETO","PD","0429","G963","24","3502"
"58099","SANT'ORESTE","LAZIO","RM","0761","I352","44","3504"
"48027","MONTAIONE","TOSCANA","FI","0571","F398","105","3505"
"75047","MINERVINO DI LECCE","PUGLIA","LE","0836","F221","18","3505"
"70051","PETACCIATO","MOLISE","CB","0875","G506","35","3514"
"29015","CEREGNANO","VENETO","RO","0425","C500","30","3515"
"4101","GUARENE","PIEMONTE","CN","0173","E251","13","3516"
"83061","NIZZA DI SICILIA","SICILIA","ME","0942","F901","13","3518"
"83060","NASO","SICILIA","ME","0941","F848","37","3523"
"16088","CREDARO","LOMBARDIA","BG","035","D139","3","3524"
"57035","MAGLIANO SABINA","LAZIO","RI","0744","E812","44","3527"
"66053","MAGLIANO DE' MARSI","ABRUZZO","AQ","0863","E811","68","3530"
"24024","CARRÈ","VENETO","VI","0445","B835","9","3532"
"108038","RONCO BRIANTINO","LOMBARDIA","MB","039","H537","3","3532"
"23011","BOSCO CHIESANUOVA","VENETO","VR","045","B073","65","3533"
"62073","SOLOPACA","CAMPANIA","BN","0824","I809","31","3536"
"96016","CAVAGLIÀ","PIEMONTE","BI","0161","C363","25","3537"
"109001","ALTIDONA","MARCHE","FM","0734","A233","13","3538"
"35045","VILLA MINOZZO","EMILIA-ROMAGNA","RE","0522","L969","168","3540"
"79142","SQUILLACE","CALABRIA","CZ","0961","I929","34","3540"
"68039","SCAFA","ABRUZZO","PE","085","I482","10","3542"
"97051","MOLTENO","LOMBARDIA","LC","031","F304","3","3548"
"90084","LOIRI PORTO SAN PAOLO","SARDEGNA","SS","0789","M275","118","3551"
"17151","POZZOLENGO","LOMBARDIA","BS","030","G959","21","3553"
"13254","CENTRO VALLE INTELVI","LOMBARDIA","CO","031","M394","20","3554"
"30080","PRADAMANO","FRIULI-VENEZIA GIULIA","UD","0432","G969","16","3554"
"13013","ASSO","LOMBARDIA","CO","031","A476","6","3562"
"9057","SPOTORNO","LIGURIA","SV","019","I926","8","3565"
"11023","RICCÒ DEL GOLFO DI SPEZIA","LIGURIA","SP","0187","H275","37","3566"
"7052","PONT-SAINT-MARTIN","VALLE D'AOSTA","AO","0125","G854","7","3571"
"18004","ALBUZZANO","LOMBARDIA","PV","0382","A175","15","3571"
"56023","CORCHIANO","LAZIO","VT","0761","C988","33","3574"
"4068","CHIUSA DI PESIO","PIEMONTE","CN","0171","C653","94","3577"
"21080","SAN LEONARDO IN PASSIRIA","TRENTINO-ALTO ADIGE","BZ","0473","H952","88","3577"
"62067","SAN NICOLA MANFREDI","CAMPANIA","BN","0824","I062","19","3577"
"70017","CERCEMAGGIORE","MOLISE","CB","0874","C486","57","3577"
"15136","MASATE","LOMBARDIA","MI","02","F003","4","3580"
"46015","GALLICANO","TOSCANA","LU","0583","D874","31","3580"
"67029","MORRO D'ORO","ABRUZZO","TE","085","F747","28","3583"
"12125","TAINO","LOMBARDIA","VA","0331","L032","8","3584"
"17033","CALVAGESE DELLA RIVIERA","LOMBARDIA","BS","030","B436","12","3585"
"38025","GORO","EMILIA-ROMAGNA","FE","0533","E107","31","3588"
"71022","DELICETO","PUGLIA","FG","0881","D269","76","3588"
"1030","BORGOFRANCO D'IVREA","PIEMONTE","TO","0125","B015","13","3590"
"19111","VAIANO CREMASCO","LOMBARDIA","CR","0373","L535","6","3590"
"17007","ARTOGNE","LOMBARDIA","BS","0364","A451","21","3593"
"24053","LUGO DI VICENZA","VENETO","VI","0445","E731","15","3593"
"12058","CUASSO AL MONTE","LOMBARDIA","VA","0332","D192","16","3598"
"22253","NOVELLA","TRENTINO-ALTO ADIGE","TN","0463","M430","47","3599"
"24096","SAN VITO DI LEGUZZANO","VENETO","VI","0445","I401","6","3599"
"4080","DIANO D'ALBA","PIEMONTE","CN","0173","D291","18","3604"
"64011","BISACCIA","CAMPANIA","AV","0827","A881","101","3604"
"14072","VALDISOTTO","LOMBARDIA","SO","0342","L563","88","3607"
"13250","BELLAGIO","LOMBARDIA","CO","031","M335","32","3611"
"12038","CASCIAGO","LOMBARDIA","VA","0332","B949","4","3613"
"87022","MALETTO","SICILIA","CT","095","E854","41","3613"
"1254","SAN SECONDO DI PINEROLO","PIEMONTE","TO","0121","I154","13","3615"
"17130","PADERNO FRANCIACORTA","LOMBARDIA","BS","030","G217","6","3620"
"73017","MONTEMESOLA","PUGLIA","TA","099","F563","16","3621"
"111084","SILIQUA","SARDEGNA","SU","0781","I734","190","3623"
"76056","OPPIDO LUCANO","BASILICATA","PZ","0971","G081","55","3627"
"12088","LEGGIUNO","LOMBARDIA","VA","0332","E510","13","3632"
"1002","AIRASCA","PIEMONTE","TO","011","A109","16","3633"
"4019","BENE VAGIENNA","PIEMONTE","CN","0172","A779","49","3634"
"23020","CASTAGNARO","VENETO","VR","0442","C041","35","3635"
"65119","SAN GIOVANNI A PIRO","CAMPANIA","SA","0974","H907","38","3636"
"83025","FRANCAVILLA DI SICILIA","SICILIA","ME","0942","D765","82","3636"
"69057","ORSOGNA","ABRUZZO","CH","0871","G128","25","3639"
"18164","TROMELLO","LOMBARDIA","PV","0382","L449","35","3640"
"23045","MALCESINE","VENETO","VR","045","E848","68","3640"
"53019","PITIGLIANO","TOSCANA","GR","0564","G716","103","3641"
"54028","MASSA MARTANA","UMBRIA","PG","075","F024","78","3642"
"18093","MIRADOLO TERME","LOMBARDIA","PV","0382","F238","10","3643"
"61026","CASTEL MORRONE","CAMPANIA","CE","0823","C211","25","3644"
"38023","VOGHIERA","EMILIA-ROMAGNA","FE","0532","M110","41","3646"
"26016","CHIARANO","VENETO","TV","0422","C614","20","3647"
"50014","FAUGLIA","TOSCANA","PI","050","D510","42","3647"
"60031","ESPERIA","LAZIO","FR","0776","D440","109","3649"
"67019","COLONNELLA","ABRUZZO","TE","0861","C901","22","3649"
"21031","FIÈ ALLO SCILIAR","TRENTINO-ALTO ADIGE","BZ","0471","D571","44","3650"
"42046","SERRA DE' CONTI","MARCHE","AN","0731","I643","25","3650"
"64103","SPERONE","CAMPANIA","AV","081","I893","4","3650"
"79147","TIRIOLO","CALABRIA","CZ","0961","L177","29","3650"
"15222","TRIBIANO","LOMBARDIA","MI","02","L415","7","3654"
"62023","CERRETO SANNITA","CAMPANIA","BN","0824","C525","33","3654"
"44014","COLLI DEL TRONTO","MARCHE","AP","0736","C877","6","3655"
"65083","OLIVETO CITRA","CAMPANIA","SA","0828","G039","31","3655"
"82044","LASCARI","SICILIA","PA","0921","E459","10","3656"
"26027","FOLLINA","VENETO","TV","0438","D654","24","3658"
"97056","NIBIONNO","LOMBARDIA","LC","031","F887","4","3660"
"41028","MONDAVIO","MARCHE","PU","0721","F347","29","3663"
"76050","MOLITERNO","BASILICATA","PZ","0975","F295","98","3663"
"82015","CALTAVUTURO","SICILIA","PA","0921","B430","97","3663"
"21006","BADIA","TRENTINO-ALTO ADIGE","BZ","0471","A537","83","3664"
"64075","PRATOLA SERRA","CAMPANIA","AV","0825","H006","9","3664"
"15014","BASIANO","LOMBARDIA","MI","02","A697","5","3665"
"22199","TIONE DI TRENTO","TRENTINO-ALTO ADIGE","TN","0465","L174","33","3665"
"90017","BUDDUSÒ","SARDEGNA","SS","079","B246","218","3666"
"21067","PRATO ALLO STELVIO","TRENTINO-ALTO ADIGE","BZ","0473","H004","51","3667"
"44002","ACQUAVIVA PICENA","MARCHE","AP","0735","A047","21","3668"
"1018","BALDISSERO TORINESE","PIEMONTE","TO","011","A591","15","3671"
"26090","VIDOR","VENETO","TV","0423","L856","14","3672"
"5022","CASTAGNOLE DELLE LANZE","PIEMONTE","AT","0141","C049","21","3673"
"28068","PONTELONGO","VENETO","PD","049","G850","11","3674"
"30048","LESTIZZA","FRIULI-VENEZIA GIULIA","UD","0432","E553","34","3674"
"35018","CANOSSA","EMILIA-ROMAGNA","RE","0522","C669","53","3676"
"58112","VICOVARO","LAZIO","RM","0774","L851","36","3676"
"75015","CARPIGNANO SALENTINO","PUGLIA","LE","0836","B822","48","3677"
"10014","CERANESI","LIGURIA","GE","010","C481","31","3679"
"1181","PAVONE CANAVESE","PIEMONTE","TO","0125","G392","11","3680"
"30109","SEDEGLIANO","FRIULI-VENEZIA GIULIA","UD","0432","I562","50","3681"
"1241","SANGANO","PIEMONTE","TO","011","H855","7","3683"
"62045","PADULI","CAMPANIA","BN","0824","G227","45","3688"
"111105","VILLASIMIUS","SARDEGNA","SU","070","B738","58","3688"
"19016","CASALBUTTANO ED UNITI","LOMBARDIA","CR","0374","B869","23","3692"
"22250","SÈN JAN DI FASSA","TRENTINO-ALTO ADIGE","TN","0462","M390","100","3698"
"37040","MONGHIDORO","EMILIA-ROMAGNA","BO","051","F363","48","3699"
"40009","CIVITELLA DI ROMAGNA","EMILIA-ROMAGNA","FC","0543","C777","118","3701"
"14027","DUBINO","LOMBARDIA","SO","0342","D377","13","3702"
"49013","PORTO AZZURRO","TOSCANA","LI","0565","E680","13","3704"
"10010","CARASCO","LIGURIA","GE","0185","B726","9","3705"
"31015","ROMANS D'ISONZO","FRIULI-VENEZIA GIULIA","GO","0481","H514","15","3706"
"17192","URAGO D'OGLIO","LOMBARDIA","BS","030","L494","11","3707"
"83092","SAPONARA","SICILIA","ME","090","I420","26","3707"
"56041","ORIOLO ROMANO","LAZIO","VT","06","G111","19","3708"
"59016","NORMA","LAZIO","LT","0773","F937","31","3708"
"30020","CASTIONS DI STRADA","FRIULI-VENEZIA GIULIA","UD","0432","C327","33","3710"
"96026","GAGLIANICO","PIEMONTE","BI","015","D848","5","3710"
"96035","MONGRANDO","PIEMONTE","BI","015","F369","17","3715"
"16126","LEVATE","LOMBARDIA","BG","035","E562","5","3717"
"24040","FARA VICENTINO","VENETO","VI","0445","D496","15","3720"
"52004","CASOLE D'ELSA","TOSCANA","SI","0577","B984","149","3720"
"24025","CARTIGLIANO","VENETO","VI","0424","B844","7","3723"
"29037","POLESELLA","VENETO","RO","0425","G782","17","3723"
"63022","CASOLA DI NAPOLI","CAMPANIA","NA","081","B980","3","3723"
"25039","PIEVE DI CADORE","VENETO","BL","0435","G642","67","3729"
"96047","PONDERANO","PIEMONTE","BI","015","G820","7","3733"
"98048","SAN MARTINO IN STRADA","LOMBARDIA","LO","0371","I012","13","3733"
"75018","CASTRIGNANO DE' GRECI","PUGLIA","LE","0836","C335","10","3736"
"80060","PLATÌ","CALABRIA","RC","0964","G735","50","3736"
"3143","SUNO","PIEMONTE","NO","0322","L007","21","2708"
"13005","ALBIOLO","LOMBARDIA","CO","031","A164","3","2709"
"12036","CASALE LITTA","LOMBARDIA","VA","0332","B875","11","2711"
"91094","TORPÈ","SARDEGNA","NU","0784","L231","92","2712"
"65129","SANT'ARSENIO","CAMPANIA","SA","0975","I307","20","2713"
"82047","MEZZOJUSO","SICILIA","PA","091","F184","49","2713"
"4105","LA MORRA","PIEMONTE","CN","0173","E430","24","2717"
"16013","ARZAGO D'ADDA","LOMBARDIA","BG","0363","A440","9","2717"
"21039","LAION","TRENTINO-ALTO ADIGE","BZ","0471","E420","37","2717"
"21016","CAMPO DI TRENS","TRENTINO-ALTO ADIGE","BZ","0472","B529","95","2718"
"56053","VALENTANO","LAZIO","VT","0761","L569","43","2722"
"41030","MONTECALVO IN FOGLIA","MARCHE","PU","0722","F450","18","2723"
"95069","URAS","SARDEGNA","OR","0783","L496","39","2724"
"17055","CIVIDATE CAMUNO","LOMBARDIA","BS","0364","C760","3","2725"
"58012","BELLEGRA","LAZIO","RM","06","A749","19","2727"
"30018","CARLINO","FRIULI-VENEZIA GIULIA","UD","0431","B788","30","2728"
"17137","PAVONE DEL MELLA","LOMBARDIA","BS","030","G391","12","2731"
"52005","CASTELLINA IN CHIANTI","TOSCANA","SI","0577","C172","99","2733"
"7022","COURMAYEUR","VALLE D'AOSTA","AO","0165","D012","210","2734"
"84025","MONTEVAGO","SICILIA","AG","0925","F655","33","2734"
"21089","SELVA DI VAL GARDENA","TRENTINO-ALTO ADIGE","BZ","0471","I591","53","2736"
"13135","LUISAGO","LOMBARDIA","CO","031","E735","2","2738"
"91061","ORANI","SARDEGNA","NU","0784","G084","131","2742"
"17015","BERLINGO","LOMBARDIA","BS","030","A799","5","2744"
"22013","BESENELLO","TRENTINO-ALTO ADIGE","TN","0464","A821","26","2746"
"78011","AMENDOLARA","CALABRIA","CS","0981","A263","64","2753"
"22098","ISERA","TRENTINO-ALTO ADIGE","TN","0464","E334","14","2754"
"23088","TREVENZUOLO","VENETO","VR","045","L396","27","2756"
"60036","FONTANA LIRI","LAZIO","FR","0776","D667","16","2757"
"83038","LETOJANNI","SICILIA","ME","0942","E555","7","2757"
"55010","CASTEL VISCARDO","UMBRIA","TR","0763","C289","26","2758"
"85005","CAMPOFRANCO","SICILIA","CL","0934","B537","36","2758"
"27018","GRUARO","VENETO","VE","0421","E215","17","2760"
"30120","TERZO D'AQUILEIA","FRIULI-VENEZIA GIULIA","UD","0431","L144","28","2760"
"9068","VILLANOVA D'ALBENGA","LIGURIA","SV","0182","L975","16","2761"
"17076","GARGNANO","LOMBARDIA","BS","0365","D924","78","2761"
"58096","SAN POLO DEI CAVALIERI","LAZIO","RM","0774","I125","43","2762"
"57054","POGGIO MOIANO","LAZIO","RI","0765","G764","27","2763"
"19064","OSTIANO","LOMBARDIA","CR","0372","G185","19","2764"
"21012","BRONZOLO","TRENTINO-ALTO ADIGE","BZ","0471","B203","7","2765"
"19109","TRESCORE CREMASCO","LOMBARDIA","CR","0373","L389","6","2766"
"97086","VERCURAGO","LOMBARDIA","LC","0341","L751","2","2766"
"68020","LETTOMANOPPELLO","ABRUZZO","PE","085","E558","15","2767"
"41045","PETRIANO","MARCHE","PU","0722","G514","11","2768"
"5069","MONCALVO","PIEMONTE","AT","0141","F336","18","2769"
"78055","FIUMEFREDDO BRUZIO","CALABRIA","CS","0982","D624","31","2769"
"19055","MADIGNANO","LOMBARDIA","CR","0373","E793","11","2773"
"78068","LONGOBUCCO","CALABRIA","CS","0983","E678","210","2774"
"20001","ACQUANEGRA SUL CHIESE","LOMBARDIA","MN","0376","A038","28","2775"
"85010","MILENA","SICILIA","CL","0934","E618","25","2777"
"75086","TIGGIANO","PUGLIA","LE","0833","L166","8","2778"
"62077","VITULANO","CAMPANIA","BN","0824","M093","36","2779"
"75017","CASTRI DI LECCE","PUGLIA","LE","0832","C334","12","2779"
"64074","PRATA DI PRINCIPATO ULTRA","CAMPANIA","AV","0825","G990","11","2782"
"1303","VILLAR DORA","PIEMONTE","TO","011","L999","6","2785"
"13022","BEREGAZZO CON FIGLIARO","LOMBARDIA","CO","031","A791","4","2787"
"24063","MONTE DI MALO","VENETO","VI","0445","F486","24","2787"
"76097","VIGGIANELLO","BASILICATA","PZ","0973","L873","120","2790"
"80001","AFRICO","CALABRIA","RC","0964","A065","51","2791"
"87020","LICODIA EUBEA","SICILIA","CT","0933","E578","112","2794"
"97002","AIRUNO","LOMBARDIA","LC","039","A112","4","2794"
"64100","SIRIGNANO","CAMPANIA","AV","081","I756","6","2795"
"97076","SIRTORI","LOMBARDIA","LC","039","I761","4","2796"
"101011","CRUCOLI","CALABRIA","KR","0962","D189","50","2798"
"65032","CASTELNUOVO CILENTO","CAMPANIA","SA","0974","C231","18","2799"
"81002","BUSETO PALIZZOLO","SICILIA","TP","0923","B288","73","2799"
"8050","RIVA LIGURE","LIGURIA","IM","0184","H328","2","2800"
"61059","PIETRAVAIRANO","CAMPANIA","CE","0823","G630","33","2800"
"76032","FILIANO","BASILICATA","PZ","0971","D593","71","2800"
"3026","BRIGA NOVARESE","PIEMONTE","NO","0322","B176","5","2801"
"30036","FAEDIS","FRIULI-VENEZIA GIULIA","UD","0432","D455","47","2801"
"41038","MONTE PORZIO","MARCHE","PU","0721","F589","18","2801"
"96018","CERRIONE","PIEMONTE","BI","015","C532","28","2802"
"111008","CALASETTA","SARDEGNA","SU","0781","B383","31","2803"
"24082","POZZOLEONE","VENETO","VI","0444","G957","11","2807"
"31024","TURRIACO","FRIULI-VENEZIA GIULIA","GO","0481","L474","5","2808"
"109030","PEDASO","MARCHE","FM","0734","G403","4","2808"
"13110","GRANDATE","LOMBARDIA","CO","031","E139","3","2809"
"30087","RAGOGNA","FRIULI-VENEZIA GIULIA","UD","0432","H161","22","2810"
"26048","MORIAGO DELLA BATTAGLIA","VENETO","TV","0438","F729","14","2811"
"16129","LURANO","LOMBARDIA","BG","035","E751","4","2812"
"78056","FRANCAVILLA MARITTIMA","CALABRIA","CS","0981","D764","33","2814"
"95045","SAMUGHEO","SARDEGNA","OR","0783","H756","81","2814"
"10008","CAMPO LIGURE","LIGURIA","GE","010","B538","24","2816"
"17152","PRALBOINO","LOMBARDIA","BS","030","G977","17","2816"
"18081","LINAROLO","LOMBARDIA","PV","0382","E600","12","2817"
"30098","RUDA","FRIULI-VENEZIA GIULIA","UD","0431","H629","19","2817"
"26030","FREGONA","VENETO","TV","0438","D794","43","2819"
"16063","CASTEL ROZZONE","LOMBARDIA","BG","0363","C255","2","2822"
"30066","OSOPPO","FRIULI-VENEZIA GIULIA","UD","0432","G163","22","2826"
"83088","SANT'ANGELO DI BROLO","SICILIA","ME","0941","I283","30","2826"
"90071","THIESI","SARDEGNA","SS","079","L158","64","2826"
"79008","BADOLATO","CALABRIA","CZ","0967","A542","34","2827"
"82059","POLLINA","SICILIA","PA","0921","G797","50","2827"
"14069","TRAONA","LOMBARDIA","SO","0342","L330","6","2828"
"88007","MONTEROSSO ALMO","SICILIA","RG","0932","F610","56","2829"
"30006","ARTEGNA","FRIULI-VENEZIA GIULIA","UD","0432","A448","11","2830"
"88004","GIARRATANA","SICILIA","RG","0932","E016","43","2830"
"14057","SAMOLACO","LOMBARDIA","SO","0343","H752","45","2834"
"1110","FROSSASCO","PIEMONTE","TO","0121","D812","20","2841"
"25073","VAL DI ZOLDO","VENETO","BL","0437","M374","142","2842"
"1190","PINASCA","PIEMONTE","TO","0121","G672","35","2843"
"18014","BEREGUARDO","LOMBARDIA","PV","0382","A792","18","2844"
"30019","CASSACCO","FRIULI-VENEZIA GIULIA","UD","0432","B994","12","2844"
"62059","SAN GIORGIO LA MOLARA","CAMPANIA","BN","0824","H898","65","2845"
"21048","MARLENGO","TRENTINO-ALTO ADIGE","BZ","0473","E959","13","2847"
"22124","NAGO-TORBOLE","TRENTINO-ALTO ADIGE","TN","0464","F835","28","2847"
"24027","CASTEGNERO","VENETO","VI","0444","C056","12","2848"
"86013","NISSORIA","SICILIA","EN","0935","F900","62","2849"
"12113","PORTO CERESIO","LOMBARDIA","VA","0332","G906","5","2850"
"59031","SPIGNO SATURNIA","LAZIO","LT","0771","I902","39","2851"
"101024","SCANDALE","CALABRIA","KR","0962","I494","54","2851"
"24066","MONTEVIALE","VENETO","VI","0444","F662","8","2853"
"64104","STURNO","CAMPANIA","AV","0825","I990","17","2859"
"6043","CASSINE","PIEMONTE","AL","0144","C027","34","2860"
"13163","NOVEDRATE","LOMBARDIA","CO","031","F958","3","2860"
"99025","SAN LEO","EMILIA-ROMAGNA","RN","0541","H949","53","2860"
"26014","CAVASO DEL TOMBA","VENETO","TV","0423","C384","19","2863"
"90076","URI","SARDEGNA","SS","079","L503","57","2864"
"98021","CORNEGLIANO LAUDENSE","LOMBARDIA","LO","0371","D021","6","2864"
"66101","TORNIMPARTE","ABRUZZO","AQ","0862","L227","66","2865"
"75027","DISO","PUGLIA","LE","0836","D305","12","2867"
"83014","CASTELL'UMBERTO","SICILIA","ME","0941","C051","11","2872"
"27010","CONA","VENETO","VE","0426","C938","65","2875"
"87036","RADDUSA","SICILIA","CT","095","H154","23","2875"
"80040","GROTTERIA","CALABRIA","RC","0964","E212","38","2876"
"75072","SANTA CESAREA TERME","PUGLIA","LE","0836","I172","26","2877"
"4212","SANTA VITTORIA D'ALBA","PIEMONTE","CN","0172","I316","10","2878"
"4244","VILLAFALLETTO","PIEMONTE","CN","0171","L942","30","2878"
"34030","ROCCABIANCA","EMILIA-ROMAGNA","PR","0521","H384","40","2878"
"40004","BORGHI","EMILIA-ROMAGNA","FC","0541","B001","30","2878"
"90050","OSILO","SARDEGNA","SS","079","G156","98","2879"
"12055","COMERIO","LOMBARDIA","VA","0332","C922","6","2880"
"64033","FONTANAROSA","CAMPANIA","AV","0825","D671","17","2880"
"82025","CASTRONOVO DI SICILIA","SICILIA","PA","091","C344","200","2880"
"30069","PALAZZOLO DELLO STELLA","FRIULI-VENEZIA GIULIA","UD","0431","G268","34","2881"
"12074","GEMONIO","LOMBARDIA","VA","0332","D963","4","2884"
"14054","PRATA CAMPORTACCIO","LOMBARDIA","SO","0343","G993","28","2886"
"21104","ULTIMO","TRENTINO-ALTO ADIGE","BZ","0473","L490","209","2886"
"94022","FROSOLONE","MOLISE","IS","0874","D811","50","2889"
"102036","SANT'ONOFRIO","CALABRIA","VV","0963","I350","18","2889"
"22246","SELLA GIUDICARIE","TRENTINO-ALTO ADIGE","TN","0465","M360","86","2894"
"22228","COMANO TERME","TRENTINO-ALTO ADIGE","TN","0465","M314","68","2895"
"97011","BULCIAGO","LOMBARDIA","LC","031","B261","3","2895"
"33042","SARMATO","EMILIA-ROMAGNA","PC","0523","I434","27","2896"
"22156","RONCEGNO TERME","TRENTINO-ALTO ADIGE","TN","0461","H528","38","2897"
"79138","SOVERIA MANNELLI","CALABRIA","CZ","0968","I874","20","2897"
"39017","SANT'AGATA SUL SANTERNO","EMILIA-ROMAGNA","RA","0545","I196","9","2898"
"46030","STAZZEMA","TOSCANA","LU","0584","I942","81","2898"
"4095","GARESSIO","PIEMONTE","CN","0174","D920","131","2902"
"12060","CUNARDO","LOMBARDIA","VA","0332","D204","6","2902"
"62052","PIETRELCINA","CAMPANIA","BN","0824","G631","29","2902"
"68043","TORRE DE' PASSERI","ABRUZZO","PE","085","L263","6","2905"
"21052","MONGUELFO-TESIDO","TRENTINO-ALTO ADIGE","BZ","0474","F371","47","2906"
"98015","CASTIRAGA VIDARDO","LOMBARDIA","LO","0371","C329","5","2908"
"16141","MORNICO AL SERIO","LOMBARDIA","BG","035","F738","7","2909"
"71063","ORDONA","PUGLIA","FG","0885","M266","40","2909"
"21030","FALZES","TRENTINO-ALTO ADIGE","BZ","0474","D484","33","2912"
"79043","DECOLLATURA","CALABRIA","CZ","0968","D261","50","2915"
"13045","CARBONATE","LOMBARDIA","CO","0331","B742","5","2918"
"83008","CAPIZZI","SICILIA","ME","0935","B660","70","2918"
"62060","SAN LEUCIO DEL SANNIO","CAMPANIA","BN","0824","H953","10","2920"
"14078","VILLA DI TIRANO","LOMBARDIA","SO","0342","L908","25","2925"
"26041","MEDUNA DI LIVENZA","VENETO","TV","0422","F088","15","2925"
"90055","PATTADA","SARDEGNA","SS","079","G376","165","2928"
"9058","STELLA","LIGURIA","SV","019","I946","43","2929"
"22243","MADRUZZO","TRENTINO-ALTO ADIGE","TN","0461","M357","29","2933"
"22196","TESERO","TRENTINO-ALTO ADIGE","TN","0462","L147","50","2935"
"33049","ALTA VAL TIDONE","EMILIA-ROMAGNA","PC","0523","M386","101","2937"
"16135","MISANO DI GERA D'ADDA","LOMBARDIA","BG","0363","F243","6","2941"
"98008","CASALETTO LODIGIANO","LOMBARDIA","LO","0371","B887","10","2942"
"14044","MONTAGNA IN VALTELLINA","LOMBARDIA","SO","0342","F393","49","2945"
"56011","CANEPINA","LAZIO","VT","0761","B597","21","2945"
"76091","TRAMUTOLA","BASILICATA","PZ","0975","L326","36","2946"
"84035","SAN BIAGIO PLATANI","SICILIA","AG","0922","H778","42","2946"
"16100","FIORANO AL SERIO","LOMBARDIA","BG","035","D606","1","2947"
"21071","RASUN-ANTERSELVA","TRENTINO-ALTO ADIGE","BZ","0474","H189","121","2948"
"61055","PASTORANO","CAMPANIA","CE","0823","G364","14","2949"
"36011","FANANO","EMILIA-ROMAGNA","MO","0536","D486","90","2951"
"48026","MARRADI","TOSCANA","FI","055","E971","154","2954"
"5117","VILLAFRANCA D'ASTI","PIEMONTE","AT","0141","L945","13","2955"
"21021","CHIENES","TRENTINO-ALTO ADIGE","BZ","0474","C625","34","2957"
"23084","SORGÀ","VENETO","VR","045","I850","31","2957"
"64029","CONTRADA","CAMPANIA","AV","0825","C971","10","2961"
"78037","CERISANO","CALABRIA","CS","0984","C515","15","2962"
"79129","SERRASTRETTA","CALABRIA","CZ","0968","I655","41","2962"
"80071","SAN GIORGIO MORGETO","CALABRIA","RC","0966","H889","35","2965"
"87043","SAN MICHELE DI GANZARIA","SICILIA","CT","0933","I035","26","2965"
"87014","CASTIGLIONE DI SICILIA","SICILIA","CT","0942","C297","120","2969"
"69091","TORINO DI SANGRO","ABRUZZO","CH","0873","L218","32","2971"
"13253","ALTA VALLE INTELVI","LOMBARDIA","CO","031","M383","25","2973"
"1273","TORRAZZA PIEMONTE","PIEMONTE","TO","011","L238","10","2974"
"26078","SARMEDE","VENETO","TV","0438","I435","18","2975"
"31006","FOGLIANO REDIPUGLIA","FRIULI-VENEZIA GIULIA","GO","0481","D645","8","2977"
"54007","CASCIA","UMBRIA","PG","0743","B948","181","2977"
"44015","COMUNANZA","MARCHE","AP","0736","C935","54","2981"
"61051","MIGNANO MONTE LUNGO","CAMPANIA","CE","0823","F203","53","2981"
"60071","SERRONE","LAZIO","FR","0775","I669","15","2982"
"8052","SAN BARTOLOMEO AL MARE","LIGURIA","IM","0183","H763","11","2983"
"7045","NUS","VALLE D'AOSTA","AO","0165","F987","57","2984"
"28047","LOZZO ATESTINO","VENETO","PD","0429","E709","24","2984"
"49020","SUVERETO","TOSCANA","LI","0565","L019","93","2985"
"12117","SALTRIO","LOMBARDIA","VA","0332","H723","3","2987"
"51008","CASTEL FOCOGNANO","TOSCANA","AR","0575","C102","57","2987"
"82074","TRAPPETO","SICILIA","PA","091","L332","4","2987"
"1287","VALPERGA","PIEMONTE","TO","0124","L644","12","2991"
"58058","MAZZANO ROMANO","LAZIO","RM","06","F064","29","2995"
"59013","MAENZA","LAZIO","LT","0773","E798","43","2996"
"91101","VILLAGRANDE STRISAILI","SARDEGNA","NU","0782","L953","211","2997"
"4208","SANFRÈ","PIEMONTE","CN","0172","H851","15","2999"
"20024","GAZOLDO DEGLI IPPOLITI","LOMBARDIA","MN","0376","D949","13","3000"
"3133","SAN MAURIZIO D'OPAGLIO","PIEMONTE","NO","0322","I025","8","3001"
"22053","CAVEDINE","TRENTINO-ALTO ADIGE","TN","0461","C393","38","3003"
"69016","CASALINCONTRADA","ABRUZZO","CH","0871","B896","16","3004"
"1062","CASELETTE","PIEMONTE","TO","011","B955","14","3005"
"60063","SAN GIORGIO A LIRI","LAZIO","FR","0776","H880","15","3005"
"15101","DRESANO","LOMBARDIA","MI","02","D367","4","3006"
"91073","POSADA","SARDEGNA","NU","0784","G929","34","3006"
"98012","CASELLE LURANI","LOMBARDIA","LO","0371","B958","8","3006"
"19099","SOSPIRO","LOMBARDIA","CR","0372","I865","19","3007"
"98035","MALEO","LOMBARDIA","LO","0377","E852","20","3008"
"99015","SALUDECIO","EMILIA-ROMAGNA","RN","0541","H724","34","3009"
"51030","PIEVE SANTO STEFANO","TOSCANA","AR","0575","G653","156","3015"
"102006","CESSANITI","CALABRIA","VV","0963","C581","18","3015"
"82058","POLIZZI GENEROSA","SICILIA","PA","0921","G792","134","3016"
"70059","RIPALIMOSANI","MOLISE","CB","0874","H313","34","3017"
"15019","BERNATE TICINO","LOMBARDIA","MI","02","A804","12","3018"
"22224","VOLANO","TRENTINO-ALTO ADIGE","TN","0464","M113","11","3020"
"53008","CIVITELLA PAGANICO","TOSCANA","GR","0564","C782","193","3020"
"14002","ALBOSAGGIA","LOMBARDIA","SO","0342","A172","34","3021"
"69087","SCERNI","ABRUZZO","CH","0873","I520","41","3022"
"63078","SERRARA FONTANA","CAMPANIA","NA","081","I652","7","3023"
"18171","VARZI","LOMBARDIA","PV","0383","L690","59","3024"
"57029","FORANO","LAZIO","RI","0765","D689","18","3024"
"21116","VELTURNO","TRENTINO-ALTO ADIGE","BZ","0472","L724","25","3025"
"96002","ANDORNO MICCA","PIEMONTE","BI","015","A280","12","3027"
"82019","CAMPOREALE","SICILIA","PA","0924","B556","39","3029"
"82051","MONTEMAGGIORE BELSITO","SICILIA","PA","091","F553","32","3029"
"23075","SAN PIETRO DI MORUBIO","VENETO","VR","045","I105","16","3030"
"64009","BAGNOLI IRPINO","CAMPANIA","AV","0827","A566","67","3030"
"4041","CARAMAGNA PIEMONTE","PIEMONTE","CN","0172","B720","26","3032"
"61069","ROCCA D'EVANDRO","CAMPANIA","CE","0823","H398","49","3032"
"56007","BLERA","LAZIO","VT","0761","A857","93","3035"
"108022","CORREZZANA","LOMBARDIA","MB","039","D038","3","3035"
"24007","ARSIERO","VENETO","VI","0445","A444","41","3036"
"24075","ORGIANO","VENETO","VI","0444","G095","18","3036"
"10057","SAVIGNONE","LIGURIA","GE","010","I475","22","3038"
"16052","CAPRINO BERGAMASCO","LOMBARDIA","BG","035","B710","9","3038"
"17178","SERLE","LOMBARDIA","BS","030","I631","18","3039"
"83029","GAGGI","SICILIA","ME","0942","D844","7","3039"
"1220","ROBASSOMERO","PIEMONTE","TO","011","H367","8","3042"
"24123","VAL LIONA","VENETO","VI","0444","M384","28","3043"
"28079","SAN PIETRO VIMINARIO","VENETO","PD","0429","I120","13","3044"
"71007","BOVINO","PUGLIA","FG","0881","B104","84","3044"
"16104","FORESTO SPARSO","LOMBARDIA","BG","035","D697","8","3045"
"12059","CUGLIATE-FABIASCO","LOMBARDIA","VA","0332","D199","7","3046"
"12064","DAVERIO","LOMBARDIA","VA","0332","D256","4","3046"
"82055","PETRALIA SOPRANA","SICILIA","PA","0921","G510","57","3046"
"76090","TOLVE","BASILICATA","PZ","0971","L197","128","3047"
"24113","VALLI DEL PASUBIO","VENETO","VI","0445","L624","49","3051"
"42029","MONTE ROBERTO","MARCHE","AN","0731","F600","14","3052"
"21087","SCENA","TRENTINO-ALTO ADIGE","BZ","0473","I519","48","3053"
"22251","TERRE D'ADIGE","TRENTINO-ALTO ADIGE","TN","0461","M407","17","3053"
"78110","ROVITO","CALABRIA","CS","0984","H621","10","3053"
"64046","MANOCALZATI","CAMPANIA","AV","0825","E891","9","3054"
"79058","GIMIGLIANO","CALABRIA","CZ","0961","E031","32","3057"
"52003","BUONCONVENTO","TOSCANA","SI","0577","B269","65","3058"
"62064","SAN MARCO DEI CAVOTI","CAMPANIA","BN","0824","H984","49","3058"
"28009","BAONE","VENETO","PD","0429","A613","24","3059"
"78077","MARANO PRINCIPATO","CALABRIA","CS","0984","E915","6","3059"
"23086","TORRI DEL BENACO","VENETO","VR","045","L287","51","3062"
"64119","VOLTURARA IRPINA","CAMPANIA","AV","0825","M130","33","3062"
"1016","BALANGERO","PIEMONTE","TO","0123","A587","13","3064"
"6181","VIGUZZOLO","PIEMONTE","AL","0131","L904","18","3064"
"15110","GREZZAGO","LOMBARDIA","MI","02","E170","2","3067"
"17101","MALONNO","LOMBARDIA","BS","0364","E865","31","3068"
"16023","BERBENNO","LOMBARDIA","BG","035","A786","6","2410"
"10036","MOCONESI","LIGURIA","GE","0185","F256","16","2411"
"60073","SGURGOLA","LAZIO","FR","0775","I716","19","2411"
"3100","MOMO","PIEMONTE","NO","0321","F317","24","2412"
"69056","MOZZAGROGNA","ABRUZZO","CH","0872","F785","14","2412"
"91046","MAMOIADA","SARDEGNA","NU","0784","E874","49","2413"
"39003","BAGNARA DI ROMAGNA","EMILIA-ROMAGNA","RA","0545","A551","10","2414"
"53007","CINIGIANO","TOSCANA","GR","0564","C705","162","2414"
"17126","ORZIVECCHI","LOMBARDIA","BS","030","G150","10","2416"
"28012","BOARA PISANI","VENETO","PD","0425","A906","16","2416"
"98005","BORGO SAN GIOVANNI","LOMBARDIA","LO","0371","B017","8","2416"
"25055","SEREN DEL GRAPPA","VENETO","BL","0439","I626","62","2417"
"52019","MURLO","TOSCANA","SI","0577","F815","115","2417"
"22144","POMAROLO","TRENTINO-ALTO ADIGE","TN","0464","G808","9","2418"
"25050","SANTO STEFANO DI CADORE","VENETO","BL","0435","C919","100","2418"
"12142","MACCAGNO CON PINO E VEDDASCA","LOMBARDIA","VA","0332","M339","41","2423"
"80092","STILO","CALABRIA","RC","0964","I956","78","2423"
"65018","BUONABITACOLO","CAMPANIA","SA","0975","B266","15","2425"
"80036","GERACE","CALABRIA","RC","0964","D975","29","2426"
"87040","SAN CONO","SICILIA","CT","0933","H805","7","2431"
"30063","MORUZZO","FRIULI-VENEZIA GIULIA","UD","0432","F760","18","2434"
"36043","SESTOLA","EMILIA-ROMAGNA","MO","0536","I689","52","2435"
"64084","SAN MICHELE DI SERINO","CAMPANIA","AV","0825","I034","4","2436"
"15035","BUBBIANO","LOMBARDIA","MI","02","B235","3","2438"
"14020","CHIURO","LOMBARDIA","SO","0342","C651","52","2439"
"17017","BERZO INFERIORE","LOMBARDIA","BS","0364","A817","22","2440"
"60012","AUSONIA","LAZIO","FR","0776","A502","20","2441"
"90059","POZZOMAGGIORE","SARDEGNA","SS","079","G962","80","2442"
"20037","MOTTEGGIANA","LOMBARDIA","MN","0376","B012","25","2443"
"29018","COSTA DI ROVIGO","VENETO","RO","0425","D105","16","2443"
"70008","CAMPODIPIETRA","MOLISE","CB","0874","B528","19","2444"
"18084","LUNGAVILLA","LOMBARDIA","PV","0383","B387","7","2445"
"56054","VALLERANO","LAZIO","VT","0761","L612","15","2445"
"12132","VARANO BORGHI","LOMBARDIA","VA","0332","L671","3","2446"
"17144","POLAVENO","LOMBARDIA","BS","030","G779","9","2448"
"43055","URBISAGLIA","MARCHE","MC","0733","L501","23","2448"
"79095","PETRONÀ","CALABRIA","CZ","0961","G518","46","2448"
"56030","GROTTE DI CASTRO","LAZIO","VT","0763","E210","39","2450"
"33048","ZIANO PIACENTINO","EMILIA-ROMAGNA","PC","0523","L848","33","2451"
"29006","BERGANTINO","VENETO","RO","0425","A795","18","2453"
"65096","PISCIOTTA","CAMPANIA","SA","0974","G707","30","2453"
"19059","MONTODINE","LOMBARDIA","CR","0373","F681","12","2454"
"60082","VALLECORSA","LAZIO","FR","0775","L598","40","2454"
"98030","LIVRAGA","LOMBARDIA","LO","0377","E627","12","2455"
"91010","BOLOTANA","SARDEGNA","NU","0785","A948","109","2456"
"68042","TOCCO DA CASAURIA","ABRUZZO","PE","085","L186","30","2459"
"16196","SEDRINA","LOMBARDIA","BG","0345","I567","6","2461"
"78012","APRIGLIANO","CALABRIA","CS","0984","A340","121","2461"
"3036","CARPIGNANO SESIA","PIEMONTE","NO","0321","B823","15","2463"
"63015","CARBONARA DI NOLA","CAMPANIA","NA","081","B740","4","2464"
"62053","PONTE","CAMPANIA","BN","0824","G827","18","2466"
"90037","LURAS","SARDEGNA","SS","079","E752","87","2466"
"16216","TORRE DE' ROVERI","LOMBARDIA","BG","035","L265","3","2467"
"18086","MARCIGNAGO","LOMBARDIA","PV","0382","E934","10","2467"
"20050","RIVAROLO MANTOVANO","LOMBARDIA","MN","0376","H342","25","2468"
"80008","BENESTARE","CALABRIA","RC","0964","A780","19","2469"
"9042","NOLI","LIGURIA","SV","019","F926","10","2470"
"16140","MORENGO","LOMBARDIA","BG","0363","F720","10","2471"
"9011","BOISSANO","LIGURIA","SV","0182","A931","9","2472"
"103054","PIEVE VERGONTE","PIEMONTE","VB","0324","G658","42","2472"
"10043","PIEVE LIGURE","LIGURIA","GE","010","G646","3","2475"
"56017","CASTEL SANT'ELIA","LAZIO","VT","0761","C269","24","2477"
"30077","PORPETTO","FRIULI-VENEZIA GIULIA","UD","0431","G891","20","2480"
"58067","MORICONE","LAZIO","RM","0774","F730","20","2480"
"57009","CANTALICE","LAZIO","RI","0746","B627","38","2481"
"82078","VICARI","SICILIA","PA","091","L837","86","2484"
"23014","BRENZONE SUL GARDA","VENETO","VR","045","B154","50","2486"
"97039","IMBERSAGO","LOMBARDIA","LC","039","E287","3","2486"
"22252","BORGO D'ANAUNIA","TRENTINO-ALTO ADIGE","TN","0463","M429","63","2487"
"77023","ROTONDELLA","BASILICATA","MT","0835","H591","77","2489"
"53022","SANTA FIORA","TOSCANA","GR","0564","I187","63","2490"
"65047","CORBARA","CAMPANIA","SA","081","C984","7","2490"
"24030","CHIUPPANO","VENETO","VI","0445","C650","5","2493"
"95019","CUGLIERI","SARDEGNA","OR","0785","D200","121","2493"
"67043","TORRICELLA SICURA","ABRUZZO","TE","0861","L295","54","2497"
"78074","MANDATORICCIO","CALABRIA","CS","0983","E878","37","2498"
"111097","VILLAMAR","SARDEGNA","SU","070","L966","39","2499"
"39005","CASOLA VALSENIO","EMILIA-ROMAGNA","RA","0546","B982","84","2502"
"62004","APOLLOSA","CAMPANIA","BN","0824","A330","21","2502"
"78116","SAN FILI","CALABRIA","CS","0984","H841","21","2503"
"3030","CALTIGNAGA","PIEMONTE","NO","0321","B431","22","2504"
"60070","SAN VITTORE DEL LAZIO","LAZIO","FR","0776","I408","27","2505"
"82056","PETRALIA SOTTANA","SICILIA","PA","0921","G511","178","2505"
"93008","BUDOIA","FRIULI-VENEZIA GIULIA","PN","0434","B247","38","2505"
"2004","ALICE CASTELLO","PIEMONTE","VC","0161","A198","25","2506"
"10002","AVEGNO","LIGURIA","GE","0185","A506","11","2506"
"24019","CALTRANO","VENETO","VI","0445","B433","23","2508"
"19072","PIANENGO","LOMBARDIA","CR","0373","G558","6","2510"
"70002","BARANELLO","MOLISE","CB","0874","A616","25","2510"
"80086","SEMINARA","CALABRIA","RC","0966","I600","34","2510"
"23061","PRESSANA","VENETO","VR","0442","H048","18","2511"
"57055","POGGIO NATIVO","LAZIO","RI","0765","G765","16","2513"
"9062","TOVO SAN GIACOMO","LIGURIA","SV","019","L315","10","2514"
"70083","URURI","MOLISE","CB","0874","L505","31","2514"
"13157","MONTORFANO","LOMBARDIA","CO","031","F688","4","2515"
"83095","SINAGRA","SICILIA","ME","0941","I747","24","2515"
"52008","CETONA","TOSCANA","SI","0578","C587","53","2516"
"97037","GARBAGNATE MONASTERO","LOMBARDIA","LC","031","D913","3","2516"
"5012","BUTTIGLIERA D'ASTI","PIEMONTE","AT","011","B306","19","2517"
"41034","MONTEFELCINO","MARCHE","PU","0721","F497","39","2517"
"28053","MERLARA","VENETO","PD","0429","F148","21","2518"
"17022","BORNO","LOMBARDIA","BS","0364","B054","31","2519"
"1244","SAN GIORGIO CANAVESE","PIEMONTE","TO","0124","H890","20","2520"
"22092","GIOVO","TRENTINO-ALTO ADIGE","TN","0461","E048","21","2520"
"28083","SANT'ELENA","VENETO","PD","0429","I319","9","2521"
"95046","SAN NICOLÒ D'ARCIDANO","SARDEGNA","OR","0783","A368","28","2521"
"79146","TAVERNA","CALABRIA","CZ","0961","L070","132","2522"
"14073","VALFURVA","LOMBARDIA","SO","0342","L576","215","2525"
"42007","CAMERATA PICENA","MARCHE","AN","071","B470","12","2525"
"62012","CALVI","CAMPANIA","BN","0824","B444","22","2525"
"60004","ALVITO","LAZIO","FR","0776","A244","52","2526"
"1216","RIVARA","PIEMONTE","TO","0124","H338","12","2527"
"91028","GAVOI","SARDEGNA","NU","0784","D947","38","2527"
"16068","CENATE SOPRA","LOMBARDIA","BG","035","C456","7","2528"
"13121","LAMBRUGO","LOMBARDIA","CO","031","E428","2","2529"
"21101","TIROLO","TRENTINO-ALTO ADIGE","BZ","0473","L178","26","2530"
"23078","SANT'ANNA D'ALFAEDO","VENETO","VR","045","I292","44","2530"
"12011","BESANO","LOMBARDIA","VA","0332","A819","4","2531"
"97031","DOLZAGO","LOMBARDIA","LC","0341","D327","2","2531"
"111033","GUASILA","SARDEGNA","SU","070","E252","44","2531"
"10003","BARGAGLI","LIGURIA","GE","010","A658","16","2532"
"84005","BURGIO","SICILIA","AG","0925","B275","40","2532"
"18192","CORTEOLONA E GENZONE","LOMBARDIA","PV","0383","M372","14","2533"
"65001","ACERNO","CAMPANIA","SA","089","A023","72","2533"
"65071","MONTECORICE","CAMPANIA","SA","0974","F479","22","2533"
"79096","PIANOPOLI","CALABRIA","CZ","0968","D546","24","2533"
"102034","SAN GREGORIO D'IPPONA","CALABRIA","VV","0963","H941","12","2535"
"23093","VESTENANOVA","VENETO","VR","045","L810","24","2536"
"30058","MERETO DI TOMBA","FRIULI-VENEZIA GIULIA","UD","0432","F144","27","2536"
"76010","BARAGIANO","BASILICATA","PZ","0971","A615","29","2536"
"12126","TERNATE","LOMBARDIA","VA","0332","L115","5","2537"
"80044","MAMMOLA","CALABRIA","RC","0964","E873","81","2537"
"20019","CERESARA","LOMBARDIA","MN","0376","C502","38","2538"
"29024","FRATTA POLESINE","VENETO","RO","0425","D788","21","2542"
"51010","CASTEL SAN NICCOLÒ","TOSCANA","AR","0575","C263","83","2544"
"1001","AGLIÈ","PIEMONTE","TO","0124","A074","13","2545"
"62019","CASTELVENERE","CAMPANIA","BN","0824","C280","15","2545"
"69041","GISSI","ABRUZZO","CH","0873","E052","36","2545"
"78034","CELICO","CALABRIA","CS","0984","C430","99","2545"
"60089","VILLA SANTA LUCIA","LAZIO","FR","0776","L905","18","2547"
"23031","DOLCÈ","VENETO","VR","045","D317","39","2548"
"23047","MEZZANE DI SOTTO","VENETO","VR","045","F172","20","2549"
"98028","GRAFFIGNANA","LOMBARDIA","LO","0371","E127","11","2549"
"22229","LEDRO","TRENTINO-ALTO ADIGE","TN","0464","M313","155","5248"
"75024","CORSANO","PUGLIA","LE","0833","D044","9","5250"
"101009","COTRONEI","CALABRIA","KR","0962","D123","78","5253"
"20051","RODIGO","LOMBARDIA","MN","0376","H481","42","5254"
"75076","SOLETO","PUGLIA","LE","0836","I800","30","5254"
"16152","OSIO SOPRA","LOMBARDIA","BG","035","G159","5","5255"
"11017","LEVANTO","LIGURIA","SP","0187","E560","38","5263"
"56015","CAPRAROLA","LAZIO","VT","0761","B691","57","5265"
"61004","ARIENZO","CAMPANIA","CE","0823","A403","14","5265"
"22245","PRIMIERO SAN MARTINO DI CASTROZZA","TRENTINO-ALTO ADIGE","TN","0439","M359","200","5278"
"21037","LACES","TRENTINO-ALTO ADIGE","BZ","0473","E398","79","5286"
"13154","MONTANO LUCINO","LOMBARDIA","CO","031","F427","5","5287"
"9003","ALBISSOLA MARINA","LIGURIA","SV","019","A165","3","5292"
"35010","CAMPEGINE","EMILIA-ROMAGNA","RE","0522","B502","22","5292"
"9018","CARCARE","LIGURIA","SV","019","B748","10","5295"
"26019","CODOGNÈ","VENETO","TV","0438","C815","22","5296"
"67031","NERETO","ABRUZZO","TE","0861","F870","7","5296"
"15219","TREZZANO ROSA","LOMBARDIA","MI","02","L408","3","5297"
"36020","MARANO SUL PANARO","EMILIA-ROMAGNA","MO","059","E905","45","5297"
"84018","GROTTE","SICILIA","AG","0922","E209","24","5303"
"69017","CASOLI","ABRUZZO","CH","0872","B985","67","5305"
"81007","CUSTONACI","SICILIA","TP","0923","D234","70","5307"
"25029","LIMANA","VENETO","BL","0437","E588","39","5309"
"35005","BORETTO","EMILIA-ROMAGNA","RE","0522","A988","19","5311"
"24097","SARCEDO","VENETO","VI","0445","I425","14","5313"
"20047","QUISTELLO","LOMBARDIA","MN","0376","H143","45","5315"
"20035","MOGLIA","LOMBARDIA","MN","0376","F267","32","5327"
"65016","BRACIGLIANO","CAMPANIA","SA","081","B115","14","5327"
"28028","CASALSERUGO","VENETO","PD","049","B912","16","5330"
"18050","CILAVEGNA","LOMBARDIA","PV","0381","C686","18","5333"
"17020","BORGO SAN GIACOMO","LOMBARDIA","BS","030","B035","29","5334"
"12122","SOLBIATE OLONA","LOMBARDIA","VA","0331","I794","5","5341"
"65028","CASAL VELINO","CAMPANIA","SA","0974","B895","31","5341"
"101019","ROCCA DI NETO","CALABRIA","KR","0962","H403","44","5345"
"56001","ACQUAPENDENTE","LAZIO","VT","0763","A040","130","5346"
"44017","CUPRA MARITTIMA","MARCHE","AP","0735","D210","17","5355"
"12003","ANGERA","LOMBARDIA","VA","0331","A290","18","5365"
"97012","CALCO","LOMBARDIA","LC","039","B396","5","5369"
"23002","ALBAREDO D'ADIGE","VENETO","VR","045","A137","28","5371"
"9024","CERIALE","LIGURIA","SV","0182","C510","11","5375"
"30070","PALMANOVA","FRIULI-VENEZIA GIULIA","UD","0432","G284","13","5376"
"76036","GENZANO DI LUCANIA","BASILICATA","PZ","0971","D971","207","5377"
"1070","CAVOUR","PIEMONTE","TO","0121","C404","49","5385"
"13136","LURAGO D'ERBA","LOMBARDIA","CO","031","E749","5","5386"
"16044","CALCIO","LOMBARDIA","BG","0363","B395","16","5389"
"50041","CRESPINA LORENZANA","TOSCANA","PI","050","M328","46","5393"
"73016","MONTEIASI","PUGLIA","TA","099","F531","10","5394"
"3076","GOZZANO","PIEMONTE","NO","0322","E120","13","5403"
"13251","COLVERDE","LOMBARDIA","CO","031","M336","29","5403"
"60008","ARCE","LAZIO","FR","0776","A363","40","5403"
"79042","DAVOLI","CALABRIA","CZ","0967","D257","26","5406"
"18046","CERTOSA DI PAVIA","LOMBARDIA","PV","0382","C541","11","5407"
"14024","COSIO VALTELLINO","LOMBARDIA","SO","0342","D088","24","5409"
"30078","POVOLETTO","FRIULI-VENEZIA GIULIA","UD","0432","G949","39","5410"
"17102","MANERBA DEL GARDA","LOMBARDIA","BS","0365","E883","29","5412"
"20072","BORGO MANTOVANO","LOMBARDIA","MN","0386","M396","41","5416"
"37022","CASTIGLIONE DEI PEPOLI","EMILIA-ROMAGNA","BO","0534","C296","66","5418"
"78154","VILLAPIANA","CALABRIA","CS","0981","B903","39","5419"
"65066","MAIORI","CAMPANIA","SA","089","E839","16","5420"
"54037","PANICALE","UMBRIA","PG","075","G308","79","5421"
"78105","ROGLIANO","CALABRIA","CS","0984","H490","41","5425"
"62003","APICE","CAMPANIA","BN","0824","A328","49","5426"
"17190","TRENZANO","LOMBARDIA","BS","030","L380","20","5427"
"51001","ANGHIARI","TOSCANA","AR","0575","A291","131","5428"
"48013","DICOMANO","TOSCANA","FI","055","D299","62","5439"
"61012","CANCELLO ED ARNONE","CAMPANIA","CE","0823","B581","49","5443"
"4059","CAVALLERMAGGIORE","PIEMONTE","CN","0172","C376","52","5447"
"16075","CISERANO","LOMBARDIA","BG","035","C730","5","5458"
"21029","EGNA","TRENTINO-ALTO ADIGE","BZ","0471","D392","24","5459"
"54030","MONTEFALCO","UMBRIA","PG","0742","F492","69","5461"
"83107","ACQUEDOLCI","SICILIA","ME","0941","M211","13","5466"
"51041","PRATOVECCHIO STIA","TOSCANA","AR","0575","M329","138","5469"
"13043","CAPIAGO INTIMIANO","LOMBARDIA","CO","031","B653","6","5470"
"50027","POMARANCE","TOSCANA","PI","0588","G804","228","5473"
"8011","CAMPOROSSO","LIGURIA","IM","0184","B559","18","5474"
"12012","BESNATE","LOMBARDIA","VA","0331","A825","8","5475"
"84034","SAMBUCA DI SICILIA","SICILIA","AG","0925","H743","95","5485"
"16005","ALMÈ","LOMBARDIA","BG","035","A214","2","5487"
"75034","GUAGNANO","PUGLIA","LE","0832","E227","38","5488"
"75069","SAN DONATO DI LECCE","PUGLIA","LE","0832","H826","21","5498"
"79081","MONTEPAONE","CALABRIA","CZ","0967","F586","17","5500"
"37028","GALLIERA","EMILIA-ROMAGNA","BO","051","D878","37","5504"
"4037","CANALE","PIEMONTE","CN","0173","B573","18","5512"
"15058","CASOREZZO","LOMBARDIA","MI","02","B989","7","5513"
"97091","VERDERIO","LOMBARDIA","LC","039","M337","7","5520"
"61010","CALVI RISORTA","CAMPANIA","CE","0823","B445","16","5524"
"30074","PAVIA DI UDINE","FRIULI-VENEZIA GIULIA","UD","0432","G389","34","5527"
"22116","MEZZOCORONA","TRENTINO-ALTO ADIGE","TN","0461","F183","25","5528"
"90051","OSSI","SARDEGNA","SS","079","G178","30","5529"
"76046","MARSICOVETERE","BASILICATA","PZ","0975","E977","38","5536"
"50002","BUTI","TOSCANA","PI","0587","B303","23","5538"
"4163","PEVERAGNO","PIEMONTE","CN","0171","G526","68","5542"
"17066","DELLO","LOMBARDIA","BS","030","D270","23","5546"
"24095","SANTORSO","VENETO","VI","0445","I353","13","5559"
"23019","CASALEONE","VENETO","VR","0442","B886","38","5562"
"28101","VILLA DEL CONTE","VENETO","PD","049","L934","17","5564"
"28059","OSPEDALETTO EUGANEO","VENETO","PD","0429","G167","21","5569"
"16042","BRUSAPORTO","LOMBARDIA","BG","035","B223","5","5580"
"75003","ALEZIO","PUGLIA","LE","0833","A185","17","5580"
"5118","VILLANOVA D'ASTI","PIEMONTE","AT","0141","L984","42","5581"
"19026","CASTELVERDE","LOMBARDIA","CR","0372","B129","31","5583"
"16007","ALMENNO SAN SALVATORE","LOMBARDIA","BG","035","A217","5","5586"
"108032","MISINTO","LOMBARDIA","MB","02","F247","5","5588"
"79059","GIRIFALCO","CALABRIA","CZ","0968","E050","43","5589"
"4066","CEVA","PIEMONTE","CN","0174","C589","43","5592"
"3131","ROMENTINO","PIEMONTE","NO","0321","H518","18","5595"
"41019","GABICCE MARE","MARCHE","PU","0541","D836","5","5597"
"71050","SAN PAOLO DI CIVITATE","PUGLIA","FG","0882","I072","91","5597"
"33040","SAN GIORGIO PIACENTINO","EMILIA-ROMAGNA","PC","0523","H887","49","5600"
"54034","NOCERA UMBRA","UMBRIA","PG","0742","F911","157","5601"
"21017","CAMPO TURES","TRENTINO-ALTO ADIGE","BZ","0474","B570","164","5612"
"47021","UZZANO","TOSCANA","PT","0572","L522","8","5612"
"24051","LONGARE","VENETO","VI","0444","E671","23","5618"
"40001","BAGNO DI ROMAGNA","EMILIA-ROMAGNA","FC","0543","A565","233","5621"
"34016","FONTEVIVO","EMILIA-ROMAGNA","PR","0521","D685","26","5624"
"99016","SAN CLEMENTE","EMILIA-ROMAGNA","RN","0541","H801","21","5624"
"1051","CANDIOLO","PIEMONTE","TO","011","B592","12","5627"
"46002","BAGNI DI LUCCA","TOSCANA","LU","0583","A560","165","5629"
"10055","SANT'OLCESE","LIGURIA","GE","010","I346","22","5633"
"35009","CAMPAGNOLA EMILIA","EMILIA-ROMAGNA","RE","0522","B499","25","5635"
"12039","CASORATE SEMPIONE","LOMBARDIA","VA","0331","B987","7","5648"
"28030","CERVARESE SANTA CROCE","VENETO","PD","049","C544","18","5648"
"54038","PASSIGNANO SUL TRASIMENO","UMBRIA","PG","075","G359","81","5651"
"26028","FONTANELLE","VENETO","TV","0422","D674","36","5654"
"82057","PIANA DEGLI ALBANESI","SICILIA","PA","091","G543","65","5658"
"33023","GOSSOLENGO","EMILIA-ROMAGNA","PC","0523","E114","31","5666"
"16206","SPIRANO","LOMBARDIA","BG","035","I919","9","5668"
"25016","CORTINA D'AMPEZZO","VENETO","BL","0436","A266","255","5669"
"10018","COGORNO","LIGURIA","GE","0185","C826","9","5672"
"52037","MONTALCINO","TOSCANA","SI","0577","M378","310","5673"
"35006","BRESCELLO","EMILIA-ROMAGNA","RE","0522","B156","25","5675"
"75023","CORIGLIANO D'OTRANTO","PUGLIA","LE","0836","D006","28","5678"
"85018","SERRADIFALCO","SICILIA","CL","0934","I644","42","5679"
"8027","DIANO MARINA","LIGURIA","IM","0183","D297","6","5681"
"5050","COSTIGLIOLE D'ASTI","PIEMONTE","AT","0141","D119","37","5682"
"28020","CAMPO SAN MARTINO","VENETO","PD","049","B564","13","5683"
"46009","CASTELNUOVO DI GARFAGNANA","TOSCANA","LU","0583","C236","29","5685"
"75070","SANNICOLA","PUGLIA","LE","0833","I059","27","5687"
"76059","PICERNO","BASILICATA","PZ","0971","G590","78","5687"
"90023","CASTELSARDO","SARDEGNA","SS","079","C272","45","5687"
"12048","CAVARIA CON PREMEZZO","LOMBARDIA","VA","0331","C382","3","5692"
"58107","TREVIGNANO ROMANO","LAZIO","RM","06","L401","39","5696"
"39015","RIOLO TERME","EMILIA-ROMAGNA","RA","0546","H302","45","5699"
"80054","MOTTA SAN GIOVANNI","CALABRIA","RC","0965","F779","47","5699"
"1044","BUSSOLENO","PIEMONTE","TO","0122","B297","37","5703"
"75057","OTRANTO","PUGLIA","LE","0836","G188","76","5707"
"111063","SAN GIOVANNI SUERGIU","SARDEGNA","SU","0781","G287","71","5707"
"71054","STORNARA","PUGLIA","FG","0885","I962","34","5712"
"4245","VILLANOVA MONDOVÌ","PIEMONTE","CN","0174","L974","28","5715"
"35022","GATTATICO","EMILIA-ROMAGNA","RE","0522","D934","42","5715"
"61085","SAN TAMMARO","CAMPANIA","CE","0823","I261","37","5717"
"58042","GENAZZANO","LAZIO","RM","06","D964","32","5724"
"75021","COLLEPASSO","PUGLIA","LE","0833","C865","13","5725"
"16157","PALOSCO","LOMBARDIA","BG","035","G295","10","5732"
"18123","ROBBIO","LOMBARDIA","PV","0384","H369","40","5733"
"60068","SANT'ELIA FIUMERAPIDO","LAZIO","FR","0776","I321","41","5733"
"80053","MONTEBELLO IONICO","CALABRIA","RC","0965","D746","56","5736"
"13222","TAVERNERIO","LOMBARDIA","CO","031","L071","12","5740"
"83007","BROLO","SICILIA","ME","0941","B198","8","5742"
"34031","SALA BAGANZA","EMILIA-ROMAGNA","PR","0521","H682","31","5757"
"65009","ASCEA","CAMPANIA","SA","0974","A460","38","5757"
"23095","VILLA BARTOLOMEA","VENETO","VR","0442","L912","53","5759"
"54022","GUALDO CATTANEO","UMBRIA","PG","0742","E229","97","5759"
"72018","CELLAMARE","PUGLIA","BA","080","C436","6","5766"
"34033","SAN SECONDO PARMENSE","EMILIA-ROMAGNA","PR","0521","I153","38","5767"
"38017","OSTELLATO","EMILIA-ROMAGNA","FE","0533","G184","174","5769"
"87054","VIZZINI","SICILIA","CT","0933","M100","126","5772"
"17201","VILLANUOVA SUL CLISI","LOMBARDIA","BS","0365","L995","9","5784"
"61060","PIGNATARO MAGGIORE","CAMPANIA","CE","0823","G661","32","5785"
"15251","VERMEZZO CON ZELO","LOMBARDIA","MI","02","M424","11","5796"
"15188","ROSATE","LOMBARDIA","MI","02","H560","19","5799"
"37005","BENTIVOGLIO","EMILIA-ROMAGNA","BO","051","A785","51","5801"
"69015","CASALBORDINO","ABRUZZO","CH","0873","B865","46","5808"
"12086","LAVENA PONTE TRESA","LOMBARDIA","VA","0332","E494","4","5812"
"98041","MULAZZANO","LOMBARDIA","LO","02","F801","16","5814"
"13114","GUANZATE","LOMBARDIA","CO","031","E235","7","5816"
"24107","TORREBELVICINO","VENETO","VI","0445","L248","21","5816"
"20003","BAGNOLO SAN VITO","LOMBARDIA","MN","0376","A575","49","5817"
"32004","SAN DORLIGO DELLA VALLE-DOLINA","FRIULI-VENEZIA GIULIA","TS","040","D324","25","5832"
"27016","FOSSALTA DI PORTOGRUARO","VENETO","VE","0421","D741","32","5833"
"63054","PIMONTE","CAMPANIA","NA","081","G670","12","5836"
"51020","LORO CIUFFENNA","TOSCANA","AR","055","E693","87","5837"
"4009","BAGNOLO PIEMONTE","PIEMONTE","CN","0175","A571","63","5838"
"30053","MAJANO","FRIULI-VENEZIA GIULIA","UD","0432","E833","28","5840"
"82050","MONTELEPRE","SICILIA","PA","091","F544","10","5844"
"75061","POGGIARDO","PUGLIA","LE","0836","G751","20","5845"
"41043","PERGOLA","MARCHE","PU","0721","G453","113","5849"
"15224","TRUCCAZZANO","LOMBARDIA","MI","02","L454","22","5853"
"17167","RUDIANO","LOMBARDIA","BS","030","H630","10","5854"
"15167","PANTIGLIATE","LOMBARDIA","MI","02","G316","6","5862"
"78149","TORTORA","CALABRIA","CS","0985","L305","58","5868"
"16178","RANICA","LOMBARDIA","BG","035","H176","4","5871"
"6160","SERRAVALLE SCRIVIA","PIEMONTE","AL","0143","I657","16","5872"
"111016","DOMUSNOVAS","SARDEGNA","SU","0781","D334","80","5895"
"24083","QUINTO VICENTINO","VENETO","VI","0444","H134","17","5902"
"16160","PEDRENGO","LOMBARDIA","BG","035","G412","4","5905"
"34017","FORNOVO DI TARO","EMILIA-ROMAGNA","PR","0525","D728","58","5906"
"83099","TORTORICI","SICILIA","ME","0941","L308","70","5908"
"26004","BORSO DEL GRAPPA","VENETO","TV","0423","B061","33","5909"
"33007","CADEO","EMILIA-ROMAGNA","PC","0523","B332","39","5911"
"102025","NICOTERA","CALABRIA","VV","0963","F893","33","5911"
"1048","CAMBIANO","PIEMONTE","TO","011","B462","14","5915"
"26033","GODEGA DI SANT'URBANO","VENETO","TV","0438","E071","24","5918"
"98056","TAVAZZANO CON VILLAVESCO","LOMBARDIA","LO","0371","F260","16","5919"
"84009","CAMMARATA","SICILIA","AG","0922","B486","192","5930"
"78122","SAN LUCIDO","CALABRIA","CS","0982","H971","27","5939"
"93036","ROVEREDO IN PIANO","FRIULI-VENEZIA GIULIA","PN","0434","H609","16","5942"
"24126","COLCERESA","VENETO","VI","0424","M426","19","5944"
"13129","LIPOMO","LOMBARDIA","CO","031","E607","2","5950"
"16189","SAN PAOLO D'ARGON","LOMBARDIA","BG","035","B310","5","5951"
"1236","SAN BENIGNO CANAVESE","PIEMONTE","TO","011","H775","22","5955"
"51031","POPPI","TOSCANA","AR","0575","G879","97","5957"
"61007","BELLONA","CAMPANIA","CE","0823","A755","12","5958"
"111010","CARLOFORTE","SARDEGNA","SU","0781","B789","50","5960"
"111001","ARBUS","SARDEGNA","SU","070","A359","267","5961"
"20028","GUIDIZZOLO","LOMBARDIA","MN","0376","E261","22","5962"
"23064","RONCO ALL'ADIGE","VENETO","VR","045","H540","43","5962"
"35034","RIO SALICETO","EMILIA-ROMAGNA","RE","0522","H298","23","5962"
"19062","OFFANENGO","LOMBARDIA","CR","0373","G004","13","5965"
"21108","VALLE AURINA","TRENTINO-ALTO ADIGE","BZ","0474","L595","187","5971"
"36039","SAN PROSPERO","EMILIA-ROMAGNA","MO","059","I133","34","5975"
"66102","TRASACCO","ABRUZZO","AQ","0863","L334","51","5978"
"12136","VENEGONO INFERIORE","LOMBARDIA","VA","0331","L733","6","5980"
"71005","ASCOLI SATRIANO","PUGLIA","FG","0885","A463","335","5986"
"26029","FONTE","VENETO","TV","0423","D680","15","5989"
"68015","COLLECORVINO","ABRUZZO","PE","085","C853","30","5990"
"1270","SUSA","PIEMONTE","TO","0122","L013","11","5992"
"21056","NATURNO","TRENTINO-ALTO ADIGE","BZ","0473","F849","67","6009"
"64044","LIONI","CAMPANIA","AV","0827","E605","46","6009"
"12124","SUMIRAGO","LOMBARDIA","VA","0331","L003","12","6014"
"71031","MATTINATA","PUGLIA","FG","0884","F059","73","6016"
"26031","GAIARINE","VENETO","TV","0434","D854","29","6021"
"102044","TROPEA","CALABRIA","VV","0963","L452","4","6022"
"101015","MESORACA","CALABRIA","KR","0962","F157","94","6025"
"16073","CHIUDUNO","LOMBARDIA","BG","035","C649","7","6027"
"23023","CAVAION VERONESE","VENETO","VR","045","C370","13","6036"
"100007","VERNIO","TOSCANA","PO","0574","L775","63","6038"
"66051","LUCO DEI MARSI","ABRUZZO","AQ","0863","E723","45","6047"
"108011","BRIOSCO","LOMBARDIA","MB","0362","B187","7","6051"
"16040","BRIGNANO GERA D'ADDA","LOMBARDIA","BG","0363","B178","12","6053"
"30037","FAGAGNA","FRIULI-VENEZIA GIULIA","UD","0432","D461","37","6055"
"63039","LETTERE","CAMPANIA","NA","081","E557","12","6055"
"83064","PACE DEL MELA","SICILIA","ME","090","G209","12","6056"
"76080","SANT'ARCANGELO","BASILICATA","PZ","0973","I305","89","6062"
"28050","MASSANZAGO","VENETO","PD","049","F033","13","6070"
"16043","CALCINATE","LOMBARDIA","BG","035","B393","15","6071"
"63077","SCISCIANO","CAMPANIA","NA","081","I540","5","6071"
"26025","CROCETTA DEL MONTELLO","VENETO","TV","0423","C670","26","6080"
"1269","STRAMBINO","PIEMONTE","TO","0125","I970","23","6092"
"30101","SAN GIOVANNI AL NATISONE","FRIULI-VENEZIA GIULIA","UD","0432","H906","24","6101"
"27007","CEGGIA","VENETO","VE","0421","C422","22","6104"
"84038","SANTA MARGHERITA DI BELICE","SICILIA","AG","0925","I224","66","6104"
"37041","MONTERENZIO","EMILIA-ROMAGNA","BO","051","F597","105","6105"
"30091","REMANZACCO","FRIULI-VENEZIA GIULIA","UD","0432","H229","31","6110"
"31018","SAN CANZIAN D'ISONZO","FRIULI-VENEZIA GIULIA","GO","0481","H787","34","6110"
"24118","VILLAVERLA","VENETO","VI","0445","M032","16","6114"
"110008","SPINAZZOLA","PUGLIA","BT","0883","I907","183","6115"
"75002","ALESSANO","PUGLIA","LE","0833","A184","28","6116"
"72039","SAMMICHELE DI BARI","PUGLIA","BA","080","H749","34","6118"
"52001","ABBADIA SAN SALVATORE","TOSCANA","SI","0577","A006","59","6121"
"24028","CASTELGOMBERTO","VENETO","VI","0445","C119","17","6122"
"15248","VILLA CORTESE","LOMBARDIA","MI","0331","L928","4","6133"
"16113","GHISALBA","LOMBARDIA","BG","0363","E006","10","6133"
"15134","MARCALLO CON CASONE","LOMBARDIA","MI","02","E921","8","6134"
"28092","TORREGLIA","VENETO","PD","049","L270","19","6137"
"24084","RECOARO TERME","VENETO","VI","0445","H214","60","6140"
"101025","STRONGOLI","CALABRIA","KR","0962","I982","85","6146"
"42023","MAIOLATI SPONTINI","MARCHE","AN","0731","E837","21","6150"
"57053","POGGIO MIRTETO","LAZIO","RI","0765","G763","26","6152"
"59015","MONTE SAN BIAGIO","LAZIO","LT","0771","F616","66","6159"
"82007","BALESTRATE","SICILIA","PA","091","A592","4","6160"
"28104","VILLANOVA DI CAMPOSAMPIERO","VENETO","PD","049","L979","12","6163"
"18013","BELGIOIOSO","LOMBARDIA","PV","0382","A741","24","6165"
"74014","SAN MICHELE SALENTINO","PUGLIA","BR","0831","I045","26","6170"
"26080","SERNAGLIA DELLA BATTAGLIA","VENETO","TV","0438","I635","20","6171"
"35038","SAN POLO D'ENZA","EMILIA-ROMAGNA","RE","0522","I123","33","6173"
"30188","RIVIGNANO TEOR","FRIULI-VENEZIA GIULIA","UD","0432","M317","47","6174"
"40032","PREDAPPIO","EMILIA-ROMAGNA","FC","0543","H017","92","6183"
"17159","QUINZANO D'OGLIO","LOMBARDIA","BS","030","H140","21","6185"
"70046","MONTENERO DI BISACCIA","MOLISE","CB","0875","F576","93","6186"
"36034","RAVARINO","EMILIA-ROMAGNA","MO","059","H195","28","6194"
"71027","LESINA","PUGLIA","FG","0882","E549","160","6200"
"11013","FOLLO","LIGURIA","SP","0187","D655","23","6203"
"80067","ROCCELLA IONICA","CALABRIA","RC","0964","H456","37","6209"
"69033","FOSSACESIA","ABRUZZO","CH","0872","D738","30","6215"
"13202","ROVELLO PORRO","LOMBARDIA","CO","02","H602","6","6217"
"16029","BOLTIERE","LOMBARDIA","BG","035","A950","4","6223"
"74004","CELLINO SAN MARCO","PUGLIA","BR","0831","C448","37","6227"
"16074","CISANO BERGAMASCO","LOMBARDIA","BG","035","C728","8","6229"
"4222","SOMMARIVA DEL BOSCO","PIEMONTE","CN","0172","I822","36","6230"
"75097","PORTO CESAREO","PUGLIA","LE","0833","M263","35","6232"
"27022","MEOLO","VENETO","VE","0421","F130","27","6236"
"80027","CINQUEFRONDI","CALABRIA","RC","0966","C710","30","6244"
"97071","ROBBIATE","LOMBARDIA","LC","039","G223","5","6248"
"6009","ARQUATA SCRIVIA","PIEMONTE","AL","0143","A436","23","6254"
"111031","GONNOSFANADIGA","SARDEGNA","SU","070","E085","125","6254"
"21093","SILANDRO","TRENTINO-ALTO ADIGE","BZ","0473","I729","115","6264"
"40005","CASTROCARO TERME E TERRA DEL SOLE","EMILIA-ROMAGNA","FC","0543","C339","39","6264"
"30190","FIUMICELLO VILLA VICENTINA","FRIULI-VENEZIA GIULIA","UD","0431","M400","29","6275"
"74013","SAN DONACI","PUGLIA","BR","0831","H822","34","6276"
"81003","CALATAFIMI-SEGESTA","SICILIA","TP","0924","B385","155","6276"
"103075","VILLADOSSOLA","PIEMONTE","VB","0324","L906","18","6276"
"47006","LARCIANO","TOSCANA","PT","0573","E451","25","6279"
"18088","MEDE","LOMBARDIA","PV","0384","F080","33","6281"
"80045","MARINA DI GIOIOSA IONICA","CALABRIA","RC","0964","E956","16","6282"
"82036","GANGI","SICILIA","PA","0921","D907","127","6285"
"65003","ALBANELLA","CAMPANIA","SA","0828","A128","40","6287"
"82046","MARINEO","SICILIA","PA","091","E957","33","6287"
"1045","BUTTIGLIERA ALTA","PIEMONTE","TO","011","B305","8","6292"
"26023","CORNUDA","VENETO","TV","0423","D030","12","6293"
"29040","ROSOLINA","VENETO","RO","0426","H573","73","6295"
"65076","MONTESANO SULLA MARCELLANA","CAMPANIA","SA","0975","F625","109","6295"
"51037","SUBBIANO","TOSCANA","AR","0575","I991","78","6297"
"24124","BARBARANO MOSSANO","VENETO","VI","0444","M401","33","6300"
"19076","PIZZIGHETTONE","LOMBARDIA","CR","0372","G721","32","6301"
"36021","MEDOLLA","EMILIA-ROMAGNA","MO","0535","F087","27","6301"
"43007","CAMERINO","MARCHE","MC","0737","B474","130","6312"
"30055","MANZANO","FRIULI-VENEZIA GIULIA","UD","0432","E899","31","6316"
"35023","GUALTIERI","EMILIA-ROMAGNA","RE","0522","E232","36","6317"
"73001","AVETRANA","PUGLIA","TA","099","A514","73","6317"
"23004","ARCOLE","VENETO","VR","045","A374","19","6325"
"15099","DAIRAGO","LOMBARDIA","MI","0331","D244","6","6332"
"58049","LABICO","LAZIO","RM","06","E392","12","6333"
"60052","PIEDIMONTE SAN GERMANO","LAZIO","FR","0776","G598","17","6336"
"84020","LAMPEDUSA E LINOSA","SICILIA","AG","0922","E431","26","6337"
"82045","LERCARA FRIDDI","SICILIA","PA","091","E541","37","6340"
"15177","POZZO D'ADDA","LOMBARDIA","MI","02","G955","4","6345"
"37044","MONZUNO","EMILIA-ROMAGNA","BO","051","F706","65","6346"
"93043","SESTO AL REGHENA","FRIULI-VENEZIA GIULIA","PN","0434","I686","40","6346"
"24009","ASIAGO","VENETO","VI","0424","A465","163","6349"
"43041","POLLENZA","MARCHE","MC","0733","F567","39","6350"
"18150","SIZIANO","LOMBARDIA","PV","0382","E265","12","6351"
"102037","SERRA SAN BRUNO","CALABRIA","VV","0963","I639","40","6352"
"1006","ALMESE","PIEMONTE","TO","011","A218","18","6355"
"56014","CAPRANICA","LAZIO","VT","0761","B688","41","6357"
"13003","ALBAVILLA","LOMBARDIA","CO","031","A143","11","6359"
"93009","CANEVA","FRIULI-VENEZIA GIULIA","PN","0434","B598","43","6361"
"50005","CAPANNOLI","TOSCANA","PI","0587","B647","23","6363"
"30013","BUJA","FRIULI-VENEZIA GIULIA","UD","0432","B259","28","6364"
"61095","VAIRANO PATENORA","CAMPANIA","CE","0823","L540","44","6365"
"63075","SAN VITALIANO","CAMPANIA","NA","081","I391","5","6371"
"50003","CALCI","TOSCANA","PI","050","B390","25","6372"
"31008","GRADISCA D'ISONZO","FRIULI-VENEZIA GIULIA","GO","0481","E124","11","6373"
"20031","MARCARIA","LOMBARDIA","MN","0376","E922","90","6374"
"102021","MILETO","CALABRIA","VV","0963","F207","35","6401"
"97058","OLGIATE MOLGORA","LOMBARDIA","LC","039","G026","7","6406"
"58040","GALLICANO NEL LAZIO","LAZIO","RM","06","D875","26","6408"
"17186","TORBOLE CASAGLIA","LOMBARDIA","BS","030","L210","13","6409"
"28033","CODEVIGO","VENETO","PD","049","C812","70","6411"
"28076","SAN GIORGIO IN BOSCO","VENETO","PD","049","H897","28","6413"
"18137","SAN MARTINO SICCOMARIO","LOMBARDIA","PV","0382","I014","14","6416"
"16117","GRASSOBBIO","LOMBARDIA","BG","035","E148","8","6417"
"65134","SAPRI","CAMPANIA","SA","0973","I422","14","6418"
"18078","LANDRIANO","LOMBARDIA","PV","0382","E437","15","6420"
"83076","ROMETTA","SICILIA","ME","090","H519","33","6420"
"78101","PRAIA A MARE","CALABRIA","CS","0985","G975","23","6423"
"16028","BOLGARE","LOMBARDIA","BG","035","A937","8","6433"
"67032","NOTARESCO","ABRUZZO","TE","085","F942","38","6433"
"13028","BREGNANO","LOMBARDIA","CO","031","B134","6","6439"
"16006","ALMENNO SAN BARTOLOMEO","LOMBARDIA","BG","035","A216","10","6440"
"66099","TAGLIACOZZO","ABRUZZO","AQ","0863","L025","89","6443"
"1068","CASTIGLIONE TORINESE","PIEMONTE","TO","011","C307","14","6446"
"24060","MONTEBELLO VICENTINO","VENETO","VI","0444","F442","21","6450"
"70031","LARINO","MOLISE","CB","0874","E456","88","6452"
"58073","OLEVANO ROMANO","LAZIO","RM","06","G022","26","6455"
"86015","PIETRAPERZIA","SICILIA","EN","0934","G624","118","6459"
"20042","POGGIO RUSCO","LOMBARDIA","MN","0386","G753","42","6462"
"4240","VERZUOLO","PIEMONTE","CN","0175","L804","26","6463"
"42035","OSTRA","MARCHE","AN","071","F401","47","6464"
"61104","SAN MARCO EVANGELISTA","CAMPANIA","CE","0823","F043","5","6470"
"75004","ALLISTE","PUGLIA","LE","0833","A208","23","6470"
"109017","MONTEGIORGIO","MARCHE","FM","0734","F520","47","6479"
"108003","ALBIATE","LOMBARDIA","MB","0362","A159","3","6482"
"65082","OLEVANO SUL TUSCIANO","CAMPANIA","SA","0828","G023","26","6483"
"85019","SOMMATINO","SICILIA","CL","0922","I824","35","6487"
"10009","CAMPOMORONE","LIGURIA","GE","010","B551","26","6488"
"13065","CERNOBBIO","LOMBARDIA","CO","031","C520","12","6498"
"51042","LATERINA PERGINE VALDARNO","TOSCANA","AR","0575","M392","71","6502"
"57016","CITTADUCALE","LAZIO","RI","0746","C746","71","6503"
"33037","PONTENURE","EMILIA-ROMAGNA","PC","0523","G852","34","6512"
"24013","BOLZANO VICENTINO","VENETO","VI","0444","A954","20","6514"
"65118","SAN CIPRIANO PICENTINO","CAMPANIA","SA","089","H800","17","6532"
"36036","SAN CESARIO SUL PANARO","EMILIA-ROMAGNA","MO","059","H794","27","6533"
"66028","CASTEL DI SANGRO","ABRUZZO","AQ","0864","C096","84","6533"
"56049","SUTRI","LAZIO","VT","0761","L017","61","6539"
"18176","VIDIGULFO","LOMBARDIA","PV","0382","L854","16","6542"
"16115","GORLE","LOMBARDIA","BG","035","E103","2","6546"
"38014","MESOLA","EMILIA-ROMAGNA","FE","0533","F156","84","6549"
"79039","CURINGA","CALABRIA","CZ","0968","D218","51","6549"
"26096","PIEVE DEL GRAPPA","VENETO","TV","0423","M422","37","6550"
"18037","CASTEGGIO","LOMBARDIA","PV","0383","C053","18","6552"
"37017","CASTELLO D'ARGILE","EMILIA-ROMAGNA","BO","051","C185","29","6554"
"13048","CARUGO","LOMBARDIA","CO","031","B851","4","6564"
"49018","SAN VINCENZO","TOSCANA","LI","0565","I390","33","6573"
"26050","NERVESA DELLA BATTAGLIA","VENETO","TV","0422","F872","36","6583"
"16239","VILLA D'ALMÈ","LOMBARDIA","BG","035","A215","6","6587"
"12033","CARNAGO","LOMBARDIA","VA","0331","B796","6","6591"
"26070","SALGAREDA","VENETO","TV","0422","H706","27","6596"
"18041","CAVA MANARA","LOMBARDIA","PV","0382","C360","17","6598"
"63065","ROCCARAINOLA","CAMPANIA","NA","081","H433","28","6601"
"24015","BRENDOLA","VENETO","VI","0444","B143","26","6607"
"37025","DOZZA","EMILIA-ROMAGNA","BO","0542","D360","24","6609"
"16031","BONATE SOTTO","LOMBARDIA","BG","035","A962","6","6613"
"108018","CERIANO LAGHETTO","LOMBARDIA","MB","02","C512","7","6613"
"24119","ZANÈ","VENETO","VI","0445","M145","8","6616"
"35021","FABBRICO","EMILIA-ROMAGNA","RE","0522","D450","23","6618"
"20038","OSTIGLIA","LOMBARDIA","MN","0386","G186","40","6621"
"111106","VILLASOR","SARDEGNA","SU","070","M025","87","6636"
"89005","CANICATTINI BAGNI","SICILIA","SR","0931","B603","15","6639"
"54053","TORGIANO","UMBRIA","PG","075","L216","38","6644"
"3049","CERANO","PIEMONTE","NO","0321","C483","32","6645"
"25072","ALPAGO","VENETO","BL","0437","M375","80","6648"
"25048","SANTA GIUSTINA","VENETO","BL","0437","I206","36","6649"
"76085","SENISE","BASILICATA","PZ","0973","I610","97","6656"
"77018","NOVA SIRI","BASILICATA","MT","0835","A942","52","6663"
"24098","SAREGO","VENETO","VI","0444","I430","24","6670"
"16240","VILLA DI SERIO","LOMBARDIA","BG","035","L936","5","6672"
"54055","TUORO SUL TRASIMENO","UMBRIA","PG","075","L466","56","3738"
"87057","MANIACE","SICILIA","CT","095","M283","36","3739"
"97022","CIVATE","LOMBARDIA","LC","0341","C752","9","3739"
"23063","RONCÀ","VENETO","VR","045","H522","18","3740"
"42032","NUMANA","MARCHE","AN","071","F978","11","3741"
"16209","SUISIO","LOMBARDIA","BG","035","I997","5","3743"
"76006","ATELLA","BASILICATA","PZ","0972","A482","88","3744"
"17010","BAGOLINO","LOMBARDIA","BS","0365","A578","110","3746"
"79047","FALERNA","CALABRIA","CZ","0968","D476","24","3748"
"65140","SERRE","CAMPANIA","SA","0828","I666","66","3749"
"19041","DOVERA","LOMBARDIA","CR","0373","D358","21","3750"
"3130","ROMAGNANO SESIA","PIEMONTE","NO","0163","H502","18","3751"
"91024","FONNI","SARDEGNA","NU","0784","D665","112","3752"
"19113","VESCOVATO","LOMBARDIA","CR","0372","L806","17","3753"
"36033","PRIGNANO SULLA SECCHIA","EMILIA-ROMAGNA","MO","0536","H061","80","3753"
"83028","FURNARI","SICILIA","ME","0941","D825","13","3753"
"17196","VEROLAVECCHIA","LOMBARDIA","BS","030","L778","21","3754"
"54021","GIANO DELL'UMBRIA","UMBRIA","PG","0742","E012","44","3756"
"56008","BOLSENA","LAZIO","VT","0761","A949","64","3757"
"17146","POMPIANO","LOMBARDIA","BS","030","G815","15","3759"
"71053","SERRACAPRIOLA","PUGLIA","FG","0882","I641","143","3759"
"17018","BIENNO","LOMBARDIA","BS","0364","A861","31","3760"
"20018","CAVRIANA","LOMBARDIA","MN","0376","C406","37","3761"
"66085","SAN BENEDETTO DEI MARSI","ABRUZZO","AQ","0863","H772","25","3761"
"24047","GRUMOLO DELLE ABBADESSE","VENETO","VI","0444","E226","15","3768"
"77027","STIGLIANO","BASILICATA","MT","0835","I954","210","3768"
"28061","PERNUMIA","VENETO","PD","0429","G461","13","3769"
"95006","ARBOREA","SARDEGNA","OR","0783","A357","116","3769"
"57025","CONTIGLIANO","LAZIO","RI","0746","C969","54","3772"
"82032","COLLESANO","SICILIA","PA","0921","C871","108","3772"
"19066","PALAZZO PIGNANO","LOMBARDIA","CR","0373","G260","9","3774"
"29044","SAN MARTINO DI VENEZZE","VENETO","RO","0425","H996","31","3777"
"96040","OCCHIEPPO INFERIORE","PIEMONTE","BI","015","F992","4","3777"
"23068","SALIZZOLE","VENETO","VR","045","H714","31","3779"
"4116","MANTA","PIEMONTE","CN","0175","E894","12","3782"
"65100","POSITANO","CAMPANIA","SA","089","G932","8","3782"
"65089","PALOMONTE","CAMPANIA","SA","0828","G292","28","3787"
"1276","TRANA","PIEMONTE","TO","011","L327","16","3788"
"97020","CERNUSCO LOMBARDONE","LOMBARDIA","LC","039","C521","4","3788"
"89020","PORTOPALO DI CAPO PASSERO","SICILIA","SR","0931","M257","15","3790"
"2128","SALUGGIA","PIEMONTE","VC","0161","H725","32","3792"
"80081","SANT'EUFEMIA D'ASPROMONTE","CALABRIA","RC","0966","I333","33","3792"
"1146","MATHI","PIEMONTE","TO","011","F053","7","3795"
"17091","LOGRATO","LOMBARDIA","BS","030","E654","12","3795"
"12051","CITTIGLIO","LOMBARDIA","VA","0332","C751","11","3797"
"15016","BELLINZAGO LOMBARDO","LOMBARDIA","MI","02","A751","5","3797"
"83068","PIRAINO","SICILIA","ME","0941","G699","17","3798"
"78066","LATTARICO","CALABRIA","CS","0984","E475","43","3799"
"21076","SALORNO SULLA STRADA DEL VINO","TRENTINO-ALTO ADIGE","BZ","0471","H719","33","3802"
"66095","SCOPPITO","ABRUZZO","AQ","0862","I546","53","3802"
"28011","BATTAGLIA TERME","VENETO","PD","049","A714","6","3805"
"27001","ANNONE VENETO","VENETO","VE","0422","A302","26","3817"
"79114","SAN PIETRO A MAIDA","CALABRIA","CZ","0968","I093","16","3820"
"12076","GERMIGNAGA","LOMBARDIA","VA","0332","D987","6","3822"
"1193","PIOBESI TORINESE","PIEMONTE","TO","011","G684","20","3823"
"62026","CUSANO MUTRI","CAMPANIA","BN","0824","D230","59","3823"
"22222","VILLA LAGARINA","TRENTINO-ALTO ADIGE","TN","0464","L957","24","3825"
"53024","SCARLINO","TOSCANA","GR","0566","I510","88","3829"
"58004","ALLUMIERE","LAZIO","RM","0766","A210","98","3831"
"26015","CESSALTO","VENETO","TV","0421","C580","28","3833"
"97062","PADERNO D'ADDA","LOMBARDIA","LC","039","G218","4","3834"
"16252","SANT'OMOBONO TERME","LOMBARDIA","BG","035","M333","16","3835"
"81010","GIBELLINA","SICILIA","TP","0924","E023","45","3836"
"91089","TERTENIA","SARDEGNA","NU","0782","L140","118","3839"
"60022","CASTROCIELO","LAZIO","FR","0776","C340","28","3841"
"62068","SAN SALVATORE TELESINO","CAMPANIA","BN","0824","I145","18","3845"
"91005","BARI SARDO","SARDEGNA","NU","0782","A663","38","3848"
"16182","ROGNO","LOMBARDIA","BG","035","H492","16","3849"
"23054","NOGAROLE ROCCA","VENETO","VR","045","F921","29","3851"
"66069","PESCINA","ABRUZZO","AQ","0863","G492","38","3851"
"90021","CALANGIANUS","SARDEGNA","SS","079","B378","126","3854"
"19002","AGNADELLO","LOMBARDIA","CR","0373","A076","12","3855"
"22034","CALDONAZZO","TRENTINO-ALTO ADIGE","TN","0461","B404","21","3855"
"102003","BRIATICO","CALABRIA","VV","0963","B169","28","3855"
"111072","SARDARA","SARDEGNA","SU","070","I428","56","3856"
"33026","LUGAGNANO VAL D'ARDA","EMILIA-ROMAGNA","PC","0523","E726","54","3857"
"49004","CAPOLIVERI","TOSCANA","LI","0565","B669","39","3857"
"26053","ORSAGO","VENETO","TV","0438","G123","11","3859"
"13128","LIMIDO COMASCO","LOMBARDIA","CO","031","E593","4","3860"
"21062","PARCINES","TRENTINO-ALTO ADIGE","BZ","0473","G328","55","3862"
"4213","SANTO STEFANO BELBO","PIEMONTE","CN","0141","I367","27","3863"
"21081","SAN LORENZO DI SEBATO","TRENTINO-ALTO ADIGE","BZ","0474","H956","52","3864"
"16058","CASAZZA","LOMBARDIA","BG","035","B947","7","3865"
"71012","CARPINO","PUGLIA","FG","0884","B829","82","3867"
"98054","SOMAGLIA","LOMBARDIA","LO","0377","I815","21","3867"
"23030","COSTERMANO SUL GARDA","VENETO","VR","045","D118","17","3873"
"76013","BRIENZA","BASILICATA","PZ","0975","B173","83","3873"
"35011","CARPINETI","EMILIA-ROMAGNA","RE","0522","B825","90","3877"
"2107","QUARONA","PIEMONTE","VC","0163","H108","16","3878"
"37031","GRIZZANA MORANDI","EMILIA-ROMAGNA","BO","051","E187","77","3882"
"30014","BUTTRIO","FRIULI-VENEZIA GIULIA","UD","0432","B309","18","3884"
"77022","POMARICO","BASILICATA","MT","0835","G806","129","3884"
"1307","VILLAR PEROSA","PIEMONTE","TO","0121","M014","12","3888"
"17119","NUVOLENTO","LOMBARDIA","BS","030","F989","7","3888"
"93053","VALVASONE ARZENE","FRIULI-VENEZIA GIULIA","PN","0434","M346","30","3890"
"29022","FIESSO UMBERTIANO","VENETO","RO","0425","D577","27","3891"
"83104","VENETICO","SICILIA","ME","090","L735","4","3896"
"15244","VIZZOLO PREDABISSI","LOMBARDIA","MI","02","M102","6","3898"
"30114","TALMASSONS","FRIULI-VENEZIA GIULIA","UD","0432","L039","43","3900"
"75025","CURSI","PUGLIA","LE","0836","D223","8","3901"
"76045","MARSICO NUOVO","BASILICATA","PZ","0975","E976","101","3910"
"6151","SALE","PIEMONTE","AL","0131","H694","45","3913"
"16069","CENATE SOTTO","LOMBARDIA","BG","035","C457","5","3913"
"53003","CAPALBIO","TOSCANA","GR","0564","B646","188","3914"
"18048","CHIGNOLO PO","LOMBARDIA","PV","0382","C637","23","3915"
"41057","SANT'ANGELO IN VADO","MARCHE","PU","0722","I287","67","3919"
"87056","MAZZARRONE","SICILIA","CT","0933","M271","33","3921"
"75075","SOGLIANO CAVOUR","PUGLIA","LE","0836","I780","5","3923"
"25011","CESIOMAGGIORE","VENETO","BL","0439","C577","82","3925"
"19116","PIADENA DRIZZONA","LOMBARDIA","CR","0375","M418","32","3927"
"87035","PIEDIMONTE ETNEO","SICILIA","CT","095","G597","26","3927"
"76060","PIETRAGALLA","BASILICATA","PZ","0971","G616","66","3930"
"17168","SABBIO CHIESE","LOMBARDIA","BS","0365","H650","19","3946"
"64066","NUSCO","CAMPANIA","AV","0827","F988","53","3946"
"64092","SANT'ANGELO DEI LOMBARDI","CAMPANIA","AV","0827","I281","55","3946"
"21060","ORA","TRENTINO-ALTO ADIGE","BZ","0471","G083","12","3948"
"69090","TOLLO","ABRUZZO","CH","0871","L194","15","3948"
"60055","POFI","LAZIO","FR","0775","G749","31","3951"
"56055","VASANELLO","LAZIO","VT","0761","A701","29","3953"
"83072","ROCCALUMERA","SICILIA","ME","0942","H418","9","3953"
"102032","SAN CALOGERO","CALABRIA","VV","0963","H785","25","3954"
"22167","SAN MICHELE ALL'ADIGE","TRENTINO-ALTO ADIGE","TN","0461","I042","16","3956"
"64001","AIELLO DEL SABATO","CAMPANIA","AV","0825","A101","11","3956"
"68006","CAPPELLE SUL TAVO","ABRUZZO","PE","085","B681","5","3956"
"85006","DELIA","SICILIA","CL","0922","D267","12","3958"
"75007","ARNESANO","PUGLIA","LE","0832","A425","13","3959"
"1284","VAL DELLA TORRE","PIEMONTE","TO","011","L555","37","3965"
"18135","SAN GENESIO ED UNITI","LOMBARDIA","PV","0382","H859","9","3968"
"14060","SONDALO","LOMBARDIA","SO","0342","I828","96","3970"
"95029","MOGORO","SARDEGNA","OR","0783","F272","49","3974"
"68035","ROSCIANO","ABRUZZO","PE","085","H562","26","3977"
"1237","SAN CARLO CANAVESE","PIEMONTE","TO","011","H789","21","3980"
"16131","MADONE","LOMBARDIA","BG","035","E794","3","3980"
"24017","BROGLIANO","VENETO","VI","0445","B196","12","3987"
"76034","FRANCAVILLA IN SINNI","BASILICATA","PZ","0973","D766","49","3987"
"12128","TRAVEDONA-MONATE","LOMBARDIA","VA","0332","L342","9","3989"
"91062","ORGOSOLO","SARDEGNA","NU","0784","G097","224","3991"
"1183","PECETTO TORINESE","PIEMONTE","TO","011","G398","9","3992"
"35046","VENTASSO","EMILIA-ROMAGNA","RE","0522","M364","258","3992"
"64002","ALTAVILLA IRPINA","CAMPANIA","AV","0825","A228","14","4000"
"69072","RIPA TEATINA","ABRUZZO","CH","0871","H320","20","4002"
"1116","GIVOLETTO","PIEMONTE","TO","011","E067","13","4003"
"36017","GUIGLIA","EMILIA-ROMAGNA","MO","059","E264","49","4003"
"65120","SAN GREGORIO MAGNO","CAMPANIA","SA","0828","H943","50","4004"
"17060","COMEZZANO-CIZZAGO","LOMBARDIA","BS","030","C925","16","4009"
"10060","SORI","LIGURIA","GE","0185","I852","13","4010"
"12121","SOLBIATE ARNO","LOMBARDIA","VA","0331","I793","3","4014"
"30083","PREMARIACCO","FRIULI-VENEZIA GIULIA","UD","0432","H029","40","4015"
"16155","PALADINA","LOMBARDIA","BG","035","G249","2","4016"
"29012","CASTELMASSA","VENETO","RO","0425","C207","12","4016"
"52020","PIANCASTAGNAIO","TOSCANA","SI","0577","G547","70","4016"
"111093","USSANA","SARDEGNA","SU","070","L512","33","4017"
"22025","BRENTONICO","TRENTINO-ALTO ADIGE","TN","0464","B153","63","4021"
"35035","ROLO","EMILIA-ROMAGNA","RE","0522","H500","14","4021"
"78083","MORANO CALABRO","CALABRIA","CS","0981","F708","112","4021"
"65151","TRAMONTI","CAMPANIA","SA","089","L323","25","4022"
"15055","CASARILE","LOMBARDIA","MI","02","B938","7","4025"
"13034","BULGAROGRASSO","LOMBARDIA","CO","031","B262","4","4026"
"62040","MOIANO","CAMPANIA","BN","0823","F274","20","4026"
"21059","NOVA PONENTE","TRENTINO-ALTO ADIGE","BZ","0471","F950","112","4029"
"26034","GORGO AL MONTICANO","VENETO","TV","0422","E092","27","4039"
"22050","CAVALESE","TRENTINO-ALTO ADIGE","TN","0462","C372","45","4041"
"15122","LISCATE","LOMBARDIA","MI","02","E610","9","4042"
"82011","BOLOGNETTA","SICILIA","PA","091","A946","28","4042"
"14007","BERBENNO DI VALTELLINA","LOMBARDIA","SO","0342","A787","36","4045"
"42043","SANTA MARIA NUOVA","MARCHE","AN","0731","I251","18","4048"
"40043","SANTA SOFIA","EMILIA-ROMAGNA","FC","0543","I310","149","4053"
"6154","SAN SALVATORE MONFERRATO","PIEMONTE","AL","0131","I144","32","4055"
"108037","RENATE","LOMBARDIA","MB","0362","H233","3","4056"
"16059","CASIRATE D'ADDA","LOMBARDIA","BG","0363","B971","10","4057"
"70072","SANTA CROCE DI MAGLIANO","MOLISE","CB","0874","I181","53","4058"
"1256","SANT'ANTONINO DI SUSA","PIEMONTE","TO","011","I296","10","4060"
"20007","BOZZOLO","LOMBARDIA","MN","0376","B110","19","4060"
"44063","RIPATRANSONE","MARCHE","AP","0735","H321","74","4061"
"13147","MERONE","LOMBARDIA","CO","031","F151","3","4064"
"43003","APPIGNANO","MARCHE","MC","0733","A334","23","4065"
"42048","SIROLO","MARCHE","AN","071","I758","17","4069"
"22007","AVIO","TRENTINO-ALTO ADIGE","TN","0464","A520","69","4072"
"62038","LIMATOLA","CAMPANIA","BN","0823","E589","18","4072"
"15026","BOFFALORA SOPRA TICINO","LOMBARDIA","MI","02","A920","8","4073"
"14009","BORMIO","LOMBARDIA","SO","0342","B049","42","4074"
"25001","AGORDO","VENETO","BL","0437","A083","24","4074"
"17086","ISORELLA","LOMBARDIA","BS","030","E364","15","4075"
"59012","LENOLA","LAZIO","LT","0771","E527","46","4075"
"4143","MORETTA","PIEMONTE","CN","0172","F723","24","4076"
"16187","ROVETTA","LOMBARDIA","BG","0346","H615","24","4077"
"90054","PALAU","SARDEGNA","SS","0789","G258","44","4077"
"17122","OFFLAGA","LOMBARDIA","BS","030","G006","23","4078"
"13249","GRAVEDONA ED UNITI","LOMBARDIA","CO","0344","M315","41","4080"
"22061","CIVEZZANO","TRENTINO-ALTO ADIGE","TN","0461","C756","16","4080"
"57044","MONTOPOLI DI SABINA","LAZIO","RI","0765","F687","38","4081"
"87058","RAGALNA","SICILIA","CT","095","M287","39","4083"
"23072","SANGUINETTO","VENETO","VR","0442","H944","14","4086"
"29002","ARIANO NEL POLESINE","VENETO","RO","0426","A400","81","4098"
"7054","QUART","VALLE D'AOSTA","AO","0165","H110","62","4101"
"23035","FUMANE","VENETO","VR","045","D818","34","4102"
"30117","TARVISIO","FRIULI-VENEZIA GIULIA","UD","0428","L057","206","4102"
"60005","AMASENO","LAZIO","FR","0775","A256","77","4102"
"16070","CENE","LOMBARDIA","BG","035","C459","9","4105"
"21042","LASA","TRENTINO-ALTO ADIGE","BZ","0473","E457","110","4107"
"28088","STANGHELLA","VENETO","PD","0425","I938","20","4113"
"78009","ALTOMONTE","CALABRIA","CS","0981","A240","65","4116"
"20034","MEDOLE","LOMBARDIA","MN","0376","F086","26","4120"
"90048","OLMEDO","SARDEGNA","SS","079","G046","34","4125"
"58016","CANALE MONTERANO","LAZIO","RM","06","B576","37","4128"
"36001","BASTIGLIA","EMILIA-ROMAGNA","MO","059","A713","11","4134"
"60011","ATINA","LAZIO","FR","0776","A486","30","4139"
"58020","CARPINETO ROMANO","LAZIO","RM","06","B828","86","4141"
"97054","MONTICELLO BRIANZA","LOMBARDIA","LC","039","F674","5","4141"
"23036","GARDA","VENETO","VR","045","D915","16","4143"
"13242","VERTEMATE CON MINOPRIO","LOMBARDIA","CO","031","L792","6","4145"
"20054","SABBIONETA","LOMBARDIA","MN","0375","H652","37","4145"
"16123","LALLIO","LOMBARDIA","BG","035","E422","2","4146"
"76064","RAPOLLA","BASILICATA","PZ","0972","H186","29","4146"
"62071","SANT'ANGELO A CUPOLO","CAMPANIA","BN","0824","I277","11","4148"
"97004","BALLABIO","LOMBARDIA","LC","0341","A594","15","4149"
"27015","FOSSALTA DI PIAVE","VENETO","VE","0421","D740","10","4150"
"14071","VALDIDENTRO","LOMBARDIA","SO","0342","L557","244","4153"
"15050","CARPIANO","LOMBARDIA","MI","02","B820","17","4153"
"80013","BOVA MARINA","CALABRIA","RC","0965","B099","30","4156"
"69059","PAGLIETA","ABRUZZO","CH","0872","G237","34","4157"
"80009","BIANCO","CALABRIA","RC","0964","A843","32","4158"
"75081","SUPERSANO","PUGLIA","LE","0833","L008","36","4162"
"16087","COVO","LOMBARDIA","BG","0363","D126","13","4165"
"69094","TORREVECCHIA TEATINA","ABRUZZO","CH","0871","L284","15","4165"
"1148","MAZZÈ","PIEMONTE","TO","011","F067","28","4169"
"86005","CALASCIBETTA","SICILIA","EN","0935","B381","88","4169"
"17104","MARCHENO","LOMBARDIA","BS","030","E928","23","4172"
"59004","CASTELFORTE","LAZIO","LT","0771","C104","30","4172"
"76040","LATRONICO","BASILICATA","PZ","0973","E474","76","4173"
"82072","TORRETTA","SICILIA","PA","091","L282","25","4173"
"73028","TORRICELLA","PUGLIA","TA","099","L294","27","4175"
"84042","SICULIANA","SICILIA","AG","0922","I723","41","4177"
"24085","ROANA","VENETO","VI","0424","H361","78","4181"
"28004","ANGUILLARA VENETA","VENETO","PD","049","A296","22","4182"
"2071","LIVORNO FERRARIS","PIEMONTE","VC","0161","E626","58","4183"
"13004","ALBESE CON CASSANO","LOMBARDIA","CO","031","A153","8","4187"
"78106","ROSE","CALABRIA","CS","0984","H565","47","4188"
"16253","VAL BREMBILLA","LOMBARDIA","BG","0345","M334","31","4190"
"10049","RONCO SCRIVIA","LIGURIA","GE","010","H536","31","4192"
"33045","VIGOLZONE","EMILIA-ROMAGNA","PC","0523","L897","42","4193"
"20008","CANNETO SULL'OGLIO","LOMBARDIA","MN","0376","B612","26","4194"
"24102","SOSSANO","VENETO","VI","0444","I867","21","4194"
"35041","TOANO","EMILIA-ROMAGNA","RE","0522","L184","67","4195"
"78049","DIPIGNANO","CALABRIA","CS","0984","D304","23","4196"
"15144","MESERO","LOMBARDIA","MI","02","F155","6","4199"
"59021","ROCCAGORGA","LAZIO","LT","0773","H413","24","4199"
"111013","DECIMOPUTZU","SARDEGNA","SU","070","D260","45","4202"
"37051","SAN BENEDETTO VAL DI SAMBRO","EMILIA-ROMAGNA","BO","0534","G566","67","4203"
"82010","BISACQUINO","SICILIA","PA","091","A882","65","4203"
"79061","GUARDAVALLE","CALABRIA","CZ","0967","E239","60","4205"
"4022","BERNEZZO","PIEMONTE","CN","0171","A805","26","4207"
"17197","VESTONE","LOMBARDIA","BS","0365","L812","13","4216"
"84040","SANTO STEFANO QUISQUINA","SICILIA","AG","0922","I356","85","4216"
"90079","VALLEDORIA","SARDEGNA","SS","079","L604","24","4216"
"93040","SAN QUIRINO","FRIULI-VENEZIA GIULIA","PN","0434","I136","51","4220"
"58035","COLONNA","LAZIO","RM","06","C900","4","4224"
"63088","VISCIANO","CAMPANIA","NA","081","M072","11","4226"
"16020","BARIANO","LOMBARDIA","BG","0363","A664","7","4228"
"26084","TARZO","VENETO","TV","0438","L058","24","4228"
"16049","CANONICA D'ADDA","LOMBARDIA","BG","02","B618","3","4230"
"85003","BUTERA","SICILIA","CL","0934","B302","297","4234"
"71025","ISCHITELLA","PUGLIA","FG","0884","E332","87","4236"
"41001","ACQUALAGNA","MARCHE","PU","0721","A035","51","4240"
"108047","VEDUGGIO CON COLZANO","LOMBARDIA","MB","0362","L709","3","4250"
"90077","USINI","SARDEGNA","SS","079","L509","31","4254"
"12105","MORAZZONE","LOMBARDIA","VA","0332","F711","5","4255"
"54006","CANNARA","UMBRIA","PG","0742","B609","33","4256"
"97045","MALGRATE","LOMBARDIA","LC","0341","E858","2","4256"
"66072","PIZZOLI","ABRUZZO","AQ","0862","G726","56","4259"
"57007","BORGOROSE","LAZIO","RI","0746","B008","149","4260"
"16047","CALVENZANO","LOMBARDIA","BG","0363","B442","6","4264"
"24046","GRISIGNANO DI ZOCCO","VENETO","VI","0444","E184","17","4266"
"28094","TRIBANO","VENETO","PD","049","L414","19","4267"
"53023","SCANSANO","TOSCANA","GR","0564","I504","274","4268"
"69018","CASTEL FRENTANO","ABRUZZO","CH","0872","C114","22","4268"
"4180","REVELLO","PIEMONTE","CN","0175","H247","53","4270"
"11001","AMEGLIA","LIGURIA","SP","0187","A261","14","4270"
"13188","PONTE LAMBRO","LOMBARDIA","CO","031","G847","3","4270"
"81009","FAVIGNANA","SICILIA","TP","0923","D518","37","4270"
"42003","ARCEVIA","MARCHE","AN","0731","A366","126","4272"
"15164","OSSONA","LOMBARDIA","MI","02","G181","6","4276"
"13131","LOCATE VARESINO","LOMBARDIA","CO","0331","E638","6","4278"
"23049","MONTECCHIA DI CROSARA","VENETO","VR","045","F461","21","4278"
"24079","POJANA MAGGIORE","VENETO","VI","0444","G776","28","4281"
"87028","MIRABELLA IMBACCARI","SICILIA","CT","0933","F231","15","4282"
"2042","CIGLIANO","PIEMONTE","VC","0161","C680","25","4283"
"108013","BURAGO DI MOLGORA","LOMBARDIA","MB","039","B272","3","4283"
"95021","GHILARZA","SARDEGNA","OR","0785","E004","53","4285"
"28040","GALZIGNANO TERME","VENETO","PD","049","D889","18","4290"
"78143","SPEZZANO DELLA SILA","CALABRIA","CS","0984","I896","80","4292"
"12015","BISUSCHIO","LOMBARDIA","VA","0332","A891","7","4293"
"83010","CAPRI LEONE","SICILIA","ME","0941","B695","7","4293"
"71038","PESCHICI","PUGLIA","FG","0884","G487","49","4295"
"3082","INVORIO","PIEMONTE","NO","0322","E314","17","4297"
"54003","BETTONA","UMBRIA","PG","075","A832","45","4297"
"16124","LEFFE","LOMBARDIA","BG","035","E509","7","4300"
"28041","GAZZO","VENETO","PD","049","D956","23","4300"
"53001","ARCIDOSSO","TOSCANA","GR","0564","A369","93","4302"
"3079","GRIGNASCO","PIEMONTE","NO","0163","E177","15","4307"
"12107","OGGIONA CON SANTO STEFANO","LOMBARDIA","VA","0331","G008","3","4308"
"98004","BORGHETTO LODIGIANO","LOMBARDIA","LO","0371","A995","24","4311"
"4043","CARRÙ","PIEMONTE","CN","0173","B841","26","4313"
"15097","CUSAGO","LOMBARDIA","MI","02","D229","12","4315"
"79130","SERSALE","CALABRIA","CZ","0961","I671","53","4318"
"25036","PEDAVENA","VENETO","BL","0439","G404","25","4323"
"35043","VEZZANO SUL CROSTOLO","EMILIA-ROMAGNA","RE","0522","L820","38","4323"
"93027","MONTEREALE VALCELLINA","FRIULI-VENEZIA GIULIA","PN","0427","F596","68","4323"
"56058","VIGNANELLO","LAZIO","VT","0761","L882","21","4325"
"37034","LOIANO","EMILIA-ROMAGNA","BO","051","E655","52","4328"
"16224","VALBREMBO","LOMBARDIA","BG","035","L545","4","4338"
"17164","ROÈ VOLCIANO","LOMBARDIA","BS","0365","H484","6","4341"
"64015","CALITRI","CAMPANIA","AV","0827","B415","101","4341"
"82060","PRIZZI","SICILIA","PA","091","H070","95","4342"
"18076","GROPELLO CAIROLI","LOMBARDIA","PV","0382","E195","26","4343"
"87013","CASTEL DI IUDICA","SICILIA","CT","095","C091","102","4352"
"46021","MONTECARLO","TOSCANA","LU","0583","F452","16","4353"
"75091","UGGIANO LA CHIESA","PUGLIA","LE","0836","L485","14","4354"
"16018","BAGNATICA","LOMBARDIA","BG","035","A557","6","4355"
"40022","MODIGLIANA","EMILIA-ROMAGNA","FC","0546","F259","101","4357"
"43009","CASTELRAIMONDO","MARCHE","MC","0737","C251","45","4364"
"10004","BOGLIASCO","LIGURIA","GE","010","A922","4","4365"
"28078","SAN PIETRO IN GU","VENETO","PD","049","I107","18","4368"
"78148","TORANO CASTELLO","CALABRIA","CS","0984","L206","30","4373"
"84032","REALMONTE","SICILIA","AG","0922","H205","20","4379"
"102031","ROMBIOLO","CALABRIA","VV","0963","H516","23","4382"
"90057","PLOAGHE","SARDEGNA","SS","079","G740","96","4383"
"98037","MASSALENGO","LOMBARDIA","LO","0371","F028","9","4385"
"60053","PIGLIO","LAZIO","FR","0775","G659","35","4386"
"97017","CASSAGO BRIANZA","LOMBARDIA","LC","039","B996","4","4388"
"6047","CASTELLAZZO BORMIDA","PIEMONTE","AL","0131","C148","45","4389"
"86002","AIDONE","SICILIA","EN","0935","A098","210","4389"
"16081","COMUN NUOVO","LOMBARDIA","BG","035","C937","6","4393"
"108042","SULBIATE","LOMBARDIA","MB","039","I998","5","4405"
"102017","IONADI","CALABRIA","VV","0963","E321","9","4406"
"43025","MOGLIANO","MARCHE","MC","0733","F268","29","4407"
"79069","MAIDA","CALABRIA","CZ","0968","E834","58","4409"
"14033","GROSIO","LOMBARDIA","SO","0342","E200","127","4412"
"13046","CARIMATE","LOMBARDIA","CO","031","B778","5","4416"
"83091","SANTO STEFANO DI CAMASTRA","SICILIA","ME","0921","I370","22","4416"
"16203","SOTTO IL MONTE GIOVANNI XXIII","LOMBARDIA","BG","035","I869","5","4417"
"42016","CUPRAMONTANA","MARCHE","AN","0731","D211","27","4418"
"108031","MEZZAGO","LOMBARDIA","MB","039","F165","4","4420"
"15202","SAN ZENONE AL LAMBRO","LOMBARDIA","MI","02","I415","7","4422"
"16142","MOZZANICA","LOMBARDIA","BG","0363","F786","9","4424"
"26047","MORGANO","VENETO","TV","0422","F725","12","4424"
"1093","CONDOVE","PIEMONTE","TO","011","C955","71","4427"
"83052","MISTRETTA","SICILIA","ME","0921","F251","127","4434"
"26044","MONASTIER DI TREVISO","VENETO","TV","0422","F332","25","4438"
"50036","TERRICCIOLA","TOSCANA","PI","0587","L138","43","4439"
"83108","TORRENOVA","SICILIA","ME","0941","M286","13","4440"
"17138","SAN PAOLO","LOMBARDIA","BS","030","G407","19","4442"
"17068","EDOLO","LOMBARDIA","BS","0364","D391","89","4443"
"14065","TEGLIO","LOMBARDIA","SO","0342","L084","115","4445"
"7020","CHATILLON","VALLE D'AOSTA","AO","0166","C294","40","4450"
"18162","TRAVACÒ SICCOMARIO","LOMBARDIA","PV","0382","I236","15","4450"
"83086","SANTA LUCIA DEL MELA","SICILIA","ME","090","I220","83","4453"
"6081","GAVI","PIEMONTE","AL","0143","D944","51","4454"
"35013","CASINA","EMILIA-ROMAGNA","RE","0522","B967","64","4455"
"55001","ACQUASPARTA","UMBRIA","TR","0744","A045","80","4456"
"62057","SAN BARTOLOMEO IN GALDO","CAMPANIA","BN","0824","H764","82","4457"
"77013","IRSINA","BASILICATA","MT","0835","E326","262","4459"
"7065","SAINT-VINCENT","VALLE D'AOSTA","AO","0166","H676","21","4465"
"67026","ISOLA DEL GRAN SASSO D'ITALIA","ABRUZZO","TE","0861","E343","83","4465"
"97010","BRIVIO","LOMBARDIA","LC","039","B194","8","4466"
"16234","VERTOVA","LOMBARDIA","BG","035","L795","16","4467"
"39018","SOLAROLO","EMILIA-ROMAGNA","RA","0546","I787","26","4473"
"80018","CAMPO CALABRO","CALABRIA","RC","0965","B516","7","4473"
"61058","PIETRAMELARA","CAMPANIA","CE","0823","G620","24","4478"
"26052","ORMELLE","VENETO","TV","0422","G115","19","4480"
"60023","CASTRO DEI VOLSCI","LAZIO","FR","0775","C338","58","4483"
"75066","SALVE","PUGLIA","LE","0833","H729","33","4483"
"44031","MONSAMPOLO DEL TRONTO","MARCHE","AP","0735","F380","15","4486"
"1300","VILLAFRANCA PIEMONTE","PIEMONTE","TO","011","L948","51","4489"
"33024","GRAGNANO TREBBIENSE","EMILIA-ROMAGNA","PC","0523","E132","35","4491"
"111041","MONASTIR","SARDEGNA","SU","070","F333","32","4495"
"16156","PALAZZAGO","LOMBARDIA","BG","035","G259","14","4496"
"86020","VILLAROSA","SICILIA","EN","0935","M011","55","4496"
"111103","VILLAPUTZU","SARDEGNA","SU","070","L998","181","4497"
"48018","FIRENZUOLA","TOSCANA","FI","055","D613","272","4499"
"70081","TRIVENTO","MOLISE","CB","0874","L435","73","4499"
"98014","CASTIGLIONE D'ADDA","LOMBARDIA","LO","0377","C304","13","4502"
"26002","ARCADE","VENETO","TV","0422","A360","8","4503"
"1308","VILLASTELLONE","PIEMONTE","TO","011","M027","20","4504"
"19112","VAILATE","LOMBARDIA","CR","0363","L539","10","4504"
"47022","CHIESINA UZZANESE","TOSCANA","PT","0572","C631","7","4505"
"16173","PRADALUNGA","LOMBARDIA","BG","035","G968","8","4509"
"15158","NOVIGLIO","LOMBARDIA","MI","02","F968","16","4514"
"28042","GRANTORTO","VENETO","PD","049","E145","14","4514"
"64010","BAIANO","CAMPANIA","AV","081","A580","12","4517"
"103025","CREVOLADOSSOLA","PIEMONTE","VB","0324","D168","40","4517"
"20014","CASTEL D'ARIO","LOMBARDIA","MN","0376","C076","22","4519"
"50024","PALAIA","TOSCANA","PI","0587","G254","74","4519"
"86006","CATENANUOVA","SICILIA","EN","0935","C353","11","4519"
"6138","POZZOLO FORMIGARO","PIEMONTE","AL","0143","G961","36","4522"
"18061","DORNO","LOMBARDIA","PV","0382","D348","31","4522"
"22147","PREDAZZO","TRENTINO-ALTO ADIGE","TN","0462","H018","110","4522"
"52031","SARTEANO","TOSCANA","SI","0578","I445","85","4528"
"37016","CASTEL GUELFO DI BOLOGNA","EMILIA-ROMAGNA","BO","0542","C121","29","4529"
"22183","STORO","TRENTINO-ALTO ADIGE","TN","0465","I964","63","4534"
"16238","VILLA D'ADDA","LOMBARDIA","BG","035","L929","6","4537"
"12073","GAZZADA SCHIANNO","LOMBARDIA","VA","0332","D951","5","4538"
"17057","COLLEBEATO","LOMBARDIA","BS","030","C850","5","4538"
"76057","PALAZZO SAN GERVASIO","BASILICATA","PZ","0972","G261","62","4540"
"33012","CASTELL'ARQUATO","EMILIA-ROMAGNA","PC","0523","C145","52","4548"
"9012","BORGHETTO SANTO SPIRITO","LIGURIA","SV","0182","A999","5","4552"
"15038","BUSCATE","LOMBARDIA","MI","0331","B286","8","4553"
"1275","TORRE PELLICE","PIEMONTE","TO","0121","L277","21","4554"
"17073","GAMBARA","LOMBARDIA","BS","030","D891","32","4560"
"75077","SPECCHIA","PUGLIA","LE","0833","I887","25","4560"
"28026","CARTURA","VENETO","PD","049","B848","16","4561"
"17112","MONTICELLI BRUSATI","LOMBARDIA","BS","030","F672","11","4563"
"1035","BRICHERASIO","PIEMONTE","TO","0121","B171","23","4564"
"36047","ZOCCA","EMILIA-ROMAGNA","MO","059","M183","69","4567"
"23048","MINERBE","VENETO","VR","0442","F218","30","4570"
"4081","DOGLIANI","PIEMONTE","CN","0173","D314","36","4572"
"33036","PONTE DELL'OLIO","EMILIA-ROMAGNA","PC","0523","G842","44","4573"
"21070","RACINES","TRENTINO-ALTO ADIGE","BZ","0472","H152","204","4576"
"61003","ALVIGNANO","CAMPANIA","CE","0823","A243","38","4576"
"56005","BASSANO ROMANO","LAZIO","VT","0761","A704","37","4578"
"62044","MORCONE","CAMPANIA","BN","0824","F717","101","4580"
"41051","SAN COSTANZO","MARCHE","PU","0721","H809","41","4583"
"42038","POLVERIGI","MARCHE","AN","071","G803","25","4584"
"45016","VILLAFRANCA IN LUNIGIANA","TOSCANA","MS","0187","L946","29","4592"
"1255","SANT'AMBROGIO DI TORINO","PIEMONTE","TO","011","I258","9","4597"
"24127","LUSIANA CONCO","VENETO","VI","0424","M427","61","4600"
"70069","SAN MARTINO IN PENSILIS","MOLISE","CB","0875","H990","100","4601"
"12053","COCQUIO-TREVISAGO","LOMBARDIA","VA","0332","C810","10","4612"
"12006","AZZATE","LOMBARDIA","VA","0332","A531","5","4613"
"15185","RODANO","LOMBARDIA","MI","02","H470","13","4613"
"37045","MORDANO","EMILIA-ROMAGNA","BO","0542","F718","22","4613"
"33018","CORTEMAGGIORE","EMILIA-ROMAGNA","PC","0523","D061","37","4614"
"95025","MARRUBIU","SARDEGNA","OR","0783","E972","61","4614"
"111078","SERRENTI","SARDEGNA","SU","070","I667","43","4614"
"54035","NORCIA","UMBRIA","PG","0743","F935","274","4617"
"30044","GONARS","FRIULI-VENEZIA GIULIA","UD","0432","E083","20","4621"
"80097","SAN FERDINANDO","CALABRIA","RC","0966","M277","14","4626"
"45008","FOSDINOVO","TOSCANA","MS","0187","D735","49","4629"
"80085","SCILLA","CALABRIA","RC","0965","I537","44","4629"
"16188","SAN GIOVANNI BIANCO","LOMBARDIA","BG","0345","H910","31","4632"
"75005","ANDRANO","PUGLIA","LE","0836","A281","15","4632"
"61036","FRANCOLISE","CAMPANIA","CE","0823","D769","41","4635"
"14063","TALAMONA","LOMBARDIA","SO","0342","L035","21","4638"
"69050","MIGLIANICO","ABRUZZO","CH","0871","F196","23","4640"
"63038","LACCO AMENO","CAMPANIA","NA","081","E396","2","4641"
"65136","SASSANO","CAMPANIA","SA","0975","I451","47","4641"
"13255","SOLBIATE CON CAGNO","LOMBARDIA","CO","031","M412","8","4642"
"17037","CAPRIANO DEL COLLE","LOMBARDIA","BS","030","B698","14","4643"
"16057","CARVICO","LOMBARDIA","BG","035","B854","4","4645"
"97092","LA VALLETTA BRIANZA","LOMBARDIA","LC","039","M348","9","4646"
"50025","PECCIOLI","TOSCANA","PI","0587","G395","93","4649"
"67017","CIVITELLA DEL TRONTO","ABRUZZO","TE","0861","C781","78","4649"
"79036","CROPANI","CALABRIA","CZ","0961","D181","44","4649"
"26007","CAPPELLA MAGGIORE","VENETO","TV","0438","B678","11","4651"
"62037","GUARDIA SANFRAMONDI","CAMPANIA","BN","0824","E249","21","4656"
"4133","MONTÀ","PIEMONTE","CN","0173","F385","27","4658"
"27030","PRAMAGGIORE","VENETO","VE","0421","G981","24","4659"
"15005","ALBAIRATE","LOMBARDIA","MI","02","A127","15","4670"
"33002","ALSENO","EMILIA-ROMAGNA","PC","0523","A223","56","4673"
"78146","TERRANOVA DA SIBARI","CALABRIA","CS","0981","L124","43","4673"
"79133","SIMERI CRICHI","CALABRIA","CZ","0961","I745","47","4673"
"95047","SANTA GIUSTA","SARDEGNA","OR","0783","I205","69","4673"
"60076","SUPINO","LAZIO","FR","0775","L009","35","4678"
"55031","STRONCONE","UMBRIA","TR","0744","I981","71","4685"
"17028","BRENO","LOMBARDIA","BS","0364","B149","59","4694"
"103064","STRESA","PIEMONTE","VB","0323","I976","33","4694"
"17129","PADENGHE SUL GARDA","LOMBARDIA","BS","030","G213","20","4696"
"65017","BUCCINO","CAMPANIA","SA","0828","B242","65","4697"
"21097","TERLANO","TRENTINO-ALTO ADIGE","BZ","0471","L108","19","4699"
"17142","PIAN CAMUNO","LOMBARDIA","BS","0364","G546","11","4701"
"83096","SPADAFORA","SICILIA","ME","090","I881","10","4701"
"17120","NUVOLERA","LOMBARDIA","BS","030","F990","13","4705"
"17206","PIANCOGNO","LOMBARDIA","BS","0364","G549","14","4709"
"49003","CAMPO NELL'ELBA","TOSCANA","LI","0565","B553","56","4710"
"16101","FONTANELLA","LOMBARDIA","BG","0363","D672","18","4712"
"80029","CONDOFURI","CALABRIA","RC","0965","C954","59","4712"
"111075","SENORBÌ","SARDEGNA","SU","070","I615","34","4713"
"80042","LAUREANA DI BORRELLO","CALABRIA","RC","0966","E479","35","4716"
"2137","SERRAVALLE SESIA","PIEMONTE","VC","0163","I663","20","4717"
"93038","SAN GIORGIO DELLA RICHINVELDA","FRIULI-VENEZIA GIULIA","PN","0427","H891","48","4717"
"16190","SAN PELLEGRINO TERME","LOMBARDIA","BG","0345","I079","23","4719"
"56038","MONTEROSI","LAZIO","VT","0761","F606","11","4729"
"16055","CAROBBIO DEGLI ANGELI","LOMBARDIA","BG","035","B801","7","4730"
"1215","RIVA PRESSO CHIERI","PIEMONTE","TO","011","H337","36","4734"
"17173","SAN ZENO NAVIGLIO","LOMBARDIA","BS","030","I412","6","4735"
"22249","VILLE D'ANAUNIA","TRENTINO-ALTO ADIGE","TN","0463","M363","89","4736"
"33010","CAORSO","EMILIA-ROMAGNA","PC","0523","B643","41","4740"
"79087","NOCERA TERINESE","CALABRIA","CZ","0968","F910","46","4741"
"42001","AGUGLIANO","MARCHE","AN","071","A092","22","4747"
"12030","CANTELLO","LOMBARDIA","VA","0332","B634","9","4750"
"111030","GONNESA","SARDEGNA","SU","0781","E086","47","4751"
"69028","CUPELLO","ABRUZZO","CH","0873","D209","48","4752"
"28096","VEGGIANO","VENETO","PD","049","L710","16","4753"
"64083","SAN MARTINO VALLE CAUDINA","CAMPANIA","AV","0824","I016","23","4753"
"38011","LAGOSANTO","EMILIA-ROMAGNA","FE","0533","E410","34","4760"
"97026","COSTA MASNAGA","LOMBARDIA","LC","031","D112","6","4761"
"108055","RONCELLO","LOMBARDIA","MB","039","H529","3","4762"
"13023","BINAGO","LOMBARDIA","CO","031","A870","7","4765"
"1293","VEROLENGO","PIEMONTE","TO","011","L779","29","4766"
"27041","TORRE DI MOSTO","VENETO","VE","0421","L267","38","4768"
"44054","OFFIDA","MARCHE","AP","0736","G005","49","4770"
"97061","OSNAGO","LOMBARDIA","LC","039","G161","4","4771"
"60079","TORRICE","LAZIO","FR","0775","L290","18","4772"
"81020","SAN VITO LO CAPO","SICILIA","TP","0923","I407","60","4772"
"15183","ROBECCHETTO CON INDUNO","LOMBARDIA","MI","0331","H371","14","4775"
"16176","PRESEZZO","LOMBARDIA","BG","035","H046","2","4775"
"28027","CASALE DI SCODOSIA","VENETO","PD","0429","B877","21","4781"
"68033","POPOLI","ABRUZZO","PE","085","G878","34","4784"
"12035","CARONNO VARESINO","LOMBARDIA","VA","0331","B807","6","4787"
"30090","REANA DEL ROJALE","FRIULI-VENEZIA GIULIA","UD","0432","H206","20","4790"
"34036","SORAGNA","EMILIA-ROMAGNA","PR","0524","I840","45","4790"
"17162","ROCCAFRANCA","LOMBARDIA","BS","030","H410","19","4792"
"48020","GAMBASSI TERME","TOSCANA","FI","0571","D895","83","4792"
"7066","SARRE","VALLE D'AOSTA","AO","0165","I442","28","4793"
"13099","FALOPPIO","LOMBARDIA","CO","031","D482","4","4795"
"76012","BELLA","BASILICATA","PZ","0976","A743","99","4796"
"94002","AGNONE","MOLISE","IS","0865","A080","96","4796"
"75051","MURO LECCESE","PUGLIA","LE","0836","F816","17","4799"
"16011","ARCENE","LOMBARDIA","BG","035","A365","4","4803"
"45009","LICCIANA NARDI","TOSCANA","MS","0187","E574","56","4804"
"102030","RICADI","CALABRIA","VV","0963","H271","22","4805"
"12005","ARSAGO SEPRIO","LOMBARDIA","VA","0331","A441","10","4806"
"37027","GAGGIO MONTANO","EMILIA-ROMAGNA","BO","0534","D847","59","4810"
"53004","CASTEL DEL PIANO","TOSCANA","GR","0564","C085","68","4813"
"61028","CERVINO","CAMPANIA","CE","0823","C558","8","4818"
"103008","BAVENO","PIEMONTE","VB","0323","A725","17","4820"
"55017","MONTECASTRILLI","UMBRIA","TR","0744","F457","62","4821"
"80005","ARDORE","CALABRIA","RC","0964","A385","33","4822"
"13007","ALZATE BRIANZA","LOMBARDIA","CO","031","A249","8","4827"
"58105","TOLFA","LAZIO","RM","0766","L192","168","4828"
"54004","BEVAGNA","UMBRIA","PG","0742","A835","56","4833"
"58098","SANT'ANGELO ROMANO","LAZIO","RM","0774","I284","21","4833"
"55029","SAN GEMINI","UMBRIA","TR","0744","H857","28","4836"
"76044","MARATEA","BASILICATA","PZ","0973","E919","67","4837"
"1240","SAN FRANCESCO AL CAMPO","PIEMONTE","TO","011","H847","15","4839"
"81019","SANTA NINFA","SICILIA","TP","0924","I291","64","4842"
"17134","PARATICO","LOMBARDIA","BS","035","G327","6","4846"
"3154","VARALLO POMBIA","PIEMONTE","NO","0321","L670","14","4847"
"13189","PORLEZZA","LOMBARDIA","CO","0344","G889","19","4847"
"85017","SANTA CATERINA VILLARMOSA","SICILIA","CL","0934","I169","76","4847"
"42015","CORINALDO","MARCHE","AN","071","D007","48","4848"
"77029","TURSI","BASILICATA","MT","0835","L477","156","4849"
"30062","MORTEGLIANO","FRIULI-VENEZIA GIULIA","UD","0432","F756","30","4850"
"80049","MELICUCCO","CALABRIA","RC","0966","F106","6","4851"
"77011","GRASSANO","BASILICATA","MT","0835","E147","41","4865"
"78132","SANTA MARIA DEL CEDRO","CALABRIA","CS","0985","C717","19","4865"
"29048","VILLADOSE","VENETO","RO","0425","L939","33","4867"
"23098","ZIMELLA","VENETO","VR","0442","M178","20","4869"
"21111","VARNA","TRENTINO-ALTO ADIGE","BZ","0472","L687","70","4870"
"41071","SASSOCORVARO AUDITORE","MARCHE","PU","0722","M413","88","4870"
"24073","NOVE","VENETO","VI","0424","F957","8","4871"
"6053","CASTELNUOVO SCRIVIA","PIEMONTE","AL","0131","C243","45","4874"
"1128","LANZO TORINESE","PIEMONTE","TO","0123","E445","10","4878"
"18060","CURA CARPIGNANO","LOMBARDIA","PV","0382","B824","11","4881"
"41020","GRADARA","MARCHE","PU","0541","E122","18","4881"
"66020","CAPISTRELLO","ABRUZZO","AQ","0863","B656","61","4889"
"77028","TRICARICO","BASILICATA","MT","0835","L418","177","4890"
"21061","ORTISEI","TRENTINO-ALTO ADIGE","BZ","0471","G140","24","4891"
"86003","ASSORO","SICILIA","EN","0935","A478","112","4892"
"111057","PORTOSCUSO","SARDEGNA","SU","0781","G922","39","4895"
"80055","OPPIDO MAMERTINA","CALABRIA","RC","0966","G082","59","4897"
"28007","ARZERGRANDE","VENETO","PD","049","A458","14","4899"
"19005","BAGNOLO CREMASCO","LOMBARDIA","CR","0373","A570","10","4900"
"17048","CELLATICA","LOMBARDIA","BS","030","C439","7","4901"
"23087","TREGNAGO","VENETO","VR","045","L364","37","4902"
"24062","MONTECCHIO PRECALCINO","VENETO","VI","0445","F465","14","4903"
"28071","ROVOLON","VENETO","PD","049","H622","28","4906"
"75028","GAGLIANO DEL CAPO","PUGLIA","LE","0833","D851","16","4906"
"23070","SAN GIOVANNI ILARIONE","VENETO","VR","045","H916","25","4911"
"111059","SAMASSI","SARDEGNA","SU","070","H738","42","4911"
"24125","VALBRENTA","VENETO","VI","0424","M423","93","4914"
"65006","AMALFI","CAMPANIA","SA","089","A251","6","4921"
"12078","GORLA MAGGIORE","LOMBARDIA","VA","0331","E101","5","4922"
"15078","CISLIANO","LOMBARDIA","MI","02","C733","15","4929"
"20036","MONZAMBANO","LOMBARDIA","MN","0376","F705","30","4929"
"28073","SACCOLONGO","VENETO","PD","049","H655","14","4930"
"65055","GIFFONI SEI CASALI","CAMPANIA","SA","089","E026","34","4931"
"16111","GAZZANIGA","LOMBARDIA","BG","035","D952","15","4934"
"15200","SANTO STEFANO TICINO","LOMBARDIA","MI","02","I361","5","4938"
"12106","MORNAGO","LOMBARDIA","VA","0331","F736","12","4945"
"26074","SAN POLO DI PIAVE","VENETO","TV","0422","I124","21","4946"
"16212","TELGATE","LOMBARDIA","BG","035","L087","8","4948"
"90063","SANTA TERESA GALLURA","SARDEGNA","SS","0789","I312","101","4951"
"13228","UGGIATE-TREVANO","LOMBARDIA","CO","031","L487","6","4952"
"42008","CASTELBELLINO","MARCHE","AN","0731","C060","6","4956"
"70029","GUGLIONESI","MOLISE","CB","0875","E259","101","4957"
"17080","GOTTOLENGO","LOMBARDIA","BS","030","E116","29","4959"
"102011","FILADELFIA","CALABRIA","VV","0968","D587","30","4960"
"70057","RICCIA","MOLISE","CB","0874","H273","70","4962"
"16172","PONTIROLO NUOVO","LOMBARDIA","BG","0363","G867","11","4969"
"65039","CENTOLA","CAMPANIA","SA","0974","C470","47","4969"
"79060","GIZZERIA","CALABRIA","CZ","0968","E068","36","4971"
"65087","PADULA","CAMPANIA","SA","0975","G226","66","4972"
"82028","CERDA","SICILIA","PA","091","C496","44","4979"
"9022","CELLE LIGURE","LIGURIA","SV","019","C443","10","4982"
"26037","MANSUÈ","VENETO","TV","0422","E893","27","4985"
"75053","NEVIANO","PUGLIA","LE","0836","F881","16","4986"
"13053","CASNATE CON BERNATE","LOMBARDIA","CO","031","B977","5","4990"
"87027","MINEO","SICILIA","CT","0933","F217","245","4991"
"60007","AQUINO","LAZIO","FR","0776","A348","19","4992"
"79012","BOTRICELLO","CALABRIA","CZ","0961","B085","15","4995"
"76053","MURO LUCANO","BASILICATA","PZ","0976","F817","126","4999"
"69008","BUCCHIANICO","ABRUZZO","CH","0871","B238","38","5002"
"97006","BARZANÒ","LOMBARDIA","LC","039","A686","4","5010"
"16034","BOTTANUCO","LOMBARDIA","BG","035","B088","6","5014"
"63092","MASSA DI SOMMA","CAMPANIA","NA","081","M289","3","5019"
"16076","CIVIDATE AL PIANO","LOMBARDIA","BG","0363","C759","10","5029"
"103017","CANNOBIO","PIEMONTE","VB","0323","B615","51","5029"
"13101","FIGINO SERENZA","LOMBARDIA","CO","031","D579","5","5030"
"34019","LESIGNANO DE' BAGNI","EMILIA-ROMAGNA","PR","0521","E547","48","5033"
"12047","CASTRONNO","LOMBARDIA","VA","0332","C343","4","5042"
"1228","ROSTA","PIEMONTE","TO","011","H583","9","5044"
"13252","TREMEZZINA","LOMBARDIA","CO","0344","M341","29","5046"
"16128","LOVERE","LOMBARDIA","BG","035","E704","7","5046"
"78048","DIAMANTE","CALABRIA","CS","0985","D289","12","5049"
"82063","SAN CIPIRELLO","SICILIA","PA","091","H797","21","5050"
"12089","LONATE CEPPINO","LOMBARDIA","VA","0331","E665","5","5052"
"22079","DRO","TRENTINO-ALTO ADIGE","TN","0464","D371","28","5057"
"64059","MONTEMILETTO","CAMPANIA","AV","0825","F566","21","5065"
"97044","LOMAGNA","LOMBARDIA","LC","039","E656","4","5065"
"73006","FRAGAGNANO","PUGLIA","TA","099","D754","22","5066"
"26020","COLLE UMBERTO","VENETO","TV","0438","C848","14","5067"
"1299","VIGONE","PIEMONTE","TO","011","L898","41","5070"
"22009","BASELGA DI PINÈ","TRENTINO-ALTO ADIGE","TN","0461","A694","41","5074"
"22236","ALTOPIANO DELLA VIGOLANA","TRENTINO-ALTO ADIGE","TN","0461","M350","45","5074"
"17114","MONTIRONE","LOMBARDIA","BS","030","F680","10","5077"
"12139","VIGGIÙ","LOMBARDIA","VA","0332","L876","9","5079"
"21038","LAGUNDO","TRENTINO-ALTO ADIGE","BZ","0473","E412","24","5081"
"10007","CAMOGLI","LIGURIA","GE","0185","B490","10","5087"
"28035","CORREZZOLA","VENETO","PD","049","D040","43","5090"
"75089","TUGLIE","PUGLIA","LE","0833","L462","8","5091"
"26073","SAN PIETRO DI FELETTO","VENETO","TV","0438","I103","19","5092"
"15071","CERRO AL LAMBRO","LOMBARDIA","MI","02","C536","10","5093"
"60058","RIPI","LAZIO","FR","0775","H324","31","5093"
"26062","POVEGLIANO","VENETO","TV","0422","G944","13","5097"
"92066","SARROCH","SARDEGNA","CA","070","I443","68","5097"
"87021","LINGUAGLOSSA","SICILIA","CT","095","E602","58","5098"
"108052","CAPONAGO","LOMBARDIA","MB","02","B671","5","5105"
"13012","AROSIO","LOMBARDIA","CO","031","A430","3","5106"
"58063","MONTELIBRETTI","LAZIO","RM","0774","F545","44","5107"
"63013","CAMPOSANO","CAMPANIA","NA","081","B565","3","5111"
"33027","MONTICELLI D'ONGINA","EMILIA-ROMAGNA","PC","0523","F671","46","5118"
"1161","MONTANARO","PIEMONTE","TO","011","F422","21","5119"
"25071","LONGARONE","VENETO","BL","0437","M342","122","5119"
"1101","FAVRIA","PIEMONTE","TO","0124","D520","15","5122"
"56012","CANINO","LAZIO","VT","0761","B604","123","5122"
"93013","CHIONS","FRIULI-VENEZIA GIULIA","PN","0434","C640","33","5126"
"26039","MASER","VENETO","TV","0423","F009","26","5129"
"66025","CARSOLI","ABRUZZO","AQ","0863","B842","95","5130"
"64065","MUGNANO DEL CARDINALE","CAMPANIA","AV","081","F798","12","5132"
"75019","CASTRIGNANO DEL CAPO","PUGLIA","LE","0833","C336","20","5133"
"87010","CALATABIANO","SICILIA","CT","095","B384","26","5133"
"4064","CERVASCA","PIEMONTE","CN","0171","C547","18","5143"
"16114","GORLAGO","LOMBARDIA","BG","035","E100","6","5143"
"41070","TERRE ROVERESCHE","MARCHE","PU","0721","M379","70","5143"
"67021","CORROPOLI","ABRUZZO","TE","0861","D043","22","5145"
"18138","SANNAZZARO DE' BURGONDI","LOMBARDIA","PV","0382","I048","23","5149"
"87012","CAMPOROTONDO ETNEO","SICILIA","CT","095","B561","6","5149"
"23092","VERONELLA","VENETO","VR","0442","D193","21","5150"
"30068","PAGNACCO","FRIULI-VENEZIA GIULIA","UD","0432","G238","15","5152"
"91037","LANUSEI","SARDEGNA","NU","0782","E441","53","5154"
"17070","ESINE","LOMBARDIA","BS","0364","D434","30","5157"
"3025","BORGO TICINO","PIEMONTE","NO","0321","B043","13","5159"
"22248","VALLELAGHI","TRENTINO-ALTO ADIGE","TN","0461","M362","72","5159"
"111042","MURAVERA","SARDEGNA","SU","070","F808","95","5160"
"46011","COREGLIA ANTELMINELLI","TOSCANA","LU","0583","C996","53","5161"
"64034","FORINO","CAMPANIA","AV","0825","D701","20","5162"
"18122","RIVANAZZANO TERME","LOMBARDIA","PV","0383","H336","29","5169"
"21046","MALLES VENOSTA","TRENTINO-ALTO ADIGE","BZ","0473","E862","247","5170"
"86007","CENTURIPE","SICILIA","EN","0935","C471","173","5172"
"52026","RAPOLANO TERME","TOSCANA","SI","0577","H185","83","5174"
"20016","CASTELLUCCHIO","LOMBARDIA","MN","0376","C195","46","5176"
"65097","POLLA","CAMPANIA","SA","0975","G793","47","5177"
"21022","CHIUSA","TRENTINO-ALTO ADIGE","BZ","0472","C652","51","5178"
"13042","CANZO","LOMBARDIA","CO","031","B641","11","5182"
"17147","PONCARALE","LOMBARDIA","BS","030","G818","13","5182"
"26032","GIAVERA DEL MONTELLO","VENETO","TV","0422","E021","20","5185"
"67039","SANT'OMERO","ABRUZZO","TE","0861","I348","34","5185"
"99028","POGGIO TORRIANA","EMILIA-ROMAGNA","RN","0541","M324","35","5186"
"48046","VAGLIA","TOSCANA","FI","055","L529","57","5187"
"69086","SAN VITO CHIETINO","ABRUZZO","CH","0872","I394","17","5189"
"76039","LAGONEGRO","BASILICATA","PZ","0973","E409","112","5192"
"108036","ORNAGO","LOMBARDIA","MB","039","G116","6","5193"
"10006","BUSALLA","LIGURIA","GE","010","B282","17","5194"
"12002","ALBIZZATE","LOMBARDIA","VA","0331","A167","4","5203"
"79029","CHIARAVALLE CENTRALE","CALABRIA","CZ","0967","C616","23","5203"
"16204","SOVERE","LOMBARDIA","BG","035","I873","18","5205"
"74018","TORCHIAROLO","PUGLIA","BR","0831","L213","32","5205"
"12084","ISPRA","LOMBARDIA","VA","0332","E367","16","5208"
"61009","CAIAZZO","CAMPANIA","CE","0823","B362","37","5210"
"51006","CAPOLONA","TOSCANA","AR","0575","B670","47","5211"
"23039","ILLASI","VENETO","VR","045","E284","25","5213"
"71055","STORNARELLA","PUGLIA","FG","0885","I963","34","5220"
"90091","BUDONI","SARDEGNA","SS","0784","B248","56","5221"
"33014","CASTELVETRO PIACENTINO","EMILIA-ROMAGNA","PC","0523","C288","35","5223"
"23037","GAZZO VERONESE","VENETO","VR","0442","D957","57","5226"
"18072","GIUSSAGO","LOMBARDIA","PV","0382","E062","25","5229"
"3166","GATTICO-VERUNO","PIEMONTE","NO","0322","M416","26","5231"
"56060","VITORCHIANO","LAZIO","VT","0761","M086","30","5234"
"16108","GANDINO","LOMBARDIA","BG","035","D905","29","5237"
"30009","BASILIANO","FRIULI-VENEZIA GIULIA","UD","0432","A700","43","5238"
"73014","MARUGGIO","PUGLIA","TA","099","E995","48","5238"
"12085","JERAGO CON ORAGO","LOMBARDIA","VA","0331","E386","4","5241"
"15249","VANZAGHELLO","LOMBARDIA","MI","0331","L664","6","5243"
"28080","SANTA GIUSTINA IN COLLE","VENETO","PD","049","I207","18","7168"
"23006","BARDOLINO","VENETO","VR","045","A650","55","7170"
"20070","VOLTA MANTOVANA","LOMBARDIA","MN","0376","M125","50","7171"
"35029","POVIGLIO","EMILIA-ROMAGNA","RE","0522","G947","44","7176"
"99011","MORCIANO DI ROMAGNA","EMILIA-ROMAGNA","RN","0541","F715","5","7176"
"61089","SPARANISE","CAMPANIA","CE","0823","I885","19","7182"
"66075","PRATOLA PELIGNA","ABRUZZO","AQ","0864","H007","28","7187"
"20061","SERMIDE E FELONICA","LOMBARDIA","MN","0386","I632","57","7195"
"15024","BINASCO","LOMBARDIA","MI","02","A872","4","7199"
"17156","PROVAGLIO D'ISEO","LOMBARDIA","BS","030","H078","16","7202"
"28082","SANT'ANGELO DI PIOVE DI SACCO","VENETO","PD","049","I275","14","7216"
"46013","FORTE DEI MARMI","TOSCANA","LU","0584","D730","9","7217"
"61098","VILLA DI BRIANO","CAMPANIA","CE","081","D801","9","7217"
"40018","LONGIANO","EMILIA-ROMAGNA","FC","0547","E675","24","7219"
"65146","TEGGIANO","CAMPANIA","SA","0975","D292","62","7221"
"58093","SACROFANO","LAZIO","RM","06","H658","29","7231"
"11031","VEZZANO LIGURE","LIGURIA","SP","0187","L819","18","7237"
"83098","TORREGROTTA","SICILIA","ME","090","L271","4","7239"
"39004","BRISIGHELLA","EMILIA-ROMAGNA","RA","0546","B188","194","7244"
"44071","SPINETOLI","MARCHE","AP","0736","I912","12","7248"
"31002","CORMONS","FRIULI-VENEZIA GIULIA","GO","0481","D014","35","7250"
"31023","STARANZANO","FRIULI-VENEZIA GIULIA","GO","0481","I939","19","7266"
"15191","SAN COLOMBANO AL LAMBRO","LOMBARDIA","MI","0371","H803","16","7275"
"79011","BORGIA","CALABRIA","CZ","0961","B002","42","7275"
"12137","VENEGONO SUPERIORE","LOMBARDIA","VA","0331","L734","7","7289"
"9006","ANDORA","LIGURIA","SV","0182","A278","32","7297"
"45007","FIVIZZANO","TOSCANA","MS","0585","D629","181","7300"
"65157","VIETRI SUL MARE","CAMPANIA","SA","089","L860","9","7306"
"26077","SAN ZENONE DEGLI EZZELINI","VENETO","TV","0423","I417","20","7317"
"61017","CARINOLA","CAMPANIA","CE","0823","B781","64","7318"
"12134","VEDANO OLONA","LOMBARDIA","VA","0332","L703","7","7328"
"39009","COTIGNOLA","EMILIA-ROMAGNA","RA","0545","D121","35","7329"
"15179","PREGNANA MILANESE","LOMBARDIA","MI","02","H026","5","7330"
"15210","SETTALA","LOMBARDIA","MI","02","I696","18","7330"
"16143","MOZZO","LOMBARDIA","BG","035","F791","4","7334"
"26056","PEDEROBBA","VENETO","TV","0423","G408","29","7334"
"61002","ALIFE","CAMPANIA","CE","0823","A200","64","7337"
"37056","SANT'AGATA BOLOGNESE","EMILIA-ROMAGNA","BO","051","I191","35","7339"
"1047","CALUSO","PIEMONTE","TO","011","B435","40","7344"
"71059","VICO DEL GARGANO","PUGLIA","FG","0884","L842","111","7350"
"1316","MAPPANO","PIEMONTE","TO","011","M316","10","7354"
"96012","CANDELO","PIEMONTE","BI","015","B586","15","7356"
"23060","POVEGLIANO VERONESE","VENETO","VR","045","G945","19","7358"
"22117","MEZZOLOMBARDO","TRENTINO-ALTO ADIGE","TN","0461","F187","14","7361"
"81014","PANTELLERIA","SICILIA","TP","0923","G315","83","7366"
"108006","BELLUSCO","LOMBARDIA","MB","039","A759","6","7366"
"47005","LAMPORECCHIO","TOSCANA","PT","0573","E432","22","7372"
"30100","SAN GIORGIO DI NOGARO","FRIULI-VENEZIA GIULIA","UD","0431","H895","26","7375"
"43028","MONTECOSARO","MARCHE","MC","0733","F482","22","7384"
"108017","CAVENAGO DI BRIANZA","LOMBARDIA","MB","02","C395","4","7389"
"64057","MONTELLA","CAMPANIA","AV","0827","F546","83","7392"
"87047","SANTA MARIA DI LICODIA","SICILIA","CT","095","I240","26","7395"
"16120","GRUMELLO DEL MONTE","LOMBARDIA","BG","035","E219","10","7396"
"17025","BOVEZZO","LOMBARDIA","BS","030","B102","6","7402"
"108029","MACHERIO","LOMBARDIA","MB","039","E786","3","7412"
"98061","ZELO BUON PERSICO","LOMBARDIA","LO","02","M158","19","7415"
"13035","CABIATE","LOMBARDIA","CO","031","B313","3","7416"
"67011","CASTELLALTO","ABRUZZO","TE","0861","C128","34","7426"
"59029","SONNINO","LAZIO","LT","0773","I832","64","7433"
"11004","BOLANO","LIGURIA","SP","0187","A932","15","7444"
"17045","CASTREZZATO","LOMBARDIA","BS","030","C332","14","7459"
"42050","TRECASTELLI","MARCHE","AN","071","M318","39","7467"
"84012","CASTELTERMINI","SICILIA","AG","0922","C275","104","7473"
"16232","VERDELLINO","LOMBARDIA","BG","035","L752","4","7475"
"24103","SOVIZZO","VENETO","VI","0444","I879","16","7475"
"108046","VEDANO AL LAMBRO","LOMBARDIA","MB","039","L704","2","7490"
"28023","CARMIGNANO DI BRENTA","VENETO","PD","049","B795","15","7494"
"16089","CURNO","LOMBARDIA","BG","035","D221","5","7495"
"78025","CARIATI","CALABRIA","CS","0983","B774","28","7496"
"4012","BARGE","PIEMONTE","CN","0175","A660","82","7497"
"82017","CAMPOFELICE DI ROCCELLA","SICILIA","PA","0921","B532","15","7511"
"108016","CARNATE","LOMBARDIA","MB","039","B798","4","7516"
"17059","COLOGNE","LOMBARDIA","BS","030","C893","14","7517"
"87031","NICOLOSI","SICILIA","CT","095","F890","42","7529"
"95079","BOSA","SARDEGNA","OR","0785","B068","136","7533"
"27039","STRA","VENETO","VE","049","I965","9","7543"
"43031","MONTE SAN GIUSTO","MARCHE","MC","0733","F621","20","7543"
"79127","SELLIA MARINA","CALABRIA","CZ","0961","I590","41","7543"
"64007","AVELLA","CAMPANIA","AV","081","A508","30","7553"
"89018","SOLARINO","SICILIA","SR","0931","I785","13","7556"
"19097","SONCINO","LOMBARDIA","CR","0374","I827","45","7557"
"16016","AZZANO SAN PAOLO","LOMBARDIA","BG","035","A528","4","7567"
"61100","VITULAZIO","CAMPANIA","CE","0823","M092","23","7568"
"70003","BOJANO","MOLISE","CB","0874","A930","50","7569"
"54012","CITTÀ DELLA PIEVE","UMBRIA","PG","0578","C744","111","7571"
"2061","GATTINARA","PIEMONTE","VC","0163","D938","34","7572"
"38029","RIVA DEL PO","EMILIA-ROMAGNA","FE","0532","M410","112","7573"
"52028","SAN GIMIGNANO","TOSCANA","SI","0577","H875","139","7574"
"98032","LODI VECCHIO","LOMBARDIA","LO","0371","E651","16","7589"
"38022","VIGARANO MAINARDA","EMILIA-ROMAGNA","FE","0532","L868","42","7590"
"84036","SAN GIOVANNI GEMINI","SICILIA","AG","0922","H914","26","7590"
"17187","TOSCOLANO-MADERNO","LOMBARDIA","BS","0365","L312","57","7593"
"24070","MUSSOLENTE","VENETO","VI","0424","F829","15","7603"
"84029","RACALMUTO","SICILIA","AG","0922","H148","68","7603"
"30127","TRICESIMO","FRIULI-VENEZIA GIULIA","UD","0432","L421","17","7604"
"37059","VERGATO","EMILIA-ROMAGNA","BO","051","L762","60","7608"
"2049","CRESCENTINO","PIEMONTE","VC","0161","D154","48","7611"
"96077","VIGLIANO BIELLESE","PIEMONTE","BI","015","L880","8","7618"
"10058","SERRA RICCÒ","LIGURIA","GE","010","I640","26","7621"
"103035","GRAVELLONA TOCE","PIEMONTE","VB","0323","E153","15","7621"
"80065","RIZZICONI","CALABRIA","RC","0966","H359","40","7623"
"70010","CAMPOMARINO","MOLISE","CB","0875","B550","76","7629"
"12046","CASTIGLIONE OLONA","LOMBARDIA","VA","0331","C300","7","7635"
"77031","SCANZANO JONICO","BASILICATA","MT","0835","M256","72","7635"
"28046","LOREGGIA","VENETO","PD","049","E684","19","7636"
"33011","CARPANETO PIACENTINO","EMILIA-ROMAGNA","PC","0523","B812","63","7640"
"63003","AGEROLA","CAMPANIA","NA","081","A068","20","7640"
"13010","APPIANO GENTILE","LOMBARDIA","CO","031","A333","13","7652"
"58054","MANZIANA","LAZIO","RM","06","E900","24","7655"
"75055","NOVOLI","PUGLIA","LE","0832","F970","18","7655"
"61067","RECALE","CAMPANIA","CE","0823","H210","3","7657"
"67028","MONTORIO AL VOMANO","ABRUZZO","TE","0861","F690","53","7657"
"26005","BREDA DI PIAVE","VENETO","TV","0422","B128","26","7665"
"62074","TELESE TERME","CAMPANIA","BN","0824","L086","10","7665"
"20033","MARMIROLO","LOMBARDIA","MN","0376","E962","42","7673"
"73020","PALAGIANELLO","PUGLIA","TA","099","G251","43","7679"
"12029","CAIRATE","LOMBARDIA","VA","0331","B368","11","7687"
"34041","TORRILE","EMILIA-ROMAGNA","PR","0521","L299","37","7702"
"24035","COSTABISSARA","VENETO","VI","0444","D107","13","7705"
"47008","MASSA E COZZILE","TOSCANA","PT","0572","F025","16","7707"
"47024","SAN MARCELLO PITEGLIO","TOSCANA","PT","0573","M377","135","7709"
"48032","PELAGO","TOSCANA","FI","055","G420","55","7713"
"64038","GROTTAMINARDA","CAMPANIA","AV","0825","E206","29","7722"
"34049","SISSA TRECASALI","EMILIA-ROMAGNA","PR","0521","M325","72","7729"
"63042","MARIGLIANELLA","CAMPANIA","NA","081","E954","3","7738"
"61062","PORTICO DI CASERTA","CAMPANIA","CE","0823","G903","2","7750"
"63025","CASTELLO DI CISTERNA","CAMPANIA","NA","081","C188","4","7756"
"86001","AGIRA","SICILIA","EN","0935","A070","163","7756"
"93029","PASIANO DI PORDENONE","FRIULI-VENEZIA GIULIA","PN","0434","G353","46","7758"
"108025","LAZZATE","LOMBARDIA","MB","02","E504","5","7763"
"13206","SAN FERMO DELLA BATTAGLIA","LOMBARDIA","CO","031","H840","6","7774"
"87052","VALVERDE","SICILIA","CT","095","L658","6","7775"
"1097","CUMIANA","PIEMONTE","TO","011","D202","61","7787"
"60026","CERVARO","LAZIO","FR","0776","C545","39","7794"
"63019","CASAMICCIOLA TERME","CAMPANIA","NA","081","B924","6","7802"
"24006","ARCUGNANO","VENETO","VI","0444","A377","42","7807"
"82014","CACCAMO","SICILIA","PA","091","B315","188","7827"
"63046","META","CAMPANIA","NA","081","F162","2","7830"
"1168","NONE","PIEMONTE","TO","011","F931","25","7849"
"48008","CAPRAIA E LIMITE","TOSCANA","FI","0571","B684","25","7856"
"43024","MATELICA","MARCHE","MC","0737","F051","81","9364"
"24056","MARANO VICENTINO","VENETO","VI","0445","E912","13","9380"
"1112","GASSINO TORINESE","PIEMONTE","TO","011","D933","20","9389"
"78031","CASTROLIBERO","CALABRIA","CS","0984","C108","11","9398"
"4067","CHERASCO","PIEMONTE","CN","0172","C599","81","9401"
"26066","RESANA","VENETO","TV","0423","H238","25","9407"
"75064","RUFFANO","PUGLIA","LE","0833","H632","39","9411"
"1098","CUORGNÈ","PIEMONTE","TO","0124","D208","19","9413"
"74015","SAN PANCRAZIO SALENTINO","PUGLIA","BR","0831","I066","56","9429"
"17038","CAPRIOLO","LOMBARDIA","BS","030","B711","11","9432"
"75098","PRESICCE-ACQUARICA","PUGLIA","LE","0833","M428","43","9436"
"99017","SAN GIOVANNI IN MARIGNANO","EMILIA-ROMAGNA","RN","0541","H921","21","9441"
"10047","RECCO","LIGURIA","GE","0185","H212","10","9442"
"61020","CASALUCE","CAMPANIA","CE","081","B916","9","9442"
"18069","GARLASCO","LOMBARDIA","PV","0382","D925","39","9443"
"51013","CAVRIGLIA","TOSCANA","AR","055","C407","61","9447"
"3016","BELLINZAGO NOVARESE","PIEMONTE","NO","0321","A752","39","9455"
"65142","SIANO","CAMPANIA","SA","081","I720","8","9464"
"101012","CUTRO","CALABRIA","KR","0962","D236","132","9465"
"111014","DOLIANOVA","SARDEGNA","SU","070","D323","85","9473"
"54017","DERUTA","UMBRIA","PG","075","D279","44","9478"
"78040","CETRARO","CALABRIA","CS","0982","C588","66","9478"
"13227","TURATE","LOMBARDIA","CO","02","L470","10","9481"
"28064","PIOMBINO DESE","VENETO","PD","049","G688","30","9484"
"80007","BAGNARA CALABRA","CALABRIA","RC","0966","A552","25","9534"
"9004","ALBISOLA SUPERIORE","LIGURIA","SV","019","A166","29","9539"
"18024","BRONI","LOMBARDIA","PV","0385","B201","21","9545"
"39006","CASTEL BOLOGNESE","EMILIA-ROMAGNA","RA","0546","C065","32","9549"
"39008","CONSELICE","EMILIA-ROMAGNA","RA","0545","C963","60","9554"
"34042","TRAVERSETOLO","EMILIA-ROMAGNA","PR","0521","L346","55","9556"
"91044","MACOMER","SARDEGNA","NU","0785","E788","123","9567"
"46003","BARGA","TOSCANA","LU","0583","A657","67","9574"
"78017","BISIGNANO","CALABRIA","CS","0984","A887","85","9593"
"26038","MARENO DI PIAVE","VENETO","TV","0438","E940","28","9608"
"78156","CASALI DEL MANCO","CALABRIA","CS","0984","M385","169","9612"
"78047","CROSIA","CALABRIA","CS","0983","D184","21","9621"
"73011","LIZZANO","PUGLIA","TA","099","E630","46","9626"
"35002","BAGNOLO IN PIANO","EMILIA-ROMAGNA","RE","0522","A573","27","9628"
"4028","BOVES","PIEMONTE","CN","0171","B101","51","9636"
"16218","TRESCORE BALNEARIO","LOMBARDIA","BG","035","L388","13","9644"
"11016","LERICI","LIGURIA","SP","0187","E542","16","9648"
"18068","GAMBOLÒ","LOMBARDIA","PV","0381","D901","52","9649"
"72040","SANNICANDRO DI BARI","PUGLIA","BA","080","I053","56","9651"
"1066","CASTELLAMONTE","PIEMONTE","TO","0124","C133","39","9667"
"4179","RACCONIGI","PIEMONTE","CN","0172","H150","48","9729"
"37002","ARGELATO","EMILIA-ROMAGNA","BO","051","A392","35","9741"
"13138","LURATE CACCIVIO","LOMBARDIA","CO","031","E753","6","9742"
"17163","RODENGO SAIANO","LOMBARDIA","BS","030","H477","13","9753"
"38018","POGGIO RENATICO","EMILIA-ROMAGNA","FE","0532","G768","80","9787"
"43012","CINGOLI","MARCHE","MC","0733","C704","148","9797"
"16194","SCANZOROSCIATE","LOMBARDIA","BG","035","I506","11","9801"
"13102","FINO MORNASCO","LOMBARDIA","CO","031","D605","7","9803"
"62058","SAN GIORGIO DEL SANNIO","CAMPANIA","BN","0824","H894","22","9804"
"63009","BOSCOTRECASE","CAMPANIA","NA","081","B077","7","9810"
"51040","CASTELFRANCO PIANDISCÒ","TOSCANA","AR","055","M322","56","9812"
"3043","CASTELLETTO SOPRA TICINO","PIEMONTE","NO","0331","C166","15","9820"
"38028","TERRE DEL RENO","EMILIA-ROMAGNA","FE","0532","M381","51","9826"
"35017","CAVRIAGO","EMILIA-ROMAGNA","RE","0522","C405","17","9828"
"50039","VOLTERRA","TOSCANA","PI","0588","M126","253","9830"
"95065","TERRALBA","SARDEGNA","OR","0783","L122","35","9830"
"67038","SANT'EGIDIO ALLA VIBRATA","ABRUZZO","TE","0861","I318","18","9834"
"11026","SANTO STEFANO DI MAGRA","LIGURIA","SP","0187","I363","14","9836"
"63007","BARANO D'ISCHIA","CAMPANIA","NA","081","A617","11","9845"
"82005","ALTOFONTE","SICILIA","PA","091","A239","35","9849"
"16222","URGNANO","LOMBARDIA","BG","035","L502","14","9854"
"80028","CITTANOVA","CALABRIA","RC","0966","C747","62","9855"
"42027","MONTEMARCIANO","MARCHE","AN","071","F560","22","9896"
"26076","SAN VENDEMIANO","VENETO","TV","0438","I382","18","9897"
"40019","MELDOLA","EMILIA-ROMAGNA","FC","0543","F097","79","9910"
"75011","CAMPI SALENTINA","PUGLIA","LE","0832","B506","45","9910"
"27043","VIGONOVO","VENETO","VE","049","L899","13","9936"
"52034","SOVICILLE","TOSCANA","SI","0577","I877","144","9944"
"75043","MELENDUGNO","PUGLIA","LE","0832","F101","91","9944"
"26064","QUINTO DI TREVISO","VENETO","TV","0422","H131","19","9945"
"51005","BUCINE","TOSCANA","AR","055","B243","131","9947"
"12004","ARCISATE","LOMBARDIA","VA","0332","A371","12","9956"
"22123","MORI","TRENTINO-ALTO ADIGE","TN","0464","F728","35","9974"
"100006","VAIANO","TOSCANA","PO","0574","L537","34","9975"
"59027","SERMONETA","LAZIO","LT","0773","I634","45","9977"
"43033","MORROVALLE","MARCHE","MC","0733","F749","43","9979"
"36028","NOVI DI MODENA","EMILIA-ROMAGNA","MO","059","F966","52","9983"
"80061","POLISTENA","CALABRIA","RC","0966","G791","12","9988"
"13133","LOMAZZO","LOMBARDIA","CO","02","E659","9","9998"
"30121","TOLMEZZO","FRIULI-VENEZIA GIULIA","UD","0433","L195","66","9998"
"58082","RIGNANO FLAMINIO","LAZIO","RM","0761","H288","39","10005"
"20002","ASOLA","LOMBARDIA","MN","0376","A470","74","10009"
"52016","MONTERIGGIONI","TOSCANA","SI","0577","F598","99","10011"
"81015","PARTANNA","SICILIA","TP","0924","G347","82","10021"
"90052","OZIERI","SARDEGNA","SS","079","G203","252","10023"
"61047","MACERATA CAMPANIA","CAMPANIA","CE","0823","E784","8","10026"
"20026","GOITO","LOMBARDIA","MN","0376","E078","79","10028"
"61013","CAPODRISE","CAMPANIA","CE","0823","B667","3","10033"
"99020","VERUCCHIO","EMILIA-ROMAGNA","RN","0541","L797","27","10047"
"45011","MONTIGNOSO","TOSCANA","MS","0585","F679","17","10050"
"29004","BADIA POLESINE","VENETO","RO","0425","A539","44","10053"
"85012","MUSSOMELI","SICILIA","CL","0934","F830","164","10059"
"28034","CONSELVE","VENETO","PD","049","C964","24","10069"
"4034","BUSCA","PIEMONTE","CN","0171","B285","77","10078"
"97046","MANDELLO DEL LARIO","LOMBARDIA","LC","0341","E879","42","10082"
"26093","VOLPAGO DEL MONTELLO","VENETO","TV","0423","M118","45","10083"
"81018","SALEMI","SICILIA","TP","0924","H700","182","10114"
"60035","FIUGGI","LAZIO","FR","0775","A310","33","10119"
"11002","ARCOLA","LIGURIA","SP","0187","A373","16","10125"
"5080","NIZZA MONFERRATO","PIEMONTE","AT","0141","F902","30","10128"
"59025","SAN FELICE CIRCEO","LAZIO","LT","0773","H836","32","10129"
"26087","VALDOBBIADENE","VENETO","TV","0423","L565","61","10140"
"35004","BIBBIANO","EMILIA-ROMAGNA","RE","0522","A850","28","10140"
"36002","BOMPORTO","EMILIA-ROMAGNA","MO","059","A959","39","10142"
"1248","SAN MAURIZIO CANAVESE","PIEMONTE","TO","011","I024","18","10144"
"28075","SAN GIORGIO DELLE PERTICHE","VENETO","PD","049","H893","19","10145"
"8008","BORDIGHERA","LIGURIA","IM","0184","A984","10","10160"
"100004","POGGIO A CAIANO","TOSCANA","PO","055","G754","6","10169"
"25053","SEDICO","VENETO","BL","0437","I563","91","10177"
"67004","ATRI","ABRUZZO","TE","085","A488","92","10179"
"63061","PROCIDA","CAMPANIA","NA","081","H072","4","10183"
"26081","SILEA","VENETO","TV","0422","F116","19","10195"
"1197","POIRINO","PIEMONTE","TO","011","G777","76","10202"
"74019","TORRE SANTA SUSANNA","PUGLIA","BR","0831","L280","55","10206"
"5017","CANELLI","PIEMONTE","AT","0141","B594","24","10212"
"16030","BONATE SOPRA","LOMBARDIA","BG","035","A963","6","10217"
"23094","VIGASIO","VENETO","VR","045","L869","31","10249"
"27011","CONCORDIA SAGITTARIA","VENETO","VE","0421","C950","69","10256"
"58081","RIANO","LAZIO","RM","06","H267","25","10274"
"82073","TRABIA","SICILIA","PA","091","L317","20","10279"
"24048","ISOLA VICENTINA","VENETO","VI","0444","E354","26","10288"
"15125","LOCATE DI TRIULZI","LOMBARDIA","MI","02","E639","12","10290"
"12083","INDUNO OLONA","LOMBARDIA","VA","0332","E299","12","10303"
"23055","OPPEANO","VENETO","VR","045","G080","47","10305"
"9001","ALASSIO","LIGURIA","SV","0182","A122","17","10322"
"87038","RANDAZZO","SICILIA","CT","095","H175","205","10324"
"12050","CISLAGO","LOMBARDIA","VA","02","C732","11","10328"
"96088","VALDILANA","PIEMONTE","BI","015","M417","61","10342"
"59010","ITRI","LAZIO","LT","0771","E375","101","10344"
"65122","SAN MARZANO SUL SARNO","CAMPANIA","SA","081","I019","5","10357"
"35016","CASTELNOVO NE' MONTI","EMILIA-ROMAGNA","RE","0522","C219","97","10360"
"61057","PIEDIMONTE MATESE","CAMPANIA","CE","0823","G596","41","10373"
"72003","ALBEROBELLO","PUGLIA","BA","080","A149","40","10373"
"87037","RAMACCA","SICILIA","CT","095","H168","305","10377"
"16062","CASTELLI CALEPIO","LOMBARDIA","BG","035","C079","10","10394"
"108044","USMATE VELATE","LOMBARDIA","MB","039","L511","10","10425"
"28085","SAONARA","VENETO","PD","049","I418","14","10426"
"62070","SANT'AGATA DE' GOTI","CAMPANIA","BN","0823","I197","63","10426"
"66032","CELANO","ABRUZZO","AQ","0863","C426","92","10431"
"35027","MONTECCHIO EMILIA","EMILIA-ROMAGNA","RE","0522","F463","25","10433"
"69005","ATESSA","ABRUZZO","CH","0872","A485","111","10443"
"59006","CORI","LAZIO","LT","06","D003","86","10482"
"28103","VILLAFRANCA PADOVANA","VENETO","PD","049","L947","24","10491"
"83097","TAORMINA","SICILIA","ME","0942","L042","13","10492"
"17170","SALÒ","LOMBARDIA","BS","0365","H717","30","10494"
"39013","MASSA LOMBARDA","EMILIA-ROMAGNA","RA","0545","F029","37","10501"
"99003","CORIANO","EMILIA-ROMAGNA","RN","0541","D004","47","10503"
"1257","SANTENA","PIEMONTE","TO","011","I327","16","10556"
"64006","ATRIPALDA","CAMPANIA","AV","0825","A489","9","10570"
"84031","RAVANUSA","SICILIA","AG","0922","H194","50","10574"
"82034","CORLEONE","SICILIA","PA","091","D009","229","10580"
"17199","VILLA CARCINA","LOMBARDIA","BS","030","L919","14","10594"
"34018","LANGHIRANO","EMILIA-ROMAGNA","PR","0521","E438","71","10599"
"12130","UBOLDO","LOMBARDIA","VA","02","L480","11","10607"
"1280","TROFARELLO","PIEMONTE","TO","011","L445","12","10611"
"88001","ACATE","SICILIA","RG","0932","A014","101","10620"
"30043","GEMONA DEL FRIULI","FRIULI-VENEZIA GIULIA","UD","0432","D962","56","10634"
"75063","RACALE","PUGLIA","LE","0833","H147","24","10634"
"17117","NAVE","LOMBARDIA","BS","030","F851","27","10640"
"17023","BOTTICINO","LOMBARDIA","BS","030","B091","19","10641"
"26049","MOTTA DI LIVENZA","VENETO","TV","0422","F770","38","10641"
"80050","MELITO DI PORTO SALVO","CALABRIA","RC","0965","F112","35","10650"
"40015","GAMBETTOLA","EMILIA-ROMAGNA","FC","0547","D899","8","10661"
"108053","CORNATE D'ADDA","LOMBARDIA","MB","039","D019","14","10674"
"27003","CAMPOLONGO MAGGIORE","VENETO","VE","049","B546","24","10689"
"37042","MONTE SAN PIETRO","EMILIA-ROMAGNA","BO","051","F627","75","10695"
"58018","CAPENA","LAZIO","RM","06","B649","30","10695"
"85015","RIESI","SICILIA","CL","0934","H281","67","10697"
"34020","MEDESANO","EMILIA-ROMAGNA","PR","0525","F082","89","10703"
"26085","TREVIGNANO","VENETO","TV","0423","L402","27","10704"
"35008","CADELBOSCO DI SOPRA","EMILIA-ROMAGNA","RE","0522","B328","44","10704"
"3032","CAMERI","PIEMONTE","NO","0321","B473","40","10708"
"23038","GREZZANA","VENETO","VR","045","E171","52","10716"
"90035","LA MADDALENA","SARDEGNA","SS","0789","E425","49","10722"
"58026","CAVE","LAZIO","RM","06","C390","18","10728"
"36037","SAN FELICE SUL PANARO","EMILIA-ROMAGNA","MO","0535","H835","52","10741"
"47010","MONTALE","TOSCANA","PT","0573","F410","32","10757"
"111071","SANT'ANTIOCO","SARDEGNA","SU","0781","I294","88","10767"
"45001","AULLA","TOSCANA","MS","0187","A496","60","10781"
"76007","AVIGLIANO","BASILICATA","PZ","0971","A519","85","10796"
"16133","MARTINENGO","LOMBARDIA","BG","0363","E987","22","10798"
"12075","GERENZANO","LOMBARDIA","VA","02","D981","10","10804"
"16220","TREVIOLO","LOMBARDIA","BG","035","L404","8","10819"
"88010","SANTA CROCE CAMERINA","SICILIA","RG","0932","I178","41","10838"
"17046","CAZZAGO SAN MARTINO","LOMBARDIA","BS","030","C408","22","10839"
"9034","LOANO","LIGURIA","SV","019","E632","13","10866"
"48002","BARBERINO DI MUGELLO","TOSCANA","FI","055","A632","134","10870"
"82067","SANTA FLAVIA","SICILIA","PA","091","I188","14","10879"
"23059","PESCHIERA DEL GARDA","VENETO","VR","045","G489","18","10881"
"65132","SAN VALENTINO TORIO","CAMPANIA","SA","081","I377","9","10893"
"81013","PACECO","SICILIA","TP","0923","G208","58","10903"
"82009","BELMONTE MEZZAGNO","SICILIA","PA","091","A764","29","10905"
"68011","CEPAGATTI","ABRUZZO","PE","085","C474","30","10920"
"48011","CERRETO GUIDI","TOSCANA","FI","0571","C529","49","10932"
"65072","MONTECORVINO PUGLIANO","CAMPANIA","SA","089","F480","29","10937"
"26068","RIESE PIO X","VENETO","TV","0423","H280","31","10938"
"60043","ISOLA DEL LIRI","LAZIO","FR","0776","E340","16","10945"
"65090","PELLEZZANO","CAMPANIA","SA","089","G426","14","10959"
"30026","CIVIDALE DEL FRIULI","FRIULI-VENEZIA GIULIA","UD","0432","C758","50","10969"
"91095","TORTOLÌ","SARDEGNA","NU","0782","A355","40","10969"
"6121","OVADA","PIEMONTE","AL","0143","G197","35","10975"
"54044","SAN GIUSTINO","UMBRIA","PG","075","H935","81","10975"
"15062","CASTANO PRIMO","LOMBARDIA","MI","0331","C052","19","10980"
"58015","CAMPAGNANO DI ROMA","LAZIO","RM","06","B496","46","10990"
"17042","CASTEL MELLA","LOMBARDIA","BS","030","C208","7","10999"
"40003","BERTINORO","EMILIA-ROMAGNA","FC","0543","A809","57","11016"
"78138","SCALEA","CALABRIA","CS","0985","I489","22","11017"
"75042","MATINO","PUGLIA","LE","0833","F054","26","11037"
"28063","PIAZZOLA SUL BRENTA","VENETO","PD","049","G587","41","11046"
"94052","VENAFRO","MOLISE","IS","0865","L725","45","11048"
"12120","SESTO CALENDE","LOMBARDIA","VA","0331","I688","24","11055"
"16079","COLOGNO AL SERIO","LOMBARDIA","BG","035","C894","18","11059"
"50022","MONTOPOLI IN VAL D'ARNO","TOSCANA","PI","0571","F686","30","11060"
"87050","TRECASTAGNI","SICILIA","CT","095","L355","19","11073"
"34023","MONTECHIARUGOLO","EMILIA-ROMAGNA","PR","0521","F473","48","11077"
"76095","VENOSA","BASILICATA","PZ","0972","L738","169","11093"
"91085","SINISCOLA","SARDEGNA","NU","0784","I751","200","11136"
"15169","PAULLO","LOMBARDIA","MI","02","G385","9","11147"
"35039","SANT'ILARIO D'ENZA","EMILIA-ROMAGNA","RE","0522","I342","20","11159"
"111034","GUSPINI","SARDEGNA","SU","070","E270","175","11161"
"24021","CAMISANO VICENTINO","VENETO","VI","0444","B485","30","11174"
"85009","MAZZARINO","SICILIA","CL","0934","F065","294","11181"
"72012","BITRITTO","PUGLIA","BA","080","A894","18","11197"
"73022","PULSANO","PUGLIA","TA","099","H090","19","11201"
"97083","VALMADRERA","LOMBARDIA","LC","0341","L634","13","11210"
"10001","ARENZANO","LIGURIA","GE","010","A388","25","11219"
"16144","NEMBRO","LOMBARDIA","BG","035","F864","15","11231"
"26008","CARBONERA","VENETO","TV","0422","B744","20","11238"
"27005","CAORLE","VENETO","VE","0421","B642","151","11242"
"74005","CISTERNINO","PUGLIA","BR","080","C741","54","11252"
"15114","INZAGO","LOMBARDIA","MI","02","E317","12","11255"
"82020","CAPACI","SICILIA","PA","091","B645","6","11283"
"36008","CASTELVETRO DI MODENA","EMILIA-ROMAGNA","MO","059","C287","49","11284"
"38005","CODIGORO","EMILIA-ROMAGNA","FE","0533","C814","170","11297"
"64054","MONTEFORTE IRPINO","CAMPANIA","AV","0825","F506","27","11303"
"9029","FINALE LIGURE","LIGURIA","SV","019","D600","35","11304"
"24036","CREAZZO","VENETO","VI","0444","D136","11","11314"
"108007","BERNAREGGIO","LOMBARDIA","MB","039","A802","6","11321"
"27025","MUSILE DI PIAVE","VENETO","VE","0421","F826","45","11322"
"24018","CALDOGNO","VENETO","VI","0444","B403","16","11328"
"75084","TAURISANO","PUGLIA","LE","0833","L064","23","11328"
"26010","CASIER","VENETO","TV","0422","B965","13","11335"
"28057","MONTEGROTTO TERME","VENETO","PD","049","F529","15","11366"
"110005","MARGHERITA DI SAVOIA","PUGLIA","BT","0883","E946","36","11371"
"17075","GARDONE VAL TROMPIA","LOMBARDIA","BS","030","D918","27","11407"
"81004","CAMPOBELLO DI MAZARA","SICILIA","TP","0924","B521","66","11411"
"18153","STRADELLA","LOMBARDIA","PV","0385","I968","19","11448"
"15170","PERO","LOMBARDIA","MI","02","C013","5","11451"
"26095","ZERO BRANCO","VENETO","TV","0422","M171","26","11457"
"87042","SAN GREGORIO DI CATANIA","SICILIA","CT","095","H940","6","11464"
"89021","PRIOLO GARGALLO","SICILIA","SR","0931","M279","58","11468"
"68027","PENNE","ABRUZZO","PE","085","G438","85","11470"
"12090","LONATE POZZOLO","LOMBARDIA","VA","0331","E666","29","11483"
"38019","PORTOMAGGIORE","EMILIA-ROMAGNA","FE","0532","G916","126","11506"
"28058","NOVENTA PADOVANA","VENETO","PD","049","F962","7","11507"
"29029","LENDINARA","VENETO","RO","0425","E522","55","11517"
"61091","TEANO","CAMPANIA","CE","0823","L083","89","11518"
"17043","CASTENEDOLO","LOMBARDIA","BS","030","C293","26","11530"
"75085","TAVIANO","PUGLIA","LE","0833","L074","21","11531"
"16170","PONTE SAN PIETRO","LOMBARDIA","BG","035","G856","5","11534"
"65056","GIFFONI VALLE PIANA","CAMPANIA","SA","089","E027","88","11560"
"82023","CASTELDACCIA","SICILIA","PA","091","C074","34","11586"
"81022","VALDERICE","SICILIA","TP","0923","G319","53","11587"
"93025","MANIAGO","FRIULI-VENEZIA GIULIA","PN","0427","E889","69","11622"
"39001","ALFONSINE","EMILIA-ROMAGNA","RA","0544","A191","107","11626"
"28054","MESTRINO","VENETO","PD","049","F161","19","11649"
"64049","MERCOGLIANO","CAMPANIA","AV","0825","F141","20","11653"
"71033","MONTE SANT'ANGELO","PUGLIA","FG","0884","F631","243","11654"
"47020","SERRAVALLE PISTOIESE","TOSCANA","PT","0573","I660","42","11664"
"55004","AMELIA","UMBRIA","TR","0744","A262","133","11682"
"63090","SANTA MARIA LA CARITÀ","CAMPANIA","NA","081","M273","4","11685"
"63030","CRISPANO","CAMPANIA","NA","081","D170","2","11705"
"26083","SUSEGANA","VENETO","TV","0438","L014","44","11707"
"27034","SAN MICHELE AL TAGLIAMENTO","VENETO","VE","0431","I040","112","11714"
"24034","CORNEDO VICENTINO","VENETO","VI","0445","D020","24","11728"
"75014","CARMIANO","PUGLIA","LE","0832","B792","24","11733"
"13165","OLGIATE COMASCO","LOMBARDIA","CO","031","G025","11","11735"
"23040","ISOLA DELLA SCALA","VENETO","VR","045","E349","70","11762"
"24108","TORRI DI QUARTESOLO","VENETO","VI","0444","L297","19","11766"
"72010","BITETTO","PUGLIA","BA","080","A892","34","11767"
"1028","BORGARO TORINESE","PIEMONTE","TO","011","A990","11","11773"
"93021","FIUME VENETO","FRIULI-VENEZIA GIULIA","PN","0434","D621","36","11786"
"26057","PIEVE DI SOLIGO","VENETO","TV","0438","G645","19","11805"
"67044","TORTORETO","ABRUZZO","TE","0861","L307","23","11810"
"84023","MENFI","SICILIA","AG","0925","F126","113","11812"
"82031","CINISI","SICILIA","PA","091","C708","33","11827"
"20057","SAN GIORGIO BIGARELLO","LOMBARDIA","MN","0376","H883","52","11830"
"24004","ALTAVILLA VICENTINA","VENETO","VI","0444","A231","17","11844"
"58060","MONTE COMPATRI","LAZIO","RM","06","F477","24","11844"
"51004","BIBBIENA","TOSCANA","AR","0575","A851","86","11846"
"31016","RONCHI DEI LEGIONARI","FRIULI-VENEZIA GIULIA","GO","0481","H531","17","11851"
"15250","BARANZATE","LOMBARDIA","MI","02","A618","3","11866"
"28019","CAMPOSAMPIERO","VENETO","PD","049","B563","21","11874"
"61054","PARETE","CAMPANIA","CE","081","G333","6","11875"
"75038","LIZZANELLO","PUGLIA","LE","0832","E629","25","11889"
"65114","SALA CONSILINA","CAMPANIA","SA","0975","H683","59","11900"
"89010","FRANCOFONTE","SICILIA","SR","095","D768","74","11908"
"49014","PORTOFERRAIO","TOSCANA","LI","0565","G912","48","11914"
"80043","LOCRI","CALABRIA","RC","0964","D976","26","11925"
"50037","VECCHIANO","TOSCANA","PI","050","L702","67","11933"
"93044","SPILIMBERGO","FRIULI-VENEZIA GIULIA","PN","0427","I904","72","11942"
"23077","SANT'AMBROGIO DI VALPOLICELLA","VENETO","VR","045","I259","24","11948"
"63047","MONTE DI PROCIDA","CAMPANIA","NA","081","F488","4","11952"
"48054","BARBERINO TAVARNELLE","TOSCANA","FI","055","M408","123","11953"
"23021","CASTEL D'AZZANO","VENETO","VR","045","C078","10","11970"
"58088","ROCCA PRIORA","LAZIO","RM","06","H432","28","11978"
"15221","TREZZO SULL'ADDA","LOMBARDIA","MI","02","L411","13","11981"
"87030","MOTTA SANT'ANASTASIA","SICILIA","CT","095","F781","36","11987"
"61099","VILLA LITERNO","CAMPANIA","CE","081","L844","62","11989"
"83084","SANT'AGATA DI MILITELLO","SICILIA","ME","0941","I199","34","11989"
"75090","UGENTO","PUGLIA","LE","0833","L484","99","12006"
"43047","SAN SEVERINO MARCHE","MARCHE","MC","0733","I156","194","12009"
"61081","SAN PRISCO","CAMPANIA","CE","0823","I131","8","12043"
"77003","BERNALDA","BASILICATA","MT","0835","A801","127","12050"
"29033","OCCHIOBELLO","VENETO","RO","0425","F994","33","12052"
"27013","ERACLEA","VENETO","VE","0421","D415","95","12060"
"86004","BARRAFRANCA","SICILIA","EN","0934","A676","54","12063"
"53016","MONTE ARGENTARIO","TOSCANA","GR","0564","F437","60","12064"
"48053","SCARPERIA E SAN PIERO","TOSCANA","FI","055","M326","116","12071"
"51039","TERRANUOVA BRACCIOLINI","TOSCANA","AR","055","L123","85","12105"
"64101","SOLOFRA","CAMPANIA","AV","0825","I805","22","12124"
"50040","CASCIANA TERME LARI","TOSCANA","PI","0587","M327","82","12134"
"39016","RUSSI","EMILIA-ROMAGNA","RA","0544","H642","46","12136"
"43042","PORTO RECANATI","MARCHE","MC","071","G919","17","12163"
"76042","LAURIA","BASILICATA","PZ","0973","E483","176","12166"
"63066","SAN GENNARO VESUVIANO","CAMPANIA","NA","081","H860","7","12183"
"40041","SAN MAURO PASCOLI","EMILIA-ROMAGNA","FC","0541","I027","17","12184"
"108009","BIASSONO","LOMBARDIA","MB","039","A849","5","12188"
"52033","SINALUNGA","TOSCANA","SI","0577","A468","79","12195"
"15010","ARLUNO","LOMBARDIA","MI","02","A413","12","12196"
"41069","COLLI AL METAURO","MARCHE","PU","0721","M380","46","12202"
"63012","CALVIZZANO","CAMPANIA","NA","081","B452","4","12204"
"33039","ROTTOFRENO","EMILIA-ROMAGNA","PC","0523","H593","35","12211"
"15139","MEDIGLIA","LOMBARDIA","MI","02","F084","22","12220"
"60044","MONTE SAN GIOVANNI CAMPANO","LAZIO","FR","0775","F620","49","12228"
"14045","MORBEGNO","LOMBARDIA","SO","0342","F712","15","12237"
"2016","BORGOSESIA","PIEMONTE","VC","0163","B041","41","12250"
"17077","GAVARDO","LOMBARDIA","BS","0365","D940","30","12258"
"27028","PIANIGA","VENETO","VE","041","G565","20","12258"
"84030","RAFFADALI","SICILIA","AG","0922","H159","22","12260"
"83041","LIPARI","SICILIA","ME","090","E606","89","12266"
"65073","MONTECORVINO ROVELLA","CAMPANIA","SA","089","F481","42","12279"
"72024","GRUMO APPULA","PUGLIA","BA","080","E223","81","12298"
"1217","RIVAROLO CANAVESE","PIEMONTE","TO","0124","H340","32","12302"
"26082","SPRESIANO","VENETO","TV","0422","I927","26","12313"
"17014","BEDIZZOLE","LOMBARDIA","BS","030","A729","26","12314"
"63027","CICCIANO","CAMPANIA","NA","081","C675","7","12334"
"17125","ORZINUOVI","LOMBARDIA","BS","030","G149","48","12349"
"12067","FAGNANO OLONA","LOMBARDIA","VA","0331","D467","9","12350"
"1013","AVIGLIANA","PIEMONTE","TO","011","A518","23","12351"
"10028","LAVAGNA","LIGURIA","GE","0185","E488","14","12352"
"37001","ANZOLA DELL'EMILIA","EMILIA-ROMAGNA","BO","051","A324","37","12353"
"15204","SEDRIANO","LOMBARDIA","MI","02","I566","8","12403"
"4025","BORGO SAN DALMAZZO","PIEMONTE","CN","0171","B033","22","12439"
"15046","CANEGRATE","LOMBARDIA","MI","0331","B593","5","12466"
"17107","MAZZANO","LOMBARDIA","BS","030","F063","16","12470"
"60056","PONTECORVO","LAZIO","FR","0776","G838","88","12470"
"37030","GRANAROLO DELL'EMILIA","EMILIA-ROMAGNA","BO","051","E136","34","12471"
"82071","TERRASINI","SICILIA","PA","091","L131","19","12483"
"16153","OSIO SOTTO","LOMBARDIA","BG","035","G160","7","12531"
"63053","PIANO DI SORRENTO","CAMPANIA","NA","081","G568","7","12549"
"17009","BAGNOLO MELLA","LOMBARDIA","BS","030","A569","31","12554"
"46028","SERAVEZZA","TOSCANA","LU","0584","I622","39","12556"
"87018","GRAMMICHELE","SICILIA","CT","0933","E133","31","12561"
"21041","LANA","TRENTINO-ALTO ADIGE","BZ","0473","E434","36","12567"
"24029","CHIAMPO","VENETO","VI","0444","C605","23","12574"
"86011","LEONFORTE","SICILIA","EN","0935","E536","84","12583"
"12108","OLGIATE OLONA","LOMBARDIA","VA","0331","G028","7","12585"
"49002","CAMPIGLIA MARITTIMA","TOSCANA","LI","0565","B509","83","12585"
"61043","GRICIGNANO DI AVERSA","CAMPANIA","CE","081","E173","10","12589"
"109018","MONTEGRANARO","MARCHE","FM","0734","F522","31","12613"
"20015","CASTEL GOFFREDO","LOMBARDIA","MN","0376","C118","42","12628"
"67001","ALBA ADRIATICA","ABRUZZO","TE","0861","A125","10","12631"
"76066","RIONERO IN VULTURE","BASILICATA","PZ","0972","H307","53","12652"
"37055","SAN PIETRO IN CASALE","EMILIA-ROMAGNA","BO","051","I110","66","12678"
"71004","APRICENA","PUGLIA","FG","0882","A339","172","12681"
"34051","SORBOLO MEZZANI","EMILIA-ROMAGNA","PR","0521","M411","67","12683"
"9015","CAIRO MONTENOTTE","LIGURIA","SV","019","B369","100","12691"
"9065","VARAZZE","LIGURIA","SV","019","L675","48","12697"
"93022","FONTANAFREDDA","FRIULI-VENEZIA GIULIA","PN","0434","D670","46","12697"
"50004","CALCINAIA","TOSCANA","PI","0587","B392","15","12700"
"75020","CAVALLINO","PUGLIA","LE","0832","C377","22","12766"
"82035","FICARAZZI","SICILIA","PA","091","D567","4","12768"
"83066","PATTI","SICILIA","ME","0941","G377","50","12788"
"26071","SAN BIAGIO DI CALLALTA","VENETO","TV","0422","H781","48","12795"
"27036","SAN STINO DI LIVENZA","VENETO","VE","0421","I373","68","12799"
"24104","TEZZE SUL BRENTA","VENETO","VI","0424","L156","18","12820"
"44045","MONTEPRANDONE","MARCHE","AP","0735","F591","26","12820"
"42022","LORETO","MARCHE","AN","071","E690","18","12825"
"58075","PALOMBARA SABINA","LAZIO","RM","0774","G293","76","12835"
"36045","SPILAMBERTO","EMILIA-ROMAGNA","MO","059","I903","29","12845"
"58050","LANUVIO","LAZIO","RM","06","C767","44","12851"
"27032","SALZANO","VENETO","VE","041","H735","17","12858"
"92105","QUARTUCCIU","SARDEGNA","CA","070","H119","28","12864"
"71047","SAN MARCO IN LAMIS","PUGLIA","FG","0882","H985","233","12901"
"26059","PONZANO VENETO","VENETO","TV","0422","G875","22","12910"
"23076","SAN PIETRO IN CARIANO","VENETO","VR","045","I109","20","12916"
"72047","TURI","PUGLIA","BA","080","L472","71","12919"
"80096","VILLA SAN GIOVANNI","CALABRIA","RC","0965","M018","12","12931"
"28093","TREBASELEGHE","VENETO","PD","049","L349","31","12941"
"86012","NICOSIA","SICILIA","EN","0935","F892","218","12947"
"32003","MUGGIA","FRIULI-VENEZIA GIULIA","TS","040","F795","14","12966"
"17039","CARPENEDOLO","LOMBARDIA","BS","030","B817","30","12968"
"63056","POLLENA TROCCHIA","CAMPANIA","NA","081","G795","8","12968"
"61018","CASAGIOVE","CAMPANIA","CE","0823","B860","6","12983"
"17032","CALCINATO","LOMBARDIA","BS","030","B394","33","13004"
"56036","MONTEFIASCONE","LAZIO","VT","0761","F499","105","13005"
"51012","CASTIGLION FIORENTINO","TOSCANA","AR","0575","C319","113","13012"
"83009","CAPO D'ORLANDO","SICILIA","ME","0941","B666","15","13034"
"28099","VIGODARZERE","VENETO","PD","049","L892","20","13035"
"16038","BREMBATE DI SOPRA","LOMBARDIA","BG","035","B138","4","7862"
"30016","CAMPOFORMIDO","FRIULI-VENEZIA GIULIA","UD","0432","B536","22","7863"
"41065","TAVULLIA","MARCHE","PU","0721","L081","42","7878"
"75068","SAN CESARIO DI LECCE","PUGLIA","LE","0832","H793","8","7880"
"17143","PISOGNE","LOMBARDIA","BS","0364","G710","48","7882"
"92037","MARACALAGONIS","SARDEGNA","CA","070","E903","102","7888"
"75065","SALICE SALENTINO","PUGLIA","LE","0832","H708","59","7889"
"23017","CALDIERO","VENETO","VR","045","B402","10","7892"
"26006","CAERANO DI SAN MARCO","VENETO","TV","0423","B349","12","7899"
"78058","FUSCALDO","CALABRIA","CS","0982","D828","60","7905"
"12109","ORIGGIO","LOMBARDIA","VA","02","G103","8","7909"
"28038","FONTANIVA","VENETO","PD","049","D679","21","7918"
"30099","SAN DANIELE DEL FRIULI","FRIULI-VENEZIA GIULIA","UD","0432","H816","35","7923"
"88002","CHIARAMONTE GULFI","SICILIA","RG","0932","C612","127","7926"
"13245","VILLA GUARDIA","LOMBARDIA","CO","031","L956","8","7933"
"15015","BASIGLIO","LOMBARDIA","MI","02","A699","8","7933"
"13036","CADORAGO","LOMBARDIA","CO","031","B346","7","7957"
"31009","GRADO","FRIULI-VENEZIA GIULIA","GO","0431","E125","114","7959"
"16096","FARA GERA D'ADDA","LOMBARDIA","BG","0363","D490","11","7968"
"97023","COLICO","LOMBARDIA","LC","0341","C839","35","7970"
"13201","ROVELLASCA","LOMBARDIA","CO","02","H601","3","7971"
"109024","MONTE URANO","MARCHE","FM","0734","F653","17","7971"
"41010","CARTOCETO","MARCHE","PU","0721","B846","23","7974"
"60046","PALIANO","LAZIO","FR","0775","G276","70","7975"
"81024","PETROSINO","SICILIA","TP","0923","M281","45","7976"
"61102","CELLOLE","CAMPANIA","CE","0823","M262","35","7985"
"21072","RENON","TRENTINO-ALTO ADIGE","BZ","0471","H236","111","7986"
"33006","BORGONOVO VAL TIDONE","EMILIA-ROMAGNA","PC","0523","B025","52","7989"
"56048","SORIANO NEL CIMINO","LAZIO","VT","0761","I855","79","7992"
"22104","LEVICO TERME","TRENTINO-ALTO ADIGE","TN","0461","E565","63","8003"
"25040","PONTE NELLE ALPI","VENETO","BL","0437","B662","58","8003"
"12098","MARNATE","LOMBARDIA","VA","0331","E965","5","8010"
"16213","TERNO D'ISOLA","LOMBARDIA","BG","035","L118","4","8014"
"23051","MOZZECANE","VENETO","VR","045","F789","25","8027"
"29046","TAGLIO DI PO","VENETO","RO","0426","L026","79","8030"
"19084","RIVOLTA D'ADDA","LOMBARDIA","CR","0363","H357","30","8044"
"27031","QUARTO D'ALTINO","VENETO","VE","0422","H117","28","8046"
"17195","VEROLANUOVA","LOMBARDIA","BS","030","L777","26","8048"
"15151","MOTTA VISCONTI","LOMBARDIA","MI","02","F783","10","8053"
"28045","LIMENA","VENETO","PD","049","E592","15","8055"
"48049","VICCHIO","TOSCANA","FI","055","L838","139","8056"
"73010","LEPORANO","PUGLIA","TA","099","E537","15","8069"
"41007","CAGLI","MARCHE","PU","0721","B352","226","8072"
"5097","SAN DAMIANO D'ASTI","PIEMONTE","AT","0141","H811","48","8076"
"39011","FUSIGNANO","EMILIA-ROMAGNA","RA","0545","D829","25","8082"
"65154","VALLO DELLA LUCANIA","CAMPANIA","SA","0974","L628","25","8089"
"56024","FABRICA DI ROMA","LAZIO","VT","0761","D452","35","8094"
"72044","TORITTO","PUGLIA","BA","080","L220","75","8096"
"16242","VILLONGO","LOMBARDIA","BG","035","M045","6","8103"
"62001","AIROLA","CAMPANIA","BN","0823","A110","14","8105"
"21015","CALDARO SULLA STRADA DEL VINO","TRENTINO-ALTO ADIGE","BZ","0471","B397","48","8113"
"2133","SANTHIÀ","PIEMONTE","VC","0161","I337","53","8122"
"87044","SAN PIETRO CLARENZA","SICILIA","CT","095","I098","6","8123"
"52011","CHIUSI","TOSCANA","SI","0578","C662","58","8124"
"54054","TREVI","UMBRIA","PG","0742","L397","71","8130"
"12079","GORLA MINORE","LOMBARDIA","VA","0331","E102","8","8132"
"24078","PIOVENE ROCCHETTE","VENETO","VI","0445","G694","13","8137"
"77008","FERRANDINA","BASILICATA","MT","0835","D547","216","8137"
"24088","ROSSANO VENETO","VENETO","VI","0424","H580","11","8138"
"16051","CAPRIATE SAN GERVASIO","LOMBARDIA","BG","02","B703","6","8160"
"36010","CONCORDIA SULLA SECCHIA","EMILIA-ROMAGNA","MO","0535","C951","41","8162"
"56052","TUSCANIA","LAZIO","VT","0761","L310","208","8168"
"53015","MASSA MARITTIMA","TOSCANA","GR","0566","F032","284","8169"
"111067","SANLURI","SARDEGNA","SU","070","H974","84","8175"
"9064","VADO LIGURE","LIGURIA","SV","019","L528","23","8180"
"16233","VERDELLO","LOMBARDIA","BG","035","L753","7","8182"
"90033","ITTIRI","SARDEGNA","SS","079","E377","112","8188"
"111062","SAN GAVINO MONREALE","SARDEGNA","SU","070","H856","88","8189"
"15096","CUGGIONO","LOMBARDIA","MI","02","D198","15","8194"
"24091","SANDRIGO","VENETO","VI","0444","H829","28","8194"
"83105","VILLAFRANCA TIRRENA","SICILIA","ME","090","L950","14","8196"
"17204","VOBARNO","LOMBARDIA","BS","0365","M104","53","8199"
"82064","SAN GIUSEPPE JATO","SICILIA","PA","091","H933","29","8208"
"16046","CALUSCO D'ADDA","LOMBARDIA","BG","035","B434","8","8210"
"35037","SAN MARTINO IN RIO","EMILIA-ROMAGNA","RE","0522","I011","23","8219"
"92015","DECIMOMANNU","SARDEGNA","CA","070","D259","28","8222"
"11020","LUNI","LIGURIA","SP","0187","G143","14","8236"
"89015","PALAZZOLO ACREIDE","SICILIA","SR","0931","G267","86","8247"
"82022","CASTELBUONO","SICILIA","PA","0921","C067","61","8256"
"93010","CASARSA DELLA DELIZIA","FRIULI-VENEZIA GIULIA","PN","0434","B940","20","8257"
"53010","GAVORRANO","TOSCANA","GR","0566","D948","164","8264"
"28091","TOMBOLO","VENETO","PD","049","L199","11","8268"
"15201","SAN VITTORE OLONA","LOMBARDIA","MI","0331","I409","3","8274"
"74006","ERCHIE","PUGLIA","BR","0831","D422","44","8276"
"1192","PINO TORINESE","PIEMONTE","TO","011","G678","22","8281"
"26058","PONTE DI PIAVE","VENETO","TV","0422","G846","33","8285"
"16003","ALBANO SANT'ALESSANDRO","LOMBARDIA","BG","035","A129","5","8287"
"91017","DORGALI","SARDEGNA","NU","0784","D345","225","8288"
"41014","FERMIGNANO","MARCHE","PU","0722","D541","43","8290"
"87048","SANTA VENERINA","SICILIA","CT","095","I314","19","8303"
"82004","ALTAVILLA MILICIA","SICILIA","PA","091","A229","24","8307"
"108041","SOVICO","LOMBARDIA","MB","039","I878","3","8307"
"61021","CASAPULLA","CAMPANIA","CE","0823","B935","3","8317"
"11011","CASTELNUOVO MAGRA","LIGURIA","SP","0187","C240","15","8320"
"15176","POGLIANO MILANESE","LOMBARDIA","MI","02","G772","5","8329"
"111065","SAN SPERATE","SARDEGNA","SU","070","I166","26","8330"
"89019","SORTINO","SICILIA","SR","0931","I864","93","8337"
"56045","RONCIGLIONE","LAZIO","VT","0761","H534","52","8343"
"17179","SIRMIONE","LOMBARDIA","BS","030","I633","34","8349"
"17040","CASTEGNATO","LOMBARDIA","BS","030","C055","9","8364"
"17034","CALVISANO","LOMBARDIA","BS","030","B450","45","8369"
"54050","SPELLO","UMBRIA","PG","0742","I888","61","8371"
"32001","DUINO-AURISINA","FRIULI-VENEZIA GIULIA","TS","040","D383","45","8373"
"23053","NOGARA","VENETO","VR","0442","F918","39","8374"
"93051","ZOPPOLA","FRIULI-VENEZIA GIULIA","PN","0434","M190","45","8374"
"12087","LAVENO-MOMBELLO","LOMBARDIA","VA","0332","E496","26","8380"
"15040","BUSSERO","LOMBARDIA","MI","02","B292","5","8380"
"110006","MINERVINO MURGE","PUGLIA","BT","0883","F220","255","8390"
"9049","PIETRA LIGURE","LIGURIA","SV","019","G605","10","8404"
"36042","SERRAMAZZONI","EMILIA-ROMAGNA","MO","0536","F357","93","8404"
"60025","CEPRANO","LAZIO","FR","0775","C479","38","8408"
"35015","CASTELNOVO DI SOTTO","EMILIA-ROMAGNA","RE","0522","C218","35","8415"
"58024","CASTELNUOVO DI PORTO","LAZIO","RM","06","C237","31","8423"
"58068","MORLUPO","LAZIO","RM","06","F734","24","8424"
"60014","BOVILLE ERNICA","LAZIO","FR","0775","A720","28","8425"
"24014","BREGANZE","VENETO","VI","0445","B132","22","8439"
"97036","GALBIATE","LOMBARDIA","LC","0341","D865","16","8443"
"108020","COGLIATE","LOMBARDIA","MB","02","C820","7","8444"
"23027","COLOGNA VENETA","VENETO","VR","0442","C890","43","8452"
"44011","CASTEL DI LAMA","MARCHE","AP","0736","C093","11","8458"
"27014","FIESSO D'ARTICO","VENETO","VE","041","D578","6","8465"
"108026","LESMO","LOMBARDIA","MB","039","E550","5","8465"
"1038","BRUINO","PIEMONTE","TO","011","B216","6","8475"
"37050","SALA BOLOGNESE","EMILIA-ROMAGNA","BO","051","H678","45","8478"
"16037","BREMBATE","LOMBARDIA","BG","035","B137","5","8482"
"93034","PRATA DI PORDENONE","FRIULI-VENEZIA GIULIA","PN","0434","G994","23","8483"
"38027","FISCAGLIA","EMILIA-ROMAGNA","FE","0533","M323","116","8493"
"68030","PIANELLA","ABRUZZO","PE","085","G555","43","8494"
"1315","VOLVERA","PIEMONTE","TO","011","M133","21","8495"
"23018","CAPRINO VERONESE","VENETO","VR","045","B709","47","8502"
"58103","SUBIACO","LAZIO","RM","0774","I992","63","8515"
"35026","LUZZARA","EMILIA-ROMAGNA","RE","0522","E772","39","8520"
"26026","FARRA DI SOLIGO","VENETO","TV","0438","D505","28","8521"
"15113","INVERUNO","LOMBARDIA","MI","02","E313","12","8525"
"16077","CLUSONE","LOMBARDIA","BG","0346","C800","26","8537"
"50038","VICOPISANO","TOSCANA","PI","050","L850","27","8541"
"50001","BIENTINA","TOSCANA","PI","0587","A864","29","8544"
"15178","POZZUOLO MARTESANA","LOMBARDIA","MI","02","G965","12","8547"
"58064","MONTE PORZIO CATONE","LAZIO","RM","06","F590","9","8557"
"61090","SUCCIVO","CAMPANIA","CE","081","I993","7","8575"
"58022","CASTEL GANDOLFO","LAZIO","RM","06","C116","15","8585"
"92090","UTA","SARDEGNA","CA","070","L521","134","8585"
"16245","ZANICA","LOMBARDIA","BG","035","M147","15","8602"
"36003","CAMPOGALLIANO","EMILIA-ROMAGNA","MO","059","B539","35","8605"
"23042","LAVAGNO","VENETO","VR","045","E489","15","8609"
"48036","RIGNANO SULL'ARNO","TOSCANA","FI","055","H286","54","8615"
"69043","GUARDIAGRELE","ABRUZZO","CH","0871","E243","56","8615"
"65031","CASTELLABATE","CAMPANIA","SA","0974","C125","37","8624"
"51025","MONTE SAN SAVINO","TOSCANA","AR","0575","F628","90","8626"
"16214","TORRE BOLDONE","LOMBARDIA","BG","035","L251","3","8631"
"12138","VERGIATE","LOMBARDIA","VA","0331","L765","22","8641"
"63091","TRECASE","CAMPANIA","NA","081","M280","6","8643"
"78150","TREBISACCE","CALABRIA","CS","0981","L353","27","8647"
"108043","TRIUGGIO","LOMBARDIA","MB","0362","L434","8","8649"
"13159","MOZZATE","LOMBARDIA","CO","0331","F788","10","8656"
"63081","STRIANO","CAMPANIA","NA","081","I978","8","8660"
"16246","ZOGNO","LOMBARDIA","BG","0345","M184","35","8668"
"81025","MISILISCEMI","SICILIA","TP","0923","M432","93","8669"
"24110","TRISSINO","VENETO","VI","0445","L433","22","8675"
"97049","MISSAGLIA","LOMBARDIA","LC","039","F248","11","8683"
"63071","SANT'AGNELLO","CAMPANIA","NA","081","I208","4","8685"
"80012","BOVALINO","CALABRIA","RC","0964","B098","18","8689"
"75040","MARTANO","PUGLIA","LE","0836","E979","22","8693"
"111077","SERRAMANNA","SARDEGNA","SU","070","I647","84","8693"
"75059","PARABITA","PUGLIA","LE","0833","G325","21","8694"
"86018","TROINA","SICILIA","EN","0935","L448","167","8699"
"101017","PETILIA POLICASTRO","CALABRIA","KR","0962","G508","96","8700"
"17069","ERBUSCO","LOMBARDIA","BS","030","D421","16","8708"
"75036","LEQUILE","PUGLIA","LE","0832","E538","36","8708"
"19098","SORESINA","LOMBARDIA","CR","0374","I849","29","8711"
"79137","SOVERATO","CALABRIA","CZ","0967","I872","8","8712"
"87053","VIAGRANDE","SICILIA","CT","095","L828","10","8715"
"17056","COCCAGLIO","LOMBARDIA","BS","030","C806","12","8716"
"75026","CUTROFIANO","PUGLIA","LE","0836","D237","56","8723"
"10054","SANTA MARGHERITA LIGURE","LIGURIA","GE","0185","I225","10","8724"
"20053","ROVERBELLA","LOMBARDIA","MN","0376","H604","63","8725"
"65108","ROCCAPIEMONTE","CAMPANIA","SA","081","H431","5","8731"
"10017","COGOLETO","LIGURIA","GE","010","C823","20","8737"
"63070","SAN SEBASTIANO AL VESUVIO","CAMPANIA","NA","081","I151","3","8738"
"35001","ALBINEA","EMILIA-ROMAGNA","RE","0522","A162","44","8743"
"78070","LUZZI","CALABRIA","CS","0984","E773","77","8754"
"53021","ROCCASTRADA","TOSCANA","GR","0564","H449","284","8756"
"20027","GONZAGA","LOMBARDIA","MN","0376","E089","50","8758"
"47003","BUGGIANO","TOSCANA","PT","0572","B251","16","8768"
"56035","MONTALTO DI CASTRO","LAZIO","VT","0766","F419","189","8770"
"1127","LA LOGGIA","PIEMONTE","TO","011","E423","13","8783"
"22001","ALA","TRENTINO-ALTO ADIGE","TN","0464","A116","120","8792"
"47016","PONTE BUGGIANESE","TOSCANA","PT","0572","G833","29","8792"
"49006","CASTAGNETO CARDUCCI","TOSCANA","LI","0565","C044","143","8792"
"12013","BESOZZO","LOMBARDIA","VA","0332","A826","14","8793"
"1034","BRANDIZZO","PIEMONTE","TO","011","B121","6","8798"
"23028","COLOGNOLA AI COLLI","VENETO","VR","045","C897","21","8798"
"18034","CASORATE PRIMO","LOMBARDIA","PV","02","B988","9","8802"
"65130","SANT'EGIDIO DEL MONTE ALBINO","CAMPANIA","SA","081","I317","6","8806"
"51016","CIVITELLA IN VAL DI CHIANA","TOSCANA","AR","0575","C774","100","8808"
"1099","DRUENTO","PIEMONTE","TO","011","D373","28","8822"
"14066","TIRANO","LOMBARDIA","SO","0342","L175","32","8829"
"30116","TARCENTO","FRIULI-VENEZIA GIULIA","UD","0432","L050","35","8830"
"46026","PORCARI","TOSCANA","LU","0583","G882","18","8830"
"15106","GESSATE","LOMBARDIA","MI","02","D995","8","8842"
"95018","CABRAS","SARDEGNA","OR","0783","B314","102","8843"
"93004","AVIANO","FRIULI-VENEZIA GIULIA","PN","0434","A516","114","8854"
"28013","BORGORICCO","VENETO","PD","049","B031","20","8862"
"17072","FLERO","LOMBARDIA","BS","030","D634","10","8871"
"19067","PANDINO","LOMBARDIA","CR","0373","G306","22","8871"
"102027","PIZZO","CALABRIA","VV","0963","G722","22","8882"
"84003","ARAGONA","SICILIA","AG","0922","A351","75","8892"
"28056","MONTAGNANA","VENETO","PD","0429","F394","45","8894"
"64025","CERVINARA","CAMPANIA","AV","0824","C557","29","8903"
"24074","NOVENTA VICENTINA","VENETO","VI","0444","F964","23","8914"
"44020","FOLIGNANO","MARCHE","AP","0736","D652","15","8916"
"75006","ARADEO","PUGLIA","LE","0836","A350","9","8922"
"28089","TEOLO","VENETO","PD","049","L100","31","8941"
"28106","DUE CARRARE","VENETO","PD","049","M300","27","8941"
"37038","MINERBIO","EMILIA-ROMAGNA","BO","051","F219","43","8941"
"73025","SAN MARZANO DI SAN GIUSEPPE","PUGLIA","TA","099","I018","19","8950"
"16086","COSTA VOLPINO","LOMBARDIA","BG","035","D117","19","8953"
"52006","CASTELNUOVO BERARDENGA","TOSCANA","SI","0577","C227","177","8960"
"58102","SEGNI","LAZIO","RM","06","I573","61","8985"
"17085","ISEO","LOMBARDIA","BS","030","E333","26","8994"
"83032","GIARDINI-NAXOS","SICILIA","ME","0942","E014","5","9006"
"34010","COLORNO","EMILIA-ROMAGNA","PR","0521","C904","49","9008"
"16202","SORISOLE","LOMBARDIA","BG","035","I858","12","9012"
"23050","MONTEFORTE D'ALPONE","VENETO","VR","045","F508","20","9019"
"15172","PESSANO CON BORNAGO","LOMBARDIA","MI","02","G502","7","9025"
"42019","FILOTTRANO","MARCHE","AN","071","D597","70","9034"
"61037","FRIGNANO","CAMPANIA","CE","081","D799","10","9034"
"52017","MONTERONI D'ARBIA","TOSCANA","SI","0577","F605","106","9040"
"78015","BELVEDERE MARITTIMO","CALABRIA","CS","0985","A773","37","9045"
"37052","SAN GIORGIO DI PIANO","EMILIA-ROMAGNA","BO","051","H896","30","9048"
"1058","CARIGNANO","PIEMONTE","TO","011","B777","50","9051"
"26003","ASOLO","VENETO","TV","0423","A471","25","9057"
"74020","VILLA CASTELLI","PUGLIA","BR","0831","L920","35","9059"
"15115","LACCHIARELLA","LOMBARDIA","MI","02","E395","24","9060"
"24067","MONTICELLO CONTE OTTO","VENETO","VI","0444","F675","10","9067"
"12072","GAVIRATE","LOMBARDIA","VA","0332","D946","13","9068"
"35032","REGGIOLO","EMILIA-ROMAGNA","RE","0522","H225","43","9072"
"56042","ORTE","LAZIO","VT","0761","G135","70","9081"
"37035","MALALBERGO","EMILIA-ROMAGNA","BO","051","E844","54","9085"
"87016","FIUMEFREDDO DI SICILIA","SICILIA","CT","095","D623","12","9086"
"67030","MOSCIANO SANT'ANGELO","ABRUZZO","TE","085","F764","48","9101"
"22103","LAVIS","TRENTINO-ALTO ADIGE","TN","0461","E500","12","9119"
"26075","SANTA LUCIA DI PIAVE","VENETO","TV","0438","I221","20","9120"
"41015","FOSSOMBRONE","MARCHE","PU","0721","D749","107","9123"
"43054","TREIA","MARCHE","MC","0733","L366","93","9123"
"97057","OGGIONO","LOMBARDIA","LC","0341","G009","8","9128"
"17021","BORGOSATOLLO","LOMBARDIA","BS","030","B040","8","9130"
"33035","PODENZANO","EMILIA-ROMAGNA","PC","0523","G747","45","9138"
"28048","MASERÀ DI PADOVA","VENETO","PD","049","F011","18","9144"
"34013","FELINO","EMILIA-ROMAGNA","PR","0521","D526","38","9151"
"108048","VERANO BRIANZA","LOMBARDIA","MB","0362","L744","3","9164"
"47013","PIEVE A NIEVOLE","TOSCANA","PT","0572","G636","13","9167"
"13118","INVERIGO","LOMBARDIA","CO","031","E309","10","9169"
"26035","ISTRANA","VENETO","TV","0422","E373","26","9181"
"56039","NEPI","LAZIO","VT","0761","F868","84","9185"
"13064","CERMENATE","LOMBARDIA","CO","031","C516","8","9199"
"29039","PORTO TOLLE","VENETO","RO","0426","G923","228","9203"
"26040","MASERADA SUL PIAVE","VENETO","TV","0422","F012","29","9217"
"28044","LEGNARO","VENETO","PD","049","E515","15","9221"
"51018","FOIANO DELLA CHIANA","TOSCANA","AR","0575","D649","41","9224"
"77017","MONTESCAGLIOSO","BASILICATA","MT","0835","F637","173","9224"
"15103","GAGGIANO","LOMBARDIA","MI","02","D845","27","9225"
"15243","VITTUONE","LOMBARDIA","MI","02","M091","6","9244"
"93007","BRUGNERA","FRIULI-VENEZIA GIULIA","PN","0434","B215","29","9258"
"15011","ASSAGO","LOMBARDIA","MI","02","A473","8","9260"
"84010","CAMPOBELLO DI LICATA","SICILIA","AG","0922","B520","80","9260"
"78079","MENDICINO","CALABRIA","CS","0984","F125","35","9267"
"15131","MAGNAGO","LOMBARDIA","MI","0331","E819","11","9268"
"83089","SANTA TERESA DI RIVA","SICILIA","ME","0942","I311","8","9271"
"26036","LORIA","VENETO","TV","0423","E692","23","9272"
"87055","ZAFFERANA ETNEA","SICILIA","CT","095","M139","76","9282"
"36041","SAVIGNANO SUL PANARO","EMILIA-ROMAGNA","MO","059","I473","25","9289"
"40016","GATTEO","EMILIA-ROMAGNA","FC","0541","D935","14","9289"
"19025","CASTELLEONE","LOMBARDIA","CR","0374","C153","45","9292"
"30072","PASIAN DI PRATO","FRIULI-VENEZIA GIULIA","UD","0432","G352","16","9299"
"15237","VIGNATE","LOMBARDIA","MI","02","L883","9","9301"
"61029","CESA","CAMPANIA","CE","081","C561","3","9310"
"15229","VANZAGO","LOMBARDIA","MI","02","L665","6","9318"
"87045","SANT'AGATA LI BATTIATI","SICILIA","CT","095","I202","3","9318"
"15230","VAPRIO D'ADDA","LOMBARDIA","MI","02","L667","7","9349"
"92108","ELMAS","SARDEGNA","CA","070","D399","14","9349"
"17165","RONCADELLE","LOMBARDIA","BS","030","H525","9","9351"
"73002","CAROSINO","PUGLIA","TA","099","B808","11","6677"
"78142","SPEZZANO ALBANESE","CALABRIA","CS","0981","I895","33","6678"
"15194","SAN GIORGIO SU LEGNANO","LOMBARDIA","MI","0331","H884","2","6681"
"17041","CASTELCOVATI","LOMBARDIA","BS","030","C072","6","6683"
"15007","ARCONATE","LOMBARDIA","MI","0331","A375","8","6686"
"75073","SCORRANO","PUGLIA","LE","0836","I549","35","6689"
"8063","VALLECROSIA","LIGURIA","IM","0184","L599","4","6700"
"71010","CARAPELLE","PUGLIA","FG","0885","B724","25","6703"
"71008","CAGNANO VARANO","PUGLIA","FG","0884","B357","159","6711"
"67008","CAMPLI","ABRUZZO","TE","0861","B515","74","6714"
"34006","BORGO VAL DI TARO","EMILIA-ROMAGNA","PR","0525","B042","152","6715"
"46004","BORGO A MOZZANO","TOSCANA","LU","0583","B007","72","6719"
"16193","SARNICO","LOMBARDIA","BG","035","I437","6","6722"
"91055","OLIENA","SARDEGNA","NU","0784","G031","165","6722"
"37036","MARZABOTTO","EMILIA-ROMAGNA","BO","051","B689","75","6731"
"10011","CASARZA LIGURE","LIGURIA","GE","0185","B939","27","6743"
"42030","MONTE SAN VITO","MARCHE","AN","071","F634","22","6744"
"80025","CAULONIA","CALABRIA","RC","0964","C285","101","6749"
"16169","PONTERANICA","LOMBARDIA","BG","035","G853","8","6750"
"108051","BUSNAGO","LOMBARDIA","MB","039","B289","6","6752"
"83033","GIOIOSA MAREA","SICILIA","ME","0941","E043","26","6757"
"15184","ROBECCO SUL NAVIGLIO","LOMBARDIA","MI","02","H373","20","6758"
"4040","CARAGLIO","PIEMONTE","CN","0171","B719","42","6763"
"83077","SAN FILIPPO DEL MELA","SICILIA","ME","090","H842","10","6764"
"12068","FERNO","LOMBARDIA","VA","0331","D543","9","6765"
"61032","CURTI","CAMPANIA","CE","0823","D228","2","6766"
"1166","NOLE","PIEMONTE","TO","011","F925","11","6770"
"2148","TRINO","PIEMONTE","VC","0161","L429","71","6771"
"75044","MELISSANO","PUGLIA","LE","0833","F109","12","6772"
"20055","SAN BENEDETTO PO","LOMBARDIA","MN","0376","H771","70","6774"
"92075","SETTIMO SAN PIETRO","SARDEGNA","CA","070","I699","23","6776"
"22230","PREDAIA","TRENTINO-ALTO ADIGE","TN","0463","M344","80","6778"
"68022","MANOPPELLO","ABRUZZO","PE","085","E892","38","6784"
"75093","VERNOLE","PUGLIA","LE","0832","L776","61","6784"
"61042","GRAZZANISE","CAMPANIA","CE","0823","E158","47","6785"
"64099","SERINO","CAMPANIA","AV","0825","I630","52","6789"
"87025","MILITELLO IN VAL DI CATANIA","SICILIA","CT","095","F209","62","6792"
"24122","ZUGLIANO","VENETO","VI","0445","M199","14","6794"
"75010","CALIMERA","PUGLIA","LE","0832","B413","11","6794"
"18035","CASSOLNOVO","LOMBARDIA","PV","0381","C038","32","6796"
"91063","OROSEI","SARDEGNA","NU","0784","G119","90","6798"
"80039","GIOIOSA IONICA","CALABRIA","RC","0964","E044","36","6799"
"71058","TROIA","PUGLIA","FG","0881","L447","167","6804"
"52009","CHIANCIANO TERME","TOSCANA","SI","0578","C608","37","6813"
"59026","SANTI COSMA E DAMIANO","LAZIO","LT","0771","I339","32","6813"
"78104","ROGGIANO GRAVINA","CALABRIA","CS","0984","H488","45","6813"
"61103","CASAPESENNA","CAMPANIA","CE","081","M260","3","6816"
"40020","MERCATO SARACENO","EMILIA-ROMAGNA","FC","0547","F139","100","6821"
"34007","BUSSETO","EMILIA-ROMAGNA","PR","0524","B293","76","6827"
"76062","PIGNOLA","BASILICATA","PZ","0971","G663","56","6830"
"86016","REGALBUTO","SICILIA","EN","0935","H221","169","6830"
"37062","ALTO RENO TERME","EMILIA-ROMAGNA","BO","0534","M369","77","6835"
"17155","PREVALLE","LOMBARDIA","BS","030","H055","10","6838"
"16132","MAPELLO","LOMBARDIA","BG","035","E901","9","6841"
"99029","MONTESCUDO - MONTE COLOMBO","EMILIA-ROMAGNA","RN","0541","M368","32","6842"
"20052","RONCOFERRARO","LOMBARDIA","MN","0376","H541","63","6843"
"28087","SOLESINO","VENETO","PD","0429","I799","10","6843"
"67006","BELLANTE","ABRUZZO","TE","0861","A746","50","6852"
"19102","SPINO D'ADDA","LOMBARDIA","CR","0373","I914","20","6855"
"64050","MIRABELLA ECLANO","CAMPANIA","AV","0825","F230","34","6856"
"26088","VAZZOLA","VENETO","TV","0438","L700","26","6858"
"65021","CAMEROTA","CAMPANIA","SA","0974","B476","71","6859"
"15247","ZIBIDO SAN GIACOMO","LOMBARDIA","MI","02","M176","25","6867"
"30049","LIGNANO SABBIADORO","FRIULI-VENEZIA GIULIA","UD","0431","E584","16","6870"
"17150","PONTOGLIO","LOMBARDIA","BS","030","G869","11","6872"
"77016","MONTALBANO JONICO","BASILICATA","MT","0835","F399","133","6874"
"26072","SAN FIOR","VENETO","TV","0438","H843","18","6875"
"42044","SASSOFERRATO","MARCHE","AN","0732","I461","135","6876"
"4061","CENTALLO","PIEMONTE","CN","0171","C466","43","6877"
"38030","TRESIGNANA","EMILIA-ROMAGNA","FE","0533","M409","43","6883"
"41066","URBANIA","MARCHE","PU","0722","L498","78","6886"
"14037","LIVIGNO","LOMBARDIA","SO","0342","E621","211","6887"
"30079","POZZUOLO DEL FRIULI","FRIULI-VENEZIA GIULIA","UD","0432","G966","34","6893"
"30057","MARTIGNACCO","FRIULI-VENEZIA GIULIA","UD","0432","E982","27","6898"
"60010","ARPINO","LAZIO","FR","0776","A433","56","6898"
"26022","CORDIGNANO","VENETO","TV","0438","C992","26","6899"
"23043","LAZISE","VENETO","VR","045","E502","65","6901"
"65005","ALTAVILLA SILENTINA","CAMPANIA","SA","0828","A230","52","6907"
"65106","ROCCADASPIDE","CAMPANIA","SA","0828","H394","64","6910"
"108005","BARLASSINA","LOMBARDIA","MB","0362","A668","3","6912"
"20039","PEGOGNAGA","LOMBARDIA","MN","0376","G417","47","6921"
"2156","VARALLO","PIEMONTE","VC","0163","L669","103","6931"
"17136","PASSIRANO","LOMBARDIA","BS","030","G361","14","6933"
"41036","MONTELABBATE","MARCHE","PU","0721","F533","20","6933"
"52002","ASCIANO","TOSCANA","SI","0577","A461","216","6933"
"9052","QUILIANO","LIGURIA","SV","019","H126","49","6934"
"63014","CAPRI","CAMPANIA","NA","081","B696","4","6937"
"63004","ANACAPRI","CAMPANIA","NA","081","A268","6","6940"
"45014","PONTREMOLI","TOSCANA","MS","0187","G870","183","6950"
"21115","VIPITENO","TRENTINO-ALTO ADIGE","BZ","0472","M067","33","6959"
"36009","CAVEZZO","EMILIA-ROMAGNA","MO","0535","C398","27","6960"
"43026","MONTECASSIANO","MARCHE","MC","0733","F454","33","6961"
"63028","CIMITILE","CAMPANIA","NA","081","C697","3","6970"
"4082","DRONERO","PIEMONTE","CN","0171","D372","59","6981"
"97059","OLGINATE","LOMBARDIA","LC","0341","G030","8","6983"
"22022","BORGO VALSUGANA","TRENTINO-ALTO ADIGE","TN","0461","B006","52","6984"
"27027","NOVENTA DI PIAVE","VENETO","VE","0421","F963","18","6997"
"90067","SENNORI","SARDEGNA","SS","079","I614","31","7001"
"17149","PONTEVICO","LOMBARDIA","BS","030","G859","29","7002"
"33038","RIVERGARO","EMILIA-ROMAGNA","PC","0523","H350","44","7012"
"34015","FONTANELLATO","EMILIA-ROMAGNA","PR","0521","D673","54","7013"
"60060","ROCCASECCA","LAZIO","FR","0776","H443","43","7016"
"82043","ISOLA DELLE FEMMINE","SICILIA","PA","091","E350","4","7026"
"28107","BORGO VENETO","VENETO","PD","0429","M402","39","7045"
"27017","FOSSÒ","VENETO","VE","041","D748","10","7053"
"21019","CASTELROTTO","TRENTINO-ALTO ADIGE","BZ","0471","C254","118","7057"
"78123","SAN MARCO ARGENTANO","CALABRIA","CS","0984","H981","78","7063"
"92050","PULA","SARDEGNA","CA","070","H088","139","7064"
"99023","NOVAFELTRIA","EMILIA-ROMAGNA","RN","0541","F137","42","7064"
"82013","BORGETTO","SICILIA","PA","091","A991","26","7069"
"17062","CORTE FRANCA","LOMBARDIA","BS","030","D058","14","7070"
"37003","BARICELLA","EMILIA-ROMAGNA","BO","051","A665","46","7074"
"52035","TORRITA DI SIENA","TOSCANA","SI","0577","L303","58","7078"
"26001","ALTIVOLE","VENETO","TV","0423","A237","22","7084"
"15226","TURBIGO","LOMBARDIA","MI","0331","L471","8","7092"
"58056","MARCELLINA","LAZIO","RM","0774","E924","15","7095"
"1139","LUSERNA SAN GIOVANNI","PIEMONTE","TO","0121","E758","18","7096"
"23016","BUTTAPIETRA","VENETO","VR","045","B304","17","7103"
"28036","CURTAROLO","VENETO","PD","049","D226","15","7103"
"53014","MANCIANO","TOSCANA","GR","0564","E875","372","7105"
"84026","NARO","SICILIA","AG","0922","F845","208","7110"
"15044","CAMBIAGO","LOMBARDIA","MI","02","B461","7","7113"
"26013","CASTELLO DI GODEGO","VENETO","TV","0423","C190","18","7123"
"61016","CARINARO","CAMPANIA","CE","081","B779","6","7126"
"28039","GALLIERA VENETA","VENETO","PD","049","D879","9","7127"
"21086","SARENTINO","TRENTINO-ALTO ADIGE","BZ","0471","I431","302","7128"
"17002","ADRO","LOMBARDIA","BS","030","A060","14","7131"
"37048","PIEVE DI CENTO","EMILIA-ROMAGNA","BO","051","G643","16","7132"
"58023","CASTEL MADAMA","LAZIO","RM","0774","C203","28","7133"
"53006","CASTIGLIONE DELLA PESCAIA","TOSCANA","GR","0564","C310","209","7134"
"23081","SOAVE","VENETO","VR","045","I775","23","7143"
"14018","CHIAVENNA","LOMBARDIA","SO","0343","C623","11","7144"
"28015","BRUGINE","VENETO","PD","049","B213","20","7154"
"22062","CLES","TRENTINO-ALTO ADIGE","TN","0463","C794","39","7155"
"27002","CAMPAGNA LUPIA","VENETO","VE","041","B493","88","7157"
"42006","CAMERANO","MARCHE","AN","071","B468","20","7160"
"76089","TITO","BASILICATA","PZ","0971","L181","71","7162"
"86019","VALGUARNERA CAROPEPE","SICILIA","EN","0935","L583","9","7163"
"68021","LORETO APRUTINO","ABRUZZO","PE","085","E691","53","7164"
"48037","RUFINA","TOSCANA","FI","055","H635","46","7165"
"83106","TERME VIGLIATORE","SICILIA","ME","090","M210","13","7165"
"108028","LISSONE","LOMBARDIA","MB","039","E617","9","46147"
"1265","SETTIMO TORINESE","PIEMONTE","TO","011","I703","32","46348"
"46007","CAPANNORI","TOSCANA","LU","0583","B648","157","46389"
"1164","NICHELINO","PIEMONTE","TO","011","F889","21","46512"
"44007","ASCOLI PICENO","MARCHE","AP","0736","A462","161","46554"
"44066","SAN BENEDETTO DEL TRONTO","MARCHE","AP","0735","H769","25","46976"
"15081","COLOGNO MONZESE","LOMBARDIA","MI","02","C895","9","47208"
"72020","CORATO","PUGLIA","BA","080","C983","168","47316"
"15166","PADERNO DUGNANO","LOMBARDIA","MI","02","G220","14","47380"
"73013","MARTINA FRANCA","PUGLIA","TA","080","E986","295","47380"
"97042","LECCO","LOMBARDIA","LC","0341","E507","46","47454"
"63017","CASALNUOVO DI NAPOLI","CAMPANIA","NA","081","B905","8","47489"
"70006","CAMPOBASSO","MOLISE","CB","0874","B519","56","47535"
"1219","RIVOLI","PIEMONTE","TO","011","H355","30","47807"
"48006","CAMPI BISENZIO","TOSCANA","FI","055","B507","29","47871"
"72030","MONOPOLI","PUGLIA","BA","080","F376","156","48007"
"27008","CHIOGGIA","VENETO","VE","041","C638","185","48223"
"58072","NETTUNO","LAZIO","RM","06","F880","72","48500"
"65137","SCAFATI","CAMPANIA","SA","081","I483","20","48612"
"58117","ARDEA","LAZIO","RM","06","M213","51","48667"
"48014","EMPOLI","TOSCANA","FI","0571","D403","62","48674"
"1090","COLLEGNO","PIEMONTE","TO","011","C860","18","48747"
"20030","MANTOVA","LOMBARDIA","MN","0376","E897","64","48755"
"87029","MISTERBIANCO","SICILIA","CT","095","F250","38","48943"
"69022","CHIETI","ABRUZZO","CH","0871","C632","59","49139"
"48043","SESTO FIORENTINO","TOSCANA","FI","055","I684","49","49315"
"65014","BATTIPAGLIA","CAMPANIA","SA","0828","A717","56","49805"
"71051","SAN SEVERO","PUGLIA","FG","0882","I158","333","50284"
"81012","MAZARA DEL VALLO","SICILIA","TP","0923","F061","276","50334"
"48041","SCANDICCI","TOSCANA","FI","055","B962","60","50460"
"29041","ROVIGO","VENETO","RO","0425","H620","109","50535"
"63064","ERCOLANO","CAMPANIA","NA","081","H243","20","50617"
"87004","ACIREALE","SICILIA","CT","095","A028","40","50627"
"61005","AVERSA","CAMPANIA","CE","081","A512","9","50640"
"15182","RHO","LOMBARDIA","MI","02","H264","22","50742"
"65037","CAVA DE' TIRRENI","CAMPANIA","SA","089","C361","36","51257"
"93033","PORDENONE","FRIULI-VENEZIA GIULIA","PN","0434","G888","38","51403"
"58032","CIVITAVECCHIA","LAZIO","RM","0766","C773","72","52069"
"58111","VELLETRI","LAZIO","RM","06","L719","130","52312"
"67041","TERAMO","ABRUZZO","TE","0861","L103","152","52476"
"63059","PORTICI","CAMPANIA","NA","081","G902","5","52721"
"12070","GALLARATE","LOMBARDIA","VA","0331","D869","21","52787"
"64008","AVELLINO","CAMPANIA","AV","0825","A509","30","52819"
"82006","BAGHERIA","SICILIA","PA","091","A546","30","53025"
"68024","MONTESILVANO","ABRUZZO","PE","085","F646","24","53344"
"88006","MODICA","SICILIA","RG","0932","F258","291","53370"
"8055","SANREMO","LIGURIA","IM","0184","I138","55","53451"
"72011","BITONTO","PUGLIA","BA","080","A893","173","53457"
"110003","BISCEGLIE","PUGLIA","BT","080","A883","68","53934"
"52032","SIENA","TOSCANA","SI","0577","I726","119","54123"
"71029","MANFREDONIA","PUGLIA","FG","0884","E885","352","54643"
"110009","TRANI","PUGLIA","BT","0883","L328","102","54848"
"58104","TIVOLI","LAZIO","RM","0774","L182","68","55150"
"4078","CUNEO","PIEMONTE","CN","0171","D205","120","55822"
"54018","FOLIGNO","UMBRIA","PG","0742","D653","264","55831"
"84001","AGRIGENTO","SICILIA","AG","0922","A089","246","55872"
"1156","MONCALIERI","PIEMONTE","TO","011","F335","48","56319"
"71020","CERIGNOLA","PUGLIA","FG","0885","C514","594","57223"
"62008","BENEVENTO","CAMPANIA","BN","0824","A783","130","57500"
"63041","MARANO DI NAPOLI","CAMPANIA","NA","081","E906","15","57700"
"58007","ANZIO","LAZIO","RM","06","A323","43","57838"
"72029","MOLFETTA","PUGLIA","BA","080","F284","58","57891"
"63001","ACERRA","CAMPANIA","NA","081","A024","54","58334"
"9056","SAVONA","LIGURIA","SV","019","I480","66","58949"
"39010","FAENZA","EMILIA-ROMAGNA","RA","0546","D458","216","59063"
"77014","MATERA","BASILICATA","MT","0835","F052","388","59794"
"15118","LEGNANO","LOMBARDIA","MI","0331","E514","18","59855"
"85004","CALTANISSETTA","SICILIA","CL","0934","B429","417","59864"
"90047","OLBIA","SARDEGNA","SS","0789","G015","376","59948"
"101010","CROTONE","CALABRIA","KR","0962","D122","180","60123"
"41013","FANO","MARCHE","PU","0721","D488","121","60136"
"45003","CARRARA","TOSCANA","MS","0585","B832","71","60833"
"46033","VIAREGGIO","TOSCANA","LU","0584","L833","32","61251"
"63002","AFRAGOLA","CAMPANIA","NA","081","A064","18","61861"
"88012","VITTORIA","SICILIA","RG","0932","M088","181","62051"
"18177","VIGEVANO","LOMBARDIA","PV","0381","L872","82","62340"
"63024","CASTELLAMMARE DI STABIA","CAMPANIA","NA","081","C129","18","63694"
"58079","POMEZIA","LAZIO","RM","06","G811","111","63767"
"78045","COSENZA","CALABRIA","CS","0984","D086","37","64070"
"81021","TRAPANI","SICILIA","TP","0923","L331","272","65378"
"76063","POTENZA","BASILICATA","PZ","0971","G942","174","65420"
"56059","VITERBO","LAZIO","VT","0761","M082","406","66113"
"45010","MASSA","TOSCANA","MS","0585","F023","94","66977"
"79160","LAMEZIA TERME","CALABRIA","CZ","0968","M208","160","67569"
"92051","QUARTU SANT'ELENA","SARDEGNA","CA","070","H118","96","68640"
"66049","L'AQUILA","ABRUZZO","AQ","0862","A345","467","69349"
"37032","IMOLA","EMILIA-ROMAGNA","BO","0542","E289","205","69855"
"72004","ALTAMURA","PUGLIA","BA","080","A225","428","69911"
"18110","PAVIA","LOMBARDIA","PV","0382","G388","63","71122"
"19036","CREMONA","LOMBARDIA","CR","0372","D150","70","71223"
"36005","CARPI","EMILIA-ROMAGNA","MO","059","B819","131","71730"
"85007","GELA","SICILIA","CL","0933","D960","277","72491"
"88009","RAGUSA","SICILIA","RG","0932","H163","442","72579"
"61022","CASERTA","CAMPANIA","CE","0823","B963","54","72813"
"59001","APRILIA","LAZIO","LT","06","A341","178","73429"
"5005","ASTI","PIEMONTE","AT","0141","A479","152","74065"
"63023","CASORIA","CAMPANIA","NA","081","B990","12","74115"
"78157","CORIGLIANO-ROSSANO","CALABRIA","CS","0983","M403","347","74129"
"15077","CINISELLO BALSAMO","LOMBARDIA","MI","02","C707","13","74636"
"63060","POZZUOLI","CAMPANIA","NA","081","G964","43","77090"
"12133","VARESE","LOMBARDIA","VA","0332","L682","55","79350"
"58120","FIUMICINO","LAZIO","RM","06","M297","213","79995"
"15209","SESTO SAN GIOVANNI","LOMBARDIA","MI","02","I690","12","80203"
"81011","MARSALA","SICILIA","TP","0923","E974","242","80661"
"53011","GROSSETO","TOSCANA","GR","0564","E202","474","81643"
"63084","TORRE DEL GRECO","CAMPANIA","NA","081","L259","31","81655"
"12026","BUSTO ARSIZIO","LOMBARDIA","VA","0331","B300","30","83045"
"74001","BRINDISI","PUGLIA","BR","0831","B180","328","83690"
"13075","COMO","LOMBARDIA","CO","031","C933","37","84250"
"26086","TREVISO","VENETO","TV","0422","L407","56","84837"
"79023","CATANZARO","CALABRIA","CZ","0961","C352","111","86183"
"58047","GUIDONIA MONTECELIO","LAZIO","RM","0774","E263","79","87875"
"46017","LUCCA","TOSCANA","LU","0583","E715","186","89378"
"47014","PISTOIA","TOSCANA","PT","0573","G713","237","89729"
"50026","PISA","TOSCANA","PI","050","G702","185","89969"
"6003","ALESSANDRIA","PIEMONTE","AL","0131","A182","204","91089"
"11015","LA SPEZIA","LIGURIA","SP","0187","E463","52","92441"
"110002","BARLETTA","PUGLIA","BT","0883","A669","147","92787"
"75035","LECCE","PUGLIA","LE","0832","E506","238","95037"
"41044","PESARO","MARCHE","PU","0721","G479","127","95950"
"40007","CESENA","EMILIA-ROMAGNA","FC","0547","C573","249","96520"
"51002","AREZZO","TOSCANA","AR","0575","A390","386","97373"
"110001","ANDRIA","PUGLIA","BT","0883","A285","408","97489"
"30129","UDINE","FRIULI-VENEZIA GIULIA","UD","0432","L483","57","98156"
"42002","ANCONA","MARCHE","AN","071","A271","124","99273"
"3106","NOVARA","PIEMONTE","NO","0321","F952","103","102225"
"33032","PIACENZA","EMILIA-ROMAGNA","PC","0523","G535","118","102731"
"21008","BOLZANO","TRENTINO-ALTO ADIGE","BZ","0471","A952","52","107467"
"55032","TERNI","UMBRIA","TR","0744","L117","212","107982"
"24116","VICENZA","VENETO","VI","0444","L840","81","111113"
"89017","SIRACUSA","SICILIA","SR","0931","I754","204","117053"
"40012","FORLÌ","EMILIA-ROMAGNA","FC","0543","D704","228","117407"
"68028","PESCARA","ABRUZZO","PE","085","G482","33","118766"
"22205","TRENTO","TRENTINO-ALTO ADIGE","TN","0461","L378","158","118879"
"16024","BERGAMO","LOMBARDIA","BG","035","A794","40","119993"
"63034","GIUGLIANO IN CAMPANIA","CAMPANIA","NA","081","E054","94","122364"
"90064","SASSARI","SARDEGNA","SS","079","I452","546","122506"
"108033","MONZA","LOMBARDIA","MB","039","F704","33","122522"
"59011","LATINA","LAZIO","LT","0773","E472","278","127560"
"65116","SALERNO","CAMPANIA","SA","089","H703","59","129206"
"38008","FERRARA","EMILIA-ROMAGNA","FE","0532","D548","404","131669"
"71024","FOGGIA","PUGLIA","FG","0881","D643","508","147467"
"92009","CAGLIARI","SARDEGNA","CA","070","B354","86","149572"
"99014","RIMINI","EMILIA-ROMAGNA","RN","0541","H294","134","150240"
"49009","LIVORNO","TOSCANA","LI","0586","E625","104","155370"
"39014","RAVENNA","EMILIA-ROMAGNA","RA","0544","H199","653","156463"
"54039","PERUGIA","UMBRIA","PG","075","G478","450","164721"
"35033","REGGIO NELL'EMILIA","EMILIA-ROMAGNA","RE","0522","H223","232","170601"
"80063","REGGIO DI CALABRIA","CALABRIA","RC","0965","H224","236","173026"
"36023","MODENA","EMILIA-ROMAGNA","MO","059","F257","183","186414"
"73027","TARANTO","PUGLIA","TA","099","L049","210","190717"
"34027","PARMA","EMILIA-ROMAGNA","PR","0521","G337","261","195998"
"17029","BRESCIA","LOMBARDIA","BS","030","B157","91","197304"
"32006","TRIESTE","FRIULI-VENEZIA GIULIA","TS","040","L424","84","200609"
"100005","PRATO","TOSCANA","PO","0574","G999","98","201410"
"28060","PADOVA","VENETO","PD","049","G224","93","209730"
"83048","MESSINA","SICILIA","ME","090","F158","211","222329"
"27042","VENEZIA","VENETO","VE","041","L736","416","256083"
"23091","VERONA","VENETO","VR","045","L781","207","258031"
"87015","CATANIA","SICILIA","CT","095","C351","181","300356"
"72006","BARI","PUGLIA","BA","080","A662","116","317205"
"48017","FIRENZE","TOSCANA","FI","055","D612","102","368419"
"37006","BOLOGNA","EMILIA-ROMAGNA","BO","051","A944","141","391686"
"10025","GENOVA","LIGURIA","GE","010","D969","244","566410"
"82053","PALERMO","SICILIA","PA","091","G273","159","637885"
"1272","TORINO","PIEMONTE","TO","011","L219","130","858205"
"63049","NAPOLI","CAMPANIA","NA","081","F839","117","922094"
"15146","MILANO","LOMBARDIA","MI","02","F205","182","1374582"
"58091","ROMA","LAZIO","RM","06","H501","1308","2770226"
"27004","CAMPONOGARA","VENETO","VE","041","B554","21","13036"
"62043","MONTESARCHIO","CAMPANIA","BN","0824","F636","26","13098"
"40013","FORLIMPOPOLI","EMILIA-ROMAGNA","FC","0543","D705","24","13099"
"28077","SAN MARTINO DI LUPARI","VENETO","PD","049","I008","24","13110"
"74016","SAN PIETRO VERNOTICO","PUGLIA","BR","0831","I119","46","13114"
"35030","QUATTRO CASTELLA","EMILIA-ROMAGNA","RE","0522","H122","46","13115"
"97016","CASATENOVO","LOMBARDIA","LC","039","B943","13","13128"
"34025","NOCETO","EMILIA-ROMAGNA","PR","0521","F914","80","13138"
"76043","LAVELLO","BASILICATA","PZ","0972","E493","133","13139"
"26009","CASALE SUL SILE","VENETO","TV","0422","B879","27","13149"
"27006","CAVARZERE","VENETO","VE","0426","C383","140","13181"
"58115","LARIANO","LAZIO","RM","06","M207","27","13191"
"73029","STATTE","PUGLIA","TA","099","M298","93","13191"
"61074","SAN CIPRIANO D'AVERSA","CAMPANIA","CE","081","H798","6","13196"
"17174","SAREZZO","LOMBARDIA","BS","030","I433","18","13199"
"17103","MANERBIO","LOMBARDIA","BS","030","E884","28","13216"
"98050","SANT'ANGELO LODIGIANO","LOMBARDIA","LO","0371","I274","20","13225"
"48030","MONTESPERTOLI","TOSCANA","FI","0571","F648","125","13242"
"58038","FORMELLO","LAZIO","RM","06","D707","31","13249"
"89012","MELILLI","SICILIA","SR","0931","F107","136","13257"
"30046","LATISANA","FRIULI-VENEZIA GIULIA","UD","0431","E473","42","13268"
"73004","CRISPIANO","PUGLIA","TA","099","D171","112","13271"
"23022","CASTELNUOVO DEL GARDA","VENETO","VR","045","C225","35","13300"
"50035","SANTA MARIA A MONTE","TOSCANA","PI","0587","I232","38","13307"
"90006","ARZACHENA","SARDEGNA","SS","0789","A453","229","13337"
"17161","REZZATO","LOMBARDIA","BS","030","H256","18","13341"
"16207","STEZZANO","LOMBARDIA","BG","035","I951","9","13346"
"65158","BELLIZZI","CAMPANIA","SA","0828","M294","8","13366"
"35028","NOVELLARA","EMILIA-ROMAGNA","RE","0522","F960","58","13368"
"28069","PONTE SAN NICOLÒ","VENETO","PD","049","G855","14","13393"
"27044","CAVALLINO-TREPORTI","VENETO","VE","041","M308","45","13395"
"63020","CASANDRINO","CAMPANIA","NA","081","B925","3","13397"
"111096","VILLACIDRO","SARDEGNA","SU","070","L924","184","13412"
"50009","CASTELFRANCO DI SOTTO","TOSCANA","PI","0571","C113","48","13419"
"48021","GREVE IN CHIANTI","TOSCANA","FI","055","E169","169","13426"
"16008","ALZANO LOMBARDO","LOMBARDIA","BG","035","A246","13","13440"
"90070","TEMPIO PAUSANIA","SARDEGNA","SS","079","L093","214","13443"
"56057","VETRALLA","LAZIO","VT","0761","L814","113","13446"
"75048","MONTERONI DI LECCE","PUGLIA","LE","0832","F604","16","13452"
"75092","VEGLIE","PUGLIA","LE","0832","L711","61","13458"
"71060","VIESTE","PUGLIA","FG","0884","L858","168","13461"
"75079","SQUINZANO","PUGLIA","LE","0832","I930","29","13477"
"37009","CALDERARA DI RENO","EMILIA-ROMAGNA","BO","051","B399","41","13479"
"52015","MONTEPULCIANO","TOSCANA","SI","0578","F592","166","13484"
"25074","BORGO VALBELLUNA","VENETO","BL","0437","M421","168","13488"
"30023","CERVIGNANO DEL FRIULI","FRIULI-VENEZIA GIULIA","UD","0431","C556","28","13560"
"97013","CALOLZIOCORTE","LOMBARDIA","LC","0341","B423","9","13592"
"65034","CASTEL SAN GIORGIO","CAMPANIA","SA","081","C259","14","13606"
"108045","VAREDO","LOMBARDIA","MB","0362","L677","5","13611"
"58011","ARTENA","LAZIO","RM","06","A449","54","13664"
"37024","CREVALCORE","EMILIA-ROMAGNA","BO","051","D166","103","13675"
"110007","SAN FERDINANDO DI PUGLIA","PUGLIA","BT","0883","H839","42","13734"
"57027","FARA IN SABINA","LAZIO","RI","0765","D493","55","13738"
"17188","TRAVAGLIATO","LOMBARDIA","BS","030","L339","18","13743"
"75037","LEVERANO","PUGLIA","LE","0832","E563","49","13748"
"1063","CASELLE TORINESE","PIEMONTE","TO","011","B960","24","13749"
"75039","MAGLIE","PUGLIA","LE","0836","E815","22","13752"
"65052","FISCIANO","CAMPANIA","SA","089","D615","31","13756"
"59019","PRIVERNO","LAZIO","LT","0773","G698","57","13763"
"74009","LATIANO","PUGLIA","BR","0831","E471","55","13767"
"78010","AMANTEA","CALABRIA","CS","0982","A253","29","13770"
"99005","MISANO ADRIATICO","EMILIA-ROMAGNA","RN","0541","F244","22","13780"
"3008","ARONA","PIEMONTE","NO","0322","A429","15","13796"
"33013","CASTEL SAN GIOVANNI","EMILIA-ROMAGNA","PC","0523","C261","45","13813"
"101008","CIRÒ MARINA","CALABRIA","KR","0962","C726","42","13833"
"24038","DUEVILLE","VENETO","VI","0444","D379","20","13835"
"48015","FIESOLE","TOSCANA","FI","055","D575","42","13845"
"8059","TAGGIA","LIGURIA","IM","0184","L024","31","13869"
"82027","CEFALÙ","SICILIA","PA","0921","C421","66","13877"
"38003","BONDENO","EMILIA-ROMAGNA","FE","0532","A965","175","13905"
"29052","PORTO VIRO","VENETO","RO","0426","G926","133","13911"
"15060","CASSINA DE' PECCHI","LOMBARDIA","MI","02","C014","8","13920"
"37046","OZZANO DELL'EMILIA","EMILIA-ROMAGNA","BO","051","G205","65","13927"
"108049","VILLASANTA","LOMBARDIA","MB","039","M017","5","13946"
"87039","RIPOSTO","SICILIA","CT","095","H325","13","13969"
"15041","BUSTO GAROLFO","LOMBARDIA","MI","0331","B301","13","13991"
"15213","SOLARO","LOMBARDIA","MI","02","I786","7","13991"
"110010","TRINITAPOLI","PUGLIA","BT","0883","B915","148","14001"
"41067","URBINO","MARCHE","PU","0722","L500","228","14007"
"24057","MAROSTICA","VENETO","VI","0424","E970","37","14022"
"63044","MASSA LUBRENSE","CAMPANIA","NA","081","F030","20","14022"
"15181","RESCALDINA","LOMBARDIA","MI","0331","H240","8","14057"
"72025","LOCOROTONDO","PUGLIA","BA","080","E645","48","14066"
"96020","COSSATO","PIEMONTE","BI","015","D094","28","14070"
"61082","SANTA MARIA A VICO","CAMPANIA","CE","0823","I233","11","14074"
"87023","MASCALI","SICILIA","CT","095","F004","38","14092"
"15159","OPERA","LOMBARDIA","MI","02","G078","8","14100"
"75087","TREPUZZI","PUGLIA","LE","0832","L383","24","14100"
"71049","SAN NICANDRO GARGANICO","PUGLIA","FG","0882","I054","173","14132"
"3108","OLEGGIO","PIEMONTE","NO","0321","G019","38","14148"
"24086","ROMANO D'EZZELINO","VENETO","VI","0424","H512","21","14172"
"69081","SAN GIOVANNI TEATINO","ABRUZZO","CH","085","D690","19","14174"
"17088","LENO","LOMBARDIA","BS","030","E526","59","14187"
"12092","LUINO","LOMBARDIA","VA","0332","E734","21","14207"
"48028","MONTELUPO FIORENTINO","TOSCANA","FI","0571","F551","25","14269"
"61077","SAN MARCELLINO","CAMPANIA","CE","081","H978","5","14274"
"15076","CESATE","LOMBARDIA","MI","02","C569","6","14276"
"41029","MONDOLFO","MARCHE","PU","0721","F348","23","14307"
"12042","CASTELLANZA","LOMBARDIA","VA","0331","C139","7","14328"
"61092","TEVEROLA","CAMPANIA","CE","081","L155","7","14338"
"90069","SORSO","SARDEGNA","SS","079","I863","67","14339"
"42014","CHIARAVALLE","MARCHE","AN","071","C615","17","14389"
"54023","GUALDO TADINO","UMBRIA","PG","075","E230","124","14408"
"73024","SAN GIORGIO IONICO","PUGLIA","TA","099","H882","23","14414"
"53018","ORBETELLO","TOSCANA","GR","0564","G088","227","14450"
"48022","IMPRUNETA","TOSCANA","FI","055","E291","49","14497"
"81005","CASTELLAMMARE DEL GOLFO","SICILIA","TP","0924","C130","127","14529"
"50033","SANTA CROCE SULL'ARNO","TOSCANA","PI","0571","I177","17","14549"
"80069","ROSARNO","CALABRIA","RC","0966","H558","39","14561"
"67035","PINETO","ABRUZZO","TE","085","F831","38","14582"
"24087","ROSÀ","VENETO","VI","0424","H556","24","14599"
"54026","MAGIONE","UMBRIA","PG","075","E805","130","14612"
"103050","OMEGNA","PIEMONTE","VB","0323","G062","31","14618"
"17127","OSPITALETTO","LOMBARDIA","BS","030","G170","9","14620"
"74011","ORIA","PUGLIA","BR","0831","G098","83","14630"
"34009","COLLECCHIO","EMILIA-ROMAGNA","PR","0521","C852","59","14634"
"26069","RONCADE","VENETO","TV","0422","H523","62","14668"
"20071","BORGO VIRGILIO","LOMBARDIA","MN","0376","M340","70","14676"
"97048","MERATE","LOMBARDIA","LC","039","F133","11","14702"
"87034","PEDARA","SICILIA","CT","095","G402","19","14714"
"75083","SURBO","PUGLIA","LE","0832","L011","20","14725"
"20021","CURTATONE","LOMBARDIA","MN","0376","D227","67","14728"
"48050","VINCI","TOSCANA","FI","0571","M059","54","14744"
"35024","GUASTALLA","EMILIA-ROMAGNA","RE","0522","E253","53","14746"
"37057","SASSO MARCONI","EMILIA-ROMAGNA","BO","051","G972","97","14761"
"24055","MALO","VENETO","VI","0445","E864","31","14771"
"12032","CARDANO AL CAMPO","LOMBARDIA","VA","0331","B754","9","14780"
"28017","CAMPODARSEGO","VENETO","PD","049","B524","26","14780"
"30118","TAVAGNACCO","FRIULI-VENEZIA GIULIA","UD","0432","L065","15","14780"
"23082","SOMMACAMPAGNA","VENETO","VR","045","I821","41","14788"
"68012","CITTÀ SANT'ANGELO","ABRUZZO","PE","085","C750","57","14799"
"72016","CASSANO DELLE MURGE","PUGLIA","BA","080","B998","89","14805"
"59017","PONTINIA","LAZIO","LT","0773","G865","112","14849"
"35036","RUBIERA","EMILIA-ROMAGNA","RE","0522","H628","25","14869"
"61087","SANT'ARPINO","CAMPANIA","CE","081","I306","3","14869"
"80093","TAURIANOVA","CALABRIA","RC","0966","L063","48","14884"
"21004","APPIANO SULLA STRADA DEL VINO","TRENTINO-ALTO ADIGE","BZ","0471","A332","60","14890"
"41068","VALLEFOGLIA","MARCHE","PU","0721","M331","39","14908"
"78091","PAOLA","CALABRIA","CS","0982","G317","43","14928"
"43015","CORRIDONIA","MARCHE","MC","0733","D042","62","14941"
"73009","LATERZA","PUGLIA","TA","099","E469","159","14944"
"33021","FIORENZUOLA D'ARDA","EMILIA-ROMAGNA","PC","0523","D611","60","14947"
"75030","GALATONE","PUGLIA","LE","0833","D863","47","15015"
"15072","CERRO MAGGIORE","LOMBARDIA","MI","0331","C537","10","15021"
"19021","CASALMAGGIORE","LOMBARDIA","CR","0375","B898","64","15022"
"24026","CASSOLA","VENETO","VI","0424","C037","13","15043"
"36012","FINALE EMILIA","EMILIA-ROMAGNA","MO","0535","D599","104","15047"
"27012","DOLO","VENETO","VE","041","D325","24","15053"
"93032","PORCIA","FRIULI-VENEZIA GIULIA","PN","0434","G886","30","15067"
"1309","VINOVO","PIEMONTE","TO","011","M060","18","15070"
"93041","SAN VITO AL TAGLIAMENTO","FRIULI-VENEZIA GIULIA","PN","0434","I403","61","15077"
"36007","CASTELNUOVO RANGONE","EMILIA-ROMAGNA","MO","059","C242","22","15081"
"100002","CARMIGNANO","TOSCANA","PO","055","B794","39","15098"
"54009","CASTIGLIONE DEL LAGO","UMBRIA","PG","075","C309","206","15160"
"1314","VOLPIANO","PIEMONTE","TO","011","M122","32","15167"
"98010","CASALPUSTERLENGO","LOMBARDIA","LO","0377","B910","26","15213"
"67040","SILVI","ABRUZZO","TE","085","I741","21","15251"
"72014","CAPURSO","PUGLIA","BA","080","B716","15","15357"
"35014","CASTELLARANO","EMILIA-ROMAGNA","RE","0536","C141","57","15364"
"18102","MORTARA","LOMBARDIA","PV","0384","F754","52","15395"
"51034","SANSEPOLCRO","TOSCANA","AR","0575","I155","91","15444"
"1189","PIANEZZA","PIEMONTE","TO","011","G559","17","15446"
"56021","CIVITA CASTELLANA","LAZIO","VT","0761","C765","83","15455"
"63033","FRATTAMINORE","CAMPANIA","NA","081","D790","2","15461"
"73026","SAVA","PUGLIA","TA","099","I467","44","15463"
"50028","PONSACCO","TOSCANA","PI","0587","G822","20","15466"
"36044","SOLIERA","EMILIA-ROMAGNA","MO","059","I802","51","15474"
"108001","AGRATE BRIANZA","LOMBARDIA","MB","039","A087","11","15482"
"108008","BESANA IN BRIANZA","LOMBARDIA","MB","0362","A818","16","15498"
"3068","GALLIATE","PIEMONTE","NO","0321","D872","30","15516"
"23097","ZEVIO","VENETO","VR","045","M172","55","15542"
"17065","DARFO BOARIO TERME","LOMBARDIA","BS","0364","D251","36","15544"
"73019","MOTTOLA","PUGLIA","TA","099","F784","212","15545"
"98019","CODOGNO","LOMBARDIA","LO","0377","C816","21","15548"
"61046","LUSCIANO","CAMPANIA","CE","081","E754","5","15579"
"15051","CARUGATE","LOMBARDIA","MI","02","B850","5","15581"
"46001","ALTOPASCIO","TOSCANA","LU","0583","A241","29","15619"
"84028","PORTO EMPEDOCLE","SICILIA","AG","0922","F299","25","15622"
"48012","CERTALDO","TOSCANA","FI","0571","C540","75","15632"
"17061","CONCESIO","LOMBARDIA","BS","030","C948","19","15644"
"37039","MOLINELLA","EMILIA-ROMAGNA","BO","051","F288","128","15648"
"43043","POTENZA PICENA","MARCHE","MC","0733","F632","48","15652"
"58110","VALMONTONE","LAZIO","RM","06","L639","41","15662"
"15173","PIEVE EMANUELE","LOMBARDIA","MI","02","G634","13","15699"
"93005","AZZANO DECIMO","FRIULI-VENEZIA GIULIA","PN","0434","A530","52","15702"
"58119","SAN CESAREO","LAZIO","RM","06","M295","23","15714"
"63010","BRUSCIANO","CAMPANIA","NA","081","B227","6","15715"
"109033","PORTO SAN GIORGIO","MARCHE","FM","0734","G920","9","15715"
"58036","FIANO ROMANO","LAZIO","RM","0765","D561","42","15722"
"23089","VALEGGIO SUL MINCIO","VENETO","VR","045","L567","64","15759"
"108021","CONCOREZZO","LOMBARDIA","MB","039","C952","9","15770"
"73021","PALAGIANO","PUGLIA","TA","099","G252","69","15776"
"108054","LENTATE SUL SEVESO","LOMBARDIA","MB","0362","E530","14","15785"
"87032","PALAGONIA","SICILIA","CT","095","G253","58","15805"
"63080","SORRENTO","CAMPANIA","NA","081","I862","10","15809"
"37021","CASTENASO","EMILIA-ROMAGNA","BO","051","C292","36","15870"
"38007","COPPARO","EMILIA-ROMAGNA","FE","0532","C980","157","15874"
"54052","TODI","UMBRIA","PG","075","L188","223","15877"
"30027","CODROIPO","FRIULI-VENEZIA GIULIA","UD","0432","C817","74","15909"
"24052","LONIGO","VENETO","VI","0444","E682","49","15928"
"63076","SAVIANO","CAMPANIA","NA","081","I469","14","15949"
"44023","GROTTAMMARE","MARCHE","AP","0735","E207","18","15960"
"23073","SAN MARTINO BUON ALBERGO","VENETO","VR","045","I003","35","15970"
"28016","CADONEGHE","VENETO","PD","049","B345","13","15972"
"28037","ESTE","VENETO","PD","0429","D442","33","15990"
"36027","NONANTOLA","EMILIA-ROMAGNA","MO","059","F930","55","16010"
"23012","BOVOLONE","VENETO","VR","045","B107","41","16050"
"12118","SAMARATE","LOMBARDIA","VA","0331","H736","16","16065"
"27026","NOALE","VENETO","VE","041","F904","25","16108"
"88005","ISPICA","SICILIA","RG","0932","E366","114","16127"
"56050","TARQUINIA","LAZIO","VT","0766","D024","279","16153"
"1115","GIAVENO","PIEMONTE","TO","011","E020","72","16168"
"16053","CARAVAGGIO","LOMBARDIA","BG","0363","B731","33","16170"
"67047","MARTINSICURO","ABRUZZO","TE","0861","E989","14","16198"
"13095","ERBA","LOMBARDIA","CO","031","D416","18","16208"
"78119","SAN GIOVANNI IN FIORE","CALABRIA","CS","0984","H919","279","16222"
"87049","SCORDIA","SICILIA","CT","095","I548","24","16296"
"1130","LEINI","PIEMONTE","TO","011","E518","32","16309"
"54056","UMBERTIDE","UMBRIA","PG","075","D786","200","16367"
"49008","COLLESALVETTI","TOSCANA","LI","0586","C869","110","16381"
"12096","MALNATE","LOMBARDIA","VA","0332","E863","9","16391"
"39002","BAGNACAVALLO","EMILIA-ROMAGNA","RA","0545","A547","80","16402"
"65022","CAMPAGNA","CAMPANIA","SA","0828","B492","135","16423"
"20045","PORTO MANTOVANO","LOMBARDIA","MN","0376","G917","37","16481"
"1008","ALPIGNANO","PIEMONTE","TO","011","A222","12","16484"
"17081","GUSSAGO","LOMBARDIA","BS","030","E271","25","16488"
"73003","CASTELLANETA","PUGLIA","TA","099","C136","239","16488"
"26089","VEDELAGO","VENETO","TV","0423","L706","62","16491"
"48035","REGGELLO","TOSCANA","FI","055","H222","121","16534"
"72002","ADELFIA","PUGLIA","BA","080","A055","30","16547"
"37037","MEDICINA","EMILIA-ROMAGNA","BO","051","F083","159","16599"
"63052","PALMA CAMPANIA","CAMPANIA","NA","081","G283","21","16618"
"51033","SAN GIOVANNI VALDARNO","TOSCANA","AR","055","H901","21","16637"
"23025","CEREA","VENETO","VR","0442","C498","70","16644"
"78029","CASSANO ALL'IONIO","CALABRIA","CS","0981","C002","154","16645"
"48038","SAN CASCIANO IN VAL DI PESA","TOSCANA","FI","055","H791","108","16690"
"71056","TORREMAGGIORE","PUGLIA","FG","0882","L273","209","16690"
"28072","RUBANO","VENETO","PD","049","H625","15","16721"
"99002","CATTOLICA","EMILIA-ROMAGNA","RN","0541","C357","6","16723"
"23052","NEGRAR DI VALPOLICELLA","VENETO","VR","045","F861","41","16751"
"74002","CAROVIGNO","PUGLIA","BR","0831","B809","105","16761"
"109037","SANT'ELPIDIO A MARE","MARCHE","FM","0734","I324","50","16773"
"15242","VIMODRONE","LOMBARDIA","MI","02","M053","5","16816"
"17092","LONATO DEL GARDA","LOMBARDIA","BS","030","M312","71","16821"
"108010","BOVISIO-MASCIAGO","LOMBARDIA","MB","0362","B105","5","16833"
"61075","SAN FELICE A CANCELLO","CAMPANIA","CE","0823","H834","27","16884"
"77020","PISTICCI","BASILICATA","MT","0835","G712","231","16889"
"26063","PREGANZIOL","VENETO","TV","0422","H022","23","16896"
"65013","BARONISSI","CAMPANIA","SA","089","A674","18","16912"
"21013","BRUNICO","TRENTINO-ALTO ADIGE","BZ","0474","B220","45","16944"
"101013","ISOLA DI CAPO RIZZUTO","CALABRIA","KR","0962","E339","125","16962"
"71036","ORTA NOVA","PUGLIA","FG","0885","G131","104","16964"
"15154","NERVIANO","LOMBARDIA","MI","0331","F874","13","16973"
"36013","FIORANO MODENESE","EMILIA-ROMAGNA","MO","0536","D607","26","16988"
"58086","ROCCA DI PAPA","LAZIO","RM","06","H404","40","16999"
"63026","CERCOLA","CAMPANIA","NA","081","C495","4","17076"
"75088","TRICASE","PUGLIA","LE","0833","L419","43","17129"
"89006","CARLENTINI","SICILIA","SR","095","B787","158","17152"
"76048","MELFI","BASILICATA","PZ","0972","F104","205","17196"
"15012","BAREGGIO","LOMBARDIA","MI","02","A652","11","17253"
"28055","MONSELICE","VENETO","PD","0429","F382","51","17258"
"63036","GRUMO NEVANO","CAMPANIA","NA","081","E224","3","17274"
"92080","SINNAI","SARDEGNA","CA","070","I752","223","17301"
"23058","PESCANTINA","VENETO","VR","045","G481","20","17367"
"36019","MARANELLO","EMILIA-ROMAGNA","MO","0536","E904","33","17379"
"63031","FORIO","CAMPANIA","NA","081","D702","13","17410"
"48010","CASTELFIORENTINO","TOSCANA","FI","0571","C101","67","17437"
"72048","VALENZANO","PUGLIA","BA","080","L571","16","17460"
"4203","SALUZZO","PIEMONTE","CN","0175","H727","80","17471"
"37047","PIANORO","EMILIA-ROMAGNA","BO","051","G570","107","17472"
"63082","TERZIGNO","CAMPANIA","NA","081","L142","24","17482"
"16004","ALBINO","LOMBARDIA","BG","035","A163","31","17486"
"80088","SIDERNO","CALABRIA","RC","0964","I725","31","17493"
"1024","BEINASCO","PIEMONTE","TO","011","A734","7","17532"
"27035","SANTA MARIA DI SALA","VENETO","VE","041","I242","28","17541"
"27020","MARCON","VENETO","VE","041","E936","26","17558"
"23083","SONA","VENETO","VR","045","I826","41","17629"
"22153","RIVA DEL GARDA","TRENTINO-ALTO ADIGE","TN","0464","H330","42","17646"
"72035","POLIGNANO A MARE","PUGLIA","BA","080","G787","63","17653"
"61015","CAPUA","CAMPANIA","CE","0823","B715","49","17657"
"77021","POLICORO","BASILICATA","MT","0835","G786","67","17762"
"26091","VILLORBA","VENETO","TV","0422","M048","31","17768"
"103028","DOMODOSSOLA","PIEMONTE","VB","0324","D332","37","17783"
"12123","SOMMA LOMBARDO","LOMBARDIA","VA","0331","I819","31","17785"
"10059","SESTRI LEVANTE","LIGURIA","GE","0185","I693","33","17788"
"22006","ARCO","TRENTINO-ALTO ADIGE","TN","0464","A372","63","17798"
"108015","CARATE BRIANZA","LOMBARDIA","MB","0362","B729","10","17824"
"80057","PALMI","CALABRIA","RC","0966","G288","32","17842"
"108004","ARCORE","LOMBARDIA","MB","039","A376","9","17848"
"40045","SAVIGNANO SUL RUBICONE","EMILIA-ROMAGNA","FC","0541","I472","23","17858"
"87005","ACI SANT'ANTONIO","SICILIA","CT","095","A029","14","17867"
"36030","PAVULLO NEL FRIGNANO","EMILIA-ROMAGNA","MO","0536","G393","144","17979"
"87002","ACI CASTELLO","SICILIA","CT","095","A026","9","17987"
"58114","ZAGAROLO","LAZIO","RM","06","M141","29","18010"
"15140","MELEGNANO","LOMBARDIA","MI","02","F100","5","18011"
"12034","CARONNO PERTUSELLA","LOMBARDIA","VA","02","B805","9","18035"
"84033","RIBERA","SICILIA","AG","0925","H269","119","18058"
"93017","CORDENONS","FRIULI-VENEZIA GIULIA","PN","0434","C991","57","18067"
"1194","PIOSSASCO","PIEMONTE","TO","011","G691","40","18102"
"47002","AGLIANA","TOSCANA","PT","0574","A071","12","18112"
"63021","CASAVATORE","CAMPANIA","NA","081","B946","2","18146"
"6177","VALENZA","PIEMONTE","AL","0131","L570","50","18149"
"21040","LAIVES","TRENTINO-ALTO ADIGE","BZ","0471","E421","24","18178"
"54027","MARSCIANO","UMBRIA","PG","075","E975","162","18201"
"48004","BORGO SAN LORENZO","TOSCANA","FI","055","B036","146","18207"
"1086","CIRIÈ","PIEMONTE","TO","011","C722","18","18261"
"58009","ARICCIA","LAZIO","RM","06","A401","18","18307"
"87009","BRONTE","SICILIA","CT","095","B202","250","18327"
"37008","BUDRIO","EMILIA-ROMAGNA","BO","051","B249","120","18368"
"72037","RUTIGLIANO","PUGLIA","BA","080","H643","53","18374"
"55022","NARNI","UMBRIA","TR","0744","F844","198","18405"
"48005","CALENZANO","TOSCANA","FI","055","B406","77","18420"
"74017","SAN VITO DEI NORMANNI","PUGLIA","BR","0831","I396","66","18439"
"43053","TOLENTINO","MARCHE","MC","0733","L191","95","18498"
"58097","SANTA MARINELLA","LAZIO","RM","0766","I255","49","18516"
"42010","CASTELFIDARDO","MARCHE","AN","071","C100","33","18517"
"17078","GHEDI","LOMBARDIA","BS","030","D999","61","18521"
"72031","NOCI","PUGLIA","BA","080","F915","149","18541"
"58013","BRACCIANO","LAZIO","RM","06","B114","142","18560"
"15142","MELZO","LOMBARDIA","MI","02","F119","10","18566"
"1249","SAN MAURO TORINESE","PIEMONTE","TO","011","I030","13","18589"
"15085","CORBETTA","LOMBARDIA","MI","02","C986","19","18600"
"37019","CASTEL MAGGIORE","EMILIA-ROMAGNA","BO","051","C204","31","18631"
"15098","CUSANO MILANINO","LOMBARDIA","MI","02","D231","3","18787"
"12127","TRADATE","LOMBARDIA","VA","0331","L319","21","18797"
"88008","POZZALLO","SICILIA","RG","0932","G953","15","18940"
"35012","CASALGRANDE","EMILIA-ROMAGNA","RE","0522","B893","38","18946"
"29001","ADRIA","VENETO","RO","0426","A059","114","18950"
"74003","CEGLIE MESSAPICA","PUGLIA","BR","0831","C424","130","18991"
"68041","SPOLTORE","ABRUZZO","PE","085","I922","36","18996"
"58005","ANGUILLARA SABAZIA","LAZIO","RM","06","A297","65","19018"
"27037","SCORZÈ","VENETO","VE","041","I551","33","19045"
"17052","CHIARI","LOMBARDIA","BS","030","C618","38","19094"
"37060","ZOLA PREDOSA","EMILIA-ROMAGNA","BO","051","M185","38","19113"
"80038","GIOIA TAURO","CALABRIA","RC","0966","E041","39","19133"
"15059","CASSANO D'ADDA","LOMBARDIA","MI","0363","C003","19","19151"
"92109","MONSERRATO","SARDEGNA","CA","070","F383","6","19175"
"17166","ROVATO","LOMBARDIA","BS","030","H598","26","19189"
"48044","SIGNA","TOSCANA","FI","055","I728","19","19211"
"6001","ACQUI TERME","PIEMONTE","AL","0144","A052","33","19223"
"63074","SANT'ANTONIO ABATE","CAMPANIA","NA","081","I300","8","19247"
"47012","PESCIA","TOSCANA","PT","0572","G491","79","19250"
"64121","MONTORO","CAMPANIA","AV","0825","M330","40","19305"
"72017","CASTELLANA GROTTE","PUGLIA","BA","080","C134","68","19323"
"78003","ACRI","CALABRIA","CS","0984","A053","199","19380"
"75016","CASARANO","PUGLIA","LE","0833","B936","38","19404"
"69083","SAN SALVO","ABRUZZO","CH","0873","I148","20","19445"
"99001","BELLARIA-IGEA MARINA","EMILIA-ROMAGNA","RN","0541","A747","18","19458"
"15009","ARESE","LOMBARDIA","MI","02","A389","7","19463"
"100003","MONTEMURLO","TOSCANA","PO","0574","F572","31","19477"
"72015","CASAMASSIMA","PUGLIA","BA","080","B923","77","19537"
"72022","GIOVINAZZO","PUGLIA","BA","080","E047","44","19537"
"82079","VILLABATE","SICILIA","PA","091","L916","4","19568"
"63037","ISCHIA","CAMPANIA","NA","081","E329","8","19602"
"75031","GALLIPOLI","PUGLIA","LE","0833","D883","40","19679"
"59009","GAETA","LAZIO","LT","0771","D843","28","19755"
"48024","LASTRA A SIGNA","TOSCANA","FI","055","E466","43","19814"
"34032","SALSOMAGGIORE TERME","EMILIA-ROMAGNA","PR","0524","H720","82","19819"
"20066","VIADANA","LOMBARDIA","MN","0375","L826","102","19822"
"60085","VEROLI","LAZIO","FR","0775","L780","120","19868"
"61094","TRENTOLA DUCENTA","CAMPANIA","CE","081","L379","7","19881"
"87051","TREMESTIERI ETNEO","SICILIA","CT","095","L369","6","19892"
"55023","ORVIETO","UMBRIA","TR","0763","G148","281","19931"
"59024","SABAUDIA","LAZIO","LT","0773","H647","144","19938"
"17133","PALAZZOLO SULL'OGLIO","LOMBARDIA","BS","030","G264","23","19940"
"59014","MINTURNO","LAZIO","LT","0771","F224","42","19971"
"78081","MONTALTO UFFUGO","CALABRIA","CS","0984","F416","78","20011"
"15157","NOVATE MILANESE","LOMBARDIA","MI","02","F955","5","20056"
"93037","SACILE","FRIULI-VENEZIA GIULIA","PN","0434","H657","33","20058"
"28032","CITTADELLA","VENETO","PD","049","C743","37","20072"
"28065","PIOVE DI SACCO","VENETO","PD","049","G693","36","20075"
"28001","ABANO TERME","VENETO","PD","049","A001","22","20095"
"1214","RIVALTA DI TORINO","PIEMONTE","TO","011","H335","25","20127"
"15211","SETTIMO MILANESE","LOMBARDIA","MI","02","I700","11","20133"
"72001","ACQUAVIVA DELLE FONTI","PUGLIA","BA","080","A048","131","20184"
"60033","FERENTINO","LAZIO","FR","0775","D539","81","20247"
"15086","CORMANO","LOMBARDIA","MI","02","D013","4","20317"
"63086","VICO EQUENSE","CAMPANIA","NA","081","L845","29","20322"
"58046","GROTTAFERRATA","LAZIO","RM","06","E204","18","20337"
"26051","ODERZO","VENETO","TV","0422","F999","43","20344"
"3149","TRECATE","PIEMONTE","NO","0321","L356","38","20395"
"61088","SESSA AURUNCA","CAMPANIA","CE","0823","I676","163","20414"
"47011","MONTECATINI-TERME","TOSCANA","PT","0572","A561","18","20452"
"48033","PONTASSIEVE","TOSCANA","FI","055","G825","114","20477"
"16183","ROMANO DI LOMBARDIA","LOMBARDIA","BG","0363","H509","18","20482"
"25021","FELTRE","VENETO","BL","0439","D530","101","20491"
"23015","BUSSOLENGO","VENETO","VR","045","B296","24","20583"
"15087","CORNAREDO","LOMBARDIA","MI","02","D018","14","20590"
"89016","ROSOLINI","SICILIA","SR","0931","H574","76","20644"
"53009","FOLLONICA","TOSCANA","GR","0566","D656","56","20648"
"58034","COLLEFERRO","LAZIO","RM","06","C858","28","20698"
"86014","PIAZZA ARMERINA","SICILIA","EN","0935","G580","303","20749"
"92074","SESTU","SARDEGNA","CA","070","I695","48","20772"
"72033","PALO DEL COLLE","PUGLIA","BA","080","G291","79","20774"
"37020","CASTEL SAN PIETRO TERME","EMILIA-ROMAGNA","BO","051","C265","148","20786"
"60006","ANAGNI","LAZIO","FR","0775","A269","114","20853"
"43044","RECANATI","MARCHE","MC","071","H211","103","20865"
"15108","GORGONZOLA","LOMBARDIA","MI","02","E094","11","20899"
"47009","MONSUMMANO TERME","TOSCANA","PT","0572","F384","33","20899"
"20065","SUZZARA","LOMBARDIA","MN","0376","L020","61","20906"
"94023","ISERNIA","MOLISE","IS","0865","E335","69","20971"
"61019","CASAL DI PRINCIPE","CAMPANIA","CE","081","B872","23","21077"
"78033","CASTROVILLARI","CALABRIA","CS","0981","C349","130","21088"
"38001","ARGENTA","EMILIA-ROMAGNA","FE","0532","A393","311","21140"
"14061","SONDRIO","LOMBARDIA","SO","0342","I829","20","21202"
"65002","AGROPOLI","CAMPANIA","SA","0974","A091","33","21214"
"85016","SAN CATALDO","SICILIA","CL","0934","H792","75","21255"
"15206","SENAGO","LOMBARDIA","MI","02","I602","9","21307"
"90058","PORTO TORRES","SARDEGNA","SS","079","G924","103","21377"
"54002","BASTIA UMBRA","UMBRIA","PG","075","A710","28","21379"
"3024","BORGOMANERO","PIEMONTE","NO","0322","B019","32","21383"
"12040","CASSANO MAGNAGO","LOMBARDIA","VA","0331","C004","12","21385"
"54015","CORCIANO","UMBRIA","PG","075","C990","64","21391"
"27021","MARTELLAGO","VENETO","VE","041","E980","20","21394"
"23069","SAN BONIFACIO","VENETO","VR","045","H783","34","21402"
"51017","CORTONA","TOSCANA","AR","0575","D077","342","21413"
"64005","ARIANO IRPINO","CAMPANIA","AV","0825","A399","186","21422"
"4215","SAVIGLIANO","PIEMONTE","CN","0172","I470","111","21431"
"84027","PALMA DI MONTECHIARO","SICILIA","AG","0922","G282","76","21437"
"15220","TREZZANO SUL NAVIGLIO","LOMBARDIA","MI","02","L409","11","21453"
"22139","PERGINE VALSUGANA","TRENTINO-ALTO ADIGE","TN","0461","G452","54","21486"
"89014","PACHINO","SICILIA","SR","0931","G211","50","21521"
"89009","FLORIDIA","SICILIA","SR","0931","D636","26","21561"
"63016","CARDITO","CAMPANIA","NA","081","B759","3","21598"
"17096","LUMEZZANE","LOMBARDIA","BS","030","E738","32","21669"
"11027","SARZANA","LIGURIA","SP","0187","I449","34","21697"
"65067","MERCATO SAN SEVERINO","CAMPANIA","SA","089","F138","30","21740"
"52012","COLLE DI VAL D'ELSA","TOSCANA","SI","0577","C847","92","21752"
"58074","PALESTRINA","LAZIO","RM","06","G274","47","21921"
"73007","GINOSA","PUGLIA","TA","099","E036","187","21926"
"46018","MASSAROSA","TOSCANA","LU","0584","F035","69","21951"
"63055","POGGIOMARINO","CAMPANIA","NA","081","G762","13","21955"
"26055","PAESE","VENETO","TV","0422","G229","38","22026"
"38006","COMACCHIO","EMILIA-ROMAGNA","FE","0533","C912","284","22081"
"89011","LENTINI","SICILIA","SR","095","E532","216","22106"
"61078","SAN NICOLA LA STRADA","CAMPANIA","CE","0823","I056","5","22160"
"4130","MONDOVÌ","PIEMONTE","CN","0174","F351","87","22233"
"65025","CAPACCIO PAESTUM","CAMPANIA","SA","0828","B644","112","22276"
"69058","ORTONA","ABRUZZO","CH","085","G141","70","22287"
"99018","SANTARCANGELO DI ROMAGNA","EMILIA-ROMAGNA","RN","0541","I304","45","22288"
"60024","CECCANO","LAZIO","FR","0775","C413","61","22610"
"58059","MENTANA","LAZIO","RM","06","F127","24","22612"
"58039","FRASCATI","LAZIO","RM","06","D773","23","22624"
"66098","SULMONA","ABRUZZO","AQ","0864","I804","58","22643"
"21011","BRESSANONE","TRENTINO-ALTO ADIGE","BZ","0472","B160","85","22698"
"1125","IVREA","PIEMONTE","TO","0125","E379","30","22839"
"28086","SELVAZZANO DENTRO","VENETO","PD","049","I595","20","22920"
"63051","OTTAVIANO","CAMPANIA","NA","081","G190","20","22981"
"87008","BIANCAVILLA","SICILIA","CT","095","A841","71","22987"
"48019","FUCECCHIO","TOSCANA","FI","0571","D815","65","22990"
"1171","ORBASSANO","PIEMONTE","TO","011","G087","22","23061"
"28100","VIGONZA","VENETO","PD","049","L900","33","23080"
"108035","NOVA MILANESE","LOMBARDIA","MB","0362","F944","6","23083"
"92011","CAPOTERRA","SARDEGNA","CA","070","B675","68","23089"
"46024","PIETRASANTA","TOSCANA","LU","0584","G628","42","23121"
"8065","VENTIMIGLIA","LIGURIA","IM","0184","L741","54","23131"
"24061","MONTECCHIO MAGGIORE","VENETO","VI","0444","F464","31","23156"
"58043","GENZANO DI ROMA","LAZIO","RM","06","D972","18","23221"
"75022","COPERTINO","PUGLIA","LE","0832","C978","58","23227"
"48052","FIGLINE E INCISA VALDARNO","TOSCANA","FI","055","M321","98","23316"
"108030","MEDA","LOMBARDIA","MB","0362","F078","8","23324"
"16091","DALMINE","LOMBARDIA","BG","035","D245","12","23336"
"87041","SAN GIOVANNI LA PUNTA","SICILIA","CT","095","H922","11","23336"
"67025","GIULIANOVA","ABRUZZO","TE","085","E058","27","23464"
"20017","CASTIGLIONE DELLE STIVIERE","LOMBARDIA","MN","0376","C312","42","23483"
"59028","SEZZE","LAZIO","LT","0773","I712","101","23576"
"108034","MUGGIÒ","LOMBARDIA","MB","039","F797","5","23603"
"89013","NOTO","SICILIA","SR","0931","F943","551","23638"
"15074","CESANO BOSCONE","LOMBARDIA","MI","02","C565","4","23686"
"108040","SEVESO","LOMBARDIA","MB","0362","I709","7","23728"
"9002","ALBENGA","LIGURIA","SV","0182","A145","37","23749"
"15171","PESCHIERA BORROMEO","LOMBARDIA","MI","02","G488","23","23847"
"65079","NOCERA SUPERIORE","CAMPANIA","SA","081","F913","15","23917"
"24105","THIENE","VENETO","VI","0445","L157","20","23964"
"36022","MIRANDOLA","EMILIA-ROMAGNA","MO","0535","F240","137","24103"
"15130","MAGENTA","LOMBARDIA","MI","02","E801","22","24107"
"51026","MONTEVARCHI","TOSCANA","AR","055","F656","57","24161"
"63058","POMPEI","CAMPANIA","NA","081","G813","12","24233"
"4089","FOSSANO","PIEMONTE","CN","0172","D742","131","24333"
"27029","PORTOGRUARO","VENETO","VE","0421","G914","102","24592"
"72038","RUVO DI PUGLIA","PUGLIA","BA","080","H645","222","24611"
"72028","MOLA DI BARI","PUGLIA","BA","080","F280","51","24678"
"63062","QUALIANO","CAMPANIA","NA","081","H101","7","24804"
"63089","VOLLA","CAMPANIA","NA","081","M115","6","24905"
"35020","CORREGGIO","EMILIA-ROMAGNA","RE","0522","D037","78","24966"
"87019","GRAVINA DI CATANIA","SICILIA","CT","095","E156","5","25031"
"16198","SERIATE","LOMBARDIA","BG","035","I628","12","25111"
"24008","ARZIGNANO","VENETO","VI","0444","A459","34","25124"
"60074","SORA","LAZIO","FR","0776","I838","72","25133"
"82070","TERMINI IMERESE","SICILIA","PA","091","L112","78","25173"
"85013","NISCEMI","SICILIA","CL","0933","F899","97","25180"
"13143","MARIANO COMENSE","LOMBARDIA","CO","031","E951","14","25214"
"48001","BAGNO A RIPOLI","TOSCANA","FI","055","A564","74","25323"
"23071","SAN GIOVANNI LUPATOTO","VENETO","VR","045","H924","19","25418"
"67037","ROSETO DEGLI ABRUZZI","ABRUZZO","TE","085","F585","53","25429"
"63006","BACOLI","CAMPANIA","NA","081","A535","13","25436"
"23044","LEGNAGO","VENETO","VR","0442","E512","80","25443"
"111035","IGLESIAS","SARDEGNA","SU","0781","E281","208","25493"
"35040","SCANDIANO","EMILIA-ROMAGNA","RE","0522","I496","50","25672"
"69035","FRANCAVILLA AL MARE","ABRUZZO","CH","085","D763","23","25677"
"24111","VALDAGNO","VENETO","VI","0445","L551","50","25706"
"36046","VIGNOLA","EMILIA-ROMAGNA","MO","059","L885","23","25726"
"42018","FALCONARA MARITTIMA","MARCHE","AN","071","D472","25","25727"
"65099","PONTECAGNANO FAIANO","CAMPANIA","SA","089","G834","37","25797"
"72019","CONVERSANO","PUGLIA","BA","080","C975","127","25801"
"72041","SANTERAMO IN COLLE","PUGLIA","BA","080","I330","143","25827"
"108024","GIUSSANO","LOMBARDIA","MB","0362","E063","10","25923"
"108050","VIMERCATE","LOMBARDIA","MB","039","M052","21","25941"
"75029","GALATINA","PUGLIA","LE","0836","D862","82","25944"
"109034","PORTO SANT'ELPIDIO","MARCHE","FM","0734","G921","18","25958"
"74010","MESAGNE","PUGLIA","BR","0831","F152","123","25964"
"40008","CESENATICO","EMILIA-ROMAGNA","FC","0547","C574","45","25992"
"17113","MONTICHIARI","LOMBARDIA","BS","030","F471","81","26011"
"86009","ENNA","SICILIA","EN","0935","C342","357","26037"
"72032","NOICÀTTARO","PUGLIA","BA","080","F923","41","26042"
"15116","LAINATE","LOMBARDIA","MI","02","E415","13","26137"
"72036","PUTIGNANO","PUGLIA","BA","080","H096","99","26143"
"15032","BRESSO","LOMBARDIA","MI","02","B162","3","26172"
"72043","TERLIZZI","PUGLIA","BA","080","L109","68","26245"
"92003","ASSEMINI","SARDEGNA","CA","070","A474","118","26291"
"63008","BOSCOREALE","CAMPANIA","NA","081","B076","11","26309"
"72046","TRIGGIANO","PUGLIA","BA","080","L425","20","26321"
"71046","SAN GIOVANNI ROTONDO","PUGLIA","FG","0882","H926","260","26344"
"63072","SANT'ANASTASIA","CAMPANIA","NA","081","I262","19","26411"
"28003","ALBIGNASEGO","VENETO","PD","049","A161","21","26441"
"87017","GIARRE","SICILIA","CT","095","E017","27","26485"
"81008","ERICE","SICILIA","TP","0923","D423","47","26490"
"1082","CHIVASSO","PIEMONTE","TO","011","C665","51","26497"
"27019","JESOLO","VENETO","VE","0421","C388","96","26511"
"111009","CARBONIA","SARDEGNA","SU","0781","B745","146","26672"
"6174","TORTONA","PIEMONTE","AL","0131","L304","99","26713"
"61027","CASTEL VOLTURNO","CAMPANIA","CE","0823","C291","72","26737"
"15105","GARBAGNATE MILANESE","LOMBARDIA","MI","02","D912","9","26771"
"88011","SCICLI","SICILIA","RG","0932","I535","138","26822"
"47017","QUARRATA","TOSCANA","PT","0573","H109","46","26924"
"61053","ORTA DI ATELLA","CAMPANIA","CE","081","G130","11","26950"
"72021","GIOIA DEL COLLE","PUGLIA","BA","080","E038","206","26963"
"34014","FIDENZA","EMILIA-ROMAGNA","PR","0524","B034","95","26987"
"15036","BUCCINASCO","LOMBARDIA","MI","02","B240","12","27015"
"27024","MIRANO","VENETO","VE","041","F241","46","27159"
"10015","CHIAVARI","LIGURIA","GE","0185","C621","12","27244"
"26092","VITTORIO VENETO","VENETO","TV","0438","M089","83","27479"
"87007","BELPASSO","SICILIA","CT","095","A766","164","27546"
"26043","MOGLIANO VENETO","VENETO","TV","041","F269","46","27561"
"6114","NOVI LIGURE","PIEMONTE","AL","0143","F965","54","27683"
"60003","ALATRI","LAZIO","FR","0775","A123","97","27768"
"50032","SAN MINIATO","TOSCANA","PI","0571","I046","103","27785"
"27038","SPINEA","VENETO","VE","041","I908","15","27877"
"15168","PARABIAGO","LOMBARDIA","MI","0331","G324","14","27919"
"49007","CECINA","TOSCANA","LI","0586","C415","43","27982"
"54001","ASSISI","UMBRIA","PG","075","A475","187","28004"
"37053","SAN GIOVANNI IN PERSICETO","EMILIA-ROMAGNA","BO","051","G467","114","28048"
"87003","ACI CATENA","SICILIA","CT","095","A027","8","28160"
"63035","GRAGNANO","CAMPANIA","NA","081","E131","15","28293"
"1059","CARMAGNOLA","PIEMONTE","TO","011","B791","96","28399"
"110004","CANOSA DI PUGLIA","PUGLIA","BT","0883","B619","150","28422"
"82048","MISILMERI","SICILIA","PA","091","F246","69","28589"
"92068","SELARGIUS","SARDEGNA","CA","070","I580","27","28655"
"39007","CERVIA","EMILIA-ROMAGNA","RA","0544","C553","82","28774"
"52022","POGGIBONSI","TOSCANA","SI","0577","G752","71","28781"
"63032","FRATTAMAGGIORE","CAMPANIA","NA","081","D789","5","28828"
"61052","MONDRAGONE","CAMPANIA","CE","0823","F352","54","28915"
"10046","RAPALLO","LIGURIA","GE","0185","H183","34","29148"
"63043","MARIGLIANO","CAMPANIA","NA","081","E955","23","29182"
"17067","DESENZANO DEL GARDA","LOMBARDIA","BS","030","D284","60","29208"
"31012","MONFALCONE","FRIULI-VENEZIA GIULIA","GO","0481","F356","21","29233"
"50029","PONTEDERA","TOSCANA","PI","0587","G843","46","29270"
"42017","FABRIANO","MARCHE","AN","0732","D451","270","29484"
"4029","BRA","PIEMONTE","CN","0172","B111","60","29568"
"81006","CASTELVETRANO","SICILIA","TP","0924","C286","207","29855"
"103072","VERBANIA","PIEMONTE","VB","0323","L746","38","29954"
"88003","COMISO","SICILIA","RG","0932","C927","65","29978"
"49017","ROSIGNANO MARITTIMO","TOSCANA","LI","0586","H570","120","30138"
"63068","SAN GIUSEPPE VESUVIANO","CAMPANIA","NA","081","H931","14","30147"
"73012","MANDURIA","PUGLIA","TA","099","E882","178","30147"
"74012","OSTUNI","PUGLIA","BR","0831","G187","224","30276"
"83049","MILAZZO","SICILIA","ME","090","F206","24","30421"
"89002","AVOLA","SICILIA","SR","0931","A522","74","30503"
"16219","TREVIGLIO","LOMBARDIA","BG","0363","L400","32","30557"
"65135","SARNO","CAMPANIA","SA","081","I438","40","30590"
"82054","PARTINICO","SICILIA","PA","091","G348","110","30621"
"63087","VILLARICCA","CAMPANIA","NA","081","G309","7","30710"
"95038","ORISTANO","SARDEGNA","OR","0783","G113","85","30723"
"75052","NARDÒ","PUGLIA","LE","0833","F842","190","30775"
"50031","SAN GIULIANO TERME","TOSCANA","PI","050","A562","92","30915"
"54024","GUBBIO","UMBRIA","PG","075","E256","525","30923"
"73008","GROTTAGLIE","PUGLIA","TA","099","E205","102","30993"
"26046","MONTEBELLUNA","VENETO","TV","0423","F443","49","31129"
"4003","ALBA","PIEMONTE","CN","0173","A124","54","31250"
"37061","VALSAMOGGIA","EMILIA-ROMAGNA","BO","051","M320","178","31503"
"87024","MASCALUCIA","SICILIA","CT","095","F005","16","31628"
"102047","VIBO VALENTIA","CALABRIA","VV","0963","F537","46","31753"
"46005","CAMAIORE","TOSCANA","LU","0584","B455","85","31761"
"71028","LUCERA","PUGLIA","FG","0881","E716","339","31765"
"84017","FAVARA","SICILIA","AG","0922","D514","81","31821"
"39012","LUGO","EMILIA-ROMAGNA","RA","0545","E730","117","31934"
"61083","SANTA MARIA CAPUA VETERE","CAMPANIA","CE","0823","I234","16","31968"
"58122","FONTE NUOVA","LAZIO","RM","06","M309","20","32139"
"73015","MASSAFRA","PUGLIA","TA","099","F027","126","32168"
"63073","SANT'ANTIMO","CAMPANIA","NA","081","I293","6","32446"
"15002","ABBIATEGRASSO","LOMBARDIA","MI","02","A010","47","32476"
"15192","SAN DONATO MILANESE","LOMBARDIA","MI","02","H827","13","32545"
"70078","TERMOLI","MOLISE","CB","0875","L113","55","32560"
"6039","CASALE MONFERRATO","PIEMONTE","AL","0142","B885","86","32641"
"49012","PIOMBINO","TOSCANA","LI","0565","G687","130","32648"
"37054","SAN LAZZARO DI SAVENA","EMILIA-ROMAGNA","BO","051","H945","45","32665"
"1292","VENARIA REALE","PIEMONTE","TO","011","L727","20","32682"
"63005","ARZANO","CAMPANIA","NA","081","A455","5","32750"
"36006","CASTELFRANCO EMILIA","EMILIA-ROMAGNA","MO","059","C107","101","32908"
"23096","VILLAFRANCA DI VERONA","VENETO","VR","045","L949","57","33265"
"26012","CASTELFRANCO VENETO","VENETO","TV","0423","C111","51","33357"
"7003","AOSTA","VALLE D'AOSTA","AO","0165","A326","21","33523"
"63050","NOLA","CAMPANIA","NA","081","F924","39","33718"
"63079","SOMMA VESUVIANA","CAMPANIA","NA","081","I820","31","33881"
"65007","ANGRI","CAMPANIA","SA","081","A294","14","33889"
"87006","ADRANO","SICILIA","CT","095","A056","83","33926"
"31007","GORIZIA","FRIULI-VENEZIA GIULIA","GO","0481","E098","41","34087"
"19035","CREMA","LOMBARDIA","CR","0373","D142","35","34210"
"63048","MUGNANO DI NAPOLI","CAMPANIA","NA","081","F799","5","34388"
"69046","LANCIANO","ABRUZZO","CH","0872","E435","66","34410"
"84011","CANICATTÌ","SICILIA","AG","0922","B602","92","34446"
"65088","PAGANI","CAMPANIA","SA","081","G230","13","34474"
"26021","CONEGLIANO","VENETO","TV","0438","C957","36","34480"
"36015","FORMIGINE","EMILIA-ROMAGNA","MO","059","D711","47","34541"
"15093","CORSICO","LOMBARDIA","MI","02","D045","5","34601"
"91051","NUORO","SARDEGNA","NU","0784","F979","192","34660"
"84021","LICATA","SICILIA","AG","0922","E573","181","34671"
"108027","LIMBIATE","LOMBARDIA","MB","02","E591","12","34707"
"108012","BRUGHERIO","LOMBARDIA","MB","039","B212","10","34811"
"42034","OSIMO","MARCHE","AN","071","G157","105","34826"
"89001","AUGUSTA","SICILIA","SR","0931","A494","109","34857"
"99013","RICCIONE","EMILIA-ROMAGNA","RN","0541","H274","17","34942"
"15070","CERNUSCO SUL NAVIGLIO","LOMBARDIA","MI","02","C523","13","35012"
"38004","CENTO","EMILIA-ROMAGNA","FE","051","C469","65","35107"
"74008","FRANCAVILLA FONTANA","PUGLIA","BR","0831","D761","175","35324"
"60019","CASSINO","LAZIO","FR","0776","C034","83","35418"
"1191","PINEROLO","PIEMONTE","TO","0121","G674","50","35480"
"25006","BELLUNO","VENETO","BL","0437","A757","147","35522"
"78102","RENDE","CALABRIA","CS","0984","H235","55","35725"
"63011","CAIVANO","CAMPANIA","NA","081","B371","27","35908"
"1078","CHIERI","PIEMONTE","TO","011","C627","54","36001"
"37011","CASALECCHIO DI RENO","EMILIA-ROMAGNA","BO","051","B880","17","36052"
"15175","PIOLTELLO","LOMBARDIA","MI","02","G686","13","36147"
"109006","FERMO","MARCHE","FM","0734","D542","124","36168"
"63045","MELITO DI NAPOLI","CAMPANIA","NA","081","F111","4","36216"
"15027","BOLLATE","LOMBARDIA","MI","02","A940","13","36239"
"87011","CALTAGIRONE","SICILIA","CT","0933","B428","383","36241"
"59005","CISTERNA DI LATINA","LAZIO","LT","06","C740","143","36481"
"15205","SEGRATE","LOMBARDIA","MI","02","I577","17","36482"
"54051","SPOLETO","UMBRIA","PG","0743","I921","350","36914"
"72027","MODUGNO","PUGLIA","BA","080","F262","32","37002"
"1120","GRUGLIASCO","PIEMONTE","TO","011","E216","13","37201"
"61048","MADDALONI","CAMPANIA","CE","0823","E791","37","37221"
"59008","FORMIA","LAZIO","LT","0771","D708","74","37341"
"58029","CERVETERI","LAZIO","RM","06","C552","125","37504"
"65050","EBOLI","CAMPANIA","SA","0828","D390","137","37908"
"27023","MIRA","VENETO","VE","041","F229","99","37969"
"82049","MONREALE","SICILIA","PA","091","F377","529","38226"
"82021","CARINI","SICILIA","PA","091","B780","77","38405"
"18182","VOGHERA","LOMBARDIA","PV","0383","M109","63","38435"
"24100","SCHIO","VENETO","VI","0445","I531","67","38635"
"54013","CITTÀ DI CASTELLO","UMBRIA","PG","075","C745","388","38657"
"58118","CIAMPINO","LAZIO","RM","06","M272","11","38675"
"61049","MARCIANISE","CAMPANIA","CE","0823","E932","31","38740"
"12119","SARONNO","LOMBARDIA","VA","02","I441","11","38755"
"74007","FASANO","PUGLIA","BR","080","D508","129","38890"
"108019","CESANO MADERNO","LOMBARDIA","MB","0362","C566","11","38983"
"59007","FONDI","LAZIO","LT","0771","D662","142","39237"
"84041","SCIACCA","SICILIA","AG","0925","I533","190","39250"
"15195","SAN GIULIANO MILANESE","LOMBARDIA","MI","02","H930","31","39308"
"42021","JESI","MARCHE","AN","0731","E388","108","39440"
"13041","CANTÙ","LOMBARDIA","CO","031","B639","23","39469"
"58003","ALBANO LAZIALE","LAZIO","RM","06","A132","24","39672"
"63057","POMIGLIANO D'ARCO","CAMPANIA","NA","081","G812","11","39673"
"83005","BARCELLONA POZZO DI GOTTO","SICILIA","ME","090","A638","59","39945"
"22161","ROVERETO","TRENTINO-ALTO ADIGE","TN","0464","H612","51","39954"
"58116","LADISPOLI","LAZIO","RM","06","M212","26","40160"
"69099","VASTO","ABRUZZO","CH","0873","E372","71","40553"
"63083","TORRE ANNUNZIATA","CAMPANIA","NA","081","L245","7","40674"
"36040","SASSUOLO","EMILIA-ROMAGNA","MO","0536","I462","39","40722"
"63063","QUARTO","CAMPANIA","NA","081","H114","14","40819"
"21051","MERANO","TRENTINO-ALTO ADIGE","BZ","0473","F132","26","40900"
"43023","MACERATA","MARCHE","MC","0733","E783","93","41079"
"58065","MONTEROTONDO","LAZIO","RM","06","F611","40","41258"
"66006","AVEZZANO","ABRUZZO","AQ","0863","A515","104","41283"
"108023","DESIO","LOMBARDIA","MB","0362","D286","15","41646"
"27033","SAN DONÀ DI PIAVE","VENETO","VE","0421","H823","79","41807"
"15189","ROZZANO","LOMBARDIA","MI","02","H623","12","41844"
"43013","CIVITANOVA MARCHE","MARCHE","MC","0733","C770","46","41894"
"8031","IMPERIA","LIGURIA","IM","0183","E290","46","41941"
"90003","ALGHERO","SARDEGNA","SS","079","A192","224","42325"
"24012","BASSANO DEL GRAPPA","VENETO","VI","0424","A703","47","42527"
"72023","GRAVINA IN PUGLIA","PUGLIA","BA","080","E155","381","42895"
"96004","BIELLA","PIEMONTE","BI","015","A859","47","42943"
"63067","SAN GIORGIO A CREMANO","CAMPANIA","NA","081","H892","4","43230"
"42045","SENIGALLIA","MARCHE","AN","071","I608","116","44323"
"65078","NOCERA INFERIORE","CAMPANIA","SA","081","F912","21","44377"
"60038","FROSINONE","LAZIO","FR","0775","D810","47","44491"
"59032","TERRACINA","LAZIO","LT","0773","L120","136","44495"
"81001","ALCAMO","SICILIA","TP","0924","A176","131","44741"
"98031","LODI","LOMBARDIA","LO","0371","E648","41","44815"
"108039","SEREGNO","LOMBARDIA","MB","0362","I625","13","44843"
"50008","CASCINA","TOSCANA","PI","050","B950","79","45005"
"58057","MARINO","LAZIO","RM","06","E958","25","45321"
"2158","VERCELLI","PIEMONTE","VC","0161","L750","80","45425"
"57059","RIETI","LAZIO","RI","0746","H282","207","45907"
