"COD_ACC","COD_MAX","FLG_NUCLEO_INDIVIDUALE","FLG_GIORNI_IMPORTO","IMPORTO","GIORNI"
"0001","0016","N","I","250","0"
"0001","0004","N","G","0","3"
"0001","0018","N","G","0","10"
"0001","0007","N","I","300","0"
"0001","0011","N","I","150","0"
"0001","0046","N","I","100","0"
"0001","0060","N","G","0","3"
"0001","0021","N","I","100","0"
"0001","0030","N","I","50","0"
"0001","0099","N","I","150","0"
"0002","0001","N","I","30000","0"
"0002","0097","N","I","60000","0"
"0002","0015","N","I","1000","0"
"0002","0016","N","I","250","0"
"0002","0007","N","I","300","0"
"0002","0011","N","I","150","0"
"0002","0021","N","I","100","0"
"0002","0060","N","G","0","3"
"0002","0004","N","G","0","3"
"0002","0099","N","I","150","0"
"0002","0030","N","I","50","0"
"0002","0018","N","G","0","10"
"0002","0046","N","I","100","0"
"0003","0251","I","G","0","3"
"0003","0252","N","G","0","999"
"0004","0251","I","G","0","3"
"0004","0252","I","G","0","999"
"0005","0001","N","I","90000","0"
"0005","0040","N","I","180000","0"
"0005","0117","N","I","1549","0"
"0005","0118","N","I","2582","0"
"0005","0004","I","I","490","0"
"0005","0015","N","I","10000","0"
"0005","0016","N","I","2200","0"
"0005","0256","N","I","1033","0"
"0005","0039","I","I","200","0"
"0005","0071","N","I","7750","0"
"0005","0018","N","G","0","70"
"0005","0007","N","I","3000","0"
"0005","0011","N","I","800","0"
"0005","0009","N","I","10000","0"
"0005","0099","N","I","1500","0"
"0005","0047","N","I","258","0"
"0005","0030","I","I","50","0"
"0005","0021","N","I","1000","0"
"0005","0050","N","I","258","0"
"0005","0250","N","I","500","0"
"0005","0186","N","I","258","0"
"0005","0255","I","I","2080","0"
"0005","0022","N","I","1300","0"
"0005","0032","N","I","6000","0"
"0012","0001","N","I","90000","0"
"0012","0004","I","I","490","0"
"0012","0007","N","I","3000","0"
"0012","0009","N","I","10000","0"
"0012","0011","N","I","800","0"
"0012","0015","N","I","10000","0"
"0012","0016","N","I","2200","0"
"0012","0018","N","G","0","70"
"0012","0030","I","I","50","0"
"0012","0040","N","I","180000","0"
"0012","0047","N","I","258","0"
"0012","0050","N","I","258","0"
"0012","0071","N","I","7750","0"
"0012","0099","N","I","1500","0"
"0012","0117","N","I","1549","0"
"0012","0118","N","I","2582","0"
"0012","0186","N","I","258","0"
"0012","0250","N","I","500","0"
"0012","0255","I","I","2080","0"
"0013","0001","N","I","150000","0"
"0013","0040","N","I","300000","0"
"0013","0015","N","I","8000","0"
"0013","0016","N","I","4000","0"
"0013","0018","I","G","0","120"
"0007","0001","N","I","90000","0"
"0007","0004","I","I","490","0"
"0007","0007","N","I","3000","0"
"0007","0009","N","I","10000","0"
"0007","0011","N","I","800","0"
"0007","0015","N","I","10000","0"
"0007","0016","N","I","2200","0"
"0007","0018","N","G","0","70"
"0007","0030","I","I","50","0"
"0007","0040","N","I","180000","0"
"0007","0047","N","I","258","0"
"0007","0050","N","I","258","0"
"0007","0071","N","I","7750","0"
"0007","0099","N","I","1500","0"
"0007","0117","N","I","1549","0"
"0007","0118","N","I","2582","0"
"0007","0186","N","I","258","0"
"0007","0250","N","I","500","0"
"0007","0255","I","I","2080","0"
"0007","0022","N","I","1300","0"
"0007","0032","N","I","6000","0"
"0007","0039","I","I","200","0"
"0007","0256","N","I","1033","0"
"0008","0001","N","I","90000","0"
"0008","0004","I","I","490","0"
"0008","0009","N","I","10000","0"
"0008","0011","N","I","800","0"
"0008","0015","N","I","10000","0"
"0008","0016","N","I","2200","0"
"0008","0018","N","G","0","70"
"0008","0022","N","I","1300","0"
"0008","0032","N","I","6000","0"
"0008","0039","I","I","200","0"
"0008","0040","N","I","180000","0"
"0008","0047","N","I","258","0"
"0008","0050","N","I","258","0"
"0008","0071","N","I","7750","0"
"0008","0099","N","I","1500","0"
"0008","0117","N","I","1549","0"
"0008","0118","N","I","2582","0"
"0008","0255","I","I","2080","0"
"0008","0256","N","I","1033","0"
"0009","0001","N","I","90000","0"
"0009","0004","I","I","490","0"
"0009","0007","N","I","3000","0"
"0009","0009","N","I","10000","0"
"0009","0011","N","I","800","0"
"0009","0015","N","I","10000","0"
"0009","0016","N","I","2200","0"
"0009","0018","N","G","0","70"
"0009","0030","I","I","50","0"
"0009","0040","N","I","180000","0"
"0009","0047","N","I","258","0"
"0009","0050","N","I","258","0"
"0009","0071","N","I","7750","0"
"0009","0099","N","I","1500","0"
"0009","0117","N","I","1549","0"
"0009","0118","N","I","2582","0"
"0009","0186","N","I","258","0"
"0009","0250","N","I","500","0"
"0009","0255","I","I","2080","0"
"0009","0022","N","I","1300","0"
"0009","0032","N","I","6000","0"
"0009","0039","I","I","200","0"
"0009","0256","N","I","1033","0"
"0010","0001","N","I","90000","0"
"0010","0040","N","I","180000","0"
"0010","0018","N","G","0","70"
"0010","0255","I","I","2080","0"
"0010","0071","N","I","7750","0"
"0010","0015","N","I","10000","0"
"0010","0016","N","I","2200","0"
"0010","0009","N","I","10000","0"
"0010","0007","N","I","3000","0"
"0010","0011","N","I","800","0"
"0010","0186","N","I","258","0"
"0010","0250","N","I","500","0"
"0010","0047","N","I","258","0"
"0010","0004","I","I","490","0"
"0010","0099","N","I","1500","0"
"0010","0030","I","I","50","0"
"0010","0117","N","I","1549","0"
"0010","0118","N","I","2582","0"
"0010","0050","N","I","258","0"
"0011","0001","N","I","90000","0"
"0011","0004","I","I","490","0"
"0011","0007","N","I","3000","0"
"0011","0009","N","I","10000","0"
"0011","0011","N","I","800","0"
"0011","0015","N","I","10000","0"
"0011","0016","N","I","2200","0"
"0011","0018","N","G","0","70"
"0011","0030","I","I","50","0"
"0011","0040","N","I","180000","0"
"0011","0047","N","I","258","0"
"0011","0050","N","I","258","0"
"0011","0071","N","I","7750","0"
"0011","0099","N","I","1500","0"
"0011","0117","N","I","1549","0"
"0011","0118","N","I","2582","0"
"0011","0186","N","I","258","0"
"0011","0250","N","I","500","0"
"0011","0255","I","I","2080","0"
"0013","0117","I","I","500","0"
"0013","0118","I","I","1000","0"
"0013","0004","I","G","0","10"
"0013","0255","I","I","2000","0"
"0013","0257","I","I","5000","0"
"0013","0007","N","I","5000","0"
"0013","0031","I","I","4000","0"
"0013","0258","I","I","2400","0"
"0013","0065","N","I","250","0"
"0013","0259","N","I","300","0"
"0013","0011","N","I","1250","0"
"0013","0260","I","I","500","0"
"0014","0001","N","I","30000","0"
"0014","0004","N","G","0","3"
"0014","0007","N","I","300","0"
"0014","0011","N","I","150","0"
"0014","0015","N","I","1000","0"
"0014","0016","N","I","250","0"
"0014","0018","N","G","0","10"
"0014","0021","N","I","10000","0"
"0014","0030","N","I","50","0"
"0014","0046","N","I","250","0"
"0014","0060","N","G","0","3"
"0014","0097","N","I","60000","0"
"0014","0099","N","I","150","0"
"0013","0262","N","G","0","30"
"0013","0019","N","I","2000","0"
"0013","0097","I","I","150000","0"
"0013","0091","I","I","75000","0"
"0013","0263","I","I","2500","0"
"0013","0249","I","I","150","0"
"0013","0032","I","I","2500","0"
"0013","0022","I","I","500","0"
"0013","0264","I","I","500","0"
"0013","0265","I","I","250","0"
"0013","0056","N","I","3500","0"
"0013","0092","I","I","300000","0"
"0013","0096","I","I","150000","0"
"0013","0192","I","I","7000","0"
"0013","0193","I","I","3500","0"
"0013","0024","I","G","0","90"
"0013","0266","I","I","300","0"
"0013","0043","I","I","5000","0"
"0013","0027","I","I","1500","0"
"0001","0097","N","I","60000","0"
"0001","0001","N","I","30000","0"
"0001","0015","N","I","1000","0"
"0166","0215","I","I","1200","0"
"0166","0101","I","I","4000","0"
"0166","0268","I","I","20000","0"
"0172","0001","N","I","30000","0"
"0172","0004","N","G","0","3"
"0172","0007","N","I","300","0"
"0172","0011","N","I","150","0"
"0172","0015","N","I","1000","0"
"0172","0016","N","I","250","0"
"0172","0018","N","G","0","10"
"0172","0021","N","I","10000","0"
"0172","0030","N","I","50","0"
"0172","0046","N","I","250","0"
"0172","0060","N","G","0","3"
"0172","0097","N","I","60000","0"
"0172","0099","N","I","150","0"
"0176","0001","N","I","500000","0"
"0176","0002","N","I","1000","0"
"0176","0004","N","G","0","30"
"0176","0007","N","I","6500","0"
"0176","0019","N","I","4000","0"
"0176","0026","N","I","2583","0"
"0176","0212","N","G","0","150"
"0176","0359","N","I","2500","0"
"0028","0001","N","I","51646","0"
"0028","0011","N","I","2582","0"
"0028","0016","I","I","1808","0"
"0028","0018","I","G","0","120"
"0028","0021","N","I","1549","0"
"0028","0030","N","I","258","0"
"0028","0031","N","I","775","0"
"0028","0040","N","I","103291","0"
"0028","0079","N","I","20658.2","0"
"0028","0091","N","I","103291","0"
"0028","0092","N","I","154937","0"
"0028","0101","N","I","2582","0"
"0028","0126","N","I","3000","0"
"0028","0147","N","I","1500","0"
"0028","0238","I","G","0","30"
"0028","0304","N","I","10329.2","0"
"0166","0212","I","G","0","100"
"0168","0001","N","I","999999","0"
"0168","0004","N","G","0","30"
"0168","0032","N","I","7230.4","0"
"0168","0036","N","I","15493.71","0"
"0168","0060","N","G","0","180"
"0168","0067","N","I","7230.4","0"
"0179","0001","N","I","500000","0"
"0179","0004","N","I","1000","0"
"0179","0007","N","I","12000","0"
"0179","0016","I","I","5000","0"
"0179","0019","N","I","4000","0"
"0179","0021","N","I","3500","0"
"0179","0031","N","I","1000","0"
"0179","0032","N","I","10000","0"
"0179","0036","N","I","2500","0"
"0179","0045","N","I","2000","0"
"0179","0046","N","I","1100","0"
"0179","0050","N","I","500","0"
"0179","0054","N","I","1000","0"
"0179","0055","I","I","10000","0"
"0179","0058","N","I","2500","0"
"0179","0062","N","I","350","0"
"0179","0067","N","I","3000","0"
"0179","0071","N","I","10000","0"
"0179","0074","N","I","250","0"
"0179","0126","N","I","6500","0"
"0179","0130","N","I","2500","0"
"0179","0147","N","I","2000","0"
"0179","0166","N","I","1800","0"
"0179","0176","N","I","7500","0"
"0179","0206","I","I","400","0"
"0179","0212","N","G","0","90"
"0179","0233","N","I","1000","0"
"0179","0255","N","I","1000","0"
"0179","0322","I","I","350","0"
"0179","0323","N","I","150","0"
"0217","0245","N","I","130000","0"
"0217","0280","N","I","260000","0"
"0217","0170","N","I","1800","0"
"0217","0313","N","I","1600","0"
"0217","0296","N","I","260","0"
"0217","0089","N","I","775","0"
"0016","0001","I","I","500000","0"
"0016","0268","I","I","25000","0"
"0016","0211","N","I","5000","0"
"0016","0055","I","I","7500","0"
"0016","0016","I","I","2500","0"
"0016","0229","I","I","3000","0"
"0026","0001","N","I","51646","0"
"0026","0002","N","I","10329.2","0"
"0026","0011","N","I","2582","0"
"0026","0016","I","I","1808","0"
"0026","0018","I","G","0","120"
"0026","0021","N","I","1549","0"
"0026","0030","N","I","258","0"
"0026","0031","N","I","775","0"
"0026","0040","N","I","103291","0"
"0026","0051","N","I","129","0"
"0026","0079","N","I","20658.2","0"
"0026","0091","N","I","103291","0"
"0026","0092","N","I","154937","0"
"0026","0101","N","I","2582","0"
"0026","0126","N","I","3000","0"
"0026","0147","N","I","1500","0"
"0026","0238","I","G","0","30"
"0026","0255","I","I","1032.91","0"
"0026","0304","N","I","10329.2","0"
"0027","0001","N","I","51646","0"
"0027","0002","N","I","10329.2","0"
"0027","0011","N","I","2582","0"
"0027","0016","I","I","1808","0"
"0027","0018","I","G","0","120"
"0027","0021","N","I","1549","0"
"0027","0030","N","I","258","0"
"0027","0031","N","I","775","0"
"0027","0040","N","I","103291","0"
"0027","0051","N","I","129","0"
"0027","0079","N","I","20658.2","0"
"0027","0091","N","I","103291","0"
"0027","0092","N","I","154937","0"
"0027","0101","N","I","2582","0"
"0027","0126","N","I","3000","0"
"0027","0147","N","I","1500","0"
"0027","0238","I","G","0","30"
"0027","0255","I","I","1032.91","0"
"0027","0304","N","I","10329.2","0"
"0034","0039","N","I","70","0"
"0034","0146","N","I","25000","0"
"0034","0092","N","I","50000","0"
"0098","0051","N","I","250","0"
"0098","0053","N","I","20000","0"
"0098","0070","N","I","8000","0"
"0098","0076","N","I","1000","0"
"0098","0097","N","I","208000","0"
"0098","0108","N","I","10000","0"
"0098","0113","N","I","104000","0"
"0098","0135","N","I","350000","0"
"0098","0203","N","I","3000","0"
"0098","0209","N","I","350000","0"
"0098","0310","N","I","15000","0"
"0098","0313","N","I","3000","0"
"0098","0049","N","I","1800","0"
"0098","0089","N","I","775","0"
"0098","0091","N","I","130000","0"
"0098","0092","N","I","260000","0"
"0098","0105","N","I","1600","0"
"0098","0296","N","I","260","0"
"0098","0067","N","I","1050","0"
"0098","0234","N","I","775","0"
"0098","0298","N","I","260","0"
"0098","0033","N","I","500","0"
"0098","0043","N","I","10000","0"
"0098","0046","N","I","1000","0"
"0098","0122","N","I","1500","0"
"0154","0001","N","I","51646","0"
"0154","0011","N","I","2582","0"
"0154","0016","I","I","1808","0"
"0154","0018","I","G","0","120"
"0154","0021","N","I","1549","0"
"0154","0030","N","I","258","0"
"0154","0031","N","I","775","0"
"0154","0040","N","I","103291","0"
"0154","0079","N","I","20658.2","0"
"0154","0091","N","I","103291","0"
"0154","0092","N","I","154937","0"
"0154","0101","N","I","2582","0"
"0154","0126","N","I","3000","0"
"0154","0147","N","I","1500","0"
"0154","0238","I","G","0","30"
"0154","0304","N","I","10329.2","0"
"0155","0001","N","I","51646","0"
"0155","0002","N","I","10329.2","0"
"0155","0011","N","I","2582","0"
"0155","0016","I","I","1808","0"
"0155","0018","I","G","0","120"
"0155","0021","N","I","1549","0"
"0155","0030","N","I","258","0"
"0155","0031","N","I","775","0"
"0155","0040","N","I","103291","0"
"0155","0051","N","I","129","0"
"0155","0079","N","I","20658.2","0"
"0155","0091","N","I","103291","0"
"0155","0092","N","I","154937","0"
"0155","0101","N","I","2582","0"
"0155","0126","N","I","3000","0"
"0155","0147","N","I","1500","0"
"0155","0238","I","G","0","30"
"0155","0255","I","I","1032.91","0"
"0155","0304","N","I","10329.2","0"
"0157","0001","N","I","51646","0"
"0157","0011","N","I","2582","0"
"0157","0016","I","I","1808","0"
"0157","0018","I","G","0","120"
"0157","0021","N","I","1549","0"
"0157","0030","N","I","258","0"
"0157","0031","N","I","775","0"
"0157","0040","N","I","103291","0"
"0157","0079","N","I","20658.2","0"
"0157","0091","N","I","103291","0"
"0157","0092","N","I","154937","0"
"0157","0101","N","I","2582","0"
"0157","0126","N","I","3000","0"
"0157","0147","N","I","1500","0"
"0157","0238","I","G","0","30"
"0157","0304","N","I","10329.2","0"
"0016","0269","I","I","3000","0"
"0022","0282","N","I","1500","0"
"0022","0007","N","I","5000","0"
"0022","0019","N","I","3000","0"
"0022","0046","N","I","1500","0"
"0022","0283","N","I","4500","0"
"0022","0284","N","I","5000","0"
"0022","0285","N","I","3500","0"
"0022","0286","N","I","4500","0"
"0022","0287","N","I","3500","0"
"0022","0288","N","I","3000","0"
"0022","0289","N","I","3000","0"
"0022","0290","N","I","1500","0"
"0022","0291","N","I","1500","0"
"0019","0091","N","I","130000","0"
"0019","0092","N","I","260000","0"
"0019","0049","N","I","1800","0"
"0019","0105","N","I","1600","0"
"0019","0296","N","I","260","0"
"0019","0089","N","I","775","0"
"0109","0135","N","I","999999","0"
"0109","0302","N","I","1040","0"
"0109","0303","N","I","1040","0"
"0008","0030","I","I","50","0"
"0008","0186","N","I","258","0"
"0008","0250","N","I","500","0"
"0217","0150","N","I","155000","0"
"0217","0092","N","I","310000","0"
"0217","0311","N","I","1000","0"
"0217","0312","N","I","1000","0"
"0217","0053","N","I","5150","0"
"0217","0028","N","I","2600","0"
"0217","0308","N","I","2600","0"
"0217","0095","N","I","500","0"
"0217","0279","N","I","500","0"
"0098","0253","N","I","3000","0"
"0098","0254","N","I","3000","0"
"0185","0001","N","I","250000","0"
"0185","0003","N","I","2600","0"
"0185","0004","N","G","0","45"
"0185","0009","N","I","5000","0"
"0185","0011","N","I","2600","0"
"0185","0015","I","I","9000","0"
"0185","0016","I","I","3500","0"
"0185","0018","N","G","0","120"
"0185","0021","N","I","750","0"
"0185","0036","N","I","1300","0"
"0185","0040","N","I","500000","0"
"0185","0046","N","I","1050","0"
"0185","0060","N","G","0","60"
"0185","0099","N","I","2600","0"
"0185","0101","N","I","8000","0"
"0185","0108","N","I","7500","0"
"0185","0183","N","I","520","0"
"0185","0184","N","I","650","0"
"0185","0293","N","I","550","0"
"0185","0294","N","I","400","0"
"0185","0295","N","I","300","0"
"0185","0297","I","I","6000","0"
"0189","0001","N","I","51646","0"
"0189","0002","N","I","10329.2","0"
"0189","0011","N","I","2582","0"
"0189","0016","I","I","1808","0"
"0189","0018","I","G","0","120"
"0189","0021","N","I","1549","0"
"0189","0030","N","I","258","0"
"0189","0031","N","I","775","0"
"0189","0040","N","I","103291","0"
"0189","0051","N","I","129","0"
"0189","0079","N","I","20658.2","0"
"0189","0091","N","I","103291","0"
"0189","0092","N","I","154937","0"
"0189","0101","N","I","2582","0"
"0189","0126","N","I","3000","0"
"0189","0147","N","I","1500","0"
"0189","0238","I","G","0","30"
"0189","0255","I","I","1032.91","0"
"0189","0304","N","I","10329.2","0"
"0190","0001","N","I","51646","0"
"0190","0002","N","I","10329.2","0"
"0190","0011","N","I","2582","0"
"0190","0016","I","I","1808","0"
"0190","0018","I","G","0","120"
"0190","0021","N","I","1549","0"
"0190","0030","N","I","258","0"
"0190","0031","N","I","775","0"
"0190","0040","N","I","103291","0"
"0190","0051","N","I","129","0"
"0190","0079","N","I","20658.2","0"
"0190","0091","N","I","103291","0"
"0190","0092","N","I","154937","0"
"0190","0101","N","I","2582","0"
"0190","0126","N","I","3000","0"
"0190","0147","N","I","1500","0"
"0190","0238","I","G","0","30"
"0190","0255","N","I","1032.91","0"
"0190","0304","N","I","10329.2","0"
"0191","0001","N","I","51646","0"
"0191","0002","N","I","10329.2","0"
"0191","0011","N","I","2582","0"
"0191","0016","I","I","1808","0"
"0191","0018","I","G","0","120"
"0191","0021","N","I","1549","0"
"0191","0030","N","I","258","0"
"0191","0031","N","I","775","0"
"0191","0040","N","I","103291","0"
"0191","0051","N","I","129","0"
"0191","0074","N","I","300","0"
"0191","0079","N","I","20658.2","0"
"0191","0091","N","I","103291","0"
"0191","0092","N","I","154937","0"
"0191","0101","N","I","2582","0"
"0191","0126","N","I","3000","0"
"0191","0147","N","I","1500","0"
"0191","0238","I","G","0","30"
"0191","0255","I","I","1032.91","0"
"0191","0304","N","I","10329.2","0"
"0192","0001","N","I","51646","0"
"0192","0002","N","I","10329.2","0"
"0192","0011","N","I","2582","0"
"0192","0016","I","I","1808","0"
"0192","0018","I","G","0","120"
"0192","0021","N","I","1549","0"
"0192","0030","N","I","258","0"
"0192","0031","N","I","775","0"
"0192","0040","N","I","103291","0"
"0192","0051","N","I","129","0"
"0192","0079","N","I","20658.2","0"
"0192","0091","N","I","103291","0"
"0192","0092","N","I","154937","0"
"0192","0101","N","I","2582","0"
"0192","0126","N","I","3000","0"
"0192","0147","N","I","1500","0"
"0192","0238","I","G","0","30"
"0192","0304","N","I","10329.2","0"
"0016","0272","N","I","10000","0"
"0054","0004","N","G","0","30"
"0054","0016","I","I","3000","0"
"0054","0009","N","I","10000","0"
"0054","0099","N","I","2000","0"
"0054","0007","N","I","2500","0"
"0054","0011","N","I","1000","0"
"0054","0206","N","I","250","0"
"0054","0021","N","I","1000","0"
"0108","0001","N","I","300000","0"
"0108","0007","N","I","5000","0"
"0108","0009","N","I","5000","0"
"0108","0016","I","I","3500","0"
"0108","0018","N","G","0","60"
"0108","0019","N","I","500","0"
"0108","0032","N","I","7000","0"
"0108","0040","N","I","500000","0"
"0108","0043","N","I","10000","0"
"0108","0058","N","I","1500","0"
"0108","0060","N","I","1000","0"
"0108","0067","N","I","750","0"
"0108","0072","N","I","2000","0"
"0108","0089","N","I","1500","0"
"0108","0094","N","I","1500","0"
"0108","0101","N","I","2000","0"
"0108","0108","N","I","7000","0"
"0108","0122","N","I","2000","0"
"0108","0124","N","I","2500","0"
"0108","0130","N","I","1000","0"
"0108","0138","N","I","10000","0"
"0108","0147","N","I","3000","0"
"0108","0212","N","I","3000","0"
"0108","0213","N","I","3000","0"
"0108","0261","N","I","1000","0"
"0108","0264","N","I","2000","0"
"0108","0337","N","I","5000","0"
"0108","0339","N","I","6000","0"
"0108","0340","N","I","10000","0"
"0108","0341","N","I","10000","0"
"0137","0001","N","I","51646","0"
"0137","0002","N","I","10329.2","0"
"0137","0007","N","I","2582","0"
"0137","0011","N","I","1200","0"
"0137","0016","I","I","1808","0"
"0137","0021","N","I","1200","0"
"0137","0027","N","I","400","0"
"0137","0030","N","I","129","0"
"0137","0031","N","I","400","0"
"0137","0032","N","I","1000","0"
"0137","0039","N","I","70","0"
"0137","0040","N","I","103291","0"
"0137","0091","N","I","999999","0"
"0137","0092","N","I","50000","0"
"0137","0099","N","I","1500","0"
"0137","0146","N","I","25000","0"
"0137","0222","N","I","200","0"
"0137","0225","N","I","3000","0"
"0137","0304","N","I","10329.2","0"
"0084","0314","I","I","1000","0"
"0084","0315","I","I","1000","0"
"0169","0252","I","G","0","999"
"0170","0252","I","G","0","999"
"0203","0136","N","I","9497.47","0"
"0203","0156","N","I","9497.47","0"
"0203","0161","N","I","2316.5","0"
"0203","0379","N","I","1025","0"
"0204","0001","N","I","615000","0"
"0204","0015","I","I","20500","0"
"0204","0016","I","I","12300","0"
"0204","0018","N","I","6150","0"
"0204","0097","N","I","1127500","0"
"0204","0099","I","I","5125","0"
"0204","0116","N","I","2665","0"
"0204","0124","N","I","3690","0"
"0204","0161","N","I","2316.5","0"
"0204","0215","N","I","1332.5","0"
"0204","0253","N","I","1353","0"
"0204","0254","N","I","1353","0"
"0204","0379","N","I","1025","0"
"0202","0041","N","I","500","0"
"0202","0009","N","I","5000","0"
"0204","0378","N","I","1230","0"
"0204","0133","N","I","3690","0"
"0179","0108","N","I","20000","0"
"0179","0028","N","I","2400","0"
"0179","0087","N","I","300","0"
"0066","0017","N","G","0","30"
"0066","0212","N","G","0","150"
"0066","0002","N","I","1000","0"
"0066","0026","N","I","2583","0"
"0066","0004","N","G","0","30"
"0066","0101","N","I","6500","0"
"0066","0008","N","I","259","0"
"0066","0009","N","I","5165","0"
"0066","0019","N","I","4000","0"
"0066","0020","N","I","500","0"
"0066","0050","N","I","700","0"
"0066","0051","N","I","500","0"
"0066","0021","N","I","2583","0"
"0066","0023","I","I","350","0"
"0204","0302","N","I","1230","0"
"0204","0303","N","I","1230","0"
"0204","0320","N","I","2460","0"
"0204","0122","N","I","7380","0"
"0204","0144","N","I","7380","0"
"0178","0380","N","I","500","0"
"0025","0018","I","G","0","120"
"0025","0238","I","G","0","30"
"0041","0176","N","I","7500","0"
"0041","0032","N","I","10000","0"
"0041","0130","N","I","2500","0"
"0041","0062","N","I","350","0"
"0041","0045","N","I","2000","0"
"0049","0329","I","I","3000","0"
"0049","0187","N","I","3615.2","0"
"0049","0036","N","I","2700","0"
"0049","0222","N","I","500","0"
"0049","0330","N","I","130000","0"
"0060","0021","N","I","1000","0"
"0060","0076","N","I","1500","0"
"0060","0322","N","I","250","0"
"0016","0007","I","I","12000","0"
"0015","0038","I","I","800","0"
"0015","0031","I","I","600","0"
"0017","0001","N","I","250000","0"
"0017","0274","N","I","5000","0"
"0017","0268","N","I","15000","0"
"0036","0001","N","I","200000","0"
"0036","0040","N","I","350000","0"
"0036","0010","N","I","2000","0"
"0036","0016","N","I","6000","0"
"0036","0253","N","I","2000","0"
"0036","0254","N","I","2000","0"
"0036","0211","N","I","1800","0"
"0036","0147","N","I","2600","0"
"0036","0212","I","G","0","150"
"0036","0007","N","I","10000","0"
"0036","0019","N","I","3000","0"
"0036","0021","N","I","2000","0"
"0036","0085","N","I","300","0"
"0036","0046","N","I","1100","0"
"0036","0009","N","I","7000","0"
"0038","0135","N","I","250000","0"
"0036","0074","N","I","250","0"
"0036","0217","N","I","6000","0"
"0038","0092","N","I","500000","0"
"0038","0108","N","I","7000","0"
"0046","0004","N","G","0","40"
"0078","0001","N","I","50000","0"
"0078","0002","N","I","1000","0"
"0078","0004","N","I","500","0"
"0078","0007","N","I","5000","0"
"0078","0011","N","I","1500","0"
"0078","0015","N","I","7000","0"
"0078","0016","N","I","3000","0"
"0078","0021","I","I","500","0"
"0078","0024","N","G","0","100"
"0078","0031","N","I","500","0"
"0078","0040","N","I","100000","0"
"0162","0021","N","I","1000","0"
"0147","0074","N","I","300","0"
"0098","0327","N","I","650","0"
"0019","0113","N","I","104000","0"
"0019","0097","N","I","208000","0"
"0019","0067","N","I","1050","0"
"0019","0234","N","I","775","0"
"0019","0298","N","I","260","0"
"0054","0060","N","G","0","30"
"0054","0015","N","I","10000","0"
"0098","0346","N","I","700","0"
"0171","0001","N","I","30000","0"
"0171","0004","N","G","0","3"
"0171","0007","N","I","300","0"
"0171","0011","N","I","150","0"
"0171","0015","N","I","1000","0"
"0171","0016","N","I","250","0"
"0171","0018","N","G","0","10"
"0171","0021","N","I","100","0"
"0171","0030","N","I","50","0"
"0171","0046","N","I","100","0"
"0171","0060","N","G","0","3"
"0171","0097","N","I","60000","0"
"0171","0099","N","I","150","0"
"0173","0380","I","I","500","0"
"0180","0001","N","I","615000","0"
"0180","0097","N","I","999999","0"
"0180","0016","I","I","12300","0"
"0180","0015","I","I","20500","0"
"0180","0099","I","I","5125","0"
"0180","0019","N","I","4234.95","0"
"0180","0067","N","I","8478.1","0"
"0180","0130","N","I","11116.74","0"
"0180","0166","N","I","13234.21","0"
"0180","0021","N","I","5295.15","0"
"0180","0036","N","I","10586.2","0"
"0180","0045","N","I","13763.7","0"
"0180","0054","N","I","16412.3","0"
"0180","0215","N","I","1332.5","0"
"0180","0378","N","I","1230","0"
"0180","0116","N","I","2665","0"
"0180","0253","N","I","1353","0"
"0180","0254","N","I","1353","0"
"0180","0018","N","I","6150","0"
"0017","0031","I","I","500","0"
"0017","0038","I","I","700","0"
"0017","0267","I","I","90","0"
"0017","0030","I","I","300","0"
"0017","0024","I","G","0","365"
"0098","0001","N","I","155000","0"
"0098","0007","N","I","5150","0"
"0098","0009","N","I","7000","0"
"0098","0016","N","I","5000","0"
"0098","0019","N","I","2600","0"
"0098","0040","N","I","310000","0"
"0098","0041","N","G","0","30"
"0098","0055","N","I","10000","0"
"0098","0060","N","I","1550","0"
"0098","0064","N","I","2600","0"
"0098","0095","N","I","500","0"
"0098","0277","N","I","10000","0"
"0098","0279","N","I","420","0"
"0098","0292","N","I","500","0"
"0098","0066","N","I","220","0"
"0098","0073","N","I","6000","0"
"0098","0115","N","I","3100","0"
"0098","0139","N","I","1800","0"
"0098","0316","N","I","1500","0"
"0164","0022","N","I","1300","0"
"0164","0032","N","I","6000","0"
"0164","0039","I","I","200","0"
"0164","0256","N","I","1033","0"
"0166","0001","I","I","250000","0"
"0193","0001","N","I","500000","0"
"0193","0004","N","I","1000","0"
"0193","0007","N","I","10000","0"
"0193","0016","I","I","3500","0"
"0193","0019","N","I","4000","0"
"0193","0021","N","I","3000","0"
"0193","0030","I","I","500","0"
"0193","0047","N","I","250","0"
"0193","0050","N","I","1300","0"
"0193","0055","I","I","7000","0"
"0193","0058","N","I","2500","0"
"0193","0060","N","I","500","0"
"0193","0126","N","I","5000","0"
"0193","0147","N","I","1500","0"
"0193","0185","N","I","1000","0"
"0193","0212","N","G","0","150"
"0193","0215","N","I","1000","0"
"0193","0317","N","I","5000","0"
"0193","0320","N","I","1200","0"
"0194","0001","N","I","51646","0"
"0194","0002","N","I","10329.2","0"
"0194","0011","N","I","2582","0"
"0194","0016","I","I","1808","0"
"0194","0018","I","G","0","120"
"0194","0021","N","I","1549","0"
"0194","0030","N","I","258","0"
"0194","0031","N","I","775","0"
"0194","0040","N","I","103291","0"
"0194","0051","N","I","129","0"
"0194","0079","N","I","20658.2","0"
"0194","0091","N","I","103291","0"
"0194","0092","N","I","154937","0"
"0194","0101","N","I","2582","0"
"0194","0126","N","I","3000","0"
"0194","0147","N","I","1500","0"
"0194","0238","I","G","0","30"
"0194","0304","N","I","10329.2","0"
"0195","0001","N","I","51646","0"
"0195","0002","N","I","10329.2","0"
"0195","0011","N","I","2582","0"
"0195","0016","I","I","1808","0"
"0195","0018","I","G","0","120"
"0195","0021","N","I","1549","0"
"0195","0030","N","I","258","0"
"0195","0031","N","I","775","0"
"0195","0040","N","I","103291","0"
"0195","0051","N","I","129","0"
"0195","0074","N","I","300","0"
"0195","0079","N","I","20658.2","0"
"0195","0091","N","I","103291","0"
"0195","0092","N","I","154937","0"
"0195","0101","N","I","2582","0"
"0195","0126","N","I","3000","0"
"0195","0147","N","I","1500","0"
"0195","0238","I","G","0","30"
"0195","0304","N","I","10329.2","0"
"0196","0001","N","I","51646","0"
"0196","0002","N","I","10329.2","0"
"0196","0011","N","I","2582","0"
"0196","0016","I","I","1808","0"
"0196","0018","I","G","0","120"
"0196","0021","N","I","1549","0"
"0196","0030","N","I","258","0"
"0196","0031","N","I","775","0"
"0196","0040","N","I","103291","0"
"0196","0051","N","I","129","0"
"0196","0079","N","I","20658.2","0"
"0196","0091","N","I","103291","0"
"0196","0092","N","I","154937","0"
"0196","0101","N","I","2582","0"
"0196","0126","N","I","3000","0"
"0196","0147","N","I","1500","0"
"0196","0238","I","G","0","30"
"0196","0304","N","I","10329.2","0"
"0197","0001","N","I","51646","0"
"0197","0011","N","I","2582","0"
"0197","0016","I","I","1808","0"
"0197","0018","I","G","0","120"
"0197","0021","N","I","1549","0"
"0197","0030","N","I","258","0"
"0197","0031","N","I","775","0"
"0197","0040","N","I","103291","0"
"0197","0079","N","I","20658.2","0"
"0197","0091","N","I","103291","0"
"0197","0092","N","I","154937","0"
"0197","0101","N","I","2582","0"
"0197","0126","N","I","3000","0"
"0197","0147","N","I","1500","0"
"0197","0238","I","G","0","30"
"0197","0304","N","I","10329.2","0"
"0198","0001","N","I","51646","0"
"0198","0002","N","I","10329.2","0"
"0198","0007","N","I","2582","0"
"0198","0011","N","I","1200","0"
"0198","0016","I","I","1808","0"
"0198","0021","N","I","1200","0"
"0198","0027","N","I","400","0"
"0198","0030","N","I","129","0"
"0198","0031","N","I","400","0"
"0198","0032","N","I","1000","0"
"0198","0039","N","I","70","0"
"0198","0040","N","I","103291","0"
"0198","0091","N","I","999999","0"
"0198","0092","N","I","50000","0"
"0198","0099","N","I","1500","0"
"0198","0146","N","I","25000","0"
"0198","0222","N","I","200","0"
"0198","0225","N","I","3000","0"
"0198","0304","N","I","10329.2","0"
"0199","0001","N","I","150000","0"
"0199","0004","N","G","0","20"
"0199","0007","N","I","7000","0"
"0199","0019","N","I","6000","0"
"0199","0021","N","I","3500","0"
"0199","0031","N","I","750","0"
"0199","0032","N","I","5000","0"
"0199","0036","N","I","2700","0"
"0199","0040","N","I","300000","0"
"0199","0049","N","I","4000","0"
"0199","0058","N","I","15000","0"
"0199","0060","N","G","0","30"
"0199","0072","N","I","2000","0"
"0199","0089","N","I","1500","0"
"0199","0092","N","I","200000","0"
"0199","0110","N","I","160000","0"
"0199","0135","N","I","100000","0"
"0199","0147","N","I","5000","0"
"0199","0169","N","I","300","0"
"0199","0187","N","I","3615.2","0"
"0199","0200","N","I","3000","0"
"0199","0206","N","I","400","0"
"0199","0212","N","G","0","200"
"0199","0222","N","I","500","0"
"0199","0233","I","I","700","0"
"0199","0259","N","I","550","0"
"0199","0266","N","I","350","0"
"0199","0297","I","I","4000","0"
"0199","0322","N","I","200","0"
"0199","0329","I","I","3000","0"
"0199","0330","N","I","130000","0"
"0199","0331","I","I","3500","0"
"0199","0332","I","I","500","0"
"0199","0333","N","I","110000","0"
"0200","0001","N","I","150000","0"
"0200","0004","N","G","0","20"
"0200","0007","N","I","7000","0"
"0200","0019","N","I","6000","0"
"0200","0021","N","I","3500","0"
"0200","0031","N","I","750","0"
"0200","0032","N","I","5000","0"
"0200","0036","N","I","2700","0"
"0200","0040","N","I","300000","0"
"0200","0049","N","I","4000","0"
"0200","0058","N","I","15000","0"
"0200","0060","N","G","0","30"
"0200","0072","N","I","2000","0"
"0200","0089","N","I","1500","0"
"0200","0092","N","I","200000","0"
"0200","0110","N","I","160000","0"
"0200","0135","N","I","100000","0"
"0200","0147","N","I","5000","0"
"0200","0169","N","I","300","0"
"0200","0187","N","I","3615.2","0"
"0200","0200","N","I","3000","0"
"0200","0206","N","I","400","0"
"0200","0212","N","G","0","200"
"0200","0222","N","I","500","0"
"0200","0233","I","I","700","0"
"0200","0259","N","I","550","0"
"0200","0266","N","I","350","0"
"0200","0297","I","I","4000","0"
"0200","0322","N","I","200","0"
"0200","0329","I","I","3000","0"
"0200","0330","N","I","130000","0"
"0200","0331","I","I","3500","0"
"0200","0332","I","I","500","0"
"0200","0333","N","I","110000","0"
"0201","0001","N","I","150000","0"
"0201","0004","N","G","0","20"
"0201","0007","N","I","7000","0"
"0201","0019","N","I","6000","0"
"0201","0032","N","I","5000","0"
"0201","0036","N","I","2700","0"
"0201","0040","N","I","300000","0"
"0201","0049","N","I","4000","0"
"0201","0058","N","I","15000","0"
"0201","0060","N","G","0","30"
"0201","0072","N","I","2000","0"
"0201","0089","N","I","1500","0"
"0201","0092","N","I","200000","0"
"0201","0135","N","I","100000","0"
"0201","0169","N","I","300","0"
"0201","0187","N","I","3615.2","0"
"0201","0200","N","I","3000","0"
"0201","0206","N","I","400","0"
"0201","0212","N","G","0","200"
"0201","0222","N","I","500","0"
"0201","0233","I","I","700","0"
"0201","0259","N","I","550","0"
"0201","0266","N","I","350","0"
"0201","0322","N","I","200","0"
"0201","0329","I","I","3000","0"
"0201","0330","N","I","130000","0"
"0201","0331","I","I","3500","0"
"0201","0332","I","I","500","0"
"0201","0333","N","I","110000","0"
"0205","0001","N","I","100000","0"
"0205","0004","N","G","0","30"
"0205","0007","N","I","2500","0"
"0205","0009","N","I","10000","0"
"0205","0011","N","I","1000","0"
"0205","0015","N","I","10000","0"
"0205","0016","I","I","3000","0"
"0205","0018","I","G","0","100"
"0205","0021","N","I","1000","0"
"0205","0058","N","I","3000","0"
"0205","0060","N","G","0","30"
"0205","0071","N","I","5000","0"
"0205","0097","N","I","200000","0"
"0205","0099","N","I","2000","0"
"0205","0206","N","I","250","0"
"0205","0268","N","I","15000","0"
"0206","0001","I","I","30000","0"
"0206","0002","I","I","5000","0"
"0206","0004","N","G","0","45"
"0206","0007","I","I","1700","0"
"0206","0009","N","I","10000","0"
"0206","0010","N","I","10000","0"
"0206","0015","I","I","8000","0"
"0206","0016","I","I","4000","0"
"0206","0018","I","G","0","350"
"0206","0019","I","I","500","0"
"0206","0032","N","I","2500","0"
"0206","0047","N","I","250","0"
"0206","0065","I","I","500","0"
"0206","0067","N","I","1500","0"
"0206","0126","I","I","8000","0"
"0206","0135","N","I","500000","0"
"0206","0147","I","I","1500","0"
"0206","0212","I","G","0","30"
"0206","0249","I","I","200","0"
"0206","0268","I","I","15000","0"
"0206","0342","I","I","1500","0"
"0206","0343","I","I","2065","0"
"0207","0001","N","I","500000","0"
"0207","0004","N","I","800","0"
"0207","0007","N","I","10000","0"
"0207","0009","N","I","20000","0"
"0207","0011","N","I","2000","0"
"0207","0015","N","I","10000","0"
"0207","0016","N","I","2600","0"
"0207","0018","N","G","0","90"
"0207","0021","N","I","1700","0"
"0207","0046","N","I","1000","0"
"0207","0047","N","I","258","0"
"0207","0050","N","I","300","0"
"0207","0087","N","I","500","0"
"0207","0099","N","I","750","0"
"0207","0126","N","I","5000","0"
"0207","0206","I","I","400","0"
"0207","0211","N","I","2500","0"
"0207","0253","N","I","1000","0"
"0207","0254","N","I","1000","0"
"0207","0274","N","I","5000","0"
"0207","0351","N","I","15000","0"
"0207","0352","N","I","4000","0"
"0207","0353","N","I","3500","0"
"0209","0001","N","I","120000","0"
"0209","0004","N","G","0","30"
"0209","0009","N","I","5200","0"
"0209","0016","N","I","4000","0"
"0209","0018","I","G","0","180"
"0209","0024","I","G","0","90"
"0209","0040","N","I","240000","0"
"0209","0046","N","I","900","0"
"0209","0060","N","G","0","30"
"0209","0101","N","I","1500","0"
"0209","0117","N","I","600","0"
"0209","0118","N","I","1200","0"
"0209","0257","N","I","1550","0"
"0211","0001","N","I","77468","0"
"0211","0004","N","I","15493.6","0"
"0211","0007","N","I","1032","0"
"0211","0016","I","I","3615","0"
"0211","0021","N","I","775","0"
"0211","0040","N","I","103291","0"
"0211","0041","N","G","0","15"
"0211","0047","N","I","155","0"
"0211","0085","N","I","206","0"
"0211","0147","N","I","775","0"
"0211","0212","I","G","0","120"
"0211","0238","I","G","0","30"
"0211","0272","N","I","5165","0"
"0211","0345","N","I","15493.6","0"
"0212","0001","N","I","500000","0"
"0212","0004","N","I","1000","0"
"0212","0007","N","I","10000","0"
"0212","0016","I","I","3500","0"
"0212","0019","N","I","4000","0"
"0212","0021","N","I","3000","0"
"0212","0030","I","I","500","0"
"0212","0047","N","I","250","0"
"0212","0050","N","I","1300","0"
"0212","0055","I","I","7000","0"
"0212","0058","N","I","2500","0"
"0212","0060","N","I","500","0"
"0212","0126","N","I","5000","0"
"0212","0147","N","I","1500","0"
"0212","0185","N","I","1000","0"
"0212","0212","N","G","0","150"
"0212","0215","N","I","1000","0"
"0212","0317","N","I","5000","0"
"0217","0001","N","I","55000","0"
"0217","0040","N","I","110000","0"
"0217","0277","N","I","10000","0"
"0217","0015","N","I","10000","0"
"0217","0016","N","I","5000","0"
"0217","0253","N","I","2000","0"
"0217","0254","N","I","2000","0"
"0217","0009","N","I","7000","0"
"0217","0074","I","I","150","0"
"0179","0120","N","I","3700","0"
"0179","0066","N","I","155","0"
"0179","0083","N","I","1032.91","0"
"0178","0215","N","I","500","0"
"0042","0001","N","I","30000","0"
"0042","0004","N","G","0","3"
"0042","0007","N","I","300","0"
"0042","0011","N","I","150","0"
"0042","0015","N","I","1000","0"
"0042","0016","N","I","250","0"
"0042","0018","N","G","0","10"
"0042","0021","N","I","100","0"
"0042","0030","N","I","50","0"
"0042","0046","N","I","100","0"
"0042","0060","N","G","0","3"
"0042","0097","N","I","60000","0"
"0042","0099","N","I","150","0"
"0173","0165","N","I","600000","0"
"0173","0135","N","I","300000","0"
"0173","0198","N","I","10000","0"
"0173","0139","N","I","1500","0"
"0173","0067","N","I","3000","0"
"0173","0050","N","I","300","0"
"0173","0233","N","I","2000","0"
"0203","0122","N","I","7380","0"
"0203","0144","N","I","7380","0"
"0180","0009","N","I","5000","0"
"0180","0041","N","I","500","0"
"0034","0032","N","I","1000","0"
"0034","0027","N","I","400","0"
"0034","0222","N","I","200","0"
"0058","0001","N","I","250000","0"
"0058","0007","N","I","4500","0"
"0058","0011","N","I","3000","0"
"0152","0002","N","I","10329.2","0"
"0058","0015","I","I","10000","0"
"0058","0016","I","I","3000","0"
"0058","0009","N","I","10000","0"
"0058","0099","N","I","2000","0"
"0058","0268","N","I","15000","0"
"0058","0002","N","I","3000","0"
"0058","0040","N","I","500000","0"
"0058","0018","I","G","0","100"
"0058","0021","N","I","1700","0"
"0058","0030","N","I","300","0"
"0058","0047","N","I","300","0"
"0058","0060","N","G","0","30"
"0058","0325","N","I","1500","0"
"0058","0004","N","G","0","30"
"0152","0051","N","I","129","0"
"0104","0007","N","I","6500","0"
"0104","0019","N","I","4000","0"
"0173","0015","I","I","10000","0"
"0173","0016","I","I","3000","0"
"0069","0001","N","I","90000","0"
"0069","0004","I","I","490","0"
"0069","0009","N","I","10000","0"
"0069","0011","N","I","800","0"
"0069","0015","N","I","10000","0"
"0069","0016","N","I","2200","0"
"0069","0018","N","G","0","70"
"0069","0030","I","I","50","0"
"0069","0040","N","I","180000","0"
"0069","0047","N","I","258","0"
"0069","0071","N","I","7750","0"
"0069","0099","N","I","1500","0"
"0069","0117","N","I","1549","0"
"0069","0118","N","I","2582","0"
"0069","0186","N","I","258","0"
"0069","0250","N","I","500","0"
"0069","0255","I","I","2080","0"
"0165","0007","I","I","10000","0"
"0165","0019","I","I","1900","0"
"0165","0033","I","I","450","0"
"0165","0030","I","I","300","0"
"0165","0233","N","I","1700","0"
"0018","0024","I","G","0","365"
"0018","0030","I","I","300","0"
"0018","0031","I","I","500","0"
"0018","0038","I","I","700","0"
"0018","0267","I","I","90","0"
"0047","0326","N","I","100","0"
"0062","0001","N","I","500000","0"
"0062","0274","N","I","5000","0"
"0062","0004","N","G","0","30"
"0062","0268","N","I","15000","0"
"0062","0002","N","I","3000","0"
"0062","0212","I","G","0","100"
"0062","0055","I","I","10000","0"
"0062","0016","I","I","3000","0"
"0062","0009","N","I","10000","0"
"0062","0276","N","I","1500","0"
"0062","0147","N","I","2000","0"
"0062","0007","N","I","3000","0"
"0062","0019","N","I","3000","0"
"0062","0047","N","I","2000","0"
"0062","0038","N","G","0","8"
"0062","0199","N","I","1000","0"
"0062","0344","N","I","250","0"
"0062","0126","N","I","15000","0"
"0062","0215","N","I","2500","0"
"0062","0060","N","G","0","30"
"0062","0206","N","I","500","0"
"0062","0082","N","I","500","0"
"0084","0268","I","I","5000","0"
"0084","0059","I","G","0","30"
"0084","0002","I","I","2000","0"
"0084","0147","I","I","2000","0"
"0084","0272","I","I","5000","0"
"0084","0053","I","I","1200","0"
"0084","0347","I","I","400","0"
"0089","0001","N","I","200000","0"
"0089","0007","N","I","10000","0"
"0089","0009","N","I","7000","0"
"0089","0010","N","I","2000","0"
"0089","0016","N","I","6000","0"
"0089","0019","N","I","3000","0"
"0089","0021","N","I","2000","0"
"0089","0040","N","I","350000","0"
"0089","0055","N","I","10000","0"
"0089","0067","N","I","5000","0"
"0089","0074","N","I","150","0"
"0089","0076","N","I","1100","0"
"0089","0085","N","I","300","0"
"0089","0126","N","I","6000","0"
"0089","0147","N","I","2600","0"
"0089","0211","N","I","1800","0"
"0089","0212","I","G","0","150"
"0089","0253","N","I","2000","0"
"0089","0254","N","I","2000","0"
"0090","0001","N","I","200000","0"
"0090","0007","N","I","10000","0"
"0090","0009","N","I","7000","0"
"0090","0010","N","I","2000","0"
"0090","0016","N","I","6000","0"
"0090","0019","N","I","3000","0"
"0090","0021","N","I","2000","0"
"0090","0040","N","I","350000","0"
"0090","0046","N","I","1100","0"
"0090","0067","N","I","5000","0"
"0090","0074","N","I","250","0"
"0090","0085","N","I","300","0"
"0090","0147","N","I","2600","0"
"0090","0211","N","I","1800","0"
"0090","0212","I","G","0","150"
"0090","0217","N","I","6000","0"
"0090","0253","N","I","2000","0"
"0090","0254","N","I","2000","0"
"0005","0135","N","I","999999","0"
"0178","0001","N","I","150000","0"
"0178","0002","I","I","2000","0"
"0178","0004","I","G","0","10"
"0178","0007","N","I","5000","0"
"0178","0011","N","I","1250","0"
"0178","0015","N","I","8000","0"
"0178","0016","N","I","4000","0"
"0178","0018","I","G","0","120"
"0178","0019","N","I","2000","0"
"0178","0022","N","I","500","0"
"0178","0024","I","G","0","90"
"0178","0027","I","I","1500","0"
"0178","0031","I","I","4000","0"
"0178","0032","I","I","2500","0"
"0178","0040","N","I","300000","0"
"0178","0043","I","I","5000","0"
"0178","0053","I","I","1200","0"
"0178","0056","N","I","3500","0"
"0178","0059","I","G","0","30"
"0178","0065","N","I","250","0"
"0178","0091","I","I","75000","0"
"0178","0092","I","I","300000","0"
"0178","0096","I","I","150000","0"
"0178","0097","I","I","150000","0"
"0178","0117","I","I","500","0"
"0178","0118","I","I","1000","0"
"0178","0147","I","I","2000","0"
"0178","0192","I","I","7000","0"
"0178","0193","I","I","3500","0"
"0178","0249","I","I","150","0"
"0178","0255","I","I","2000","0"
"0178","0257","I","I","5000","0"
"0178","0259","N","I","300","0"
"0178","0260","I","I","500","0"
"0178","0263","I","I","2500","0"
"0178","0264","I","I","500","0"
"0178","0265","I","I","250","0"
"0178","0266","I","I","300","0"
"0178","0268","I","I","5000","0"
"0178","0272","I","I","5000","0"
"0178","0314","I","I","1000","0"
"0178","0315","I","I","1000","0"
"0178","0347","I","I","400","0"
"0178","0350","I","I","4000","0"
"0178","0358","N","I","2400","0"
"0180","0094","N","I","15351.68","0"
"0180","0123","N","I","19060.9","0"
"0180","0124","N","I","3690","0"
"0180","0122","N","I","7380","0"
"0180","0136","N","I","9497.47","0"
"0180","0133","N","I","3690","0"
"0180","0144","N","I","7380","0"
"0180","0156","N","I","9497.47","0"
"0180","0161","N","I","2316.5","0"
"0180","0379","N","I","1025","0"
"0049","0021","N","I","3500","0"
"0053","0135","N","I","131000","0"
"0053","0040","N","I","262014","0"
"0053","0016","I","I","2300","0"
"0053","0212","N","G","0","100"
"0053","0073","N","I","3500","0"
"0053","0049","N","I","4750","0"
"0053","0089","N","G","0","30"
"0053","0123","N","I","3000","0"
"0119","0302","N","I","1040","0"
"0119","0303","N","I","1040","0"
"0106","0031","I","I","400","0"
"0147","0001","N","I","51646","0"
"0147","0002","N","I","10329.2","0"
"0147","0011","N","I","2582","0"
"0147","0016","I","I","1808","0"
"0147","0018","I","G","0","120"
"0147","0021","N","I","1549","0"
"0147","0030","N","I","258","0"
"0147","0031","N","I","775","0"
"0147","0040","N","I","103291","0"
"0147","0051","N","I","129","0"
"0147","0079","N","I","20658.2","0"
"0147","0091","N","I","103291","0"
"0147","0092","N","I","154937","0"
"0147","0101","N","I","2582","0"
"0147","0126","N","I","3000","0"
"0147","0147","N","I","1500","0"
"0147","0238","I","G","0","30"
"0147","0255","I","I","1032.91","0"
"0147","0304","N","I","10329.2","0"
"0148","0001","N","I","51646","0"
"0148","0002","N","I","10329.2","0"
"0148","0011","N","I","2582","0"
"0148","0016","I","I","1808","0"
"0148","0018","I","G","0","120"
"0148","0021","N","I","1549","0"
"0148","0030","N","I","258","0"
"0148","0031","N","I","775","0"
"0148","0040","N","I","103291","0"
"0148","0051","N","I","129","0"
"0148","0079","N","I","20658.2","0"
"0148","0091","N","I","103291","0"
"0148","0092","N","I","154937","0"
"0148","0101","N","I","2582","0"
"0148","0126","N","I","3000","0"
"0148","0147","N","I","1500","0"
"0148","0238","I","G","0","30"
"0148","0255","N","I","1032.91","0"
"0148","0304","N","I","10329.2","0"
"0150","0001","N","I","51646","0"
"0150","0011","N","I","2582","0"
"0150","0016","I","I","1808","0"
"0150","0018","I","G","0","120"
"0150","0021","N","I","1549","0"
"0150","0030","N","I","258","0"
"0150","0031","N","I","775","0"
"0150","0040","N","I","103291","0"
"0150","0079","N","I","20658.2","0"
"0150","0091","N","I","103291","0"
"0150","0092","N","I","154937","0"
"0150","0101","N","I","2582","0"
"0150","0126","N","I","3000","0"
"0150","0147","N","I","1500","0"
"0150","0238","I","G","0","30"
"0150","0304","N","I","10329.2","0"
"0152","0001","N","I","51646","0"
"0152","0011","N","I","2582","0"
"0152","0016","I","I","1808","0"
"0152","0018","I","G","0","120"
"0152","0021","N","I","1549","0"
"0152","0030","N","I","258","0"
"0152","0031","N","I","775","0"
"0152","0040","N","I","103291","0"
"0152","0079","N","I","20658.2","0"
"0152","0091","N","I","103291","0"
"0152","0092","N","I","154937","0"
"0152","0101","N","I","2582","0"
"0152","0126","N","I","3000","0"
"0152","0147","N","I","1500","0"
"0152","0238","I","G","0","30"
"0152","0304","N","I","10329.2","0"
"0084","0350","I","I","4000","0"
"0177","0001","N","I","250000","0"
"0177","0002","N","I","3000","0"
"0177","0003","N","I","1500","0"
"0177","0004","N","G","0","30"
"0177","0007","N","I","4500","0"
"0177","0009","N","I","10000","0"
"0177","0011","N","I","3000","0"
"0177","0015","I","I","10000","0"
"0177","0016","I","I","3000","0"
"0177","0018","I","G","0","100"
"0177","0019","N","I","2000","0"
"0177","0021","N","I","1700","0"
"0177","0030","N","I","300","0"
"0177","0032","N","I","3500","0"
"0177","0040","N","I","500000","0"
"0177","0046","N","I","1500","0"
"0177","0047","N","I","300","0"
"0177","0060","N","G","0","30"
"0177","0071","N","I","5000","0"
"0177","0092","N","I","400000","0"
"0177","0099","N","I","2000","0"
"0177","0135","N","I","200000","0"
"0177","0215","N","I","2500","0"
"0177","0268","N","I","15000","0"
"0177","0325","N","I","1500","0"
"0179","0053","N","I","2575","0"
"0179","0049","N","I","1500","0"
"0179","0039","N","I","250","0"
"0179","0064","N","I","1500","0"
"0127","0001","N","I","500000","0"
"0127","0004","N","I","800","0"
"0127","0007","N","I","10000","0"
"0127","0009","N","I","20000","0"
"0127","0011","N","I","2000","0"
"0127","0015","N","I","10000","0"
"0127","0016","N","I","2600","0"
"0127","0018","N","G","0","90"
"0127","0021","N","I","1700","0"
"0127","0046","N","I","1000","0"
"0127","0047","N","I","258","0"
"0127","0050","N","I","300","0"
"0127","0087","N","I","500","0"
"0127","0099","N","I","750","0"
"0127","0126","N","I","5000","0"
"0127","0206","I","I","400","0"
"0127","0211","N","I","2500","0"
"0127","0253","N","I","1000","0"
"0127","0254","N","I","1000","0"
"0127","0274","N","I","5000","0"
"0128","0001","N","I","400000","0"
"0128","0004","N","I","1000","0"
"0128","0007","N","I","10000","0"
"0128","0011","N","I","2000","0"
"0128","0015","I","I","7000","0"
"0128","0016","I","I","3000","0"
"0128","0018","N","G","0","150"
"0128","0047","N","I","400","0"
"0128","0050","N","I","1000","0"
"0128","0054","N","I","1500","0"
"0128","0058","N","I","2500","0"
"0128","0185","N","I","1000","0"
"0128","0206","I","I","300","0"
"0128","0215","N","I","1000","0"
"0128","0217","N","I","5000","0"
"0128","0218","N","I","500","0"
"0128","0228","N","I","1500","0"
"0128","0317","N","I","5000","0"
"0129","0001","N","I","400000","0"
"0129","0004","N","I","1000","0"
"0129","0007","N","I","10000","0"
"0129","0011","N","I","2000","0"
"0129","0015","I","I","7000","0"
"0129","0016","I","I","3000","0"
"0129","0018","N","G","0","150"
"0129","0030","I","I","250","0"
"0129","0047","N","I","400","0"
"0129","0050","N","I","1000","0"
"0129","0054","N","I","1500","0"
"0129","0058","N","I","2500","0"
"0129","0185","N","I","1000","0"
"0129","0206","I","I","300","0"
"0129","0215","N","I","1000","0"
"0129","0217","N","I","5000","0"
"0129","0218","N","I","500","0"
"0129","0228","N","I","1500","0"
"0129","0253","I","I","1200","0"
"0129","0254","I","I","1200","0"
"0129","0317","N","I","5000","0"
"0130","0001","N","I","400000","0"
"0130","0004","N","I","1000","0"
"0130","0007","N","I","10000","0"
"0130","0011","N","I","2000","0"
"0130","0015","I","I","7000","0"
"0130","0016","I","I","3000","0"
"0130","0018","N","G","0","150"
"0130","0030","I","I","250","0"
"0130","0047","N","I","400","0"
"0130","0050","N","I","1000","0"
"0130","0054","N","I","1500","0"
"0130","0058","N","I","2500","0"
"0130","0185","N","I","1000","0"
"0130","0206","I","I","300","0"
"0130","0215","N","I","1000","0"
"0130","0217","N","I","5000","0"
"0130","0218","N","I","500","0"
"0130","0228","N","I","1500","0"
"0130","0253","I","I","1200","0"
"0130","0254","I","I","1200","0"
"0130","0317","N","I","5000","0"
"0131","0001","N","I","400000","0"
"0131","0004","N","I","1000","0"
"0131","0007","N","I","10000","0"
"0131","0011","N","I","2000","0"
"0131","0015","I","I","7000","0"
"0131","0016","I","I","3000","0"
"0131","0018","N","G","0","150"
"0131","0030","I","I","250","0"
"0131","0047","N","I","400","0"
"0131","0050","N","I","1000","0"
"0131","0054","N","I","1500","0"
"0131","0058","N","I","2500","0"
"0131","0185","N","I","1000","0"
"0131","0206","I","I","300","0"
"0131","0215","N","I","1000","0"
"0131","0217","N","I","5000","0"
"0131","0218","N","I","500","0"
"0131","0228","N","I","1500","0"
"0131","0253","I","I","1200","0"
"0131","0254","I","I","1200","0"
"0131","0317","N","I","5000","0"
"0133","0001","N","I","500000","0"
"0133","0004","N","I","1000","0"
"0133","0007","N","I","10000","0"
"0133","0016","I","I","3500","0"
"0133","0019","N","I","4000","0"
"0133","0021","N","I","3000","0"
"0133","0030","I","I","500","0"
"0133","0047","N","I","250","0"
"0133","0050","N","I","1300","0"
"0133","0055","I","I","7000","0"
"0133","0058","N","I","2500","0"
"0133","0060","N","I","500","0"
"0133","0126","N","I","5000","0"
"0133","0147","N","I","1500","0"
"0133","0185","N","I","1000","0"
"0133","0212","N","G","0","150"
"0133","0215","N","I","1000","0"
"0133","0317","N","I","5000","0"
"0134","0001","N","I","500000","0"
"0134","0004","N","I","1000","0"
"0134","0007","N","I","10000","0"
"0134","0016","I","I","3500","0"
"0134","0019","N","I","4000","0"
"0134","0021","N","I","3000","0"
"0134","0030","I","I","500","0"
"0134","0047","N","I","250","0"
"0134","0050","N","I","1300","0"
"0134","0055","I","I","7000","0"
"0134","0058","N","I","2500","0"
"0134","0060","N","I","500","0"
"0134","0126","N","I","5000","0"
"0134","0147","N","I","1500","0"
"0134","0185","N","I","1000","0"
"0134","0212","N","G","0","150"
"0134","0215","N","I","1000","0"
"0134","0317","N","I","5000","0"
"0134","0320","N","I","1200","0"
"0203","0302","N","I","1230","0"
"0203","0303","N","I","1230","0"
"0203","0320","N","I","2460","0"
"0202","0303","N","I","1230","0"
"0202","0302","N","I","1230","0"
"0202","0320","N","I","2460","0"
"0053","0122","N","I","6200","0"
"0053","0075","N","I","4200","0"
"0053","0124","N","I","6450","0"
"0053","0083","N","I","4350","0"
"0053","0166","N","I","7200","0"
"0053","0112","N","I","4850","0"
"0055","0007","N","I","3000","0"
"0055","0011","N","I","500","0"
"0055","0169","N","I","500","0"
"0055","0065","N","I","500","0"
"0217","0118","N","I","2600","0"
"0217","0209","N","I","100000","0"
"0217","0117","N","I","1050","0"
"0217","0147","N","I","2600","0"
"0217","0060","N","I","1550","0"
"0217","0217","N","I","6000","0"
"0217","0212","N","G","0","100"
"0179","0091","N","I","250000","0"
"0179","0040","N","I","500000","0"
"0179","0253","I","I","1000","0"
"0179","0254","I","I","1000","0"
"0179","0373","N","G","0","150"
"0179","0056","I","I","7800","0"
"0179","0043","N","I","5500","0"
"0179","0132","N","I","300","0"
"0179","0076","N","I","1000","0"
"0179","0030","N","I","260","0"
"0179","0047","N","I","250","0"
"0179","0268","N","I","5000","0"
"0179","0070","I","I","2600","0"
"0179","0194","N","I","6200","0"
"0179","0059","N","I","775","0"
"0179","0195","N","I","2600","0"
"0179","0018","I","G","0","90"
"0179","0247","N","I","5000","0"
"0179","0214","N","I","2000","0"
"0179","0038","I","I","500","0"
"0179","0250","N","I","1050","0"
"0179","0313","N","I","1600","0"
"0179","0188","I","I","200","0"
"0179","0063","N","I","600","0"
"0182","0124","N","I","6450","0"
"0182","0083","N","I","4350","0"
"0019","0310","N","I","15000","0"
"0019","0311","N","I","4000","0"
"0019","0312","N","I","4000","0"
"0025","0126","N","I","3000","0"
"0025","0091","N","I","103291","0"
"0025","0092","N","I","154937","0"
"0049","0060","N","G","0","30"
"0049","0135","N","I","100000","0"
"0049","0092","N","I","200000","0"
"0049","0072","N","I","2000","0"
"0049","0331","I","I","3500","0"
"0049","0332","I","I","500","0"
"0049","0200","N","I","3000","0"
"0049","0089","N","I","1500","0"
"0049","0032","N","I","5000","0"
"0049","0049","N","I","4000","0"
"0049","0266","N","I","350","0"
"0049","0322","N","I","200","0"
"0049","0169","N","I","300","0"
"0049","0333","N","I","110000","0"
"0055","0334","I","I","25000","0"
"0055","0268","N","I","1500","0"
"0055","0058","N","I","1000","0"
"0055","0126","N","I","10000","0"
"0055","0335","N","I","90","0"
"0055","0336","N","I","150","0"
"0055","0003","N","G","0","30"
"0056","0130","N","I","1000","0"
"0056","0072","N","I","2000","0"
"0056","0264","N","I","2000","0"
"0056","0089","N","I","1500","0"
"0056","0043","N","I","10000","0"
"0056","0340","N","I","10000","0"
"0056","0138","N","I","10000","0"
"0056","0341","N","I","10000","0"
"0056","0094","N","I","1500","0"
"0056","0122","N","I","2000","0"
"0056","0124","N","I","2500","0"
"0056","0018","N","G","0","60"
"0114","0001","N","I","90000","0"
"0114","0004","I","I","490","0"
"0114","0009","N","I","10000","0"
"0114","0011","N","I","800","0"
"0114","0015","N","I","10000","0"
"0114","0016","N","I","2200","0"
"0114","0018","N","G","0","70"
"0114","0030","I","I","50","0"
"0114","0039","I","I","200","0"
"0114","0040","N","I","180000","0"
"0114","0047","N","I","258","0"
"0114","0071","N","I","7750","0"
"0114","0099","N","I","1500","0"
"0114","0117","N","I","1549","0"
"0114","0118","N","I","2582","0"
"0114","0186","N","I","258","0"
"0114","0250","N","I","500","0"
"0114","0255","I","I","2080","0"
"0114","0256","N","I","1033","0"
"0116","0001","N","I","90000","0"
"0116","0004","I","I","490","0"
"0116","0007","N","I","3000","0"
"0116","0009","N","I","10000","0"
"0116","0011","N","I","800","0"
"0116","0015","N","I","10000","0"
"0116","0016","N","I","2200","0"
"0116","0018","N","G","0","70"
"0116","0030","I","I","50","0"
"0116","0040","N","I","180000","0"
"0116","0047","N","I","258","0"
"0116","0050","N","I","258","0"
"0116","0071","N","I","7750","0"
"0116","0099","N","I","1500","0"
"0116","0117","N","I","1549","0"
"0116","0118","N","I","2582","0"
"0116","0186","N","I","258","0"
"0116","0250","N","I","500","0"
"0116","0255","I","I","2080","0"
"0118","0001","N","I","90000","0"
"0118","0004","I","I","490","0"
"0118","0007","N","I","3000","0"
"0118","0009","N","I","10000","0"
"0118","0011","N","I","800","0"
"0118","0015","N","I","10000","0"
"0118","0016","N","I","2200","0"
"0118","0018","N","G","0","70"
"0118","0030","I","I","50","0"
"0118","0040","N","I","180000","0"
"0118","0047","N","I","258","0"
"0118","0050","N","I","258","0"
"0118","0071","N","I","7750","0"
"0118","0099","N","I","1500","0"
"0118","0117","N","I","1549","0"
"0118","0118","N","I","2582","0"
"0118","0186","N","I","258","0"
"0118","0250","N","I","500","0"
"0118","0255","I","I","2080","0"
"0119","0001","N","I","90000","0"
"0119","0004","I","I","490","0"
"0119","0007","N","I","3000","0"
"0119","0009","N","I","10000","0"
"0119","0011","N","I","800","0"
"0119","0015","N","I","10000","0"
"0119","0016","N","I","2200","0"
"0119","0018","N","G","0","70"
"0119","0022","N","I","1300","0"
"0119","0030","I","I","50","0"
"0119","0032","N","I","6000","0"
"0119","0039","I","I","200","0"
"0119","0040","N","I","180000","0"
"0119","0047","N","I","258","0"
"0119","0050","N","I","258","0"
"0119","0071","N","I","7750","0"
"0119","0099","N","I","1500","0"
"0119","0117","N","I","1549","0"
"0119","0118","N","I","2582","0"
"0119","0186","N","I","258","0"
"0119","0250","N","I","500","0"
"0119","0255","I","I","2080","0"
"0119","0256","N","I","1033","0"
"0120","0001","N","I","90000","0"
"0120","0004","I","I","490","0"
"0120","0007","N","I","3000","0"
"0120","0009","N","I","10000","0"
"0120","0011","N","I","800","0"
"0120","0015","N","I","10000","0"
"0120","0016","N","I","2200","0"
"0120","0018","N","G","0","70"
"0120","0030","I","I","50","0"
"0120","0040","N","I","180000","0"
"0120","0047","N","I","258","0"
"0120","0050","N","I","258","0"
"0120","0071","N","I","7750","0"
"0120","0099","N","I","1500","0"
"0120","0117","N","I","1549","0"
"0120","0118","N","I","2582","0"
"0120","0186","N","I","258","0"
"0120","0250","N","I","500","0"
"0120","0255","I","I","2080","0"
"0122","0001","N","I","150000","0"
"0122","0004","N","G","0","20"
"0122","0007","N","I","7000","0"
"0122","0019","N","I","6000","0"
"0122","0032","N","I","5000","0"
"0122","0036","N","I","2700","0"
"0122","0040","N","I","300000","0"
"0122","0049","N","I","4000","0"
"0122","0058","N","I","15000","0"
"0122","0060","N","G","0","30"
"0122","0072","N","I","2000","0"
"0122","0089","N","I","1500","0"
"0122","0092","N","I","200000","0"
"0122","0135","N","I","100000","0"
"0122","0169","N","I","300","0"
"0122","0187","N","I","3615.2","0"
"0122","0200","N","I","3000","0"
"0122","0206","N","I","400","0"
"0122","0212","N","G","0","200"
"0122","0222","N","I","500","0"
"0122","0233","I","I","700","0"
"0122","0259","N","I","550","0"
"0122","0266","N","I","350","0"
"0122","0322","N","I","200","0"
"0122","0329","I","I","3000","0"
"0122","0330","N","I","130000","0"
"0122","0331","I","I","3500","0"
"0122","0332","I","I","500","0"
"0122","0333","N","I","110000","0"
"0123","0001","N","I","150000","0"
"0123","0004","N","G","0","30"
"0123","0007","N","I","2500","0"
"0123","0009","N","I","10000","0"
"0123","0016","I","I","3000","0"
"0123","0019","N","I","1500","0"
"0123","0021","N","I","1000","0"
"0123","0026","N","I","1500","0"
"0123","0041","N","I","775","0"
"0123","0046","N","I","1300","0"
"0123","0047","N","I","300","0"
"0123","0055","I","I","10000","0"
"0123","0058","N","I","3000","0"
"0123","0060","N","I","1000","0"
"0123","0071","N","I","25000","0"
"0123","0076","N","I","1500","0"
"0123","0147","N","I","2000","0"
"0123","0212","I","G","0","90"
"0123","0215","N","I","2500","0"
"0123","0322","N","I","250","0"
"0144","0001","N","I","500000","0"
"0144","0004","N","G","0","40"
"0144","0007","N","I","10000","0"
"0144","0019","N","I","3200","0"
"0144","0021","N","I","1100","0"
"0144","0031","N","I","500","0"
"0144","0050","N","I","500","0"
"0144","0058","N","I","3000","0"
"0144","0076","N","I","1000","0"
"0144","0126","N","I","6000","0"
"0144","0147","N","I","1000","0"
"0144","0206","I","I","250","0"
"0144","0212","N","G","0","100"
"0144","0255","N","I","2000","0"
"0144","0297","I","I","10000","0"
"0144","0317","N","I","6000","0"
"0023","0297","I","I","6000","0"
"0029","0001","N","I","51646","0"
"0029","0011","N","I","2582","0"
"0029","0016","I","I","1808","0"
"0029","0018","I","G","0","120"
"0029","0021","N","I","1549","0"
"0029","0030","N","I","258","0"
"0029","0031","N","I","775","0"
"0029","0040","N","I","103291","0"
"0029","0079","N","I","20658.2","0"
"0029","0091","N","I","103291","0"
"0029","0092","N","I","154937","0"
"0029","0101","N","I","2582","0"
"0029","0126","N","I","3000","0"
"0029","0147","N","I","1500","0"
"0029","0238","I","G","0","30"
"0029","0304","N","I","10329.2","0"
"0059","0076","N","I","1500","0"
"0059","0021","N","I","1000","0"
"0059","0322","N","I","250","0"
"0098","0039","N","I","200","0"
"0098","0309","N","I","1400","0"
"0174","0001","N","I","100000","0"
"0174","0003","N","I","2000","0"
"0174","0004","N","G","0","30"
"0174","0009","N","I","6000","0"
"0174","0015","N","I","7500","0"
"0174","0016","N","I","2600","0"
"0174","0018","N","G","0","150"
"0174","0019","N","I","1100","0"
"0174","0021","N","I","1200","0"
"0174","0030","N","I","200","0"
"0174","0036","N","I","2600","0"
"0174","0040","N","I","200000","0"
"0174","0050","N","I","200","0"
"0174","0091","N","I","250000","0"
"0174","0101","N","I","6000","0"
"0174","0122","N","I","5000","0"
"0174","0139","N","I","1100","0"
"0174","0147","N","I","1600","0"
"0174","0206","N","I","150","0"
"0174","0213","N","I","10000","0"
"0174","0215","N","I","500","0"
"0174","0253","N","I","1100","0"
"0174","0254","N","I","1100","0"
"0174","0257","N","I","1500","0"
"0174","0280","N","I","500000","0"
"0174","0281","N","I","1500","0"
"0218","0001","N","I","150000","0"
"0218","0040","N","I","300000","0"
"0218","0212","I","G","0","100"
"0218","0055","I","I","10000","0"
"0218","0016","I","I","5000","0"
"0218","0009","N","I","5000","0"
"0218","0007","N","I","3000","0"
"0218","0074","N","I","150","0"
"0218","0147","N","I","2600","0"
"0218","0278","N","I","1050","0"
"0218","0003","N","I","2600","0"
"0218","0060","N","G","0","20"
"0218","0126","N","I","6000","0"
"0019","0001","N","I","155000","0"
"0019","0040","N","I","310000","0"
"0019","0277","N","I","10000","0"
"0019","0016","N","I","5000","0"
"0019","0055","N","I","10000","0"
"0019","0253","N","I","1000","0"
"0019","0254","N","I","1000","0"
"0019","0147","N","I","2600","0"
"0019","0003","N","I","2600","0"
"0019","0278","N","I","1050","0"
"0019","0212","I","G","0","100"
"0019","0007","N","I","5150","0"
"0019","0019","N","I","2600","0"
"0019","0064","N","I","2600","0"
"0019","0095","N","I","500","0"
"0019","0279","N","I","420","0"
"0019","0060","N","I","1550","0"
"0019","0041","N","G","0","30"
"0019","0009","N","I","7000","0"
"0019","0074","I","I","150","0"
"0019","0217","N","I","6000","0"
"0019","0313","N","I","3000","0"
"0019","0051","N","I","250","0"
"0039","0001","N","I","400000","0"
"0039","0317","N","I","5000","0"
"0045","0001","N","I","400000","0"
"0045","0004","N","I","1000","0"
"0045","0007","N","I","10000","0"
"0045","0011","N","I","2000","0"
"0045","0015","I","I","7000","0"
"0045","0016","I","I","3000","0"
"0045","0018","N","G","0","150"
"0045","0050","N","I","1000","0"
"0045","0054","N","I","1500","0"
"0045","0058","N","I","2500","0"
"0045","0185","N","I","1000","0"
"0045","0206","I","I","300","0"
"0045","0215","N","I","1000","0"
"0045","0217","N","I","5000","0"
"0045","0218","N","I","500","0"
"0045","0228","N","I","1500","0"
"0045","0317","N","I","5000","0"
"0039","0047","N","I","400","0"
"0043","0047","N","I","400","0"
"0044","0047","N","I","400","0"
"0045","0047","N","I","400","0"
"0098","0030","N","I","150","0"
"0098","0056","N","I","6000","0"
"0098","0305","N","I","12000","0"
"0098","0308","N","I","750","0"
"0154","0002","N","I","10329.2","0"
"0154","0051","N","I","129","0"
"0150","0002","N","I","10329.2","0"
"0150","0051","N","I","129","0"
"0165","0001","I","I","100000","0"
"0165","0253","I","I","600","0"
"0165","0016","I","I","1250","0"
"0165","0212","I","G","0","180"
"0165","0254","I","I","600","0"
"0165","0017","I","G","0","30"
"0165","0278","N","I","1550","0"
"0165","0003","N","I","2580","0"
"0165","0365","I","I","2500","0"
"0165","0366","N","I","5165","0"
"0165","0367","I","G","0","30"
"0184","0018","I","G","0","365"
"0184","0031","I","I","600","0"
"0184","0038","I","I","800","0"
"0184","0206","I","I","400","0"
"0184","0267","I","I","135","0"
"0208","0001","I","I","60000","0"
"0208","0003","N","G","0","30"
"0208","0007","N","I","3000","0"
"0208","0011","N","I","500","0"
"0208","0018","I","G","0","100"
"0208","0058","N","I","1000","0"
"0208","0065","N","I","500","0"
"0208","0126","N","I","10000","0"
"0208","0169","N","I","500","0"
"0208","0233","N","I","500","0"
"0208","0268","N","I","1500","0"
"0208","0334","I","I","25000","0"
"0208","0335","N","I","90","0"
"0208","0336","N","I","150","0"
"0210","0001","N","I","150000","0"
"0210","0004","N","G","0","30"
"0210","0007","N","I","2500","0"
"0210","0009","N","I","10000","0"
"0210","0016","I","I","3000","0"
"0210","0019","N","I","1500","0"
"0210","0021","N","I","1000","0"
"0210","0026","N","I","1500","0"
"0210","0041","N","I","775","0"
"0210","0046","N","I","1300","0"
"0210","0047","N","I","300","0"
"0210","0055","I","I","10000","0"
"0210","0058","N","I","3000","0"
"0210","0060","N","I","1000","0"
"0210","0071","N","I","25000","0"
"0210","0076","N","I","1500","0"
"0210","0147","N","I","2000","0"
"0210","0212","I","G","0","90"
"0210","0215","N","I","2500","0"
"0210","0322","N","I","250","0"
"0210","0325","N","I","1500","0"
"0213","0001","N","I","500000","0"
"0213","0002","N","I","3000","0"
"0213","0004","N","G","0","30"
"0213","0007","N","I","3000","0"
"0213","0009","N","I","10000","0"
"0213","0016","I","I","3000","0"
"0213","0019","N","I","3000","0"
"0213","0021","N","I","1500","0"
"0213","0038","N","G","0","8"
"0213","0047","N","I","2000","0"
"0213","0055","I","I","10000","0"
"0213","0060","N","G","0","30"
"0213","0082","N","I","500","0"
"0213","0126","N","I","15000","0"
"0213","0147","N","I","2000","0"
"0213","0199","N","I","1000","0"
"0213","0206","N","I","500","0"
"0213","0212","I","G","0","100"
"0213","0215","N","I","2500","0"
"0213","0268","N","I","15000","0"
"0213","0274","N","I","5000","0"
"0213","0276","N","I","1500","0"
"0213","0342","N","I","1500","0"
"0213","0344","N","I","250","0"
"0214","0001","N","I","150000","0"
"0214","0004","N","G","0","30"
"0214","0007","N","I","2500","0"
"0214","0009","N","I","10000","0"
"0214","0016","I","I","3000","0"
"0214","0019","N","I","1500","0"
"0214","0021","N","I","1000","0"
"0214","0026","N","I","1500","0"
"0214","0041","N","I","775","0"
"0214","0046","N","I","1300","0"
"0214","0047","N","I","300","0"
"0214","0055","I","I","10000","0"
"0214","0058","N","I","3000","0"
"0214","0060","N","I","1000","0"
"0214","0071","N","I","25000","0"
"0214","0076","N","I","1500","0"
"0214","0147","N","I","2000","0"
"0214","0212","I","G","0","90"
"0214","0215","N","I","2500","0"
"0214","0322","N","I","250","0"
"0066","0001","N","I","500000","0"
"0088","0001","N","I","150000","0"
"0088","0003","N","I","2600","0"
"0088","0007","N","I","3000","0"
"0088","0009","N","I","5000","0"
"0088","0016","I","I","5000","0"
"0088","0019","N","I","1000","0"
"0088","0021","N","I","1000","0"
"0088","0030","N","I","250","0"
"0088","0032","N","I","4000","0"
"0088","0036","N","I","2000","0"
"0088","0039","N","I","500","0"
"0088","0040","N","I","300000","0"
"0088","0043","N","I","5000","0"
"0088","0045","N","I","750","0"
"0088","0046","N","I","1000","0"
"0088","0051","N","I","150","0"
"0088","0053","N","I","20000","0"
"0088","0055","I","I","10000","0"
"0088","0056","I","I","6000","0"
"0088","0060","N","G","0","20"
"0088","0067","N","I","1500","0"
"0088","0074","N","I","150","0"
"0088","0089","N","I","1550","0"
"0088","0092","N","I","500000","0"
"0088","0094","N","I","2500","0"
"0088","0108","N","I","7000","0"
"0088","0126","N","I","6000","0"
"0088","0135","N","I","250000","0"
"0088","0138","N","I","10000","0"
"0088","0146","N","I","350000","0"
"0088","0147","N","I","2600","0"
"0088","0150","N","I","500000","0"
"0088","0208","N","I","700000","0"
"0088","0212","I","G","0","100"
"0088","0246","N","I","999999","0"
"0088","0253","N","I","3000","0"
"0088","0254","N","I","3000","0"
"0088","0255","N","I","2500","0"
"0088","0278","N","I","1050","0"
"0088","0280","N","I","350000","0"
"0088","0300","I","I","12000","0"
"0088","0318","N","I","125","0"
"0088","0319","N","I","250","0"
"0088","0321","N","I","75","0"
"0020","0001","N","I","100000","0"
"0020","0040","N","I","200000","0"
"0020","0004","N","G","0","30"
"0020","0015","N","I","7500","0"
"0020","0003","N","I","2000","0"
"0020","0147","N","I","1600","0"
"0020","0253","N","I","1100","0"
"0020","0254","N","I","1100","0"
"0020","0016","N","I","2600","0"
"0020","0018","N","G","0","150"
"0020","0101","N","I","6000","0"
"0020","0139","N","I","1100","0"
"0020","0019","N","I","1100","0"
"0020","0050","N","I","200","0"
"0020","0215","N","I","500","0"
"0020","0021","N","I","1200","0"
"0020","0257","N","I","1500","0"
"0020","0206","N","I","150","0"
"0020","0009","N","I","6000","0"
"0030","0001","N","I","51646","0"
"0030","0011","N","I","2582","0"
"0030","0016","I","I","1808","0"
"0030","0018","I","G","0","120"
"0030","0021","N","I","1549","0"
"0030","0030","N","I","258","0"
"0030","0031","N","I","775","0"
"0030","0040","N","I","103291","0"
"0030","0079","N","I","20658.2","0"
"0030","0091","N","I","103291","0"
"0030","0092","N","I","154937","0"
"0030","0101","N","I","2582","0"
"0030","0126","N","I","3000","0"
"0030","0147","N","I","1500","0"
"0030","0238","I","G","0","30"
"0030","0304","N","I","10329.2","0"
"0031","0001","N","I","51646","0"
"0031","0011","N","I","2582","0"
"0031","0016","I","I","1808","0"
"0031","0018","I","G","0","120"
"0031","0021","N","I","1549","0"
"0031","0030","N","I","258","0"
"0031","0031","N","I","775","0"
"0031","0040","N","I","103291","0"
"0031","0079","N","I","20658.2","0"
"0031","0091","N","I","103291","0"
"0031","0092","N","I","154937","0"
"0031","0101","N","I","2582","0"
"0031","0126","N","I","3000","0"
"0031","0147","N","I","1500","0"
"0031","0238","I","G","0","30"
"0031","0304","N","I","10329.2","0"
"0032","0024","I","G","0","365"
"0032","0030","I","I","300","0"
"0032","0031","I","I","500","0"
"0032","0038","I","I","700","0"
"0032","0267","I","I","90","0"
"0033","0001","N","I","51646","0"
"0033","0011","N","I","2582","0"
"0033","0016","I","I","1808","0"
"0033","0018","I","G","0","120"
"0033","0021","N","I","1549","0"
"0033","0030","N","I","258","0"
"0033","0031","N","I","775","0"
"0033","0040","N","I","103291","0"
"0033","0079","N","I","20658.2","0"
"0033","0091","N","I","103291","0"
"0033","0092","N","I","154937","0"
"0033","0101","N","I","2582","0"
"0033","0126","N","I","3000","0"
"0033","0147","N","I","1500","0"
"0033","0238","I","G","0","30"
"0033","0304","N","I","10329.2","0"
"0038","0318","N","I","125","0"
"0038","0150","N","I","500000","0"
"0038","0246","N","I","999999","0"
"0038","0043","N","I","5000","0"
"0038","0094","N","I","2500","0"
"0038","0036","N","I","2000","0"
"0038","0039","N","I","500","0"
"0038","0319","N","I","250","0"
"0049","0004","N","G","0","20"
"0058","0071","N","I","5000","0"
"0062","0021","N","I","1500","0"
"0218","0255","N","I","2500","0"
"0218","0092","N","I","500000","0"
"0218","0135","N","I","250000","0"
"0218","0108","N","I","7000","0"
"0218","0019","N","I","1000","0"
"0203","0009","N","I","5000","0"
"0163","0010","N","I","2000","0"
"0163","0018","N","G","0","90"
"0163","0238","I","I","250","0"
"0163","0281","N","I","150","0"
"0221","0001","N","I","200000","0"
"0221","0007","N","I","10000","0"
"0221","0009","N","I","7000","0"
"0221","0010","N","I","2000","0"
"0221","0016","N","I","6000","0"
"0221","0019","N","I","3000","0"
"0221","0021","N","I","2000","0"
"0221","0040","N","I","350000","0"
"0221","0046","N","I","1100","0"
"0221","0067","N","I","5000","0"
"0221","0074","N","I","250","0"
"0221","0085","N","I","300","0"
"0221","0147","N","I","2600","0"
"0221","0211","N","I","1800","0"
"0221","0212","I","G","0","150"
"0221","0217","N","I","6000","0"
"0221","0253","N","I","2000","0"
"0221","0254","N","I","2000","0"
"0223","0021","N","I","1033","0"
"0114","0021","N","I","1033","0"
"0037","0015","N","I","7000","0"
"0037","0024","N","G","0","100"
"0037","0011","N","I","1500","0"
"0037","0007","N","I","5000","0"
"0037","0031","N","I","500","0"
"0037","0021","I","I","500","0"
"0037","0060","N","G","0","3"
"0179","0375","N","I","1300","0"
"0179","0309","N","I","1300","0"
"0179","0139","N","I","2500","0"
"0179","0051","N","I","750","0"
"0016","0024","I","G","0","100"
"0041","0067","N","I","3000","0"
"0041","0036","N","I","2500","0"
"0041","0322","I","I","350","0"
"0054","0001","N","I","100000","0"
"0054","0097","N","I","200000","0"
"0054","0071","N","I","5000","0"
"0054","0268","N","I","15000","0"
"0054","0058","N","I","3000","0"
"0054","0018","I","G","0","100"
"0057","0001","N","I","500000","0"
"0057","0018","N","G","0","60"
"0057","0004","N","G","0","30"
"0057","0002","N","I","1000","0"
"0057","0003","N","I","2000","0"
"0057","0008","N","I","259","0"
"0057","0007","N","I","6500","0"
"0057","0009","N","I","5165","0"
"0057","0011","N","I","1000","0"
"0057","0020","N","I","500","0"
"0057","0257","N","I","850","0"
"0057","0338","N","I","5165","0"
"0038","0208","N","I","700000","0"
"0023","0184","N","I","650","0"
"0023","0183","N","I","520","0"
"0023","0036","N","I","1300","0"
"0023","0108","N","I","7500","0"
"0038","0146","N","I","350000","0"
"0038","0032","N","I","4000","0"
"0038","0067","N","I","1500","0"
"0038","0021","N","I","1000","0"
"0038","0030","N","I","250","0"
"0163","0354","I","I","80","0"
"0163","0355","I","I","60","0"
"0163","0356","I","I","60","0"
"0098","0190","N","I","258230","0"
"0098","0101","N","I","8000","0"
"0098","0130","N","I","2000","0"
"0098","0077","N","I","300","0"
"0098","0021","N","I","2000","0"
"0188","0001","N","I","200000","0"
"0188","0004","N","I","40000","0"
"0188","0007","N","I","6000","0"
"0188","0015","I","I","5000","0"
"0188","0016","I","I","3000","0"
"0188","0021","N","I","2000","0"
"0188","0040","N","I","400000","0"
"0188","0074","N","I","500","0"
"0188","0085","N","I","500","0"
"0188","0212","N","G","0","180"
"0188","0228","N","I","1500","0"
"0188","0238","N","G","0","30"
"0188","0253","I","I","1500","0"
"0188","0254","I","I","1500","0"
"0188","0272","N","I","10000","0"
"0188","0324","N","I","40000","0"
"0188","0326","N","I","100","0"
"0224","0001","N","I","500000","0"
"0224","0359","N","I","2500","0"
"0224","0019","N","I","4000","0"
"0224","0212","N","G","0","150"
"0224","0007","N","I","6500","0"
"0224","0004","N","G","0","30"
"0224","0026","N","I","2583","0"
"0224","0002","N","I","1000","0"
"0034","0091","N","I","999999","0"
"0058","0046","N","I","1500","0"
"0058","0215","N","I","2500","0"
"0019","0115","N","I","3100","0"
"0019","0314","N","I","1035","0"
"0019","0315","N","I","1035","0"
"0019","0073","N","I","6000","0"
"0019","0316","N","I","1500","0"
"0019","0066","N","I","220","0"
"0019","0139","N","I","1800","0"
"0056","0032","N","I","7000","0"
"0056","0213","N","I","3000","0"
"0056","0108","N","I","7000","0"
"0056","0339","N","I","6000","0"
"0056","0019","N","I","500","0"
"0020","0091","N","I","250000","0"
"0020","0280","N","I","500000","0"
"0020","0213","N","I","10000","0"
"0020","0122","N","I","5000","0"
"0020","0281","N","I","1500","0"
"0020","0036","N","I","2600","0"
"0020","0030","N","I","200","0"
"0048","0091","N","I","250000","0"
"0048","0032","N","I","7000","0"
"0048","0022","N","I","2000","0"
"0048","0062","N","I","300","0"
"0048","0069","N","I","100","0"
"0048","0105","N","I","1500","0"
"0048","0327","N","I","500","0"
"0048","0076","N","I","1200","0"
"0055","0001","I","I","60000","0"
"0053","0140","N","I","2950","0"
"0053","0144","N","I","1200","0"
"0055","0018","I","G","0","100"
"0055","0233","N","I","500","0"
"0161","0001","N","I","120000","0"
"0161","0004","N","G","0","30"
"0161","0009","N","I","5200","0"
"0161","0016","N","I","4000","0"
"0161","0018","I","G","0","180"
"0161","0024","I","G","0","90"
"0161","0040","N","I","240000","0"
"0161","0046","N","I","900","0"
"0161","0060","N","G","0","30"
"0161","0101","N","I","1500","0"
"0161","0117","N","I","600","0"
"0161","0118","N","I","1200","0"
"0161","0257","N","I","1550","0"
"0165","0040","I","I","310000","0"
"0165","0364","N","I","500000","0"
"0165","0373","I","G","0","50"
"0165","0135","I","I","150000","0"
"0165","0374","N","I","150000","0"
"0165","0067","I","I","2000","0"
"0165","0375","N","I","2000","0"
"0165","0129","I","I","600","0"
"0165","0376","N","I","600","0"
"0165","0039","I","I","500","0"
"0165","0377","N","I","500","0"
"0168","0009","N","I","25100","0"
"0168","0016","I","I","2300","0"
"0168","0040","N","I","262014","0"
"0168","0073","N","I","3500","0"
"0168","0075","N","I","4200","0"
"0168","0089","N","G","0","30"
"0168","0122","N","I","6200","0"
"0168","0135","N","I","131000","0"
"0168","0206","N","I","500","0"
"0168","0212","N","G","0","100"
"0202","0011","N","I","11614.94","0"
"0202","0064","N","I","11614.94","0"
"0179","0009","N","I","10000","0"
"0179","0302","I","I","1100","0"
"0179","0303","I","I","1100","0"
"0047","0001","N","I","200000","0"
"0047","0040","N","I","400000","0"
"0047","0324","N","I","40000","0"
"0047","0016","I","I","3000","0"
"0047","0015","I","I","5000","0"
"0047","0253","I","I","1500","0"
"0047","0254","I","I","1500","0"
"0047","0212","N","G","0","180"
"0047","0238","N","G","0","30"
"0047","0004","N","I","40000","0"
"0047","0272","N","I","10000","0"
"0047","0228","N","I","1500","0"
"0047","0007","N","I","6000","0"
"0047","0074","N","I","500","0"
"0047","0085","N","I","500","0"
"0047","0021","N","I","2000","0"
"0048","0001","N","I","500000","0"
"0048","0015","I","I","10000","0"
"0048","0016","I","I","3100","0"
"0048","0009","N","I","10000","0"
"0048","0099","N","I","2000","0"
"0048","0325","N","I","1500","0"
"0048","0007","N","I","10000","0"
"0048","0011","N","I","4000","0"
"0048","0050","N","I","500","0"
"0048","0218","N","I","800","0"
"0048","0233","N","I","2000","0"
"0048","0206","I","I","300","0"
"0048","0054","N","I","4000","0"
"0048","0095","N","I","2000","0"
"0048","0046","N","I","1291","0"
"0048","0047","N","I","600","0"
"0048","0253","N","I","1500","0"
"0048","0254","N","I","1500","0"
"0048","0018","I","G","0","90"
"0048","0004","N","G","0","30"
"0048","0090","N","I","775","0"
"0109","0059","I","I","600","0"
"0109","0053","N","I","10500","0"
"0109","0019","N","I","2600","0"
"0109","0033","N","I","2582","0"
"0109","0185","N","I","1549","0"
"0109","0066","I","I","516","0"
"0098","0120","N","I","3875","0"
"0098","0124","N","I","1035","0"
"0215","0010","N","I","2000","0"
"0215","0018","N","G","0","90"
"0215","0238","I","I","350","0"
"0215","0281","N","I","200","0"
"0215","0354","I","I","80","0"
"0215","0355","I","I","60","0"
"0215","0356","I","I","60","0"
"0215","0357","N","G","0","5"
"0219","0001","N","I","50000","0"
"0219","0007","N","I","5165","0"
"0219","0009","N","I","5165","0"
"0219","0015","I","I","10000","0"
"0219","0016","I","I","2582","0"
"0219","0019","N","I","516","0"
"0219","0032","N","I","2582","0"
"0219","0040","N","I","100000","0"
"0219","0079","N","I","1033","0"
"0219","0085","N","I","155","0"
"0219","0212","I","G","0","300"
"0219","0253","N","I","1500","0"
"0219","0254","N","I","1500","0"
"0179","0073","N","I","2500","0"
"0179","0316","N","I","500","0"
"0179","0248","N","I","200","0"
"0023","0001","N","I","250000","0"
"0023","0040","N","I","500000","0"
"0023","0003","N","I","2600","0"
"0023","0099","N","I","2600","0"
"0023","0004","N","G","0","45"
"0023","0015","I","I","9000","0"
"0023","0016","I","I","3500","0"
"0023","0018","N","G","0","120"
"0023","0101","N","I","8000","0"
"0023","0011","N","I","2600","0"
"0023","0046","N","I","1050","0"
"0023","0021","N","I","750","0"
"0164","0001","N","I","90000","0"
"0164","0004","I","I","490","0"
"0164","0007","N","I","3000","0"
"0164","0009","N","I","10000","0"
"0164","0011","N","I","800","0"
"0164","0015","N","I","10000","0"
"0164","0016","N","I","2200","0"
"0164","0018","N","G","0","70"
"0164","0030","I","I","50","0"
"0164","0040","N","I","180000","0"
"0164","0047","N","I","258","0"
"0164","0050","N","I","258","0"
"0164","0071","N","I","7750","0"
"0164","0099","N","I","1500","0"
"0164","0117","N","I","1549","0"
"0164","0118","N","I","2582","0"
"0164","0186","N","I","258","0"
"0164","0250","N","I","500","0"
"0164","0302","N","I","1040","0"
"0164","0303","N","I","1040","0"
"0179","0075","N","I","800","0"
"0125","0001","N","I","999999","0"
"0125","0003","N","I","1550","0"
"0125","0004","N","G","0","30"
"0125","0007","N","I","6197.48","0"
"0125","0009","N","I","25100","0"
"0125","0015","I","I","9000","0"
"0125","0016","I","I","2300","0"
"0125","0019","N","I","6197.48","0"
"0125","0021","N","I","12911.42","0"
"0125","0032","N","I","7230.4","0"
"0125","0036","N","I","15493.71","0"
"0125","0040","N","I","262014","0"
"0125","0043","N","I","8263.31","0"
"0125","0045","N","I","18075.99","0"
"0125","0049","N","I","4750","0"
"0125","0053","N","I","5164.57","0"
"0125","0054","N","I","10329.14","0"
"0125","0056","I","I","2200","0"
"0125","0060","N","G","0","180"
"0125","0067","N","I","7230.4","0"
"0125","0073","N","I","3500","0"
"0125","0075","N","I","4200","0"
"0125","0083","N","I","4350","0"
"0125","0089","N","G","0","30"
"0125","0092","N","I","220000","0"
"0125","0094","N","I","5164.57","0"
"0125","0108","N","I","20000","0"
"0125","0112","N","I","4850","0"
"0125","0120","N","I","2650","0"
"0125","0122","N","I","6200","0"
"0125","0123","N","I","3000","0"
"0125","0124","N","I","6450","0"
"0125","0130","N","I","8263.31","0"
"0125","0133","N","I","5350","0"
"0125","0135","N","I","131000","0"
"0125","0137","N","I","1100","0"
"0125","0140","N","I","2950","0"
"0125","0144","N","I","1200","0"
"0125","0146","N","I","110000","0"
"0125","0166","N","I","7200","0"
"0125","0170","N","I","7500","0"
"0125","0206","N","I","500","0"
"0125","0212","N","G","0","100"
"0125","0322","N","I","400","0"
"0098","0146","N","I","77500","0"
"0098","0246","N","I","155000","0"
"0098","0299","N","I","10000","0"
"0098","0004","N","G","0","30"
"0110","0253","N","I","1040","0"
"0110","0254","N","I","1040","0"
"0217","0051","N","I","250","0"
"0217","0309","N","I","3000","0"
"0019","0135","N","I","350000","0"
"0019","0209","N","I","350000","0"
"0019","0302","N","I","2000","0"
"0019","0303","N","I","2000","0"
"0019","0043","N","I","10000","0"
"0019","0122","N","I","1500","0"
"0019","0033","N","I","500","0"
"0019","0046","N","I","1000","0"
"0035","0001","N","I","200000","0"
"0035","0040","N","I","350000","0"
"0035","0010","N","I","2000","0"
"0035","0016","N","I","6000","0"
"0035","0055","N","I","10000","0"
"0035","0253","N","I","2000","0"
"0035","0254","N","I","2000","0"
"0035","0147","N","I","2600","0"
"0035","0212","I","G","0","150"
"0035","0007","N","I","10000","0"
"0035","0019","N","I","3000","0"
"0035","0067","N","I","5000","0"
"0035","0021","N","I","2000","0"
"0035","0085","N","I","300","0"
"0035","0076","N","I","1100","0"
"0035","0009","N","I","7000","0"
"0035","0074","N","I","150","0"
"0035","0126","N","I","6000","0"
"0039","0015","I","I","7000","0"
"0039","0016","I","I","3000","0"
"0039","0058","N","I","2500","0"
"0039","0004","N","I","1000","0"
"0039","0253","I","I","1200","0"
"0039","0254","I","I","1200","0"
"0039","0018","N","G","0","150"
"0039","0007","N","I","10000","0"
"0039","0011","N","I","2000","0"
"0039","0215","N","I","1000","0"
"0039","0218","N","I","500","0"
"0039","0050","N","I","1000","0"
"0039","0054","N","I","1500","0"
"0039","0185","N","I","1000","0"
"0039","0206","I","I","300","0"
"0039","0228","N","I","1500","0"
"0039","0217","N","I","5000","0"
"0043","0001","N","I","400000","0"
"0043","0004","N","I","1000","0"
"0043","0007","N","I","10000","0"
"0043","0011","N","I","2000","0"
"0043","0015","I","I","7000","0"
"0043","0016","I","I","3000","0"
"0043","0018","N","G","0","150"
"0043","0030","I","I","250","0"
"0043","0050","N","I","1000","0"
"0043","0054","N","I","1500","0"
"0043","0058","N","I","2500","0"
"0043","0185","N","I","1000","0"
"0043","0206","I","I","300","0"
"0043","0215","N","I","1000","0"
"0043","0217","N","I","5000","0"
"0043","0218","N","I","500","0"
"0043","0228","N","I","1500","0"
"0043","0253","I","I","1200","0"
"0043","0254","I","I","1200","0"
"0043","0317","N","I","5000","0"
"0044","0001","N","I","400000","0"
"0044","0004","N","I","1000","0"
"0044","0007","N","I","10000","0"
"0044","0011","N","I","2000","0"
"0044","0015","I","I","7000","0"
"0044","0016","I","I","3000","0"
"0044","0018","N","G","0","150"
"0044","0030","I","I","250","0"
"0044","0050","N","I","1000","0"
"0044","0054","N","I","1500","0"
"0044","0058","N","I","2500","0"
"0044","0185","N","I","1000","0"
"0044","0206","I","I","300","0"
"0044","0215","N","I","1000","0"
"0044","0217","N","I","5000","0"
"0044","0218","N","I","500","0"
"0044","0228","N","I","1500","0"
"0044","0253","I","I","1200","0"
"0044","0254","I","I","1200","0"
"0044","0317","N","I","5000","0"
"0032","0001","N","I","500000","0"
"0053","0170","N","I","7500","0"
"0053","0133","N","I","5350","0"
"0053","0056","I","I","2200","0"
"0053","0015","I","I","9000","0"
"0053","0003","N","I","1550","0"
"0053","0146","N","I","110000","0"
"0053","0092","N","I","220000","0"
"0053","0120","N","I","2650","0"
"0053","0137","N","I","1100","0"
"0053","0322","N","I","400","0"
"0053","0108","N","I","20000","0"
"0056","0147","N","I","3000","0"
"0019","0346","N","I","700","0"
"0109","0001","N","I","90000","0"
"0109","0004","I","I","490","0"
"0109","0007","N","I","3000","0"
"0109","0009","N","I","10000","0"
"0109","0011","N","I","800","0"
"0109","0015","N","I","10000","0"
"0109","0016","N","I","2200","0"
"0109","0018","N","G","0","70"
"0109","0021","N","I","1000","0"
"0109","0022","N","I","1300","0"
"0109","0030","I","I","50","0"
"0109","0032","N","I","6000","0"
"0109","0039","I","I","200","0"
"0109","0040","N","I","180000","0"
"0109","0047","N","I","258","0"
"0109","0050","N","I","258","0"
"0109","0071","N","I","7750","0"
"0109","0099","N","I","1500","0"
"0109","0117","N","I","1549","0"
"0109","0118","N","I","2582","0"
"0109","0186","N","I","258","0"
"0109","0250","N","I","500","0"
"0109","0255","I","I","2080","0"
"0109","0256","N","I","1033","0"
"0110","0001","N","I","90000","0"
"0110","0004","I","I","490","0"
"0110","0007","N","I","3000","0"
"0110","0009","N","I","10000","0"
"0110","0011","N","I","800","0"
"0110","0015","N","I","10000","0"
"0110","0016","N","I","2200","0"
"0110","0018","N","G","0","70"
"0110","0022","N","I","1300","0"
"0110","0030","I","I","50","0"
"0110","0032","N","I","6000","0"
"0110","0039","I","I","200","0"
"0110","0040","N","I","180000","0"
"0110","0047","N","I","258","0"
"0110","0050","N","I","258","0"
"0110","0071","N","I","7750","0"
"0110","0099","N","I","1500","0"
"0110","0117","N","I","1549","0"
"0110","0118","N","I","2582","0"
"0110","0186","N","I","258","0"
"0110","0250","N","I","500","0"
"0110","0255","I","I","2080","0"
"0110","0256","N","I","1033","0"
"0111","0001","N","I","90000","0"
"0111","0004","I","I","490","0"
"0111","0009","N","I","10000","0"
"0111","0011","N","I","800","0"
"0111","0015","N","I","10000","0"
"0111","0016","N","I","2200","0"
"0111","0018","N","G","0","70"
"0111","0022","N","I","1300","0"
"0111","0030","I","I","50","0"
"0111","0032","N","I","6000","0"
"0111","0039","I","I","200","0"
"0111","0040","N","I","180000","0"
"0111","0047","N","I","258","0"
"0111","0050","N","I","258","0"
"0111","0071","N","I","7750","0"
"0111","0099","N","I","1500","0"
"0111","0117","N","I","1549","0"
"0111","0118","N","I","2582","0"
"0111","0186","N","I","258","0"
"0111","0250","N","I","500","0"
"0111","0255","I","I","2080","0"
"0111","0256","N","I","1033","0"
"0098","0150","N","I","100000","0"
"0175","0001","N","I","100000","0"
"0175","0003","N","I","2000","0"
"0175","0004","N","G","0","30"
"0175","0009","N","I","6000","0"
"0175","0015","N","I","7500","0"
"0175","0016","N","I","2600","0"
"0175","0018","N","G","0","150"
"0175","0019","N","I","1100","0"
"0175","0021","N","I","1200","0"
"0175","0030","N","I","200","0"
"0175","0036","N","I","2600","0"
"0175","0040","N","I","200000","0"
"0175","0050","N","I","200","0"
"0175","0091","N","I","250000","0"
"0175","0101","N","I","6000","0"
"0175","0122","N","I","5000","0"
"0175","0139","N","I","1100","0"
"0175","0147","N","I","1600","0"
"0175","0206","N","I","150","0"
"0175","0213","N","I","10000","0"
"0175","0215","N","I","500","0"
"0175","0253","N","I","1100","0"
"0175","0254","N","I","1100","0"
"0175","0257","N","I","1500","0"
"0175","0280","N","I","500000","0"
"0175","0281","N","I","1500","0"
"0217","0070","N","I","8000","0"
"0217","0210","N","I","12000","0"
"0217","0302","N","I","3000","0"
"0217","0303","N","I","3000","0"
"0217","0043","N","I","20000","0"
"0217","0108","N","I","10000","0"
"0217","0105","N","I","750","0"
"0217","0030","N","I","150","0"
"0202","0027","N","I","13732.41","0"
"0202","0075","N","I","13732.41","0"
"0180","0027","N","I","13732.41","0"
"0180","0075","N","I","13732.41","0"
"0180","0022","N","I","15849.88","0"
"0180","0083","N","I","15849.88","0"
"0202","0022","N","I","15849.88","0"
"0202","0083","N","I","15849.88","0"
"0179","0230","I","I","7500","0"
"0179","0308","I","I","5000","0"
"0179","0168","I","I","250","0"
"0036","0067","N","I","5000","0"
"0223","0001","N","I","90000","0"
"0223","0004","I","I","490","0"
"0223","0009","N","I","10000","0"
"0223","0011","N","I","800","0"
"0223","0015","N","I","10000","0"
"0223","0016","N","I","2200","0"
"0223","0018","N","G","0","70"
"0223","0030","I","I","50","0"
"0223","0039","I","I","200","0"
"0223","0040","N","I","180000","0"
"0223","0047","N","I","258","0"
"0223","0071","N","I","7750","0"
"0223","0099","N","I","1500","0"
"0223","0117","N","I","1549","0"
"0223","0118","N","I","2582","0"
"0223","0186","N","I","258","0"
"0223","0250","N","I","500","0"
"0223","0255","I","I","2080","0"
"0223","0256","N","I","1033","0"
"0210","0091","N","I","200000","0"
"0210","0032","N","I","3500","0"
"0210","0049","N","I","5000","0"
"0210","0033","N","I","3500","0"
"0210","0281","N","I","3500","0"
"0210","0139","N","I","2500","0"
"0179","0346","N","I","3000","0"
"0179","0135","N","I","80000","0"
"0179","0027","N","I","1549.37","0"
"0179","0256","N","I","1032.91","0"
"0179","0134","N","I","100","0"
"0217","0381","N","I","987.4","0"
"0217","0382","N","I","862.4","0"
"0053","0032","N","I","7230.4","0"
"0016","0271","I","I","9000","0"
"0053","0060","N","G","0","180"
"0053","0067","N","I","7230.4","0"
"0053","0036","N","I","15493.71","0"
"0053","0043","N","I","8263.31","0"
"0053","0130","N","I","8263.31","0"
"0053","0045","N","I","18075.99","0"
"0053","0053","N","I","5164.57","0"
"0053","0094","N","I","5164.57","0"
"0053","0054","N","I","10329.14","0"
"0142","0001","N","I","250000","0"
"0142","0003","N","I","2600","0"
"0142","0004","N","G","0","45"
"0142","0009","N","I","5000","0"
"0142","0011","N","I","2600","0"
"0142","0015","I","I","9000","0"
"0142","0016","I","I","3500","0"
"0142","0018","N","G","0","120"
"0142","0021","N","I","750","0"
"0142","0036","N","I","1300","0"
"0142","0040","N","I","500000","0"
"0142","0046","N","I","1050","0"
"0142","0060","N","G","0","60"
"0142","0099","N","I","2600","0"
"0142","0101","N","I","8000","0"
"0142","0108","N","I","7500","0"
"0142","0183","N","I","520","0"
"0142","0184","N","I","650","0"
"0142","0293","N","I","550","0"
"0142","0294","N","I","400","0"
"0142","0295","N","I","300","0"
"0142","0297","I","I","6000","0"
"0163","0357","N","G","0","5"
"0104","0017","N","G","0","30"
"0104","0212","N","G","0","150"
"0104","0359","N","I","2500","0"
"0104","0002","N","I","1000","0"
"0104","0026","N","I","2583","0"
"0104","0008","N","I","259","0"
"0104","0009","N","I","5165","0"
"0104","0360","N","I","500","0"
"0104","0050","N","I","700","0"
"0104","0030","N","I","500","0"
"0104","0021","N","I","2583","0"
"0019","0292","N","I","500","0"
"0061","0135","N","I","500000","0"
"0061","0010","N","I","10000","0"
"0061","0018","I","G","0","350"
"0061","0009","N","I","10000","0"
"0061","0004","N","G","0","45"
"0061","0015","I","I","8000","0"
"0061","0016","I","I","4000","0"
"0061","0032","N","I","2500","0"
"0061","0067","N","I","1500","0"
"0061","0047","N","I","250","0"
"0073","0001","N","I","250000","0"
"0073","0002","N","I","3000","0"
"0073","0004","N","G","0","30"
"0073","0009","N","I","10000","0"
"0073","0011","N","I","1500","0"
"0073","0015","I","I","10000","0"
"0073","0016","I","I","3000","0"
"0073","0018","I","G","0","100"
"0073","0021","N","I","1500","0"
"0073","0024","I","G","0","365"
"0073","0030","I","I","300","0"
"0073","0031","I","I","500","0"
"0073","0038","I","I","700","0"
"0073","0046","N","I","1000","0"
"0073","0047","N","I","250","0"
"0073","0097","N","I","500000","0"
"0073","0101","N","I","2000","0"
"0073","0119","I","I","10000","0"
"0073","0147","N","I","2000","0"
"0073","0206","N","I","250","0"
"0073","0215","N","I","2500","0"
"0073","0218","N","G","0","30"
"0073","0267","I","I","90","0"
"0073","0268","N","I","15000","0"
"0073","0274","N","I","5000","0"
"0073","0275","I","G","0","100"
"0073","0276","N","I","1500","0"
"0074","0024","I","G","0","365"
"0074","0030","I","I","400","0"
"0074","0031","I","I","600","0"
"0074","0038","I","I","800","0"
"0074","0267","I","I","135","0"
"0075","0018","I","G","0","365"
"0075","0031","I","I","600","0"
"0075","0038","I","I","800","0"
"0075","0206","I","I","400","0"
"0075","0267","I","I","135","0"
"0076","0001","N","I","100000","0"
"0076","0003","N","I","2000","0"
"0076","0004","N","G","0","30"
"0076","0009","N","I","6000","0"
"0076","0015","N","I","7500","0"
"0076","0016","N","I","2600","0"
"0076","0018","N","G","0","150"
"0076","0019","N","I","1100","0"
"0076","0021","N","I","1200","0"
"0076","0030","N","I","200","0"
"0076","0036","N","I","2600","0"
"0076","0040","N","I","200000","0"
"0076","0050","N","I","200","0"
"0076","0091","N","I","250000","0"
"0076","0101","N","I","6000","0"
"0076","0122","N","I","5000","0"
"0076","0139","N","I","1100","0"
"0076","0147","N","I","1600","0"
"0076","0206","N","I","150","0"
"0076","0213","N","I","10000","0"
"0076","0215","N","I","500","0"
"0076","0253","N","I","1100","0"
"0076","0254","N","I","1100","0"
"0076","0257","N","I","1500","0"
"0076","0280","N","I","500000","0"
"0076","0281","N","I","1500","0"
"0077","0001","N","I","100000","0"
"0077","0003","N","I","2000","0"
"0077","0004","N","G","0","30"
"0077","0009","N","I","6000","0"
"0077","0015","N","I","7500","0"
"0077","0016","N","I","2600","0"
"0077","0018","N","G","0","150"
"0077","0019","N","I","1100","0"
"0077","0021","N","I","1200","0"
"0077","0030","N","I","200","0"
"0077","0036","N","I","2600","0"
"0077","0040","N","I","200000","0"
"0077","0050","N","I","200","0"
"0077","0091","N","I","250000","0"
"0077","0101","N","I","6000","0"
"0077","0122","N","I","5000","0"
"0077","0139","N","I","1100","0"
"0077","0147","N","I","1600","0"
"0077","0206","N","I","150","0"
"0077","0213","N","I","10000","0"
"0077","0215","N","I","500","0"
"0077","0257","N","I","1500","0"
"0077","0280","N","I","500000","0"
"0077","0281","N","I","1500","0"
"0079","0001","N","I","300000","0"
"0079","0007","N","I","5000","0"
"0079","0015","I","I","5000","0"
"0079","0016","I","I","4000","0"
"0079","0019","N","I","3000","0"
"0079","0046","N","I","1500","0"
"0079","0060","N","G","0","30"
"0079","0065","N","I","1000","0"
"0079","0101","N","I","7500","0"
"0079","0147","N","I","1500","0"
"0079","0282","N","I","1500","0"
"0079","0283","N","I","4500","0"
"0079","0284","N","I","5000","0"
"0079","0285","N","I","3500","0"
"0079","0286","N","I","4500","0"
"0079","0287","N","I","3500","0"
"0079","0288","N","I","3000","0"
"0079","0289","N","I","3000","0"
"0079","0290","N","I","1500","0"
"0079","0291","N","I","1500","0"
"0019","0056","N","I","6000","0"
"0019","0305","N","I","12000","0"
"0019","0306","N","I","3000","0"
"0019","0307","N","I","3000","0"
"0019","0053","N","I","20000","0"
"0019","0308","N","I","750","0"
"0019","0030","N","I","150","0"
"0019","0076","N","I","1000","0"
"0019","0108","N","I","10000","0"
"0035","0211","N","I","1800","0"
"0040","0001","N","I","50000","0"
"0040","0040","N","I","100000","0"
"0040","0015","I","I","10000","0"
"0040","0016","I","I","2582","0"
"0040","0253","N","I","1500","0"
"0040","0254","N","I","1500","0"
"0040","0079","N","I","1033","0"
"0040","0009","N","I","5165","0"
"0040","0212","I","G","0","300"
"0040","0007","N","I","5165","0"
"0040","0085","N","I","155","0"
"0040","0019","N","I","516","0"
"0040","0032","N","I","2582","0"
"0060","0001","N","I","150000","0"
"0060","0004","N","G","0","30"
"0060","0007","N","I","2500","0"
"0060","0009","N","I","10000","0"
"0060","0016","I","I","3000","0"
"0060","0019","N","I","1500","0"
"0060","0026","N","I","1500","0"
"0060","0041","N","I","775","0"
"0060","0046","N","I","1300","0"
"0060","0047","N","I","300","0"
"0060","0055","I","I","10000","0"
"0060","0058","N","I","3000","0"
"0060","0060","N","I","1000","0"
"0060","0071","N","I","25000","0"
"0060","0147","N","I","2000","0"
"0060","0212","I","G","0","90"
"0060","0215","N","I","2500","0"
"0061","0001","I","I","30000","0"
"0061","0342","I","I","1500","0"
"0061","0268","I","I","15000","0"
"0061","0002","I","I","5000","0"
"0061","0343","I","I","2065","0"
"0061","0007","I","I","1700","0"
"0061","0065","I","I","500","0"
"0061","0019","I","I","500","0"
"0061","0249","I","I","200","0"
"0061","0126","I","I","8000","0"
"0061","0147","I","I","1500","0"
"0061","0212","I","G","0","30"
"0104","0362","I","I","350","0"
"0104","0363","I","I","350","0"
"0180","0302","I","I","1230","0"
"0180","0303","N","I","1230","0"
"0180","0320","N","I","2460","0"
"0179","0199","N","I","2000","0"
"0019","0208","N","I","250000","0"
"0019","0301","N","I","100","0"
"0019","0070","N","I","8000","0"
"0019","0203","N","I","3000","0"
"0019","0309","N","I","1400","0"
"0019","0039","N","I","200","0"
"0056","0067","N","I","750","0"
"0065","0001","N","I","77468","0"
"0065","0040","N","I","103291","0"
"0065","0016","I","I","3615","0"
"0065","0345","N","I","15493.6","0"
"0065","0212","I","G","0","120"
"0065","0238","I","G","0","30"
"0065","0007","N","I","1032","0"
"0065","0047","N","I","155","0"
"0065","0085","N","I","206","0"
"0065","0021","N","I","775","0"
"0065","0272","N","I","5165","0"
"0065","0147","N","I","775","0"
"0065","0004","N","I","15493.6","0"
"0065","0041","N","G","0","15"
"0109","0348","N","I","1040","0"
"0109","0349","N","I","520","0"
"0159","0001","N","I","51646","0"
"0159","0011","N","I","2582","0"
"0159","0016","I","I","1808","0"
"0159","0018","I","G","0","120"
"0159","0021","N","I","1549","0"
"0159","0030","N","I","258","0"
"0159","0031","N","I","775","0"
"0159","0040","N","I","103291","0"
"0159","0079","N","I","20658.2","0"
"0159","0091","N","I","103291","0"
"0159","0092","N","I","154937","0"
"0159","0101","N","I","2582","0"
"0159","0126","N","I","3000","0"
"0159","0147","N","I","1500","0"
"0159","0238","I","G","0","30"
"0159","0304","N","I","10329.2","0"
"0099","0001","N","I","500000","0"
"0099","0002","N","I","1000","0"
"0099","0003","N","I","2000","0"
"0099","0004","N","G","0","30"
"0099","0007","N","I","6500","0"
"0099","0008","N","I","259","0"
"0099","0009","N","I","5165","0"
"0099","0011","N","I","1000","0"
"0099","0018","N","G","0","60"
"0099","0020","N","I","500","0"
"0099","0257","N","I","850","0"
"0099","0338","N","I","5165","0"
"0100","0001","N","I","100000","0"
"0100","0004","N","G","0","30"
"0100","0007","N","I","2500","0"
"0100","0009","N","I","10000","0"
"0100","0011","N","I","1000","0"
"0100","0015","N","I","10000","0"
"0100","0016","I","I","3000","0"
"0100","0018","I","G","0","100"
"0100","0021","N","I","1000","0"
"0100","0058","N","I","3000","0"
"0100","0060","N","G","0","30"
"0100","0071","N","I","5000","0"
"0100","0097","N","I","200000","0"
"0100","0099","N","I","2000","0"
"0100","0206","N","I","250","0"
"0100","0268","N","I","15000","0"
"0101","0001","N","I","500000","0"
"0101","0002","N","I","3000","0"
"0101","0004","N","G","0","30"
"0101","0007","N","I","3000","0"
"0101","0009","N","I","10000","0"
"0101","0016","I","I","3000","0"
"0101","0019","N","I","3000","0"
"0101","0021","N","I","1500","0"
"0101","0038","N","G","0","8"
"0101","0047","N","I","2000","0"
"0101","0055","I","I","10000","0"
"0101","0060","N","G","0","30"
"0101","0082","N","I","500","0"
"0101","0126","N","I","15000","0"
"0101","0147","N","I","2000","0"
"0101","0199","N","I","1000","0"
"0101","0206","N","I","500","0"
"0101","0212","I","G","0","100"
"0101","0215","N","I","2500","0"
"0101","0268","N","I","15000","0"
"0101","0274","N","I","5000","0"
"0101","0276","N","I","1500","0"
"0101","0342","N","I","1500","0"
"0101","0344","N","I","250","0"
"0102","0001","N","I","150000","0"
"0102","0004","N","G","0","30"
"0102","0007","N","I","2500","0"
"0102","0009","N","I","10000","0"
"0102","0016","I","I","3000","0"
"0102","0019","N","I","1500","0"
"0102","0021","N","I","1000","0"
"0102","0026","N","I","1500","0"
"0102","0041","N","I","775","0"
"0102","0046","N","I","1300","0"
"0102","0047","N","I","300","0"
"0102","0055","I","I","10000","0"
"0102","0058","N","I","3000","0"
"0102","0060","N","I","1000","0"
"0102","0071","N","I","25000","0"
"0102","0076","N","I","1500","0"
"0102","0147","N","I","2000","0"
"0102","0212","I","G","0","90"
"0102","0215","N","I","2500","0"
"0102","0322","N","I","250","0"
"0102","0325","N","I","1500","0"
"0103","0001","N","I","77468","0"
"0103","0004","N","I","15493.6","0"
"0103","0007","N","I","1032","0"
"0103","0016","I","I","3615","0"
"0103","0021","N","I","775","0"
"0103","0040","N","I","103291","0"
"0103","0041","N","G","0","15"
"0103","0047","N","I","155","0"
"0103","0085","N","I","206","0"
"0103","0147","N","I","775","0"
"0103","0212","I","G","0","120"
"0103","0238","I","G","0","30"
"0103","0272","N","I","5165","0"
"0103","0345","N","I","15493.6","0"
"0105","0001","N","I","200000","0"
"0105","0004","N","I","40000","0"
"0105","0007","N","I","6000","0"
"0105","0015","I","I","5000","0"
"0105","0016","I","I","3000","0"
"0105","0021","N","I","2000","0"
"0105","0040","N","I","400000","0"
"0105","0074","N","I","500","0"
"0105","0085","N","I","500","0"
"0105","0212","N","G","0","180"
"0105","0228","N","I","1500","0"
"0105","0238","N","G","0","30"
"0105","0253","I","I","1500","0"
"0105","0254","I","I","1500","0"
"0105","0272","N","I","10000","0"
"0105","0324","N","I","40000","0"
"0105","0326","N","I","100","0"
"0106","0001","I","I","500000","0"
"0106","0007","I","I","12000","0"
"0106","0011","I","I","3500","0"
"0106","0016","I","I","2500","0"
"0106","0024","I","G","0","100"
"0106","0047","I","I","300","0"
"0106","0055","I","I","7500","0"
"0106","0060","I","G","0","30"
"0106","0211","N","I","5000","0"
"0106","0229","I","I","3000","0"
"0106","0268","I","I","25000","0"
"0106","0269","I","I","3000","0"
"0106","0270","I","I","300","0"
"0106","0271","I","I","9000","0"
"0106","0272","N","I","10000","0"
"0106","0273","I","I","15000","0"
"0024","0004","N","G","0","30"
"0024","0117","N","I","600","0"
"0024","0118","N","I","1200","0"
"0024","0016","N","I","4000","0"
"0024","0018","I","G","0","180"
"0024","0024","I","G","0","90"
"0024","0001","N","I","120000","0"
"0024","0040","N","I","240000","0"
"0024","0009","N","I","5200","0"
"0024","0046","N","I","900","0"
"0024","0060","N","G","0","30"
"0024","0257","N","I","1550","0"
"0024","0101","N","I","1500","0"
"0038","0019","N","I","1000","0"
"0041","0166","N","I","1800","0"
"0041","0054","N","I","1000","0"
"0041","0323","I","I","150","0"
"0046","0001","N","I","500000","0"
"0046","0058","N","I","3000","0"
"0046","0317","N","I","6000","0"
"0046","0297","I","I","10000","0"
"0046","0255","N","I","2000","0"
"0046","0212","N","G","0","100"
"0046","0007","N","I","10000","0"
"0046","0076","N","I","1000","0"
"0046","0031","N","I","500","0"
"0046","0050","N","I","500","0"
"0046","0019","N","I","3200","0"
"0046","0021","N","I","1100","0"
"0046","0206","I","I","250","0"
"0046","0147","N","I","1000","0"
"0046","0126","N","I","6000","0"
"0049","0001","N","I","150000","0"
"0049","0040","N","I","300000","0"
"0049","0212","N","G","0","200"
"0049","0058","N","I","15000","0"
"0049","0297","I","I","4000","0"
"0049","0233","I","I","700","0"
"0049","0147","N","I","5000","0"
"0049","0007","N","I","7000","0"
"0049","0019","N","I","6000","0"
"0049","0259","N","I","550","0"
"0049","0206","N","I","400","0"
"0049","0031","N","I","750","0"
"0049","0110","N","I","160000","0"
"0052","0274","N","I","5000","0"
"0052","0015","N","I","10000","0"
"0052","0253","N","I","1000","0"
"0052","0254","N","I","1000","0"
"0052","0004","N","I","800","0"
"0052","0211","N","I","2500","0"
"0052","0016","N","I","2600","0"
"0052","0050","N","I","300","0"
"0052","0087","N","I","500","0"
"0058","0135","N","I","200000","0"
"0058","0092","N","I","400000","0"
"0058","0032","N","I","3500","0"
"0058","0019","N","I","2000","0"
"0058","0003","N","I","1500","0"
"0080","0001","N","I","50000","0"
"0080","0007","N","I","5165","0"
"0080","0009","N","I","5165","0"
"0080","0015","I","I","10000","0"
"0080","0016","I","I","2582","0"
"0080","0019","N","I","516","0"
"0080","0032","N","I","2582","0"
"0080","0040","N","I","100000","0"
"0080","0079","N","I","1033","0"
"0080","0085","N","I","155","0"
"0080","0212","I","G","0","300"
"0080","0253","N","I","1500","0"
"0080","0254","N","I","1500","0"
"0081","0001","I","I","60000","0"
"0081","0003","N","G","0","30"
"0081","0007","N","I","3000","0"
"0081","0011","N","I","500","0"
"0081","0018","I","G","0","100"
"0081","0058","N","I","1000","0"
"0081","0065","N","I","500","0"
"0081","0126","N","I","10000","0"
"0081","0169","N","I","500","0"
"0081","0233","N","I","500","0"
"0081","0268","N","I","1500","0"
"0081","0334","I","I","25000","0"
"0081","0335","N","I","90","0"
"0081","0336","N","I","150","0"
"0082","0001","I","I","30000","0"
"0082","0002","I","I","5000","0"
"0082","0004","N","G","0","45"
"0082","0007","I","I","1700","0"
"0082","0009","N","I","10000","0"
"0082","0010","N","I","10000","0"
"0082","0015","I","I","8000","0"
"0082","0016","I","I","4000","0"
"0082","0018","I","G","0","350"
"0082","0019","I","I","500","0"
"0082","0032","N","I","2500","0"
"0082","0047","N","I","250","0"
"0082","0065","I","I","500","0"
"0082","0067","N","I","1500","0"
"0082","0126","I","I","8000","0"
"0082","0135","N","I","500000","0"
"0082","0147","I","I","1500","0"
"0082","0212","I","G","0","30"
"0082","0249","I","I","200","0"
"0082","0268","I","I","15000","0"
"0082","0342","I","I","1500","0"
"0082","0343","I","I","2065","0"
"0083","0001","N","I","500000","0"
"0083","0004","N","G","0","30"
"0083","0007","N","I","10000","0"
"0083","0009","N","I","10000","0"
"0083","0011","N","I","4000","0"
"0083","0015","I","I","10000","0"
"0083","0016","I","I","3100","0"
"0083","0018","I","G","0","90"
"0083","0022","N","I","2000","0"
"0083","0032","N","I","7000","0"
"0083","0043","N","I","5000","0"
"0083","0044","N","I","1300","0"
"0083","0045","N","I","800","0"
"0083","0046","N","I","1291","0"
"0083","0047","N","I","600","0"
"0083","0050","N","I","500","0"
"0083","0054","N","I","4000","0"
"0083","0062","N","I","300","0"
"0083","0069","N","I","100","0"
"0083","0076","N","I","1200","0"
"0083","0090","N","I","775","0"
"0083","0091","N","I","250000","0"
"0083","0095","N","I","2000","0"
"0083","0099","N","I","2000","0"
"0083","0105","N","I","1500","0"
"0083","0113","N","I","150000","0"
"0083","0206","I","I","300","0"
"0083","0218","N","I","800","0"
"0083","0233","N","I","2000","0"
"0083","0253","N","I","1500","0"
"0083","0254","N","I","1500","0"
"0083","0325","N","I","1500","0"
"0083","0327","N","I","500","0"
"0084","0001","N","I","150000","0"
"0084","0004","I","G","0","10"
"0084","0007","N","I","5000","0"
"0084","0011","N","I","1250","0"
"0084","0015","N","I","8000","0"
"0084","0016","N","I","4000","0"
"0084","0018","I","G","0","120"
"0084","0019","N","I","2000","0"
"0084","0022","N","I","500","0"
"0084","0024","I","G","0","90"
"0084","0027","I","I","1500","0"
"0084","0031","I","I","4000","0"
"0084","0032","I","I","2500","0"
"0084","0040","N","I","300000","0"
"0084","0043","I","I","5000","0"
"0084","0056","N","I","3500","0"
"0084","0065","N","I","250","0"
"0084","0091","I","I","75000","0"
"0084","0092","I","I","300000","0"
"0084","0096","I","I","150000","0"
"0084","0097","I","I","150000","0"
"0084","0117","I","I","500","0"
"0084","0118","I","I","1000","0"
"0084","0192","I","I","7000","0"
"0084","0193","I","I","3500","0"
"0084","0249","I","I","150","0"
"0084","0255","I","I","2000","0"
"0084","0257","I","I","5000","0"
"0165","0369","N","I","310000","0"
"0084","0259","N","I","300","0"
"0084","0260","I","I","500","0"
"0165","0368","N","I","100000","0"
"0084","0263","I","I","2500","0"
"0084","0264","I","I","500","0"
"0084","0265","I","I","250","0"
"0084","0266","I","I","300","0"
"0085","0001","N","I","250000","0"
"0085","0002","N","I","3000","0"
"0085","0003","N","I","1500","0"
"0085","0004","N","G","0","30"
"0085","0007","N","I","4500","0"
"0085","0009","N","I","10000","0"
"0085","0011","N","I","3000","0"
"0085","0015","I","I","10000","0"
"0085","0016","I","I","3000","0"
"0085","0018","I","G","0","100"
"0085","0019","N","I","2000","0"
"0085","0021","N","I","1700","0"
"0085","0030","N","I","300","0"
"0085","0032","N","I","3500","0"
"0085","0040","N","I","500000","0"
"0085","0046","N","I","1500","0"
"0085","0047","N","I","300","0"
"0085","0060","N","G","0","30"
"0085","0071","N","I","5000","0"
"0085","0092","N","I","400000","0"
"0085","0099","N","I","2000","0"
"0085","0135","N","I","200000","0"
"0085","0215","N","I","2500","0"
"0085","0268","N","I","15000","0"
"0085","0325","N","I","1500","0"
"0109","0043","N","I","4000","0"
"0109","0051","I","I","155","0"
"0165","0370","N","I","1900","0"
"0165","0371","N","I","450","0"
"0165","0372","N","I","300","0"
"0179","0011","N","I","1000","0"
"0179","0033","N","I","750","0"
"0217","0019","N","I","1000","0"
"0217","0021","N","I","775","0"
"0021","0001","N","I","100000","0"
"0021","0003","N","I","2000","0"
"0021","0004","N","G","0","30"
"0021","0009","N","I","6000","0"
"0021","0015","N","I","7500","0"
"0021","0016","N","I","2600","0"
"0021","0018","N","G","0","150"
"0021","0019","N","I","1100","0"
"0021","0021","N","I","1200","0"
"0021","0040","N","I","200000","0"
"0021","0050","N","I","200","0"
"0021","0101","N","I","6000","0"
"0021","0139","N","I","1100","0"
"0021","0147","N","I","1600","0"
"0021","0206","N","I","150","0"
"0021","0215","N","I","500","0"
"0021","0257","N","I","1500","0"
"0021","0030","N","I","200","0"
"0021","0036","N","I","2600","0"
"0021","0091","N","I","250000","0"
"0021","0122","N","I","5000","0"
"0021","0213","N","I","10000","0"
"0021","0280","N","I","500000","0"
"0021","0281","N","I","1500","0"
"0022","0001","N","I","300000","0"
"0022","0015","I","I","5000","0"
"0022","0016","I","I","4000","0"
"0022","0060","N","G","0","30"
"0022","0147","N","I","1500","0"
"0022","0101","N","I","7500","0"
"0022","0065","N","I","1000","0"
"0023","0293","N","I","550","0"
"0023","0294","N","I","400","0"
"0023","0295","N","I","300","0"
"0023","0009","N","I","5000","0"
"0023","0060","N","G","0","60"
"0025","0030","N","I","258","0"
"0037","0001","N","I","50000","0"
"0037","0040","N","I","100000","0"
"0037","0016","N","I","3000","0"
"0037","0002","N","I","1000","0"
"0037","0004","N","I","500","0"
"0059","0001","N","I","150000","0"
"0059","0007","N","I","2500","0"
"0059","0019","N","I","1500","0"
"0059","0215","N","I","2500","0"
"0059","0046","N","I","1300","0"
"0059","0004","N","G","0","30"
"0059","0026","N","I","1500","0"
"0059","0055","I","I","10000","0"
"0059","0016","I","I","3000","0"
"0059","0009","N","I","10000","0"
"0059","0325","N","I","1500","0"
"0059","0147","N","I","2000","0"
"0059","0060","N","I","1000","0"
"0059","0071","N","I","25000","0"
"0068","0252","I","G","0","999"
"0146","0001","N","I","500000","0"
"0146","0004","N","I","1000","0"
"0146","0007","N","I","12000","0"
"0146","0016","I","I","5000","0"
"0146","0019","N","I","4000","0"
"0146","0021","N","I","3500","0"
"0146","0031","N","I","1000","0"
"0146","0032","N","I","10000","0"
"0146","0036","N","I","2500","0"
"0146","0045","N","I","2000","0"
"0146","0046","N","I","1100","0"
"0146","0050","N","I","500","0"
"0146","0054","N","I","1000","0"
"0146","0055","I","I","10000","0"
"0146","0058","N","I","2500","0"
"0146","0062","N","I","350","0"
"0146","0067","N","I","3000","0"
"0146","0071","N","I","10000","0"
"0146","0074","N","I","250","0"
"0146","0126","N","I","6500","0"
"0146","0130","N","I","2500","0"
"0146","0147","N","I","2000","0"
"0146","0166","N","I","1800","0"
"0146","0176","N","I","7500","0"
"0146","0206","I","I","400","0"
"0146","0212","N","G","0","90"
"0146","0233","N","I","1000","0"
"0146","0255","N","I","1000","0"
"0146","0322","I","I","350","0"
"0146","0323","I","I","150","0"
"0098","0114","N","I","110000","0"
"0098","0153","N","I","55000","0"
"0098","0302","N","I","1000","0"
"0098","0303","N","I","1000","0"
"0098","0011","N","I","1000","0"
"0019","0096","N","I","250000","0"
"0050","0001","N","I","150000","0"
"0019","0032","N","I","3000","0"
"0019","0093","N","I","3000","0"
"0019","0300","N","I","5000","0"
"0019","0094","N","I","500","0"
"0050","0004","N","G","0","20"
"0063","0001","N","I","500000","0"
"0063","0317","N","I","5000","0"
"0050","0032","N","I","5000","0"
"0050","0040","N","I","300000","0"
"0050","0049","N","I","4000","0"
"0050","0072","N","I","2000","0"
"0050","0089","N","I","1500","0"
"0050","0092","N","I","200000","0"
"0050","0135","N","I","100000","0"
"0050","0169","N","I","300","0"
"0050","0200","N","I","3000","0"
"0050","0212","N","G","0","200"
"0050","0266","N","I","350","0"
"0050","0322","N","I","200","0"
"0050","0331","I","I","3500","0"
"0050","0332","I","I","500","0"
"0050","0333","N","I","110000","0"
"0063","0016","I","I","3500","0"
"0063","0055","I","I","7000","0"
"0063","0320","N","I","1200","0"
"0063","0212","N","G","0","150"
"0063","0004","N","I","1000","0"
"0063","0007","N","I","10000","0"
"0063","0019","N","I","4000","0"
"0063","0050","N","I","1300","0"
"0063","0021","N","I","3000","0"
"0063","0185","N","I","1000","0"
"0063","0030","I","I","500","0"
"0063","0058","N","I","2500","0"
"0063","0047","N","I","250","0"
"0063","0215","N","I","1000","0"
"0063","0060","N","I","500","0"
"0063","0147","N","I","1500","0"
"0063","0126","N","I","5000","0"
"0157","0002","N","I","10329.2","0"
"0157","0051","N","I","129","0"
"0157","0074","N","I","300","0"
"0166","0015","I","I","12000","0"
"0166","0016","I","I","6000","0"
"0168","0003","N","I","1550","0"
"0168","0015","I","I","9000","0"
"0168","0056","I","I","2200","0"
"0168","0092","N","I","220000","0"
"0168","0108","N","I","20000","0"
"0168","0120","N","I","2650","0"
"0168","0137","N","I","1100","0"
"0168","0146","N","I","110000","0"
"0168","0322","N","I","400","0"
"0181","0001","N","I","999999","0"
"0181","0003","N","I","1550","0"
"0181","0004","N","G","0","30"
"0181","0007","N","I","6197.48","0"
"0181","0009","N","I","25100","0"
"0181","0015","I","I","9000","0"
"0181","0016","I","I","2300","0"
"0181","0019","N","I","6197.48","0"
"0181","0021","N","I","12911.42","0"
"0181","0032","N","I","7230.4","0"
"0181","0036","N","I","15493.71","0"
"0181","0040","N","I","262014","0"
"0181","0043","N","I","8263.31","0"
"0181","0045","N","I","18075.99","0"
"0181","0049","N","I","4750","0"
"0181","0053","N","I","5164.57","0"
"0181","0054","N","I","10329.14","0"
"0181","0056","I","I","2200","0"
"0181","0060","N","G","0","180"
"0181","0067","N","I","7230.4","0"
"0181","0073","N","I","3500","0"
"0181","0075","N","I","4200","0"
"0181","0083","N","I","4350","0"
"0181","0089","N","G","0","30"
"0181","0092","N","I","220000","0"
"0181","0094","N","I","5164.57","0"
"0181","0108","N","I","20000","0"
"0181","0112","N","I","4850","0"
"0181","0120","N","I","2650","0"
"0181","0122","N","I","6200","0"
"0181","0123","N","I","3000","0"
"0181","0124","N","I","6450","0"
"0181","0130","N","I","8263.31","0"
"0181","0133","N","I","5350","0"
"0181","0135","N","I","131000","0"
"0181","0137","N","I","1100","0"
"0181","0140","N","I","2950","0"
"0181","0144","N","I","1200","0"
"0181","0146","N","I","110000","0"
"0181","0166","N","I","7200","0"
"0181","0170","N","I","7500","0"
"0181","0206","N","I","500","0"
"0181","0212","N","G","0","100"
"0181","0322","N","I","400","0"
"0218","0146","N","I","350000","0"
"0218","0208","N","I","700000","0"
"0218","0032","N","I","4000","0"
"0218","0067","N","I","1500","0"
"0218","0021","N","I","1000","0"
"0218","0030","N","I","250","0"
"0218","0318","N","I","125","0"
"0218","0150","N","I","500000","0"
"0218","0246","N","I","999999","0"
"0218","0043","N","I","5000","0"
"0218","0094","N","I","2500","0"
"0218","0036","N","I","2000","0"
"0218","0039","N","I","500","0"
"0218","0319","N","I","250","0"
"0173","0021","N","I","4000","0"
"0173","0263","N","I","1500","0"
"0173","0030","N","I","200","0"
"0228","0018","I","G","0","365"
"0228","0031","I","I","600","0"
"0228","0038","I","I","800","0"
"0228","0206","I","I","400","0"
"0228","0267","I","I","135","0"
"0229","0001","I","I","30000","0"
"0229","0002","I","I","5000","0"
"0229","0004","N","G","0","45"
"0229","0007","I","I","1700","0"
"0229","0009","N","I","10000","0"
"0229","0010","N","I","10000","0"
"0229","0015","I","I","8000","0"
"0229","0016","I","I","4000","0"
"0229","0018","I","G","0","350"
"0229","0019","I","I","500","0"
"0229","0032","N","I","2500","0"
"0229","0047","N","I","250","0"
"0229","0065","I","I","500","0"
"0229","0067","N","I","1500","0"
"0229","0126","I","I","8000","0"
"0229","0135","N","I","500000","0"
"0229","0147","I","I","1500","0"
"0229","0212","I","G","0","30"
"0229","0249","I","I","200","0"
"0229","0268","I","I","15000","0"
"0229","0342","I","I","1500","0"
"0229","0343","I","I","2065","0"
"0041","0001","N","I","500000","0"
"0182","0001","N","I","999999","0"
"0041","0071","N","I","10000","0"
"0041","0016","I","I","5000","0"
"0041","0055","I","I","10000","0"
"0041","0255","N","I","1000","0"
"0041","0212","N","G","0","90"
"0041","0004","N","I","1000","0"
"0041","0058","N","I","2500","0"
"0041","0007","N","I","12000","0"
"0041","0019","N","I","4000","0"
"0041","0050","N","I","500","0"
"0041","0031","N","I","1000","0"
"0041","0233","N","I","1000","0"
"0041","0021","N","I","3500","0"
"0041","0046","N","I","1100","0"
"0041","0206","I","I","400","0"
"0041","0147","N","I","2000","0"
"0041","0126","N","I","6500","0"
"0041","0074","N","I","250","0"
"0064","0001","N","I","500000","0"
"0064","0004","N","I","1000","0"
"0064","0007","N","I","10000","0"
"0064","0016","I","I","3500","0"
"0064","0019","N","I","4000","0"
"0064","0021","N","I","3000","0"
"0064","0030","I","I","500","0"
"0064","0047","N","I","250","0"
"0064","0050","N","I","1300","0"
"0064","0055","I","I","7000","0"
"0064","0058","N","I","2500","0"
"0064","0060","N","I","500","0"
"0064","0126","N","I","5000","0"
"0064","0147","N","I","1500","0"
"0064","0185","N","I","1000","0"
"0064","0212","N","G","0","150"
"0064","0215","N","I","1000","0"
"0064","0317","N","I","5000","0"
"0098","0003","N","I","2600","0"
"0098","0032","N","I","3000","0"
"0098","0074","I","I","150","0"
"0098","0093","N","I","3000","0"
"0098","0094","N","I","500","0"
"0098","0096","N","I","250000","0"
"0098","0147","N","I","2600","0"
"0098","0208","N","I","250000","0"
"0098","0212","I","G","0","100"
"0098","0217","N","I","6000","0"
"0098","0278","N","I","1050","0"
"0098","0300","N","I","5000","0"
"0098","0301","N","I","100","0"
"0182","0003","N","I","1550","0"
"0182","0004","N","G","0","30"
"0182","0009","N","I","25100","0"
"0182","0015","I","I","9000","0"
"0182","0016","I","I","2300","0"
"0182","0032","N","I","7230.4","0"
"0182","0036","N","I","15493.71","0"
"0182","0040","N","I","262014","0"
"0182","0056","I","I","2200","0"
"0182","0060","N","G","0","180"
"0182","0067","N","I","7230.4","0"
"0182","0073","N","I","3500","0"
"0182","0075","N","I","4200","0"
"0182","0089","N","G","0","30"
"0182","0092","N","I","220000","0"
"0182","0108","N","I","20000","0"
"0182","0120","N","I","2650","0"
"0182","0122","N","I","6200","0"
"0182","0135","N","I","131000","0"
"0182","0137","N","I","1100","0"
"0182","0146","N","I","110000","0"
"0182","0206","N","I","500","0"
"0182","0212","N","G","0","100"
"0182","0322","N","I","400","0"
"0202","0001","N","I","615000","0"
"0202","0015","I","I","20500","0"
"0202","0016","I","I","12300","0"
"0202","0018","N","I","6150","0"
"0202","0019","N","I","4234.95","0"
"0202","0021","N","I","5295.15","0"
"0202","0036","N","I","10586.2","0"
"0202","0045","N","I","13763.7","0"
"0202","0054","N","I","16412.3","0"
"0202","0067","N","I","8478.1","0"
"0202","0094","N","I","15351.68","0"
"0202","0097","N","I","1127500","0"
"0202","0099","I","I","5125","0"
"0202","0116","N","I","2665","0"
"0202","0122","N","I","7380","0"
"0202","0123","N","I","19060.9","0"
"0202","0124","N","I","3690","0"
"0202","0130","N","I","11116.74","0"
"0202","0133","N","I","3690","0"
"0202","0136","N","I","9497.47","0"
"0202","0144","N","I","7380","0"
"0202","0156","N","I","9497.47","0"
"0202","0161","N","I","2316.5","0"
"0202","0166","N","I","13234.21","0"
"0202","0215","N","I","1332.5","0"
"0202","0253","N","I","1353","0"
"0202","0254","N","I","1353","0"
"0202","0378","N","I","1230","0"
"0202","0379","N","I","1025","0"
"0203","0001","N","I","615000","0"
"0203","0015","I","I","20500","0"
"0203","0016","I","I","12300","0"
"0203","0018","N","I","6150","0"
"0203","0097","N","I","1127500","0"
"0203","0099","I","I","5125","0"
"0203","0116","N","I","2665","0"
"0203","0124","N","I","3690","0"
"0203","0133","N","I","3690","0"
"0203","0215","N","I","1332.5","0"
"0203","0253","N","I","1353","0"
"0203","0254","N","I","1353","0"
"0203","0378","N","I","1230","0"
"0173","0047","N","I","400","0"
"0173","0146","N","I","100000","0"
"0069","0039","I","I","200","0"
"0069","0256","N","I","1033","0"
"0183","0001","I","I","500000","0"
"0183","0007","I","I","12000","0"
"0183","0011","I","I","3500","0"
"0183","0016","I","I","2500","0"
"0183","0024","I","G","0","100"
"0183","0031","I","I","400","0"
"0183","0047","I","I","300","0"
"0183","0055","I","I","7500","0"
"0183","0060","I","G","0","30"
"0183","0211","N","I","5000","0"
"0183","0229","I","I","3000","0"
"0183","0268","I","I","25000","0"
"0183","0269","I","I","3000","0"
"0183","0270","I","I","300","0"
"0183","0271","I","I","9000","0"
"0183","0272","N","I","10000","0"
"0183","0273","I","I","15000","0"
"0183","0361","I","I","1500","0"
"0165","0126","I","I","6000","0"
"0034","0001","N","I","51646","0"
"0034","0040","N","I","103291","0"
"0034","0304","N","I","10329.2","0"
"0034","0002","N","I","10329.2","0"
"0034","0016","I","I","1808","0"
"0034","0007","N","I","2582","0"
"0034","0011","N","I","1200","0"
"0034","0031","N","I","400","0"
"0034","0030","N","I","129","0"
"0034","0021","N","I","1200","0"
"0034","0099","N","I","1500","0"
"0034","0225","N","I","3000","0"
"0050","0007","N","I","7000","0"
"0050","0019","N","I","6000","0"
"0050","0021","N","I","3500","0"
"0050","0031","N","I","750","0"
"0050","0058","N","I","15000","0"
"0050","0060","N","G","0","30"
"0050","0110","N","I","160000","0"
"0050","0147","N","I","5000","0"
"0050","0206","N","I","400","0"
"0050","0233","I","I","700","0"
"0050","0259","N","I","550","0"
"0050","0297","I","I","4000","0"
"0050","0036","N","I","2700","0"
"0050","0187","N","I","3615.2","0"
"0050","0222","N","I","500","0"
"0050","0329","I","I","3000","0"
"0050","0330","N","I","130000","0"
"0051","0032","N","I","5000","0"
"0051","0049","N","I","4000","0"
"0051","0072","N","I","2000","0"
"0051","0089","N","I","1500","0"
"0051","0092","N","I","200000","0"
"0051","0135","N","I","100000","0"
"0051","0169","N","I","300","0"
"0051","0200","N","I","3000","0"
"0051","0266","N","I","350","0"
"0051","0322","N","I","200","0"
"0051","0331","I","I","3500","0"
"0051","0332","I","I","500","0"
"0051","0333","N","I","110000","0"
"0059","0041","N","I","775","0"
"0059","0212","I","G","0","90"
"0059","0047","N","I","300","0"
"0059","0058","N","I","3000","0"
"0139","0001","N","I","150000","0"
"0139","0004","N","G","0","20"
"0139","0007","N","I","7000","0"
"0139","0019","N","I","6000","0"
"0139","0021","N","I","3500","0"
"0139","0031","N","I","750","0"
"0139","0032","N","I","5000","0"
"0139","0036","N","I","2700","0"
"0139","0040","N","I","300000","0"
"0139","0049","N","I","4000","0"
"0139","0058","N","I","15000","0"
"0139","0060","N","G","0","30"
"0139","0072","N","I","2000","0"
"0139","0089","N","I","1500","0"
"0139","0092","N","I","200000","0"
"0139","0110","N","I","160000","0"
"0139","0135","N","I","100000","0"
"0139","0147","N","I","5000","0"
"0139","0169","N","I","300","0"
"0139","0187","N","I","3615.2","0"
"0139","0200","N","I","3000","0"
"0139","0206","N","I","400","0"
"0139","0212","N","G","0","200"
"0139","0222","N","I","500","0"
"0139","0233","I","I","700","0"
"0139","0259","N","I","550","0"
"0139","0266","N","I","350","0"
"0139","0297","I","I","4000","0"
"0139","0322","N","I","200","0"
"0139","0329","I","I","3000","0"
"0139","0330","N","I","130000","0"
"0139","0331","I","I","3500","0"
"0139","0332","I","I","500","0"
"0139","0333","N","I","110000","0"
"0140","0001","N","I","150000","0"
"0140","0004","N","G","0","20"
"0140","0007","N","I","7000","0"
"0140","0019","N","I","6000","0"
"0140","0021","N","I","3500","0"
"0140","0031","N","I","750","0"
"0140","0032","N","I","5000","0"
"0140","0036","N","I","2700","0"
"0140","0040","N","I","300000","0"
"0140","0049","N","I","4000","0"
"0140","0058","N","I","15000","0"
"0140","0060","N","G","0","30"
"0140","0072","N","I","2000","0"
"0140","0089","N","I","1500","0"
"0140","0092","N","I","200000","0"
"0140","0110","N","I","160000","0"
"0140","0135","N","I","100000","0"
"0140","0147","N","I","5000","0"
"0140","0169","N","I","300","0"
"0140","0187","N","I","3615.2","0"
"0140","0200","N","I","3000","0"
"0140","0206","N","I","400","0"
"0140","0212","N","G","0","200"
"0140","0222","N","I","500","0"
"0140","0233","I","I","700","0"
"0140","0259","N","I","550","0"
"0140","0266","N","I","350","0"
"0140","0297","I","I","4000","0"
"0140","0322","N","I","200","0"
"0140","0329","I","I","3000","0"
"0140","0330","N","I","130000","0"
"0140","0331","I","I","3500","0"
"0140","0332","I","I","500","0"
"0140","0333","N","I","110000","0"
"0162","0001","N","I","500000","0"
"0162","0024","I","G","0","365"
"0162","0030","I","I","300","0"
"0162","0031","I","I","500","0"
"0162","0038","I","I","700","0"
"0162","0267","I","I","90","0"
"0127","0351","N","I","15000","0"
"0127","0352","N","I","4000","0"
"0127","0353","N","I","3500","0"
"0104","0001","N","I","500000","0"
"0104","0004","N","G","0","30"
"0217","0004","N","G","0","30"
"0217","0292","N","I","420","0"
"0053","0001","N","I","999999","0"
"0053","0004","N","G","0","30"
"0053","0007","N","I","6197.48","0"
"0053","0019","N","I","6197.48","0"
"0053","0021","N","I","12911.42","0"
"0005","0019","N","I","2600","0"
"0226","0001","N","I","500000","0"
"0226","0021","N","I","1000","0"
"0226","0024","I","G","0","365"
"0226","0030","I","I","300","0"
"0226","0031","I","I","500","0"
"0226","0038","I","I","700","0"
"0226","0267","I","I","90","0"
"0186","0024","I","G","0","365"
"0186","0030","I","I","400","0"
"0186","0031","I","I","600","0"
"0186","0038","I","I","800","0"
"0186","0267","I","I","135","0"
"0187","0001","N","I","250000","0"
"0187","0002","N","I","3000","0"
"0187","0004","N","G","0","30"
"0187","0009","N","I","10000","0"
"0187","0011","N","I","1500","0"
"0187","0015","I","I","10000","0"
"0187","0016","I","I","3000","0"
"0187","0018","I","G","0","100"
"0187","0021","N","I","1500","0"
"0187","0024","I","G","0","365"
"0187","0030","I","I","300","0"
"0187","0031","I","I","500","0"
"0187","0038","I","I","700","0"
"0187","0046","N","I","1000","0"
"0187","0047","N","I","250","0"
"0187","0097","N","I","500000","0"
"0187","0101","N","I","2000","0"
"0187","0119","I","I","10000","0"
"0187","0147","N","I","2000","0"
"0187","0206","N","I","250","0"
"0187","0215","N","I","2500","0"
"0187","0218","N","G","0","30"
"0187","0267","I","I","90","0"
"0187","0268","N","I","15000","0"
"0187","0274","N","I","5000","0"
"0187","0275","I","G","0","100"
"0187","0276","N","I","1500","0"
"0217","0135","N","I","250000","0"
"0217","0056","N","I","3000","0"
"0217","0192","N","I","15000","0"
"0217","0007","N","I","3000","0"
"0217","0011","N","I","500","0"
"0217","0146","N","I","350000","0"
"0217","0032","N","I","10000","0"
"0217","0022","N","I","1500","0"
"0217","0064","N","I","500","0"
"0217","0076","N","I","1000","0"
"0016","0273","I","I","15000","0"
"0015","0018","I","G","0","365"
"0038","0280","N","I","350000","0"
"0038","0056","I","I","6000","0"
"0038","0300","I","I","12000","0"
"0038","0253","N","I","3000","0"
"0038","0254","N","I","3000","0"
"0038","0053","N","I","20000","0"
"0038","0045","N","I","750","0"
"0038","0051","N","I","150","0"
"0038","0321","N","I","75","0"
"0038","0046","N","I","1000","0"
"0038","0089","N","I","1550","0"
"0038","0138","N","I","10000","0"
"0039","0030","I","I","250","0"
"0052","0001","N","I","500000","0"
"0052","0018","N","G","0","90"
"0052","0007","N","I","10000","0"
"0052","0009","N","I","20000","0"
"0052","0011","N","I","2000","0"
"0052","0047","N","I","258","0"
"0052","0021","N","I","1700","0"
"0052","0046","N","I","1000","0"
"0052","0206","I","I","400","0"
"0052","0099","N","I","750","0"
"0052","0126","N","I","5000","0"
"0053","0206","N","I","500","0"
"0053","0009","N","I","25100","0"
"0056","0001","N","I","300000","0"
"0056","0040","N","I","500000","0"
"0056","0058","N","I","1500","0"
"0056","0016","I","I","3500","0"
"0056","0261","N","I","1000","0"
"0056","0060","N","I","1000","0"
"0056","0212","N","I","3000","0"
"0056","0007","N","I","5000","0"
"0056","0101","N","I","2000","0"
"0056","0009","N","I","5000","0"
"0056","0337","N","I","5000","0"
"0062","0342","N","I","1500","0"
"0084","0358","N","I","2400","0"
"0077","0253","N","I","1100","0"
"0077","0254","N","I","1100","0"
"0051","0001","N","I","150000","0"
"0051","0004","N","G","0","20"
"0051","0007","N","I","7000","0"
"0051","0019","N","I","6000","0"
"0051","0036","N","I","2700","0"
"0051","0040","N","I","300000","0"
"0051","0058","N","I","15000","0"
"0051","0060","N","G","0","30"
"0051","0187","N","I","3615.2","0"
"0051","0206","N","I","400","0"
"0051","0212","N","G","0","200"
"0051","0222","N","I","500","0"
"0051","0233","I","I","700","0"
"0051","0259","N","I","550","0"
"0051","0329","I","I","3000","0"
"0051","0330","N","I","130000","0"
"0106","0361","I","I","1500","0"
"0179","0022","N","I","5150","0"
"0179","0231","N","I","2575","0"
"0179","0077","N","I","775","0"
"0179","0105","N","I","2750","0"
"0203","0041","N","I","500","0"
"0204","0009","N","I","5000","0"
"0204","0041","N","I","500","0"
"0225","0001","N","I","500000","0"
"0225","0002","N","I","1000","0"
"0225","0004","N","G","0","30"
"0225","0007","N","I","6500","0"
"0225","0019","N","I","4000","0"
"0225","0026","N","I","2583","0"
"0225","0212","N","G","0","150"
"0225","0359","N","I","2500","0"
"0015","0267","I","I","135","0"
"0015","0206","I","I","400","0"
"0016","0011","I","I","3500","0"
"0016","0060","I","G","0","30"
"0016","0047","I","I","300","0"
"0016","0270","I","I","500","0"
"0173","0001","N","I","125000","0"
"0173","0009","N","I","6000","0"
"0173","0101","N","I","3000","0"
"0173","0076","N","I","1000","0"
"0173","0019","N","I","1000","0"
"0173","0064","N","I","200","0"
"0173","0212","N","G","0","150"
"0216","0001","N","I","100000","0"
"0216","0003","N","I","2000","0"
"0216","0004","N","G","0","30"
"0216","0009","N","I","6000","0"
"0216","0015","N","I","7500","0"
"0216","0016","N","I","2600","0"
"0216","0018","N","G","0","150"
"0216","0019","N","I","1100","0"
"0216","0021","N","I","1200","0"
"0216","0030","N","I","200","0"
"0216","0036","N","I","2600","0"
"0216","0040","N","I","200000","0"
"0216","0050","N","I","200","0"
"0216","0091","N","I","250000","0"
"0216","0101","N","I","6000","0"
"0216","0122","N","I","5000","0"
"0216","0139","N","I","1100","0"
"0216","0147","N","I","1600","0"
"0216","0206","N","I","150","0"
"0216","0213","N","I","10000","0"
"0216","0215","N","I","500","0"
"0216","0253","N","I","1100","0"
"0216","0254","N","I","1100","0"
"0216","0257","N","I","1500","0"
"0216","0280","N","I","500000","0"
"0216","0281","N","I","1500","0"
"0217","0301","N","I","100","0"
"0025","0001","N","I","51646","0"
"0025","0040","N","I","103291","0"
"0025","0101","N","I","2582","0"
"0025","0011","N","I","2582","0"
"0025","0031","N","I","775","0"
"0025","0051","N","I","129","0"
"0025","0021","N","I","1549","0"
"0025","0016","I","I","1808","0"
"0025","0255","I","I","1032.91","0"
"0025","0304","N","I","10329.2","0"
"0025","0147","N","I","1500","0"
"0025","0002","N","I","10329.2","0"
"0025","0079","N","I","20658.2","0"
"0038","0001","N","I","150000","0"
"0038","0040","N","I","300000","0"
"0038","0016","I","I","5000","0"
"0038","0055","I","I","10000","0"
"0038","0255","N","I","2500","0"
"0038","0278","N","I","1050","0"
"0038","0003","N","I","2600","0"
"0038","0147","N","I","2600","0"
"0038","0212","I","G","0","100"
"0038","0007","N","I","3000","0"
"0038","0060","N","G","0","20"
"0038","0009","N","I","5000","0"
"0038","0074","N","I","150","0"
"0038","0126","N","I","6000","0"
"0109","0036","N","I","1033","0"
"0217","0306","N","I","4000","0"
"0217","0307","N","I","4000","0"
"0217","0027","N","I","3000","0"
"0217","0234","N","I","1400","0"
"0217","0039","N","I","200","0"
"0227","0001","N","I","500000","0"
"0227","0002","N","I","1000","0"
"0227","0003","N","I","2000","0"
"0227","0004","N","G","0","30"
"0227","0007","N","I","6500","0"
"0227","0008","N","I","259","0"
"0227","0009","N","I","5165","0"
"0227","0011","N","I","1000","0"
"0227","0018","N","G","0","60"
"0227","0020","N","I","500","0"
"0227","0257","N","I","850","0"
"0227","0338","N","I","5165","0"
"0017","0002","N","I","3000","0"
"0017","0018","I","G","0","100"
"0017","0275","I","G","0","100"
"0017","0097","N","I","500000","0"
"0017","0004","N","G","0","30"
"0017","0015","I","I","10000","0"
"0017","0119","I","I","10000","0"
"0017","0016","I","I","3000","0"
"0017","0009","N","I","10000","0"
"0017","0276","N","I","1500","0"
"0017","0147","N","I","2000","0"
"0017","0101","N","I","2000","0"
"0017","0011","N","I","1500","0"
"0017","0206","N","I","250","0"
"0017","0021","N","I","1500","0"
"0017","0046","N","I","1000","0"
"0017","0047","N","I","250","0"
"0017","0215","N","I","2500","0"
"0017","0218","N","G","0","30"
"0048","0113","N","I","150000","0"
"0048","0043","N","I","5000","0"
"0048","0044","N","I","1300","0"
"0048","0045","N","I","800","0"
"0013","0053","N","I","1200","0"
"0222","0001","N","I","200000","0"
"0222","0007","N","I","10000","0"
"0222","0009","N","I","7000","0"
"0222","0010","N","I","2000","0"
"0222","0016","N","I","6000","0"
"0222","0019","N","I","3000","0"
"0222","0021","N","I","2000","0"
"0222","0040","N","I","350000","0"
"0222","0055","N","I","10000","0"
"0222","0067","N","I","5000","0"
"0222","0074","N","I","150","0"
"0222","0076","N","I","1100","0"
"0222","0085","N","I","300","0"
"0222","0126","N","I","6000","0"
"0222","0147","N","I","2600","0"
"0222","0211","N","I","1800","0"
"0222","0212","I","G","0","150"
"0222","0253","N","I","2000","0"
"0222","0254","N","I","2000","0"
"0180","0011","N","I","11614.94","0"
"0180","0064","N","I","11614.94","0"
"0231","0001","N","I","30000","0"
"0231","0004","N","G","0","3"
"0231","0007","N","I","300","0"
"0231","0011","N","I","150","0"
"0231","0015","N","I","1000","0"
"0231","0016","N","I","250","0"
"0231","0018","N","G","0","10"
"0231","0021","N","I","10000","0"
"0231","0030","N","I","50","0"
"0231","0046","N","I","250","0"
"0231","0060","N","G","0","3"
"0231","0097","N","I","60000","0"
"0231","0099","N","I","150","0"
"0232","0001","N","I","155000","0"
"0232","0092","N","I","310000","0"
"0232","0015","I","I","6000","0"
"0232","0056","N","I","3000","0"
"0232","0004","N","G","0","30"
"0232","0003","N","I","1035","0"
"0232","0018","N","G","0","300"
"0232","0007","N","I","5165","0"
"0232","0011","N","I","1550","0"
"0232","0046","N","I","1035","0"
"0232","0021","N","I","800","0"
"0232","0383","N","G","0","20"
"0232","0099","N","I","1550","0"
"0232","0009","N","I","10000","0"
